tree
version=v4
num_class=1
num_tree_per_iteration=1
label_index=0
max_feature_idx=1
objective=binary sigmoid:1
feature_names=RSI ATR
feature_infos=[10.920973981205023:87.721154354997708] [0.13599152404169962:0.21544345117371436]
tree_sizes=3343 3395 3392 3385 3401 3411 3394 3397 3408 3380 3397 3393 3391 3385 3412 3385 3380 3407 3383 3399 3407 3397 3398 3414 3400 3411 3403 3420 3408 3415 3387 3406 3396 3397 3403 3390 3399 3402 3402 3388 3394 3396 3388 3390 3388 3382 3367 3387 3400 3387 3391 3413 3402 3404 3418 3382 3384 3399 3401 3404 3437 3386 3390 3429 3398 3405 3397 3386 3397 3388 3403 3393 3386 3403 3388 3408 3420 3422 3412 3409 3409 3422 3391 3406 3412 3410 3382 3406 3384 3405 3407 3410 3422 3421 3412 3404 3398 3419 3399 3403

Tree=0
num_leaves=31
num_cat=0
split_feature=1 0 0 0 0 1 0 1 1 1 1 0 1 0 1 1 1 1 1 1 1 1 1 1 1 0 0 1 1 0
split_gain=8.7623 4.02334 6.76606 8.03634 9.62087 5.67286 6.72338 6.00979 5.54449 5.2419 6.38125 4.49765 5.88967 7.93253 4.29062 5.34145 3.70332 3.50715 3.40019 3.37329 3.24773 6.17955 3.57753 3.18811 2.97786 5.57591 2.92931 3.02156 3.26636 3.95266
threshold=0.1467603729691381 49.53649437279072 34.110540372205577 38.056869494108504 44.223186757245024 0.15984100868535636 36.869410111421494 0.1728789220026716 0.18204682085339016 0.17439796735442373 0.19184395495908399 47.569159464924546 0.15553249429662416 48.768310113732063 0.18138716241512184 0.18621806566389448 0.17910884032014812 0.1875554494559166 0.15615730928522159 0.14445400710909365 0.16096405653616222 0.16640948007575693 0.16852572803320356 0.16640948007575693 0.16199859497651628 40.625547951900359 64.638389391575771 0.15422727915749665 0.14958115986185352 53.032995188914562
decision_type=2 2 2 2 2 2 2 2 2 2 2 2 2 2 2 2 2 2 2 2 2 2 2 2 2 2 2 2 2 2
left_child=19 2 18 5 23 -4 7 -7 11 26 14 16 -13 -14 -11 -16 -6 -17 -2 -1 -20 -22 -23 24 25 -5 27 28 -3 -30
right_child=1 9 3 4 8 6 -8 -9 -10 10 -12 12 13 -15 15 17 -18 -19 20 -21 21 22 -24 -25 -26 -27 -28 -29 29 -31
leaf_value=0.032984924256923759 0.075008480639831676 0.026231138409670708 0.032984924256923759 0.07072036264157576 0.070215878171192722 0.093856255097282071 0.11524380058091371 0.039988850320741745 0.035126970055113567 0.049414023121696495 0.021645234439313685 0.095019697965025934 0.024498239319010053 0.071160169615755858 0.079894940684355861 0.011639625776716588 0.11503091529022016 0.059814778596628641 -0.0011880776368694973 -0.01800662211246009 0.076259181722656319 -0.0095843925984894565 0.034705514905445128 0.033244178894335182 0.070005676308533119 0.018446162281884674 0.050550326131260932 0.037246061519807111 0.028315640214378445 0.07544350710342286
leaf_weight=6.2464967370033246 4.9971973896026602 7.9955158233642605 6.2464967370033255 8.7450954318046588 59.466648936271667 10.743974387645723 11.743413865566252 9.9943947792053205 17.740050733089447 90.449272751808167 14.991592168807982 6.9960763454437247 20.738369166851044 16.240891516208649 32.231923162937164 5.2470572590827969 4.9971973896026602 13.492432951927183 6.4963566064834586 6.7462164759635925 7.9955158233642569 5.4969171285629264 26.735006034374237 61.715387761592865 13.992152690887449 12.243133604526518 71.95964241027832 235.61785691976547 5.996636867523196 17.240330994129181
leaf_count=25 20 32 25 35 238 43 47 40 71 362 60 28 83 65 129 21 20 54 26 27 32 22 107 247 56 49 288 943 24 69
internal_value=0.0472435 0.0478981 0.0523323 0.0555993 0.0519462 0.0766223 0.0850141 0.0678961 0.0610403 0.0450926 0.0526637 0.0652795 0.0529507 0.0449917 0.0559519 0.0675533 0.0736899 0.0463257 0.0358078 0.00650854 0.0316152 0.0369126 0.0271522 0.0400793 0.0521385 0.0402271 0.0415974 0.0391832 0.0537966 0.0632815
internal_weight=821.539 808.547 313.324 261.603 222.875 38.7283 32.4818 20.7384 126.179 495.222 156.412 108.439 43.9753 36.9793 141.421 50.9714 64.4638 18.7395 51.721 12.9927 46.7238 40.2274 32.2319 96.6958 34.9804 20.9882 338.81 266.85 31.2325 23.237
internal_count=3288 3236 1254 1047 892 155 130 83 505 1982 626 434 176 148 566 204 258 75 207 52 187 161 129 387 140 84 1356 1068 125 93
is_linear=0
shrinkage=1


Tree=1
num_leaves=31
num_cat=0
split_feature=1 0 0 0 0 0 1 1 1 1 0 1 0 1 0 1 1 1 0 0 1 1 1 0 1 0 0 1 1 1
split_gain=7.90476 3.63241 6.12763 4.90551 8.68686 5.58821 5.00745 4.89554 4.73086 5.75817 4.68671 9.31901 4.06483 5.32533 7.15988 3.88591 5.23206 3.35963 3.32098 3.25902 3.14979 3.56167 3.06739 5.8594 4.95095 4.31456 5.32244 3.04214 2.87633 2.85867
threshold=0.1467603729691381 49.53649437279072 32.885550926600246 38.056869494108504 44.223186757245024 36.869410111421494 0.18204682085339016 0.17532376810617764 0.17439796735442373 0.19184395495908399 28.114615540613276 0.16599439645194489 47.569159464924546 0.15553249429662416 48.768310113732063 0.18159191537008254 0.18401383957411302 0.17910884032014812 69.406196414796995 72.396917186913569 0.17268422800389435 0.16159402431672246 0.17982207004911541 57.972029308719044 0.17927577318584539 58.179292490448653 60.533606471364507 0.14445400710909365 0.16640948007575693 0.19759424311809518
decision_type=2 2 2 2 2 2 2 2 2 2 2 2 2 2 2 2 2 2 2 2 2 2 2 2 2 2 2 2 2 2
left_child=27 2 10 5 28 20 12 -7 -3 15 11 -2 17 -14 -15 18 -17 -6 22 -20 21 -4 24 -24 25 -10 -27 -1 -5 -11
right_child=1 8 3 4 6 7 -8 -9 9 29 -12 -13 13 14 -16 16 -18 -19 19 -21 -22 -23 23 -25 -26 26 -28 -29 -30 -31
leaf_value=-0.013652809486966675 0.060619981333329943 -0.0054743408661336486 -0.0025518565771835118 0.00454065770538518 0.021727487955464114 0.024805228115936478 -0.011618905547159131 0.085436313167176675 0.011599378932170787 -0.04483746919792736 -0.027340725375253807 -0.01751599698507875 0.045354804746931258 -0.021710036364956824 0.022625955022710934 0.039660342409751664 0.0063143132842674076 0.064467576502799717 0.057491587098426694 0.0046212686169437309 -0.0074384446789779153 0.040198569328746089 -0.049697991551506206 0.0099413269059402537 0.049941225320940419 -0.046943284906733766 0.00038718074547426992 -0.062067689996243985 -0.013406648818024275 -0.0010823444608965909
leaf_weight=6.2483001500368101 5.4935462474823025 338.84518490731716 7.992943927645686 34.970887497067451 59.426722705364227 8.4786821454763395 17.744525998830795 5.4817788004875174 31.980474472045898 7.9990630149841291 24.239229887723923 12.496366038918493 6.9842236042022696 20.746886983513832 16.229445859789848 19.468914538621902 29.720219343900681 4.9834963679313651 4.9967031478881818 6.9954828023910522 13.744400039315222 12.477962538599966 8.4940755665302294 7.9946266412734976 5.2467965930700293 8.9945084452629107 17.489321976900101 6.7494528293609619 61.732940480113029 6.9991801381111145
leaf_count=25 22 1356 32 140 238 34 71 22 128 32 97 50 28 83 65 78 119 20 20 28 55 50 34 32 21 36 70 27 247 28
internal_value=-0.000110904 0.000511013 0.00472521 0.00748588 0.00435786 0.0219534 0.0130028 0.0486129 -0.00215442 0.00503924 -0.0129907 0.00634424 0.0170344 0.00531292 -0.00225033 0.00816422 0.0195126 0.0250343 0.00210929 0.0266504 0.0110758 0.0235065 -0.00156031 -0.0207816 0.00341424 -0.000761261 -0.0156873 -0.0387936 -0.00691639 -0.0244184
internal_weight=821.446 808.449 313.224 270.995 222.819 48.1758 126.115 13.9605 495.225 156.379 42.2291 17.9899 108.371 43.9606 36.9763 141.381 49.1891 64.4102 92.192 11.9922 34.2153 20.4709 80.1998 16.4887 63.7111 58.4643 26.4838 12.9978 96.7038 14.9982
internal_count=3288 3236 1254 1085 892 193 505 56 1982 626 169 72 434 176 148 566 197 258 369 48 137 82 321 66 255 234 106 52 387 60
is_linear=0
shrinkage=0.05


Tree=2
num_leaves=31
num_cat=0
split_feature=1 0 0 0 0 1 0 1 1 1 1 0 1 0 1 1 1 1 0 1 1 1 0 0 1 0 1 1 0 1
split_gain=7.13954 3.28023 5.61426 6.67977 7.84601 4.93547 5.61516 5.03594 4.52419 4.27023 5.19794 3.67494 4.82021 6.46417 3.52594 4.5499 3.16438 3.06031 3.03489 8.43113 2.75501 2.7127 2.64287 2.75151 2.71412 3.66493 3.23301 3.18504 5.09373 2.6064
threshold=0.1467603729691381 49.53649437279072 34.110540372205577 38.056869494108504 44.223186757245024 0.15984100868535636 36.869410111421494 0.1728789220026716 0.18204682085339016 0.17439796735442373 0.19184395495908399 47.569159464924546 0.15553249429662416 48.768310113732063 0.18138716241512184 0.18621806566389448 0.1875554494559166 0.17910884032014812 28.114615540613276 0.16599439645194489 0.14445400710909365 0.17643690593409053 64.638389391575771 62.194675642610527 0.15498509137367147 59.721947235867283 0.15644149241359748 0.15077033392053421 53.032995188914562 0.171198840748265
decision_type=2 2 2 2 2 2 2 2 2 2 2 2 2 2 2 2 2 2 2 2 2 2 2 2 2 2 2 2 2 2
left_child=20 2 18 5 29 -4 7 -7 11 22 14 17 -13 -14 -11 -16 -17 21 19 -2 -1 -6 23 24 25 27 -26 -3 -29 -5
right_child=1 9 3 4 8 6 -8 -9 -10 10 -12 12 13 -15 15 16 -18 -19 -20 -21 -22 -23 -24 -25 26 -27 -28 28 -30 -31
leaf_value=-0.012967783958760705 0.05775351598229006 -0.025014974461661676 -0.014020005655155144 0.001166344429042742 0.023896866809107294 0.042718636928583617 0.062266426086885721 -0.0066291292441625488 -0.011036026383075978 0.0018350821336675983 -0.023197492648874093 0.043204919089361637 -0.020621381166443062 0.021515216865289608 0.029699015379822741 -0.034233763856613662 0.011522154826913072 0.061542162168755389 -0.019402788598396292 -0.016636974302766724 -0.059055951192372683 -0.014624797117205197 0.0033038167949350976 -0.021761601746620139 -0.036732854934113469 0.04704184901817321 -0.0064744041624055079 -0.022669798563564606 0.030426170597379527 -0.015279062076696208
leaf_weight=6.2494162470102292 5.4782534539699581 8.4974003434181231 6.2471964359283438 51.214972868561745 54.384982019662857 10.706698447465898 11.664448171854017 9.9973517656326276 17.747547596693039 90.421370059251785 14.998184502124785 6.9656292200088492 20.74995918571949 16.214319616556168 32.157271221280098 5.2495769262313869 13.485251337289808 4.9599406123161307 33.73511229455471 12.498715192079542 6.7391913682222366 4.9894478917121878 71.963440418243408 29.989833950996399 9.2476661652326566 4.9950006604194632 194.45092639327049 6.9989042580127743 12.738047674298285 45.495525181293488
leaf_count=25 22 34 25 205 218 43 47 40 71 362 60 28 83 65 129 21 54 20 135 50 27 20 288 120 37 20 778 28 51 182
internal_value=-0.000105017 0.000485976 0.00449216 0.00747071 0.0041422 0.0266684 0.0345214 0.0188901 0.0123636 -0.00204665 0.00478989 0.0161994 0.00505148 -0.00213823 0.00776031 0.0182878 -0.00129884 0.0238116 -0.0105605 0.00603259 -0.0368808 0.0206598 -0.00520006 -0.00749278 -0.00568666 0.00756313 -0.0078481 0.00057887 0.0115979 -0.00657007
internal_weight=821.232 808.243 313.05 261.338 222.722 38.6157 32.3685 20.7041 126.012 495.193 156.312 108.264 43.9299 36.9643 141.313 50.8921 18.7348 64.3344 51.7121 17.977 12.9886 59.3744 338.881 266.918 236.928 33.2294 203.699 28.2344 19.737 96.7105
internal_count=3288 3236 1254 1047 892 155 130 83 505 1982 626 434 176 148 566 204 75 258 207 72 52 238 1356 1068 948 133 815 113 79 387
is_linear=0
shrinkage=0.05


Tree=3
num_leaves=31
num_cat=0
split_feature=1 0 0 0 0 0 1 1 0 0 0 1 1 0 1 1 0 1 0 0 1 0 0 1 0 1 0 1 1 1
split_gain=6.45489 2.96314 5.11557 4.1023 7.08854 4.49208 4.37325 4.089 4.01251 5.57371 3.89852 7.63882 3.76084 6.46233 3.52607 6.55335 3.63556 3.48413 3.32367 4.45415 3.22643 3.44996 4.41597 3.41476 10.8961 3.70182 5.16233 3.06363 2.79725 2.6842
threshold=0.1467603729691381 49.53649437279072 32.885550926600246 38.056869494108504 44.223186757245024 36.869410111421494 0.17532376810617764 0.18204682085339016 64.638389391575771 66.371778955423579 28.114615540613276 0.16599439645194489 0.16679643461443133 69.130037515327146 0.17600800910957062 0.18938933382703613 56.014628379628057 0.1650885415164586 47.569159464924546 47.836285983262144 0.18159191537008254 57.594653388420809 59.721947235867283 0.17964276990532502 57.594653388420809 0.17910884032014812 58.492174485453411 0.17304146999847955 0.17910884032014812 0.15553249429662416
decision_type=2 2 2 2 2 2 2 2 2 2 2 2 2 2 2 2 2 2 2 2 2 2 2 2 2 2 2 2 2 2
left_child=-1 2 10 5 -5 -4 -7 18 14 -10 11 -2 17 27 -3 20 -17 -11 28 -20 23 -22 -23 25 -25 26 -16 -14 -6 -21
right_child=1 8 3 4 7 6 -8 -9 9 12 -12 -13 13 -15 15 16 -18 -19 19 29 21 22 -24 24 -26 -27 -28 -29 -30 -31
leaf_value=-0.035096382485394172 0.055111336207973517 -0.0071245227411554611 0.010318362104907696 -0.0062413600615923203 0.019648721435568752 0.021583779059142542 0.07919019534945454 -0.010483158043028712 0.029041798581735639 -0.0047835206738716662 -0.024998603885150145 -0.01580452690018324 0.01187414140912068 0.021477393642944397 0.019140097845414088 -0.060853231954797055 -0.0094125633504545721 -0.047901080881322368 -0.039630203089101652 0.039324339750302861 0.034092055708465817 -0.03564738444478964 0.025546875048684414 -0.052083565312798653 0.035607272997764519 0.045820801022592964 -0.024350257155973498 -0.036207178753697382 0.058852616418917307 0.0045251811334057366
leaf_weight=12.967376396059988 5.4544350206851986 287.90940181910992 34.165224924683571 96.713375583291054 59.310108184814453 8.4354009032249433 5.4060160219669333 17.749310195446014 21.974998205900192 31.731429412961006 24.243614390492439 12.499171450734137 5.2469292730092993 34.960142731666565 17.982482880353931 4.9955347776412955 10.993726164102553 5.4967830479145041 4.9975277483463278 6.6934466958045951 20.667474552989006 4.9819637686014158 7.221495121717453 9.2474065124988538 5.7420918047428122 5.9884369969367972 10.995648384094237 8.9885576367378217 4.9280717968940726 32.194839164614677
leaf_count=52 22 1152 137 387 238 34 22 71 88 127 97 50 21 140 72 20 44 22 20 27 83 20 29 37 23 24 44 36 20 129
internal_value=-9.93883e-05 0.000462328 0.00427205 0.00679712 0.00393804 0.0200535 0.044083 0.0117593 -0.00194443 0.00655735 -0.0119202 0.00574022 0.000840224 0.00991359 -0.00432747 0.00382197 -0.0254842 -0.0111499 0.0154105 0.00480451 0.00947935 0.0216449 0.000564812 0.00147443 -0.0184915 0.0100334 0.00263784 -0.0184853 0.0226563 0.0105148
internal_weight=820.882 807.915 312.791 270.593 222.587 48.0066 13.8414 125.873 495.125 108.399 42.1972 17.9536 86.4238 49.1956 386.726 98.8163 15.9893 37.2282 108.124 43.8858 82.827 32.8709 12.2035 49.9561 14.9895 34.9666 28.9781 14.2355 64.2382 38.8883
internal_count=3288 3236 1254 1085 892 193 56 505 1982 434 169 72 346 197 1548 396 64 149 434 176 332 132 49 200 60 140 116 57 258 156
is_linear=0
shrinkage=0.05


Tree=4
num_leaves=31
num_cat=0
split_feature=1 1 1 1 1 0 0 1 0 0 0 1 0 0 0 0 1 0 0 1 0 1 0 0 1 1 1 1 1 1
split_gain=5.83491 2.71916 7.33939 3.74648 5.30304 4.09021 6.32879 4.17354 3.37209 3.3502 3.06983 3.56256 3.2125 3.84827 8.06339 3.0515 2.86778 3.1695 3.26429 3.36849 2.72309 3.1419 2.72193 6.21434 3.33921 3.20608 2.90038 3.72356 2.75118 2.67943
threshold=0.1467603729691381 0.19278127842343065 0.19759424311809518 0.18159191537008254 0.18401383957411302 49.53649437279072 44.223186757245024 0.17964276990532502 58.111313562532025 63.921741956478854 46.826984570549861 0.15517201190060012 48.768310113732063 47.569159464924546 47.261587967688037 62.537255117466849 0.16671814532378645 69.406196414796995 66.881452748388554 0.17304146999847955 66.371778955423579 0.1650885415164586 40.625547951900359 34.786051709824292 0.15810594561343519 0.15615730928522159 0.16022777631148702 0.16640948007575693 0.1715529639557615 0.15498509137367147
decision_type=2 2 2 2 2 2 2 2 2 2 2 2 2 2 2 2 2 2 2 2 2 2 2 2 2 2 2 2 2 2
left_child=-1 3 -3 5 -5 6 7 22 -4 15 -8 -12 13 14 -13 29 20 18 -18 -20 -11 -22 23 25 -24 -2 -27 -28 -26 -7
right_child=1 2 8 4 -6 9 10 -9 -10 16 11 12 -14 -15 -16 -17 17 -19 19 -21 21 -23 24 -25 28 26 27 -29 -30 -31
leaf_value=-0.033393356305681146 0.028485080238815619 -0.042405751523811354 0.042686877298422937 0.026936371045783381 0.001637467356875642 0.0088859861374396536 0.023489821681484547 -0.038918277929256416 -0.014006281582816124 0.017989775897224974 0.038267545819358734 -0.023913496912281035 0.020242167263395061 -0.020779132930851499 0.04841299303697863 -0.02301868649895155 0.01418169960150624 0.02481347935979436 0.0068989712230651942 -0.051156667135827928 -0.0045438306739496292 -0.045478485390616219 -0.046353834406203671 0.016653145729274284 0.0047440045004491817 -0.048840475404068974 0.017466292125774573 -0.018094966281881598 -0.021127990098946167 -0.0060558559871589741
leaf_weight=12.947744578123091 5.2219563275575629 12.491796776652338 5.24186262488365 31.814084708690643 59.367831915616989 33.713605478405952 47.233907133340836 7.2353947609663001 5.2496372759342194 10.737913087010382 7.6621220409870139 7.6986366510391218 16.191807985305786 20.495383515954018 7.7156554907560349 23.741702929139137 16.233104407787327 26.698497906327248 4.9951527118682844 4.9990133345127106 31.734919086098671 5.4999996721744528 5.4995587468147269 52.01885998249054 27.237981349229813 4.9897462129592887 10.19521753489971 26.480410203337669 16.499988198280334 272.65033006668091
leaf_count=52 21 50 21 128 238 135 190 29 21 43 31 31 65 82 31 95 65 107 20 20 127 22 22 209 109 20 41 106 66 1091
internal_value=-9.3982e-05 0.000439922 -0.0165117 0.000936509 0.0104645 -0.000316448 0.00460548 -0.00183857 0.0143193 -0.0033127 0.0139634 0.00643415 0.00175269 -0.00658429 0.0122897 -0.00574984 0.00466079 0.0126861 0.000340926 -0.0221401 -0.00419315 -0.0105903 -2.75791e-05 0.00475435 -0.0096333 -0.0084467 -0.0130754 -0.00820952 -0.00501611 -0.00441159
internal_weight=820.494 807.546 22.9833 784.563 91.1819 693.381 262.377 155.379 10.4915 431.004 106.998 59.7636 52.1015 35.9097 15.4143 330.106 100.899 52.9258 26.2273 9.99417 47.9728 37.2349 148.144 98.9062 49.2375 46.8873 41.6654 36.6756 43.738 306.364
internal_count=3288 3236 92 3144 366 2778 1053 623 42 1725 430 240 209 144 62 1321 404 212 105 40 192 149 594 397 197 188 167 147 175 1226
is_linear=0
shrinkage=0.05


Tree=5
num_leaves=31
num_cat=0
split_feature=0 1 1 1 0 1 1 0 0 1 1 0 1 0 0 0 1 1 0 1 1 1 1 0 1 0 0 1 1 1
split_gain=5.59464 5.26875 5.75283 4.91516 3.00102 4.85608 5.60434 2.92789 2.88174 2.60237 6.61803 4.92397 4.86202 3.82274 3.90727 4.83954 3.64446 3.05328 3.01556 2.99846 4.53897 4.27672 4.45722 2.93861 4.38625 3.5406 2.84643 2.5988 5.95953 2.59081
threshold=32.885550926600246 0.19278127842343065 0.19759424311809518 0.14538199590588782 49.53649437279072 0.17113291529635621 0.17184834013585137 28.114615540613276 58.492174485453411 0.1666141304240252 0.16458977003827721 49.863374320174742 0.16742828947800267 69.406196414796995 66.881452748388554 65.655448954100393 0.18159191537008254 0.16772327921090194 55.10372351236277 0.16821684430360936 0.16922264022337352 0.17046522945918594 0.17304146999847955 58.331994756500457 0.17910884032014812 61.464567880330868 74.13768239637831 0.1622578416125959 0.15924872022257 0.17495861329101334
decision_type=2 2 2 2 2 2 2 2 2 2 2 2 2 2 2 2 2 2 2 2 2 2 2 2 2 2 2 2 2 2
left_child=7 3 8 -2 5 -5 -7 -1 -3 10 26 -11 18 14 15 17 -15 -14 -13 -19 -21 -22 -23 -24 29 -26 27 28 -6 -25
right_child=1 2 -4 4 9 6 -8 -9 -10 11 -12 12 13 16 -16 -17 -18 19 -20 20 21 22 23 24 25 -27 -28 -29 -30 -31
leaf_value=-0.003344969790815082 -0.035045646266471046 -0.064334043332389609 0.0083995601076662669 0.011974142023367884 0.0054332191299389029 -0.047766541940606311 0.00096311242059051491 -0.030548984484270597 -0.015599130687561578 -0.045432935236040639 -0.023432530476501557 0.061301174311384966 -0.037081624039540316 0.02725057313721433 -0.027889019604331346 0.039367982394302482 -0.018856071334260812 0.030674517528546576 0.015067131807644435 -0.028796752334615035 0.026411747854040931 -0.017415923194909595 0.0091821896928838877 -0.00074205152368217008 -0.0088739899152779651 0.030843620715852078 -0.029236245283617086 0.012412364732084803 -0.017583621383155845 -0.03489861357737347
leaf_weight=17.671041712164879 9.2094406932592374 7.7365182787179965 8.2389851063489896 148.59042911231518 80.426692217588425 6.2282242327928534 112.08023701608181 22.464348450303078 4.9895772039890289 5.2386790215969077 38.990751698613167 5.2498072385787955 5.4992673695087424 23.675240337848667 12.238648757338522 7.9787973612546912 5.2333278357982627 7.99914327263832 10.745976150035856 13.24832099676132 15.74882450699806 32.498095005750656 79.528656333684921 8.9978390187025088 12.459073513746263 10.208835124969481 8.2468553334474546 37.492059677839279 43.244148284196854 14.495517164468763
leaf_count=71 37 31 33 597 322 25 450 90 20 21 156 21 22 95 49 32 21 32 43 53 63 130 319 36 50 41 33 150 173 58
internal_value=-0.000368185 0.000572675 -0.0241521 0.00125874 0.00170671 0.00595614 -0.00160221 -0.0185714 -0.0452263 -0.000658875 -0.00485991 0.00257122 0.00351732 0.00180614 -0.000431383 0.00117909 0.0189039 -0.000339232 0.0302411 0.000695976 -0.000585123 0.00156368 -0.00091013 0.00335757 -0.00667734 0.00901344 -0.000585296 0.0008808 -0.00261511 -0.0218168
internal_weight=816.653 776.518 20.9651 755.553 746.343 266.899 118.308 40.1354 12.7261 479.445 208.401 271.044 265.805 249.81 220.901 208.662 28.9086 200.684 15.9958 195.184 187.185 173.937 158.188 125.69 46.1613 22.6679 169.41 161.163 123.671 23.4934
internal_count=3274 3113 84 3029 2992 1072 475 161 51 1920 834 1086 1065 1001 885 836 116 804 64 782 750 697 634 504 185 91 678 645 495 94
is_linear=0
shrinkage=0.05


Tree=6
num_leaves=31
num_cat=0
split_feature=0 1 1 1 0 1 1 0 0 1 1 1 1 0 0 1 1 0 0 1 1 0 1 0 0 0 1 0 0 0
split_gain=5.12096 4.82884 5.20787 3.94431 3.19281 4.08101 3.8342 2.84512 4.85089 3.16853 2.94755 3.90018 3.25644 2.61812 2.52154 2.39773 3.53037 4.19544 5.5051 2.34916 5.97315 4.44166 4.39079 3.45479 3.52574 4.43562 3.39145 2.78351 2.72815 2.56794
threshold=34.786051709824292 0.19278127842343065 0.19759424311809518 0.14538199590588782 49.53649437279072 0.1701722148278598 0.16914173486915443 40.038078449237766 36.869410111421494 0.18104103848821998 0.17304146999847955 0.17532376810617764 0.17131631569279995 58.492174485453411 45.920588648746467 0.15077033392053421 0.15363945559866485 40.225778850411949 36.572070843914609 0.1666141304240252 0.16458977003827721 49.863374320174742 0.16742828947800267 69.406196414796995 66.881452748388554 64.638389391575771 0.17721515002904281 50.461991797985441 55.10372351236277 74.13768239637831
decision_type=2 2 2 2 2 2 2 2 2 2 2 2 2 2 2 2 2 2 2 2 2 2 2 2 2 2 2 2 2 2
left_child=-1 3 13 -2 5 6 15 8 -7 -10 12 -12 -9 -3 -14 -5 -17 18 -18 20 29 -21 28 24 25 27 -25 -24 -23 -6
right_child=1 2 -4 4 19 7 -8 10 9 -11 11 -13 14 -15 -16 16 17 -19 -20 21 -22 22 23 26 -26 -27 -28 -29 -30 -31
leaf_value=-0.015253582412057085 -0.03164138200959498 -0.061323643213583516 0.0079801938086343557 0.039736111597719816 0.00083683467249384257 -0.016025799895867898 0.043080701734715045 0.0005431867994181896 0.014161748583068418 0.05978130775447027 0.020820052985390806 -0.00591552561593898 -0.063873987753619646 -0.014830610517310789 -0.014745666072905304 -0.026870760868870931 0.021702430102744287 0.015640765538902764 -0.028182653066007549 -0.043134240787833442 -0.022262139778206277 0.058314015856224491 0.036067944832702932 0.030414218686580903 -0.026489710303319619 0.028629798310072563 -0.0056381640920426437 -0.0017799422038636105 0.014317294103192494 -0.027764204329382505
leaf_weight=53.835901886224747 8.9390686303377134 7.711089029908182 8.2383681088685972 6.4400759041309348 161.15331462025642 8.4777645617723483 9.4623829424381238 8.9641633331775683 10.643413305282595 5.9251638799905768 17.690985932946205 59.585451155900955 5.4925512224435789 4.9858259707689285 4.9797912240028381 6.6883787065744391 9.1759341210126895 85.887418627738953 13.920783385634421 5.2418569624423972 38.98859928548336 5.2429316639900199 4.9854440689086905 18.916309595108036 12.240816146135328 13.691700726747511 9.9566389024257642 189.91205129027367 10.743397563695906 8.2498013377189618
leaf_count=216 36 31 33 26 645 34 38 36 43 24 71 239 22 20 20 27 37 345 56 21 156 21 20 76 49 55 40 761 43 33
internal_value=-0.000349827 0.000702401 -0.022979 0.00137093 0.00177371 0.00631389 0.0124187 -0.000283049 0.0147359 0.030476 -0.0041726 0.000205082 -0.0215776 -0.0430668 -0.0405126 0.0100427 0.00838954 0.0105535 -0.00836416 -0.000625896 -0.00461707 0.00244399 0.00334322 0.00171686 -0.00040974 0.00112073 0.0179818 -0.0008118 0.0287466 -0.000556014
internal_weight=816.367 762.531 20.9353 741.596 732.657 253.334 131.575 121.759 25.0463 16.5686 96.7129 77.2764 19.4365 12.6969 10.4723 122.113 115.673 108.984 23.0967 479.323 208.392 270.931 265.689 249.703 220.83 208.589 28.8729 194.897 15.9863 169.403
internal_count=3274 3058 84 2974 2938 1018 529 489 101 67 388 310 78 51 42 491 465 438 93 1920 834 1086 1065 1001 885 836 116 781 64 678
is_linear=0
shrinkage=0.05


Tree=7
num_leaves=31
num_cat=0
split_feature=0 1 1 1 0 0 0 0 1 1 1 1 1 0 0 0 1 1 1 0 0 1 1 1 0 0 1 0 1 1
split_gain=4.62824 4.30989 4.72151 4.05072 2.65175 2.55124 4.84036 4.17779 3.63888 6.44128 2.71042 6.16752 3.92777 3.01573 3.98905 2.38808 2.33529 6.27334 3.50815 2.60567 3.53381 2.93468 2.81729 2.93022 4.06287 3.78882 4.29551 3.5096 3.73433 4.72036
threshold=32.885550926600246 0.19278127842343065 0.19759424311809518 0.14538199590588782 28.114615540613276 51.601358671086537 51.191164929526984 51.879268576836147 0.171198840748265 0.17209986512429434 0.15770061968328597 0.15517201190060012 0.1593926330067639 45.752919203257285 49.312611853679279 58.492174485453411 0.1666141304240252 0.16548553294026555 0.16623177386425481 53.193571158345414 63.544577061295449 0.16889291974258028 0.16699255469768295 0.1748557673290794 58.579936109558311 58.331994756500457 0.18577505973529632 57.594653388420809 0.18279363461204468 0.17827979573669347
decision_type=2 2 2 2 2 2 2 2 2 2 2 2 2 2 2 2 2 2 2 2 2 2 2 2 2 2 2 2 2 2
left_child=4 3 15 -2 -1 6 8 -7 10 -10 11 13 -12 -5 -15 -3 17 -9 -19 -18 22 -22 -21 24 -24 26 27 28 29 -25
right_child=1 2 -4 5 -6 7 -8 16 9 -11 12 -13 -14 14 -16 -17 19 18 -20 20 21 -23 23 25 -26 -27 -28 -29 -30 -31
leaf_value=-0.0024142718610813754 -0.031894677127384287 -0.058559874559184537 0.0075819891490966455 -0.011257421026137381 -0.028312149531671871 -0.034719718863611686 0.041599727217356823 -0.0014696031628761578 -0.043893814157001311 0.0005428943258272244 0.039720156461225509 -0.032164403600372787 0.0092024429122433537 0.04361489182796522 -0.01129818381759959 -0.014101044119716822 0.020175907738196351 -0.054114348308440231 -0.0095994028754469128 0.030706140524140887 0.034961296853121958 0.0063801455076435021 -0.022341116748184536 0.024393623572660218 0.0028244824927199301 -0.010889705962255664 -0.025967032348841193 0.050803249521324471 0.045069173410521753 -0.018699187449512822
leaf_weight=17.675696417689323 9.1650479286909086 7.6722235083580035 8.2375138252973539 9.2286074161529559 22.42355477809906 8.9908551871776563 8.7423814386129362 161.65031924843788 8.7218211442232114 125.5032005161047 11.465072765946386 12.45904593169689 131.16011375188828 9.8368364274501783 4.9822312593460074 4.9817019253969193 20.200318232178688 9.2416776418685931 8.4936570078134519 5.9937910735607138 10.715316087007521 55.501873806118965 38.991128280758858 12.482924312353139 27.245098531246185 31.674722149968147 6.4888599365949622 6.7321000546216956 6.4440639466047278 12.944853141903875
leaf_count=71 37 31 33 37 90 36 35 647 35 504 46 50 527 40 20 20 81 37 34 24 43 223 156 50 109 127 26 27 26 52
internal_value=-0.00033228 0.000523717 -0.0218786 0.00114356 -0.0168964 0.00154951 0.00490372 -0.000999822 0.00387993 -0.00234456 0.008544 -0.00361264 0.0116556 0.01118 0.0251529 -0.041057 -0.000268939 -0.00456672 -0.0327956 0.00300596 0.00139436 0.0110052 -0.00287685 -0.00428443 -0.0119897 0.00236378 0.0116735 0.0180004 0.0110717 0.0024558
internal_weight=816.047 775.947 20.8914 755.056 40.0993 745.891 322.099 423.792 313.357 134.225 179.132 36.5067 142.625 24.0477 14.8191 12.6539 414.801 179.386 17.7353 235.415 215.215 66.2172 148.998 143.004 66.2362 76.7675 45.0928 38.6039 31.8718 25.4278
internal_count=3274 3113 84 3029 161 2992 1294 1698 1259 539 720 147 573 97 60 51 1662 718 71 944 863 266 597 573 265 308 181 155 128 102
is_linear=0
shrinkage=0.05


Tree=8
num_leaves=31
num_cat=0
split_feature=0 1 1 1 0 1 1 0 0 1 1 1 1 0 0 1 1 0 1 1 0 0 0 1 1 0 1 0 1 0
split_gain=4.24336 3.95575 4.28597 3.21338 2.71383 3.36875 3.4763 2.58005 4.36819 2.87027 2.54308 3.52212 2.73453 2.30809 2.18563 2.128 2.48521 4.15676 2.38489 2.32302 2.05754 2.61622 1.98782 1.93198 5.05742 3.98885 3.72181 2.96217 3.31649 3.07493
threshold=34.786051709824292 0.19278127842343065 0.19759424311809518 0.14538199590588782 49.53649437279072 0.1701722148278598 0.16914173486915443 40.038078449237766 36.869410111421494 0.18104103848821998 0.17304146999847955 0.17532376810617764 0.17131631569279995 45.920588648746467 58.492174485453411 0.15018201835610845 0.15770061968328597 43.725576041889745 0.15517201190060012 0.15968794962653346 44.336640384571076 41.880215156260029 42.744024100919752 0.1666141304240252 0.16458977003827721 49.863374320174742 0.16742828947800267 69.406196414796995 0.16772327921090194 66.881452748388554
decision_type=2 2 2 2 2 2 2 2 2 2 2 2 2 2 2 2 2 2 2 2 2 2 2 2 2 2 2 2 2 2
left_child=-1 3 14 -2 5 6 15 8 -7 -10 12 -12 -9 -14 -3 -5 17 -17 -19 -18 21 -13 -23 24 -6 -25 -27 28 -28 -30
right_child=1 2 -4 4 23 7 -8 10 9 -11 11 20 13 -15 -16 16 19 18 -20 -21 -22 22 -24 25 -26 26 27 -29 29 -31
leaf_value=-0.013888285491940065 -0.028636638978057224 -0.056007310098512633 0.0072038352490637241 0.041278793658144582 -0.00048681839273594167 -0.015042919870955022 0.040591706865839218 0.00020384456284611052 0.013578109794307937 0.057081073542995436 0.019767957520819404 0.0034922252779775488 -0.059815611174932386 -0.012800991537255441 -0.01340820439507117 -0.031249736549940621 0.033346367419548661 0.027938268692556851 -0.01454120307006062 0.0085737212530197053 0.0021821137830531621 -0.053704015854108528 -0.015927440017957425 -0.041018476151526873 -0.020467023631741861 0.026449196121622956 -0.037915945412314099 0.016616495323261288 0.0020254019447020761 -0.024033596352981849
leaf_weight=53.789509907364845 8.8880284130573255 7.6220511943101901 8.2364601939916593 4.9264625161886206 169.39791595935822 8.4850112497806567 9.4340501427650434 8.9608331769704836 10.632503375411035 5.8931647539138785 17.676979541778564 9.7479570060968417 5.4820443689823133 4.9837709814310074 4.9772781580686569 9.9930235743522662 10.689345985651014 8.3302722275257093 5.4760909378528586 82.516377702355385 34.849507495760918 5.4991393685340872 9.4951602667570096 5.2397911548614493 38.954739451408386 15.952376082539557 5.7467690110206595 28.811397403478622 202.98686602711678 11.988943114876745
leaf_count=216 36 31 33 20 678 34 38 36 43 24 71 39 22 20 20 40 43 34 22 332 140 22 38 21 156 64 23 116 814 48
internal_value=-0.000315717 0.000642527 -0.0208436 0.00124665 0.00160942 0.00579777 0.0113504 -0.000195539 0.0141187 0.0290916 -0.00389798 0.000167804 -0.0200695 -0.0374275 -0.0391788 0.00908794 0.00773255 -0.00668819 0.0110894 0.0114148 -0.00564628 -0.0166726 -0.0297819 -0.000603056 -0.00422243 0.00218243 0.00303507 0.00153824 -0.000429959 0.000572123
internal_weight=815.664 761.874 20.8358 741.039 732.15 253.072 131.366 121.706 25.0107 16.5257 96.6954 77.2687 19.4266 10.4658 12.5993 121.932 117.005 23.7994 13.8064 93.2057 59.5918 24.7423 14.9943 479.079 208.353 270.726 265.486 249.534 220.723 214.976
internal_count=3274 3058 84 2974 2938 1018 529 489 101 67 388 310 78 42 51 491 471 96 56 375 239 99 60 1920 834 1086 1065 1001 885 862
is_linear=0
shrinkage=0.05


Tree=9
num_leaves=31
num_cat=0
split_feature=0 1 1 1 0 0 0 1 1 1 0 0 1 1 1 1 1 1 1 0 0 0 1 1 1 1 0 0 0 1
split_gain=3.83095 3.58192 3.89477 2.90921 2.46846 4.34262 3.7618 2.65157 3.36333 4.06206 2.57654 3.9548 3.2326 3.89788 3.51827 2.62365 2.435 3.88221 3.7523 2.6449 3.56233 2.46589 4.89148 7.1959 3.37715 5.51062 3.68594 2.0253 2.00609 1.90032
threshold=34.786051709824292 0.19278127842343065 0.19759424311809518 0.14538199590588782 51.601358671086537 51.191164929526984 51.879268576836147 0.1701722148278598 0.16914173486915443 0.16852572803320356 40.038078449237766 36.869410111421494 0.17304146999847955 0.17131631569279995 0.17532376810617764 0.18104103848821998 0.15770061968328597 0.1593926330067639 0.15158590756572191 36.572070843914609 40.225778850411949 44.819365600737477 0.16199859497651628 0.16679643461443133 0.1669037498074247 0.1632660106516087 48.111402298233429 48.40065041735793 58.492174485453411 0.1666141304240252
decision_type=2 2 2 2 2 2 2 2 2 2 2 2 2 2 2 2 2 2 2 2 2 2 2 2 2 2 2 2 2 2
left_child=-1 3 28 -2 5 7 -6 8 9 16 11 -9 13 -12 27 -13 18 -18 -5 -19 -21 22 -22 -24 25 -23 -26 -14 -3 -8
right_child=1 2 -4 4 6 -7 29 10 -10 -11 12 15 14 -15 -16 -17 17 19 -20 20 21 24 23 -25 26 -27 -28 -29 -30 -31
leaf_value=-0.013198108026183609 -0.027295138510901224 -0.053637013336288411 0.0068446824796931927 0.022458130810160199 -0.032942741605430266 0.039688549756057165 -0.0041302847727009871 -0.014284440329622745 0.034800994997982886 -0.034961445280376632 0.0025393494435484512 0.012913133902445495 0.02729057193310272 -0.038437381891709275 -0.005418136601135895 0.05460350246947298 0.039575796867405012 0.04018551692670011 -0.014061822921200038 -0.020458256308113969 -0.011284342772120671 0.01485458226217237 0.056092565476621316 -0.01441006045310134 -0.0080092724883127058 -0.021573014070367699 0.046582352409586601 -0.0075127827972407404 -0.012750038906157555 0.0027024345366286687
leaf_weight=53.772664904594421 8.8593513071537 7.5624439120292681 8.2352406531572324 9.8554261624813062 8.9916741847991926 8.7334974706172925 179.34358367323875 8.4886743724346179 11.150841578841208 5.7267466932535163 10.210587605834009 10.621323779225351 15.422856822609903 13.446179047226904 69.788378700613976 5.8535291999578467 11.170121610164641 6.1530156433582297 24.565141350030899 10.934483826160429 7.480304121971133 21.143369495868683 13.192745521664621 4.9874351620674124 4.9596912264823905 20.397879362106323 8.2107008248567563 5.7342986166477194 4.9726190716028214 235.23306934535503
leaf_count=216 36 31 33 40 36 35 718 34 45 23 41 43 62 54 280 24 45 25 99 44 30 85 53 20 20 82 33 23 20 944
internal_value=-0.00030005 0.000610825 -0.0198678 0.00118511 0.0015299 0.0049341 -0.000947305 0.00392063 0.00831559 0.00633051 -0.00111554 0.0134405 -0.00428624 -0.0207513 -3.35284e-06 0.0277258 0.00798355 0.0116556 -0.00360529 0.0084556 0.00631737 0.00996014 0.0227484 0.0367513 0.00396227 -0.00303236 0.0260243 0.0178577 -0.0374173 -0.000253362
internal_weight=815.198 761.425 20.7703 740.655 731.796 308.227 423.568 299.494 159.928 148.777 139.566 24.9635 114.602 23.6568 90.9455 16.4749 143.05 108.63 34.4206 97.4596 91.3066 80.3721 25.6605 18.1802 54.7116 41.5412 13.1704 21.1572 12.5351 414.577
internal_count=3274 3058 84 2974 2938 1240 1698 1205 644 599 561 101 460 95 365 67 576 437 139 392 367 323 103 73 220 167 53 85 51 1662
is_linear=0
shrinkage=0.05


Tree=10
num_leaves=31
num_cat=0
split_feature=0 1 1 0 1 1 1 0 0 0 1 1 1 0 1 1 1 0 0 0 1 0 0 1 0 0 1 0 0 0
split_gain=4.45666 4.9021 4.17843 7.77331 4.72676 5.98256 3.12133 3.70928 2.22032 3.83806 2.13134 2.98858 2.76504 2.07856 1.93107 7.37953 3.3194 5.86767 2.64107 4.6072 4.64545 8.59077 3.24301 2.77805 2.61092 2.43801 2.19884 2.18865 2.10125 5.51158
threshold=76.446602496533345 0.16732325619982566 0.14832463459649806 49.53649437279072 0.15158590756572191 0.15220313675983169 0.15422727915749665 32.885550926600246 52.630443220536797 59.433121232058035 0.19278127842343065 0.19457536993822092 0.19141756371873278 49.653898123954995 0.16171323738874985 0.1613661546298035 0.16340484234643438 60.151776581131365 63.544577061295449 65.855440880089105 0.17733599985637991 69.406196414796995 61.922204389079262 0.1830108048560328 68.213541183195332 36.869410111421494 0.17276557955973795 62.724014084423878 38.056869494108504 36.572070843914609
decision_type=2 2 2 2 2 2 2 2 2 2 2 2 2 2 2 2 2 2 2 2 2 2 2 2 2 2 2 2 2 2
left_child=2 -2 3 -1 8 -6 -7 -8 -4 -10 12 -12 14 -13 15 25 17 -16 22 -20 21 24 28 -22 -21 -9 27 -24 29 -18
right_child=1 -3 4 -5 5 6 7 10 9 -11 11 13 -14 -15 16 -17 18 -19 19 20 23 -23 26 -25 -26 -27 -28 -29 -30 -31
leaf_value=0.019065769410218668 -0.063247974566741985 -0.00081937886835093039 0.043687600852918958 -0.044250368625564043 -0.050105943526937841 0.020693958899032354 -0.014897813356644999 -0.034791661840402617 -0.021570351351513445 0.039672578234946972 -0.044547372810889149 0.020029515265153452 0.035088559981767603 -0.017364284163863129 0.028368375486397576 -0.047771105414417522 -0.0013832757924199387 -0.015239595538670842 0.030109039963520403 0.00070706656626672937 -0.045731891720976386 0.032577080030162554 -0.052554891444684206 0.00063122249680000475 -0.039392442398979599 0.0010383870823769696 -0.002470936593474794 -0.0085406397355929503 0.00032219506771310742 0.042393649196444394
leaf_weight=7.615785792469981 5.7421425580978376 6.9511145055294037 9.1409366130828875 13.335816502571104 5.7346744239330283 19.904825165867805 36.557905048131943 4.9747580587863913 4.9966955631971341 5.242115780711174 5.852920979261401 6.1308930218219748 6.2295170277357093 9.4356993734836561 29.102325037121773 8.9727410674095136 20.892681241035465 10.495968252420424 21.400720328092575 10.212070971727373 6.7108400166034681 21.083398818969727 6.4956670701503771 6.2309066951274872 6.7375338077545157 104.00705519318581 11.467904090881346 4.9973510503768921 386.88984869420528 10.962565198540686
leaf_count=31 23 28 37 54 23 80 147 20 20 21 24 25 25 38 117 36 84 42 86 41 27 85 26 25 27 417 46 20 1553 45
internal_value=0.000334606 -0.0290607 0.000799954 -0.0212353 0.00139119 0.000770595 0.00115665 0.000628159 0.0257761 0.0097851 0.00143984 -0.0140889 0.00193053 -0.00263676 0.00162298 -0.00418567 0.00286044 0.0168096 0.00178598 0.0106395 0.00246557 0.0112704 0.000335292 -0.02341 -0.0152326 -0.000597169 -0.0179608 -0.0334168 0.00133852 0.013682
internal_weight=814.505 12.6933 801.812 20.9516 780.861 761.481 755.746 735.841 19.3797 10.2388 699.283 21.4195 677.864 15.5666 671.634 117.955 553.68 39.5983 514.081 72.3755 50.9748 38.033 441.706 12.9417 16.9496 108.982 22.9609 11.493 418.745 31.8552
internal_count=3273 51 3222 85 3137 3059 3036 2956 78 41 2809 87 2722 63 2697 473 2224 159 2065 291 205 153 1774 52 68 437 92 46 1682 129
is_linear=0
shrinkage=0.05


Tree=11
num_leaves=31
num_cat=0
split_feature=0 1 1 0 1 1 1 0 0 0 0 1 0 0 1 1 0 1 1 1 1 1 0 0 1 1 0 0 0 1
split_gain=4.02653 4.43977 3.7805 7.04587 4.27716 5.39688 2.8201 3.35028 2.01914 3.46857 1.95183 7.81197 4.62826 2.79346 3.92889 1.68214 1.89449 1.66308 5.8359 1.44497 1.92415 2.77417 2.23355 10.3322 6.64273 7.15252 3.47936 3.02176 2.30877 3.4543
threshold=76.446602496533345 0.16732325619982566 0.14832463459649806 49.53649437279072 0.15158590756572191 0.15220313675983169 0.15422727915749665 32.885550926600246 52.630443220536797 59.433121232058035 38.056869494108504 0.15984100868535636 39.268635196884325 36.869410111421494 0.16699255469768295 0.15296997441036725 52.094916842158177 0.17429161583166042 0.17056841763150679 0.19184395495908399 0.17195418214580457 0.17113291529635621 63.747382711028301 60.736637525191945 0.16357183480047957 0.15924872022257 71.740642824925871 60.151776581131365 66.16167828607216 0.16610255091117707
decision_type=2 2 2 2 2 2 2 2 2 2 2 2 2 2 2 2 2 2 2 2 2 2 2 2 2 2 2 2 2 2
left_child=2 -2 3 -1 8 -6 15 17 -4 -10 11 -9 -12 14 -13 -7 -17 18 -8 20 21 22 23 27 25 -24 -27 -14 -26 -30
right_child=1 -3 4 -5 5 6 7 10 9 -11 12 13 19 -15 -16 16 -18 -19 -20 -21 -22 -23 24 -25 28 26 -28 -29 29 -31
leaf_value=0.018104549242520585 -0.060226621898393354 -0.00077835795876393719 0.041673759971975664 -0.042212409979290905 -0.047578639916103234 -0.0018892856074797253 -0.019355134381308155 -0.045771305188893024 -0.020487204878211651 0.037753794913719246 -0.031932138314338158 0.039301285189848156 0.00098463331852420739 0.041539208551138879 -0.0011446584839009406 0.0074500974721288821 0.045208259697162266 -0.029712498526943999 0.040109661853068287 -0.011388154304369786 0.0049698360801695377 -0.019710442448148832 0.033846906431785527 -0.029726683776949109 0.048175362938194702 -0.03936846139358903 0.0097188532143362566 0.040236825079437238 -0.011334627160376656 0.03233577647802937
leaf_weight=7.6190321743488338 5.7289901822805387 6.951566144824028 9.104449391365053 13.28202438354492 5.7372284084558478 6.2144483327865627 19.610546156764034 5.2313757240772238 4.9977902472019178 5.2333253175020218 10.698630079627035 8.6419289857149142 258.59377357363701 10.364378869533537 19.672194972634315 5.692671135067938 7.9776150584220886 11.693249270319937 5.2253926396369925 21.930411204695702 258.4308822453022 18.178164422512054 6.9961463510990169 28.975699082016945 8.4668138325214404 12.994804382324221 4.9985314905643454 4.9978827089071265 6.980150148272517 12.890814766287802
leaf_count=31 23 28 37 54 23 25 79 21 20 21 43 35 1038 43 79 23 32 47 21 89 1038 73 28 116 34 52 20 20 28 52
internal_value=0.000318169 -0.0276367 0.000760482 -0.0202252 0.00132244 0.000732529 0.00109942 0.000597143 0.0245456 0.00930369 0.00136852 0.0115738 0.00068452 0.0193298 0.0112001 0.0196796 0.0294848 -0.0141643 -0.00684395 0.00122601 0.0016704 -0.000671653 0.000328912 -0.00138646 0.00973988 -0.00905211 -0.0257321 0.00172888 0.0263115 0.0169955
internal_weight=814.111 12.6806 801.43 20.9011 780.529 761.194 755.457 735.572 19.3356 10.2311 699.043 43.9099 655.133 38.6785 28.3141 19.8847 13.6703 36.5292 24.8359 644.434 622.504 364.073 345.895 292.567 53.3273 24.9895 17.9933 263.592 28.3378 19.871
internal_count=3273 51 3222 85 3137 3059 3036 2956 78 41 2809 178 2631 157 114 80 55 147 100 2588 2499 1461 1388 1174 214 100 72 1058 114 80
is_linear=0
shrinkage=0.05


Tree=12
num_leaves=31
num_cat=0
split_feature=0 1 1 0 1 1 0 1 1 0 0 1 0 0 1 1 0 1 1 0 0 0 0 1 1 0 0 1 1 1
split_gain=3.641 4.03176 3.46737 2.80729 1.8687 4.87437 4.62997 3.47758 2.54861 3.02678 1.76779 7.05819 4.176 2.55914 3.5652 1.52262 1.71859 1.50684 5.26234 1.47967 1.41335 7.31138 4.9801 1.98365 4.81659 2.6457 2.25762 1.96007 2.62566 2.59885
threshold=76.446602496533345 0.16732325619982566 0.1467603729691381 49.53649437279072 0.15158590756572191 0.15220313675983169 51.701654554544774 0.14958115986185352 0.15422727915749665 32.885550926600246 38.056869494108504 0.15984100868535636 39.268635196884325 36.869410111421494 0.16699255469768295 0.15296997441036725 52.094916842158177 0.17429161583166042 0.17056841763150679 45.752919203257285 47.569159464924546 47.836285983262144 47.261587967688037 0.16321754947479503 0.16211842323947004 45.920588648746467 46.691038997946251 0.19184395495908399 0.18254937680251618 0.18401383957411302
decision_type=2 2 2 2 2 2 2 2 2 2 2 2 2 2 2 2 2 2 2 2 2 2 2 2 2 2 2 2 2 2
left_child=2 -2 3 -1 6 -6 19 -8 15 17 11 -11 -12 14 -13 -7 -17 18 -10 -4 22 -22 23 24 25 -14 -25 28 -23 -30
right_child=1 -3 4 -5 5 8 7 -9 9 10 12 13 20 -15 -16 16 -18 -19 -20 -21 21 27 -24 26 -26 -27 -28 -29 29 -31
leaf_value=0.0042852783145795412 -0.057452101987965 -0.00073939455415773477 0.017334719780172831 -0.042646452916512298 -0.045233423399870916 -0.0017946201301126952 -0.026316405392407646 0.023200741152210838 -0.018406733390697993 -0.043449774542943159 -0.030327489443149391 0.037497153986392209 -0.004056962315875959 0.039782307505082416 -0.001087395993449332 0.0070807000682581063 0.043068187230240862 -0.028290009379093824 0.038016531933173586 0.05233681446673704 -0.0528941342448827 -0.00018049170782314435 0.041137206101538724 0.0024325165325111467 0.059893394024266237 0.035891433609079905 -0.021664464079880749 -0.017211579291454601 0.02952532164110877 0.0045474189882409848
leaf_weight=5.2003222405910483 5.7059357613325101 6.9519930779933929 5.4297406524419802 8.2275654673576337 5.7330342084169379 6.2151293903589275 8.2346655726432783 6.2269799560308448 19.590438112616543 5.2352198213338843 10.701371580362318 8.6057590395212191 17.429220423102386 10.283082515001295 19.672722801566124 5.6902360618114454 7.9558597207069397 11.667799130082129 5.2371123284101477 6.8016435503959656 6.4866045117378226 415.66869316995144 9.1251938939094526 109.55501405894756 4.9384768009185782 5.4376395940780631 10.666307866573332 15.052192732691763 14.805308207869528 35.108549937605858
leaf_count=21 23 28 22 34 23 25 33 25 79 21 43 35 70 43 79 23 32 47 21 28 26 1667 37 441 20 22 43 61 60 141
internal_value=0.000302566 -0.0263043 0.000723035 -0.0244708 0.00115259 0.000696403 0.0141559 -0.00499502 0.00104511 0.000567698 0.00130084 0.0110263 0.000650522 0.0184221 0.0106547 0.018719 0.0280619 -0.0134697 -0.00650484 0.0367987 0.00116507 -0.000165083 0.00528811 0.00307817 0.0151135 0.00544259 0.000294578 0.000546544 0.00112066 0.0119563
internal_weight=813.64 12.6579 800.982 13.4279 787.554 760.861 26.693 14.4616 755.128 735.267 698.771 43.7968 654.975 38.5616 28.2785 19.8612 13.6461 36.4953 24.8276 12.2314 644.273 487.121 157.152 148.027 27.8053 22.8669 120.221 480.635 465.583 49.9139
internal_count=3273 51 3222 55 3167 3059 108 58 3036 2956 2809 178 2631 157 114 80 55 147 100 50 2588 1955 633 596 112 92 484 1929 1868 201
is_linear=0
shrinkage=0.05


Tree=13
num_leaves=31
num_cat=0
split_feature=0 1 1 0 1 1 1 0 0 0 0 1 0 0 1 1 0 1 1 1 0 0 0 0 0 1 1 0 1 1
split_gain=3.2948 3.66956 3.21219 5.93151 3.62539 4.40699 2.30413 2.73525 1.68785 3.09253 1.60165 6.38147 3.76978 2.34608 3.23732 1.3793 1.5616 1.36577 4.74784 1.28023 1.27679 6.60714 4.52182 1.79768 4.544 1.86653 2.60096 2.63706 2.41781 4.38643
threshold=76.446602496533345 0.16732325619982566 0.14832463459649806 49.53649437279072 0.15158590756572191 0.15220313675983169 0.15422727915749665 32.885550926600246 52.630443220536797 59.433121232058035 38.056869494108504 0.15984100868535636 39.268635196884325 36.869410111421494 0.16699255469768295 0.15296997441036725 52.094916842158177 0.17429161583166042 0.17056841763150679 0.17448012672021088 47.569159464924546 47.836285983262144 47.261587967688037 46.691038997946251 46.467351087052968 0.1889173873427907 0.16640948007575693 44.336640384571076 0.18138716241512184 0.17113291529635621
decision_type=2 2 2 2 2 2 2 2 2 2 2 2 2 2 2 2 2 2 2 2 2 2 2 2 2 2 2 2 2 2
left_child=2 -2 3 -1 8 -6 15 17 -4 -10 11 -9 19 14 -13 -7 -17 18 -8 -12 22 -22 23 24 25 26 -14 -28 29 -29
right_child=1 -3 4 -5 5 6 7 10 9 -11 12 13 20 -15 -16 16 -18 -19 -20 -21 21 -23 -24 -25 -26 -27 27 28 -30 -31
leaf_value=0.016428573592775296 -0.054889208430526852 -0.0007023809755746591 0.038407277955035117 -0.039049535063074341 -0.043048234444872248 -0.001704709695265599 -0.017506967850621769 -0.041288286178088905 -0.019396433828911513 0.035647029120096041 -0.012759439069467141 0.035794638713656575 0.011158854562986459 0.03811678579386673 -0.0010329991821810189 0.0067296472600056265 0.04106378199377192 -0.026943994857980477 0.036064353389050251 -0.047446598486330552 -0.05031400664085689 0.00051935990477650193 0.039274492394063248 -0.015098731279470154 0.045673400190032687 0.023168846541342346 -0.011147954224234747 -0.013406546295507355 -0.021604900995747727 0.03296537378496682
leaf_weight=7.6033222377300289 5.6745222806930524 6.9523967653512955 9.018530026078226 13.151698186993597 5.7230842709541312 6.2157663404941585 19.567993298172954 5.2338397055864325 4.9948761314153654 5.2170758247375488 5.7459628432989103 8.5653575807809847 40.173960030078888 10.197974577546118 19.673212334513664 5.6877797394990903 7.9276981800794601 11.638881295919417 5.2443619668483725 4.953028604388237 6.4784536510705939 480.55753283202648 9.081204801797865 12.650600433349608 6.4177829325199118 10.129709318280218 51.371794000267982 8.1605682671070152 5.4736643135547629 13.595993936061857
leaf_count=31 23 28 37 54 23 25 79 21 20 21 23 35 162 43 79 23 32 47 21 20 26 1929 37 51 26 41 206 33 22 55
internal_value=0.000287885 -0.0250539 0.000687645 -0.0187259 0.00120442 0.000662245 0.000993694 0.000539876 0.0226447 0.00872414 0.00123672 0.010508 0.000618384 0.017561 0.0101376 0.0178114 0.0267209 -0.0128127 -0.00618408 -0.0288176 0.00110735 -0.000156815 0.00502757 0.00292583 0.00461084 0.00256647 0.000809414 -0.00448025 0.00809887 0.0155719
internal_weight=813.079 12.6269 800.452 20.755 779.697 760.466 754.743 734.912 19.2305 10.212 698.461 43.6704 654.79 38.4365 28.2386 19.8312 13.6155 36.4512 24.8124 10.699 644.091 487.036 157.055 147.974 135.323 128.906 118.776 78.602 27.2302 21.7566
internal_count=3273 51 3222 85 3137 3059 3036 2956 78 41 2809 178 2631 157 114 80 55 147 100 43 2588 1955 633 596 545 519 478 316 110 88
is_linear=0
shrinkage=0.05


Tree=14
num_leaves=31
num_cat=0
split_feature=0 1 1 0 1 1 1 0 1 0 1 1 1 0 1 1 1 1 0 0 0 1 0 0 1 0 1 0 1 1
split_gain=2.98331 3.34636 2.98085 1.87016 1.69925 2.71669 2.42959 1.78023 1.69509 3.77401 3.13692 3.29897 1.47934 1.28732 1.27651 1.17342 3.9388 3.83164 2.54945 2.02251 4.04499 2.2752 6.04615 5.09202 4.0096 3.62709 2.93882 2.80536 3.42659 3.9202
threshold=76.446602496533345 0.16732325619982566 0.14538199590588782 32.885550926600246 0.19278127842343065 0.19457536993822092 0.19141756371873278 49.653898123954995 0.17429161583166042 31.766672163435285 0.17056841763150679 0.16538228208435432 0.19029325001363009 28.114615540613276 0.17982207004911541 0.17195418214580457 0.17113291529635621 0.17236444550352006 55.732059296744673 50.367375974754104 50.674511198538035 0.16772327921090194 63.348557669629862 60.736637525191945 0.16548553294026555 58.492174485453411 0.16623177386425481 66.371778955423579 0.15363945559866485 0.15924872022257
decision_type=2 2 2 2 2 2 2 2 2 2 2 2 2 2 2 2 2 2 2 2 2 2 2 2 2 2 2 2 2 2
left_child=2 -2 -1 8 6 -6 12 -7 9 10 11 13 15 -4 -10 16 19 -17 -18 -5 -21 24 23 25 27 -23 -26 -22 -29 -30
right_child=1 -3 3 4 5 7 -8 -9 14 -11 -12 -13 -14 -15 -16 17 18 -19 -20 20 21 22 -24 -25 26 -27 -28 28 29 -31
leaf_value=-0.027330652689762699 -0.052509191940497024 -0.00066722489186476401 0.031670354674970945 0.0057144989027366208 -0.041612400624081121 0.019502933872060712 0.033080326191972376 -0.015127486385917713 -0.041238873473948508 -0.041485930561199716 0.04080899916442679 -0.031771535398119229 -0.022556074332171952 -0.0025549381927318336 -0.0080105256448146905 0.036704678053362937 -0.039901169399791478 0.0033879250245879692 -0.0036465387463175598 -0.037012533724941087 0.0036979424045407178 0.00020765494534321323 0.039498631811803589 -0.037641160355647151 -0.041492784225937454 0.04231087128015884 -0.0093849620687628046 -0.051333596030847861 0.029351139573211112 -0.017437904296371747
leaf_weight=9.4038810729980451 5.6361064761877042 6.9527783095836639 4.9476686567068189 161.90443512797356 5.7861517369747189 6.1255458444356909 6.2150517851114264 9.4150301069021207 6.1682195514440519 5.1761798709630957 4.9979518800973883 6.6871722340583792 6.2396621853113166 6.1783388555049896 5.4389120042324066 8.9218254685401899 9.6708808243274706 263.63055726885796 9.725588917732237 7.7337879687547675 134.18265061080456 28.235768601298332 12.364748686552046 7.4930016845464698 9.4612532854080182 6.2469712048768988 28.883196890354156 4.9579493105411556 5.9879656583070782 17.738048776984215
leaf_count=39 23 28 20 655 24 25 25 38 25 21 20 27 25 25 22 36 39 1061 39 31 538 113 50 30 38 25 116 20 24 71
internal_value=0.00027385 -0.0238771 0.000653931 0.000986833 0.00154527 -0.0123664 0.00195192 -0.0014774 -0.00960409 -0.00294168 0.00580457 -0.00401683 0.00168448 0.0126648 -0.0256686 0.00189539 0.000311802 0.00447853 -0.0217227 0.00131698 -0.00138722 -0.00030909 0.00876922 -0.000282715 -0.00276084 0.00783517 -0.0173074 0.000663915 -0.0135292 -0.0056293
internal_weight=812.507 12.5889 799.918 790.515 750.92 21.3267 729.593 15.5406 39.5944 27.9873 22.8111 17.8132 723.378 11.126 11.6071 717.139 444.586 272.552 19.3965 425.19 263.285 255.552 54.3405 41.9757 201.211 34.4827 38.3445 162.867 28.684 23.726
internal_count=3273 51 3222 3183 3023 87 2936 63 160 113 92 72 2911 45 47 2886 1789 1097 78 1711 1056 1025 218 168 807 138 154 653 115 95
is_linear=0
shrinkage=0.05


Tree=15
num_leaves=31
num_cat=0
split_feature=1 1 1 0 0 0 0 1 1 1 0 0 1 1 0 1 1 0 0 1 1 1 0 0 0 0 1 1 0 1
split_gain=3.60777 5.19085 4.63522 3.48519 3.23073 5.05695 2.87886 3.06241 3.53939 3.05812 3.32455 3.61764 2.9987 2.86607 2.86385 2.60788 4.74829 3.27548 2.24503 2.15401 2.08663 3.50722 3.26874 7.8344 2.16927 5.57905 3.72854 2.18796 2.15955 5.23416
threshold=0.19278127842343065 0.19759424311809518 0.19090047449078826 34.786051709824292 47.569159464924546 47.261587967688037 47.836285983262144 0.17600800910957062 0.18938933382703613 0.15553249429662416 51.701654554544774 55.625436882260026 0.15077033392053421 0.15676798413360976 67.973598912503221 0.16340484234643438 0.16211842323947004 38.056869494108504 36.869410111421494 0.17545547071586662 0.17982207004911541 0.18122246085832375 58.579936109558311 55.912195963159526 57.489007916365615 59.835980343485552 0.18254937680251618 0.18326054230799457 53.737555890222332 0.18401383957411302
decision_type=2 2 2 2 2 2 2 2 2 2 2 2 2 2 2 2 2 2 2 2 2 2 2 2 2 2 2 2 2 2
left_child=2 -2 3 -1 5 15 -6 9 20 10 -8 12 -12 -11 -13 16 -5 18 -17 -15 22 -22 23 -9 26 -26 -23 -27 29 -28
right_child=1 -3 -4 4 6 -7 7 8 -10 13 11 14 -14 19 -16 17 -18 -19 -20 -21 21 24 -24 -25 25 27 28 -29 -30 -31
leaf_value=-0.010282739185876338 -0.039890344134147868 0.0095567287125831683 0.038908331069170216 0.0097710296503724231 -0.034230174436368145 0.044571346785977718 0.028587816975345039 0.01396780234413487 -0.030596403602487422 -0.029983711516446895 -0.046350608792143234 0.016612989537153726 0.0011312125785219603 -0.0011540952404840309 -0.0218691519019103 0.0078792295939199182 0.051597553883909145 -0.00011117968925822497 0.040343806464185367 -0.02828277586888639 -0.013376374320674893 -0.014896276089460956 0.0040320662016807944 0.07851964582130054 -0.046023615827099761 0.037188228359234798 0.059413352956832088 0.0002625830369415833 0.052121847870029527 -0.0061812277491564219
leaf_weight=52.479955390095711 12.082147404551508 9.4658525437116605 8.6778970360755903 42.254788041114807 5.7275408059358588 9.2581668198108655 16.547251388430595 17.195302799344066 5.4883106201887122 9.242297098040579 5.8447242528200132 31.929809436202049 7.7137416452169418 327.99358765780926 5.6974072456359854 13.354882374405863 8.0834365934133512 117.58316944539547 8.8570524752140027 7.4839206039905539 18.69401727616787 5.4651173502206829 19.673347860574722 6.4684874862432471 4.9747981727123287 6.4258780628442791 4.9240898489952105 10.677757605910299 7.8882919102907172 7.9535825103521347
leaf_count=212 50 38 35 171 23 38 68 69 22 37 24 129 31 1316 23 54 33 473 38 30 75 22 79 26 20 26 20 43 32 32
internal_value=0.00201851 -0.0181687 0.00256597 0.00216467 0.00305537 0.00848626 0.00102755 0.00140981 0.0085935 -0.000607582 0.00910519 0.00280687 -0.019337 -0.00251602 0.0107861 0.00672917 0.0164876 0.00321528 0.0208245 -0.00175929 0.0105428 0.00501303 0.0190924 0.031613 0.0121291 0.000580323 0.0218495 0.0141356 0.0315201 0.0189004
internal_weight=816.107 21.548 794.559 785.881 733.401 199.391 534.009 528.282 115.829 412.453 67.7329 51.1857 13.5585 344.72 37.6272 190.133 50.3382 139.795 22.2119 335.478 110.341 67.0035 43.3371 23.6638 48.3095 22.0784 26.2311 17.1036 20.766 12.8777
internal_count=3289 88 3201 3166 2954 807 2147 2124 466 1658 275 207 55 1383 152 769 204 565 92 1346 444 270 174 95 195 89 106 69 84 52
is_linear=0
shrinkage=0.05


Tree=16
num_leaves=31
num_cat=0
split_feature=1 1 1 0 0 0 0 1 1 1 0 0 1 1 0 1 1 0 0 0 0 1 1 1 0 0 0 1 1 0
split_gain=3.26851 4.72639 4.19247 3.14758 2.92152 4.60801 2.60343 2.76892 3.19527 2.76193 3.00583 3.27114 2.73173 2.58712 2.58529 2.36007 4.33688 2.97292 2.0674 1.95854 2.87901 1.94345 1.88542 3.17015 2.96328 7.14965 2.17564 2.39988 4.14608 4.58865
threshold=0.19278127842343065 0.19759424311809518 0.19090047449078826 34.786051709824292 47.569159464924546 47.261587967688037 47.836285983262144 0.17600800910957062 0.18938933382703613 0.15553249429662416 51.701654554544774 55.625436882260026 0.15077033392053421 0.15676798413360976 67.973598912503221 0.16340484234643438 0.16211842323947004 38.056869494108504 36.869410111421494 65.139705930949731 62.194675642610527 0.17545547071586662 0.17982207004911541 0.18122246085832375 58.579936109558311 55.912195963159526 50.461991797985441 0.18365769362718323 0.1830108048560328 59.565812135403085
decision_type=2 2 2 2 2 2 2 2 2 2 2 2 2 2 2 2 2 2 2 2 2 2 2 2 2 2 2 2 2 2
left_child=2 -2 3 -1 5 15 -6 9 22 10 -8 12 -12 -11 19 16 -5 18 -17 20 -13 -15 24 -24 25 -9 -25 28 29 -28
right_child=1 -3 -4 4 6 -7 7 8 -10 13 11 14 -14 21 -16 17 -18 -19 -20 -21 -22 -23 23 26 -26 -27 27 -29 -30 -31
leaf_value=-0.0097738900925538608 -0.03818043421357753 0.0090799415057583443 0.03703703197749271 0.0092894205576914742 -0.032585821945873568 0.042643230153827823 0.027198494976468569 0.013279416813700165 -0.029043805190691226 -0.028489037367003374 -0.044328789753373531 0.01846073078786965 0.0010746784484632662 -0.0010963757619103416 -0.020777849641969916 0.0074895670907770481 0.049388924971133966 -0.00010562024030975153 0.038746742811232984 0.044714255884845483 -0.022967704212048547 -0.026862008360487577 -0.012705809643456793 0.039155975841997592 0.0038308416633739076 0.075100362773171336 -0.024121012697979449 -0.0029817833519512446 0.05811064102534938 0.035678106254652252
leaf_weight=52.45227824151516 11.99433968961239 9.4647839367389661 8.6609482914209348 42.224007368087769 5.716024935245513 9.1945621371269208 16.523471966385841 17.182673022150997 5.4924934208393088 9.2408533692359907 5.8067033886909467 21.781459003686912 7.7135569900274277 327.99780958890915 5.6968262195587149 13.347410291433336 8.0241789072751981 117.58364985883236 8.7634291052818281 4.9450004249811164 5.1934989541769019 7.4857071638107291 18.696510687470436 6.2162447124719611 19.671452403068542 6.4258739650249472 6.428177475929262 23.814505830407143 5.3516650050878516 6.4038852602243423
leaf_count=212 50 38 35 171 23 38 68 69 22 37 24 88 31 1316 23 54 33 473 38 20 21 30 75 25 79 26 26 96 22 26
internal_value=0.00191949 -0.0173357 0.00243987 0.00205834 0.00290512 0.00807347 0.00097698 0.00134028 0.00817618 -0.000577351 0.00865885 0.00266829 -0.0184253 -0.00239018 0.0102498 0.00640006 0.0156929 0.0030574 0.0198781 0.0157873 0.0104845 -0.00167129 0.0100314 0.0047713 0.0181636 0.0301061 0.0115485 0.0074623 0.0211405 0.00572194
internal_weight=815.494 21.4591 794.035 785.374 732.922 199.137 533.784 528.068 115.683 412.385 67.6605 51.137 13.5203 344.724 37.6168 189.943 50.2482 139.694 22.1108 31.92 26.975 335.484 110.191 66.911 43.28 23.6085 48.2145 41.9982 18.1837 12.8321
internal_count=3289 88 3201 3166 2954 807 2147 2124 466 1658 275 207 55 1383 152 769 204 565 92 129 109 1346 444 270 174 95 195 170 74 52
is_linear=0
shrinkage=0.05


Tree=17
num_leaves=31
num_cat=0
split_feature=1 1 1 0 0 0 0 1 1 1 0 0 1 1 0 1 1 0 0 0 0 1 1 1 1 1 0 0 1 1
split_gain=2.96181 4.30557 3.79464 2.84281 2.64212 4.20241 2.3554 2.50366 2.88542 2.49529 2.71821 2.95912 2.4909 2.33646 2.33498 2.13638 3.96692 2.69861 1.90471 1.77689 2.59953 1.75425 1.75115 1.72017 1.79415 2.23749 1.95748 3.0187 2.23958 2.13809
threshold=0.19278127842343065 0.19759424311809518 0.19090047449078826 34.786051709824292 47.569159464924546 47.261587967688037 47.836285983262144 0.17600800910957062 0.18938933382703613 0.15553249429662416 51.701654554544774 55.625436882260026 0.15077033392053421 0.15676798413360976 67.973598912503221 0.16340484234643438 0.16211842323947004 38.056869494108504 36.869410111421494 65.139705930949731 62.194675642610527 0.17545547071586662 0.18845905718455644 0.17509279758541499 0.17429161583166042 0.1735955163810429 76.446602496533345 72.396917186913569 0.16548553294026555 0.16005568193580041
decision_type=2 2 2 2 2 2 2 2 2 2 2 2 2 2 2 2 2 2 2 2 2 2 2 2 2 2 2 2 2 2
left_child=2 -2 3 -1 5 15 -6 9 -9 10 -8 12 -12 -11 19 16 -5 18 -17 20 -13 23 -19 24 25 26 27 29 -29 -15
right_child=1 -3 -4 4 6 -7 7 8 -10 13 11 14 -14 21 -16 17 -18 22 -20 -21 -22 -23 -24 -25 -26 -27 -28 28 -30 -31
leaf_value=-0.0092904291669312078 -0.03655877783068933 0.008627262849803391 0.035277259699775451 0.0088316166277524859 -0.031034571548389123 0.040823387056356408 0.025884155530684818 0.0095451181559875493 -0.027583307222174461 -0.027080201097963177 -0.042424417340533802 0.017546599959237508 0.0010209690313738337 0.0097613838615257312 -0.019745271112105015 0.007119178170549161 0.047318084768958171 -0.0013853857923154037 0.037223724258582946 0.042612349979490483 -0.021827179337965606 -0.025522574804923526 0.028872757279329558 0.023534952510739265 -0.018338945945262357 0.021173910035116431 -0.02800111092438394 0.0037262492357503906 0.04638632583284355 -0.0036800205951443977
leaf_weight=52.423479348421097 11.902426660060884 9.4633724689483625 8.6388954818248731 42.192943006753922 5.7020060569047919 9.1259779632091504 16.495093360543251 110.03894083201885 5.4940956383943549 9.2356450408697111 5.7650560140609723 21.770672306418426 7.7133771032094955 33.712924659252167 5.6950459182262412 13.339936450123789 7.9582650065422049 112.59037154912949 8.6683406084775907 4.9298494756221762 5.1916707307100287 7.4846479743719092 4.9937341064214698 6.9685742259025565 15.20464253425598 11.21932131052017 6.845396786928176 6.745447635650633 5.6563776433467865 241.64893548190594
leaf_count=212 50 38 35 171 23 38 68 444 22 37 24 88 31 135 23 54 33 453 38 20 21 30 20 28 61 45 28 27 23 969
internal_value=0.00182551 -0.0165449 0.00232018 0.0019574 0.00276251 0.00768139 0.00092899 0.00127429 0.0077795 -0.000548646 0.00823794 0.00253791 -0.0175617 -0.0022707 0.00974544 0.00608738 0.0149389 0.00290732 0.0189764 0.0150116 0.00996507 -0.00158771 -0.000100339 -0.00104154 -0.00157502 -0.00074158 -0.00157617 -0.000947564 0.0231832 -0.00203437
internal_weight=814.815 21.3658 793.45 784.811 732.387 198.87 533.518 527.816 115.533 412.283 67.5608 51.0657 13.4784 344.722 37.5872 189.744 50.1512 139.592 22.0083 31.8922 26.9623 335.486 117.584 328.002 321.033 305.828 294.609 287.764 12.4018 275.362
internal_count=3289 88 3201 3166 2954 807 2147 2124 466 1658 275 207 55 1383 152 769 204 565 92 129 109 1346 473 1316 1288 1227 1182 1154 50 1104
is_linear=0
shrinkage=0.05


Tree=18
num_leaves=31
num_cat=0
split_feature=1 1 1 0 0 0 1 1 0 1 1 1 0 0 1 1 0 1 1 0 0 0 1 1 0 0 0 0 0 0
split_gain=2.68427 3.92375 3.43663 2.5675 2.38987 3.83999 3.50401 5.16803 2.13173 2.26097 2.60503 2.25487 2.45873 2.67755 2.2731 2.11092 2.10941 1.70658 2.86648 2.69362 6.56611 1.97011 2.17978 3.80818 4.15579 2.16316 6.89757 4.71252 1.90779 1.61414
threshold=0.19278127842343065 0.19759424311809518 0.19090047449078826 34.786051709824292 47.569159464924546 46.467351087052968 0.16110438173173083 0.16810978519125933 47.836285983262144 0.17600800910957062 0.18938933382703613 0.15553249429662416 51.701654554544774 55.625436882260026 0.15077033392053421 0.15676798413360976 67.973598912503221 0.17982207004911541 0.18122246085832375 58.579936109558311 55.912195963159526 50.461991797985441 0.18365769362718323 0.1830108048560328 59.565812135403085 54.08473609839799 57.594653388420809 61.922204389079262 57.594653388420809 65.139705930949731
decision_type=2 2 2 2 2 2 2 2 2 2 2 2 2 2 2 2 2 2 2 2 2 2 2 2 2 2 2 2 2 2
left_child=2 -2 3 -1 5 -5 -7 -8 -6 11 17 12 -10 14 -14 -13 29 19 28 20 -11 -20 23 24 -23 -24 -27 -28 -19 -15
right_child=1 -3 -4 4 8 6 7 -9 9 10 -12 15 13 16 -16 -17 -18 18 21 -21 -22 22 25 -25 -26 26 27 -29 -30 -31
leaf_value=-0.0088310268852187096 -0.035017514218415854 0.0081974102256143194 0.033618422386450943 0.004503680200395925 -0.029568439811143904 0.060024731348109123 -0.024822149424951492 0.03001450048863177 0.024639251006454591 0.012156091448540841 -0.026207116520103619 -0.025750213206549723 -0.040625232028827465 0.0094727912818651852 0.00096994416387722834 -0.0015084938165306162 -0.018767461837321649 -0.027473826191004549 0.036835753033369965 0.0031633571381533931 0.071639663926336625 -0.023364307459204016 -0.031789984617462873 0.055410736229166639 0.033605744074428893 0.052209732996416625 -0.053163164282674119 0.0084761551588819675 0.0045427485048596733 0.0406408999787264
leaf_weight=52.393858417868614 11.807436227798464 9.4616738557815534 8.6125746667385084 170.79436057806015 5.6859102696180335 5.5649579763412502 5.8199130892753628 16.415172323584557 16.462909743189812 17.158472225070003 5.4934790432453147 9.2272361367940885 5.7205001115798932 26.945791691541675 7.7132020741701126 335.42440146207809 5.6922462582588187 9.9802897870540637 6.1974478811025611 19.664033100008965 6.3585475236177436 6.4357369691133517 5.2088211625814465 5.2876102626323691 6.3690452575683594 5.4094183743000057 4.9873438179492942 8.1975892782211286 8.7165679484605771 4.9110169410705558
leaf_count=212 50 38 35 693 23 23 24 67 68 69 22 37 24 109 31 1346 23 40 25 79 26 26 21 22 26 22 20 33 35 20
internal_value=0.00173598 -0.0157931 0.00220622 0.00186125 0.00262673 0.00730871 0.0245419 0.0156613 0.000883047 0.00121124 0.00739506 -0.00052138 0.00783934 0.00241446 -0.0167426 -0.00215751 0.00926817 0.00907362 0.00406537 0.0168201 0.0282393 0.0105239 0.00663166 0.0197133 0.00497236 -0.00331145 0.00466622 -0.0148396 -0.0125475 0.0142776
internal_weight=814.118 21.2691 792.848 784.236 731.842 198.594 27.8 22.2351 533.248 527.562 115.464 412.097 67.4457 50.9828 13.4337 344.652 37.5491 109.971 66.7899 43.1811 23.517 48.093 41.8956 18.0924 12.8048 23.8032 18.5944 13.1849 18.6969 31.8568
internal_count=3289 88 3201 3166 2954 807 114 91 2147 2124 466 1658 275 207 55 1383 152 444 270 174 95 195 170 74 52 96 75 53 75 129
is_linear=0
shrinkage=0.05


Tree=19
num_leaves=31
num_cat=0
split_feature=1 1 1 0 0 0 0 0 1 1 0 0 1 1 0 1 0 0 0 1 0 0 0 1 1 1 1 1 1 1
split_gain=2.43308 3.57689 3.12106 2.3445 2.10504 1.78586 3.67435 1.99914 2.0992 2.37628 2.05152 6.04345 2.04429 1.9656 3.02599 3.48758 2.1372 2.61698 2.08366 3.24771 2.0839 3.16221 2.86466 3.66822 2.72412 7.9546 2.61337 2.30033 3.45738 2.27919
threshold=0.19278127842343065 0.19759424311809518 0.19141756371873278 34.786051709824292 76.446602496533345 47.569159464924546 47.261587967688037 47.836285983262144 0.17600800910957062 0.17982207004911541 58.579936109558311 55.912195963159526 0.18015877217427703 0.15553249429662416 70.84303567801949 0.16240128343679791 51.701654554544774 53.032995188914562 68.213541183195332 0.16610255091117707 63.544577061295449 59.322868885412852 54.629172033944968 0.171198840748265 0.1622578416125959 0.16071246499590294 0.1748557673290794 0.17406102171310081 0.17184834013585137 0.16640948007575693
decision_type=2 2 2 2 2 2 2 2 2 2 2 2 2 2 2 2 2 2 2 2 2 2 2 2 2 2 2 2 2 2
left_child=2 -2 3 -1 5 6 -5 -7 13 10 11 -10 -11 16 18 -16 -9 -18 20 -20 21 22 23 29 25 -24 -25 28 -23 -15
right_child=1 -3 -4 4 -6 7 -8 8 9 12 -12 -13 -14 14 15 -17 17 -19 19 -21 -22 27 24 26 -26 -27 -28 -29 -30 -31
leaf_value=-0.0083944371547489249 -0.033549875915828434 0.0077891732958563879 0.038455312796938507 0.0054365531476834872 -0.019370039826421454 -0.028180489785025731 0.038111883495350156 0.023458866950849734 0.011558435000705769 -0.028743498924056299 0.0047977808948286189 0.068875470707254444 0.0044225976619778921 -0.0064766870883768536 -0.014202042649567809 0.027737012747336212 -0.032055108486546628 0.0064204358509382152 -0.0485926253736957 0.00072612082030191062 0.0097895316852289818 -0.015215173339346855 0.010399097947636285 -0.029502948122543161 0.012251367991443229 -0.057418489098179759 0.0047097995694857361 -0.042591783803438248 0.0252135331497748 0.0093039784438411887
leaf_weight=52.3636774122715 11.710264116525652 9.4597374796867353 5.8591536730527869 189.93673460185528 10.785485222935675 5.6681125760078421 9.0118216723203641 16.427619770169258 17.143786638975147 4.986111879348754 18.918009787797928 6.2848999947309485 68.14489221572876 62.358481913805008 6.9950945079326656 17.014310106635094 4.8918186426162711 45.770563244819641 6.2319931089878065 7.1883964240550995 33.119777783751488 44.671896889805794 15.488735646009447 21.949119776487354 59.196886077523232 5.9984183758497229 7.4851746410131446 6.244588464498519 5.9982604533433905 36.142081290483475
leaf_count=212 50 38 24 771 44 23 38 68 69 20 76 26 276 250 28 69 20 186 25 29 133 179 62 88 237 24 30 25 24 145
internal_value=0.00165101 -0.0150777 0.00209801 0.00182713 0.00255628 0.00288325 0.00691666 0.00135281 0.00167557 0.00761926 0.0170449 0.0269341 0.00216132 -2.68353e-05 -0.00158667 0.0155181 0.00778704 0.00270534 -0.00290263 -0.0221759 -0.00203655 -0.00351161 -0.000661636 -0.00531459 0.00671622 -0.00853306 -0.0208026 -0.0139581 -0.0104293 -0.000686404
internal_weight=813.446 21.17 792.276 786.417 734.053 723.268 198.949 524.319 518.651 115.478 42.3467 23.4287 73.131 403.173 336.083 24.0094 67.09 50.6624 312.074 13.4204 298.653 265.534 208.619 127.935 80.684 21.4872 29.4343 56.9147 50.6702 98.5006
internal_count=3289 88 3201 3177 2965 2921 809 2112 2089 467 171 95 296 1622 1348 97 274 206 1251 54 1197 1064 836 513 323 86 118 228 203 395
is_linear=0
shrinkage=0.05


Tree=20
num_leaves=31
num_cat=0
split_feature=1 1 0 0 1 1 0 1 1 0 1 1 1 0 1 1 0 0 0 0 1 1 1 1 0 0 0 0 0 1
split_gain=3.02383 2.79436 2.43775 3.47236 3.39558 5.3362 3.12008 2.99605 4.49512 2.39245 2.18617 2.73177 2.02868 1.97803 1.57436 1.63862 1.4395 2.66683 2.17316 2.1347 2.80358 2.97959 3.31059 2.27506 2.07055 2.40697 2.91464 2.19055 3.73546 3.45899
threshold=0.19278127842343065 0.19141756371873278 63.921741956478854 62.537255117466849 0.16171323738874985 0.17566745582656559 66.371778955423579 0.16732325619982566 0.17304146999847955 69.406196414796995 0.15984100868535636 0.18083392493154485 0.1701722148278598 72.396917186913569 0.16516464992025609 0.15709030200192967 44.223186757245024 42.046478688834249 42.744024100919752 44.977891084761715 0.16005568193580041 0.16171323738874985 0.1632660106516087 0.16071246499590294 48.768310113732063 61.044488032222553 59.638179180483185 52.898645100428517 51.783332658591654 0.15077033392053421
decision_type=2 2 2 2 2 2 2 2 2 2 2 2 2 2 2 2 2 2 2 2 2 2 2 2 2 2 2 2 2 2
left_child=1 2 3 16 -5 -6 10 14 12 -10 -4 -12 -9 -11 15 -8 17 -1 -19 -18 24 23 -23 -22 -21 26 27 28 -26 -29
right_child=-2 -3 6 4 5 -7 7 8 9 13 11 -13 -14 -15 -16 -17 19 18 -20 20 21 22 -24 -25 25 -27 -28 29 -30 -31
leaf_value=-0.0031978505413017889 -0.021312632295644195 0.030115427919556806 0.046959893712214734 -0.055212125080649856 0.0068861445472371777 -0.049507082388664782 -0.026133589901716547 0.013852187615035797 -0.026175960145280328 0.025719681556040264 0.0040352585722956405 0.043194750516599129 0.05021677435997577 -0.0072962472691965891 -0.032808848557503358 0.00051201126323739861 0.019352942765850617 -0.036577955224491469 -0.0099273353918251112 0.021120895288414279 -0.0023064312801523565 0.017016764789109139 -0.003593102621032661 -0.032107076821533152 0.0029613243397144978 0.030076500139786067 -0.034651826377797054 -0.017357588076750616 -0.039274950820719801 0.018387524024889256
leaf_weight=137.29353938996792 20.137694373726845 6.8456417024135581 5.3874210715293875 5.7318512648344067 12.971501439809801 6.199842080473899 7.6370873153209713 8.5969136953353864 8.2262795120477694 7.6561517417430904 21.623636990785602 5.6087563335895529 6.9243877828121176 11.133581191301344 6.642074540257453 23.599576145410538 12.575242847204207 11.425440996885298 23.143532171845436 18.381964132189751 10.940220341086389 20.800829455256462 307.95669446885586 15.447451427578924 19.574644118547443 7.17224496603012 5.6858350485563269 8.7509866058826429 7.146071881055831 29.866166010499001
leaf_count=558 84 28 22 23 52 25 31 35 33 31 87 23 28 45 27 95 51 46 93 76 44 84 1241 62 80 29 23 36 29 120
internal_value=-0.00218261 -0.00168932 -0.00197058 -0.00313084 -0.0214463 -0.0113509 0.00481488 -0.000475825 0.00863139 -0.00368857 0.0178578 0.0121005 0.0300752 0.00615658 -0.0107031 -0.0060026 -0.00241386 -0.00632318 -0.0187357 -0.000966804 -0.00153247 -0.0035866 -0.00228909 -0.0197519 0.00602114 0.00247155 -0.000316099 0.00267187 -0.00833416 0.0102874
internal_weight=801.083 780.946 774.1 661.064 24.9032 19.1713 113.036 80.4161 42.5373 27.016 32.6198 27.2324 15.5213 18.7897 37.8787 31.2367 636.161 171.863 34.569 464.298 451.723 355.145 328.758 26.3877 96.5779 78.1959 71.0237 65.3379 26.7207 38.6172
internal_count=3241 3157 3129 2672 100 77 457 325 172 109 132 110 63 76 153 126 2572 697 139 1875 1824 1431 1325 106 393 317 288 265 109 156
is_linear=0
shrinkage=0.05


Tree=21
num_leaves=31
num_cat=0
split_feature=1 1 0 0 1 1 0 1 1 0 1 1 1 0 1 1 1 0 0 1 1 1 0 1 1 1 1 0 0 1
split_gain=2.73823 2.53189 2.20185 3.13275 3.07504 4.80572 2.82282 2.70723 4.07044 2.1604 1.98741 2.48921 1.84513 1.79005 1.42782 1.48066 1.34999 1.65388 1.29879 2.54411 2.81003 7.4273 4.90304 3.15666 2.10754 5.05498 3.99782 1.94028 1.93033 2.53166
threshold=0.19278127842343065 0.19141756371873278 63.921741956478854 62.537255117466849 0.16171323738874985 0.17566745582656559 66.371778955423579 0.16732325619982566 0.17304146999847955 69.406196414796995 0.15984100868535636 0.18083392493154485 0.1701722148278598 72.396917186913569 0.16516464992025609 0.15709030200192967 0.15984100868535636 71.740642824925871 44.223186757245024 0.15220313675983169 0.16651627731855281 0.16558785447715885 28.889590309571599 0.16810978519125933 0.17113291529635621 0.17003967065902292 0.1690348996002036 41.158737101100677 44.977891084761715 0.16005568193580041
decision_type=2 2 2 2 2 2 2 2 2 2 2 2 2 2 2 2 2 2 2 2 2 2 2 2 2 2 2 2 2 2
left_child=1 2 3 18 -5 -6 10 14 12 -10 -4 -12 -9 -11 15 -8 -17 -18 19 -1 21 22 -21 -22 25 26 -25 -26 -20 -30
right_child=-2 -3 6 4 5 -7 7 8 9 13 11 -13 -14 -15 -16 16 17 -19 28 20 23 -23 -24 24 27 -27 -28 -29 29 -31
leaf_value=-0.038956720651828633 -0.020303849500277572 0.028733184208868084 0.044818946100827824 -0.052535988177088079 0.006540520441095184 -0.046940405290879068 -0.024851609764432223 0.013182754499293105 -0.024879301165067459 0.024502596802117988 0.0038345138604217685 0.041314462603773708 0.047918140939512952 -0.006926642871164213 -0.031264103437588273 0.021615472186929025 -0.020996035902010018 0.0094390856336083254 0.018424523704671965 0.044282642679833902 -0.038298823060480026 0.058299085055846411 -0.0068654935015530806 0.0201084414873045 -0.0057786187519794207 0.039402019691105662 -0.036647247475503145 -0.023091802656320274 0.0057269194696939994 -0.0034071217728027245
leaf_weight=5.6650437265634528 20.082735747098923 6.8169505447149268 5.3631449192762366 5.7228346765041378 12.974045887589456 6.2115621715784064 7.6296806633472469 8.5821826606988889 8.222356781363489 7.6351633071899441 21.618044644594196 5.5717649161815634 6.8944703340530387 11.141086488962172 6.622248873114585 5.7256696522235897 9.2328003942966479 8.6415387988090497 12.549143970012663 5.188742220401763 8.8601261377334577 5.665840581059455 48.298935428261757 5.4583562463521975 55.00252091884613 7.6184246689081183 7.189513772726059 22.928762257099152 96.466331869363785 355.15821455419064
leaf_count=23 84 28 22 23 52 25 31 35 33 31 87 23 28 45 27 23 37 35 51 21 36 23 196 22 224 31 29 92 393 1431
internal_value=-0.0020742 -0.00160523 -0.00187249 -0.00297469 -0.0203694 -0.0107745 0.00458133 -0.000452125 0.00821305 -0.00350594 0.0170018 0.0115149 0.0286565 0.00585372 -0.0101757 -0.00570389 0.000486401 -0.00628185 -0.00229349 -0.00600651 -0.00488345 0.00386264 -0.00190371 -0.009716 -0.00713705 0.007227 -0.0121536 -0.0108725 -0.000918622 -0.0014561
internal_weight=800.738 780.656 773.839 660.958 24.9084 19.1856 112.88 80.3272 42.4753 26.9986 32.553 27.1898 15.4767 18.7762 37.8519 31.2297 23.6 17.8743 636.05 171.876 166.211 59.1535 53.4877 107.058 98.1976 20.2663 12.6479 77.9313 464.174 451.625
internal_count=3241 3157 3129 2672 100 77 457 325 172 109 132 110 63 76 153 126 95 72 2572 697 674 240 217 434 398 82 51 316 1875 1824
is_linear=0
shrinkage=0.05


Tree=22
num_leaves=31
num_cat=0
split_feature=1 1 0 0 1 1 0 1 1 0 1 1 1 0 1 1 1 0 1 1 1 0 0 1 1 0 0 0 0 0
split_gain=2.47982 2.29454 1.98891 2.82895 2.7939 4.62337 2.55448 2.44693 3.6877 1.95143 1.80922 2.26999 1.68178 1.63754 1.29549 1.33829 1.2186 1.49366 1.2125 1.17273 2.36965 2.14488 6.8408 2.61152 2.04242 4.368 1.32722 2.06036 5.10494 2.68743
threshold=0.19278127842343065 0.19141756371873278 63.921741956478854 62.537255117466849 0.16240128343679791 0.17566745582656559 66.371778955423579 0.16732325619982566 0.17304146999847955 69.406196414796995 0.15984100868535636 0.18083392493154485 0.1701722148278598 72.06372975608943 0.16516464992025609 0.15709030200192967 0.15984100868535636 71.740642824925871 0.19759424311809518 0.1467603729691381 0.15498509137367147 40.82082388992005 46.691038997946251 0.15363945559866485 0.15158590756572191 53.032995188914562 59.322868885412852 61.636955066193771 61.316514760494861 61.922204389079262
decision_type=2 2 2 2 2 2 2 2 2 2 2 2 2 2 2 2 2 2 2 2 2 2 2 2 2 2 2 2 2 2
left_child=1 2 3 19 -5 -6 10 14 12 -10 -4 -12 -9 -11 15 -8 -17 -18 -2 -1 21 -21 -23 24 -24 -26 -22 28 -28 -29
right_child=18 -3 6 4 5 -7 7 8 9 13 11 -13 -14 -15 -16 16 17 -19 -20 20 26 22 23 -25 25 -27 27 29 -30 -31
leaf_value=-0.01834096170052861 -0.030990684099140842 0.027420474984794885 0.042809459142435245 -0.047670563867070102 0.0083984085133881753 -0.044562148926816258 -0.023638734660432266 0.012545725478741127 -0.023653943796753792 0.026132502228972121 0.0036437345147059992 0.039538407762499284 0.045769240960299301 -0.0050439163073926537 -0.029802559578715651 0.020538297805721112 -0.019962924155452953 0.0089618312464795815 -0.0063479322118415718 0.038837109417620919 -0.0019639421996806958 -0.045627822391913167 0.016686688296938697 0.033412361197403588 -0.047509849792007799 0.011651506143552696 -0.0092086490187845357 0.034988784774033777 -0.061660123252955862 -0.0078249581030587073
leaf_weight=11.02929764986038 10.561694279313089 6.7869112789630881 5.3348661959171286 6.4551057368516949 12.227346882224085 6.2157757133245459 7.6203288286924389 8.5674425065517408 8.2160437405109423 6.3848998099565533 21.612570419907573 5.5319657623767844 6.8581794947385779 12.375968024134634 6.6002237200736991 5.7246862798929241 9.2252705693244952 8.6465162038803083 9.4649726599454862 5.2006101608276358 509.79023577272892 5.8362982571125022 16.049595683813099 10.736529991030691 4.8799837231636038 8.6505234539508802 41.151798829436302 5.2395957857370403 5.2282658964395514 12.199073553085325
leaf_count=46 46 28 22 26 49 25 31 35 33 26 87 23 28 50 27 23 37 35 38 21 2060 24 66 44 20 35 165 21 21 49
internal_value=-0.00197113 -0.00152529 -0.00177924 -0.00282617 -0.0193595 -0.00945057 0.00436017 -0.000429711 0.00781714 -0.00333292 0.0161905 0.0109589 0.0273168 0.00556638 -0.00967654 -0.00542126 0.000461957 -0.00596889 -0.0193441 -0.00217892 -0.00189369 0.00839613 0.00496597 0.01229 0.00462334 -0.00968594 -0.00281491 -0.00961251 -0.0151213 0.00503879
internal_weight=800.403 780.376 773.589 660.89 24.8982 18.4431 112.699 80.2196 42.4025 26.9769 32.4794 27.1445 15.4256 18.7609 37.817 31.2168 23.5965 17.8718 20.0267 635.992 624.963 51.3535 46.1529 40.3166 29.5801 13.5305 573.609 63.8187 46.3801 17.4387
internal_count=3241 3157 3129 2672 100 74 457 325 172 109 132 110 63 76 153 126 95 72 84 2572 2526 210 189 165 121 55 2316 256 186 70
is_linear=0
shrinkage=0.05


Tree=23
num_leaves=31
num_cat=0
split_feature=1 1 0 0 1 1 0 1 1 0 1 1 1 0 0 1 0 1 1 0 1 0 0 0 0 1 0 1 1 0
split_gain=2.25131 2.07979 1.79677 2.55658 2.55631 3.92136 2.31207 2.21213 3.34233 1.76311 1.64891 2.07142 1.53567 1.48598 1.19085 2.27463 2.61182 2.44125 7.21933 4.19134 2.72056 2.20515 3.27386 1.75728 2.23685 2.30188 2.93853 2.47843 2.88056 2.13294
threshold=0.19278127842343065 0.19141756371873278 63.921741956478854 62.537255117466849 0.16171323738874985 0.17566745582656559 66.371778955423579 0.16732325619982566 0.17304146999847955 69.406196414796995 0.15984100868535636 0.18083392493154485 0.1701722148278598 72.396917186913569 44.223186757245024 0.15220313675983169 43.887528039217706 0.16640948007575693 0.16558785447715885 28.889590309571599 0.16780065202697381 37.119861997202243 40.625547951900359 44.977891084761715 45.257354266529667 0.16005568193580041 48.768310113732063 0.16171323738874985 0.1632660106516087 61.044488032222553
decision_type=2 2 2 2 2 2 2 2 2 2 2 2 2 2 2 2 2 2 2 2 2 2 2 2 2 2 2 2 2 2
left_child=1 2 3 14 -5 -6 10 -8 12 -10 -4 -12 -9 -11 15 -1 17 18 19 -17 -19 -21 -23 -16 -25 26 -26 -27 -29 -28
right_child=-2 -3 6 4 5 -7 7 8 9 13 11 -13 -14 -15 23 16 -18 20 -20 21 -22 22 -24 24 25 27 29 28 -30 -31
leaf_value=-0.036823091857296361 -0.018465867954560192 0.026172286918127147 0.040917313013811858 -0.04786023790923178 0.0059539861312311107 -0.042349458424231323 -0.0092035737485580207 0.011939426762663713 -0.022494626983953277 0.02235747460935044 0.0034624264332279624 0.037856396084431948 0.043752765957781686 -0.0063211639611797463 0.017718390775886616 0.041912007331673745 -0.040198345992798257 -0.03899645316153879 0.061385279946561302 -0.018827724159249194 -0.0059122102480883851 0.020974687859017016 -0.013113196111515136 -0.029472642091939234 0.024668286449462482 -0.017517708152034104 -0.00070739524660318458 0.016493663949009831 -0.0027472544704127948 0.027933061938297279
leaf_weight=5.6507023721933356 19.934014946222305 6.7558612227439871 5.3032956272363654 5.684585556387904 12.976468443870546 6.2135449647903434 37.775441855192184 8.5527660995721799 8.2077128440141696 7.5912930369377163 21.607224151492122 5.489951327443122 6.8166041374206534 11.152775824069975 12.527677416801451 5.1843877583742133 4.9881410896778098 6.637200489640235 5.1373676359653464 18.611430525779724 97.400348842144012 13.619609609246256 14.588438063859938 6.9209590256214133 17.350417584180832 26.133478075265884 70.891752272844315 20.789611294865608 302.33738787472248 7.1569745093584052
leaf_count=23 84 28 22 23 52 25 153 35 33 31 87 23 28 45 51 21 20 27 21 76 395 55 59 28 72 105 288 84 1218 29
internal_value=-0.00187341 -0.0014494 -0.00169071 -0.00268515 -0.0184101 -0.00968621 0.00415056 -0.000408438 0.00744201 -0.00316884 0.0154208 0.0104307 0.0260492 0.0052936 -0.00207006 -0.00562613 -0.00456524 -0.00346247 0.00484067 -0.000745267 -0.00802286 -0.00546877 0.00334536 -0.000753564 -0.00126601 -0.000826985 0.00605637 -0.00270715 -0.00150932 0.0019189
internal_weight=799.987 780.053 773.298 660.8 24.8746 19.19 112.497 80.0966 42.3212 26.9518 32.4005 27.0972 15.3694 18.7441 635.926 171.818 166.167 161.179 57.1412 52.0039 104.038 46.8195 28.208 464.108 451.581 444.66 95.3991 349.26 323.127 78.0487
internal_count=3241 3157 3129 2672 100 77 457 325 172 109 132 110 63 76 2572 697 674 654 232 211 422 190 114 1875 1824 1796 389 1407 1302 317
is_linear=0
shrinkage=0.05


Tree=24
num_leaves=31
num_cat=0
split_feature=1 1 0 0 1 1 0 0 1 1 1 1 1 1 0 0 0 0 0 0 0 0 1 1 1 1 1 1 0 1
split_gain=2.03895 1.88537 1.62341 2.31179 2.34276 3.78812 2.09306 2.06071 3.4626 1.50425 1.89121 1.37264 2.54841 1.39722 1.15311 3.42275 1.07527 2.093 1.907 1.68557 4.94215 2.63143 1.78387 2.75124 2.46117 1.74639 2.27913 4.59101 2.41343 2.36088
threshold=0.19278127842343065 0.19141756371873278 63.921741956478854 62.537255117466849 0.16240128343679791 0.17566745582656559 66.371778955423579 69.406196414796995 0.1593926330067639 0.15984100868535636 0.18083392493154485 0.16211842323947004 0.16623177386425481 0.17304146999847955 49.653898123954995 59.972017688993411 44.223186757245024 42.046478688834249 42.744024100919752 39.554705967248445 40.038078449237766 38.567415356365878 0.1593926330067639 0.16651627731855281 0.15517201190060012 0.1680404365379867 0.17335663614313435 0.1748557673290794 36.248406354144258 0.17195418214580457
decision_type=2 2 2 2 2 2 2 2 2 2 2 2 2 2 2 2 2 2 2 2 2 2 2 2 2 2 2 2 2 2
left_child=1 2 3 16 -5 -6 9 11 -9 -4 -11 -8 -13 -14 -2 -16 17 19 -19 21 -21 22 24 -24 -1 -25 29 -28 -29 -27
right_child=14 -3 6 4 5 -7 7 8 -10 10 -12 12 13 -15 15 -17 -18 18 -20 20 -22 -23 23 25 -26 26 27 28 -30 -31
leaf_value=0.0069393605846209214 -0.0021190734829066422 0.024984194940464922 0.039130559352112043 -0.043569357567467534 0.0076785909427240897 -0.040283304779217453 0.0062515278660985234 -0.028009734313413383 0.01064450119121195 0.0032901193514455552 0.036259718837710952 -0.04729723872241872 0.0090985546986734646 -0.021396681304107268 -0.058068880033554343 -0.0047430593180442134 -0.00071586056550327292 -0.033063164406385785 -0.0080915778231324103 0.047143790451545153 -0.001559105382184005 -0.031476393912767645 0.015883913416995559 -0.034603841291909791 -0.03483299408258321 -0.0009804001061736959 -0.047971855084408835 -0.011116503368137649 0.02238247558930858 0.038980401133636072
leaf_weight=5.6501509100198737 7.4973707199096706 6.7240941971540442 5.2690565437078467 6.4038278162479427 12.230680510401728 6.2058086842298499 8.1579547822475451 6.6587890833616248 44.589282318949699 21.60201354324818 5.4462399780750266 5.4509303569793728 6.9325864464044562 8.1976926773786527 5.1591238975524885 7.2206492274999619 464.01977597177029 11.420439362525938 23.129021838307381 6.2103673666715613 32.301793456077576 9.2173169851303083 19.508524954319 4.8558367639780036 9.380251079797743 11.756195679306986 6.660680726170539 18.716757059097294 7.5436807870864859 5.3910569995641699
leaf_count=23 32 28 22 26 49 25 33 27 182 87 23 22 28 33 22 30 1875 46 93 25 130 37 80 20 38 48 27 76 32 22
internal_value=-0.00178053 -0.00137735 -0.00160669 -0.00255151 -0.0175153 -0.00846561 0.00395097 -0.00038783 0.00562206 0.0146898 0.00992864 -0.0111047 -0.0179844 -0.00742398 -0.0175941 -0.026966 -0.00196685 -0.00534681 -0.016346 -0.00257686 0.00629459 -0.00603914 -0.00341835 -0.00024563 -0.0191301 -0.00597468 -0.00319811 -0.0108971 -0.00149345 0.0115832
internal_weight=799.508 779.631 772.907 660.602 24.8403 18.4365 112.305 79.9872 51.2481 32.3173 27.0483 28.7392 20.5812 15.1303 19.8771 12.3798 635.762 171.742 34.5495 137.193 38.5122 98.6805 89.4631 74.4327 15.0304 54.9242 50.0684 32.9211 26.2604 17.1473
internal_count=3241 3157 3129 2672 100 74 457 325 209 132 110 116 83 61 84 52 2572 697 139 558 155 403 366 305 61 225 205 135 108 70
is_linear=0
shrinkage=0.05


Tree=25
num_leaves=31
num_cat=0
split_feature=1 1 1 1 0 0 1 1 0 1 1 0 0 1 1 0 1 1 1 0 1 0 1 1 0 0 1 1 0 0
split_gain=1.76412 5.41062 2.86812 1.99467 1.98513 3.84857 1.90752 4.85565 3.88543 3.4721 3.10958 3.68204 2.87656 2.93305 2.86283 3.17534 2.73202 4.17891 5.6921 4.8411 3.38774 2.55389 2.44185 2.6503 2.36317 3.07525 3.77778 3.32303 2.87371 2.31163
threshold=0.15158590756572191 0.14958115986185352 0.15220313675983169 0.15262736488945519 46.167537647220335 50.367375974754104 0.1679097619509152 0.16762395826445381 34.110540372205577 0.16852572803320356 0.16914173486915443 56.585108628563781 46.826984570549861 0.15770061968328597 0.16969258460751613 57.700564838249811 0.16426998821966651 0.16199859497651628 0.16071246499590294 71.740642824925871 0.1666141304240252 63.747382711028301 0.16548553294026555 0.16529256887019012 55.732059296744673 51.023247125561134 0.18621806566389448 0.1830108048560328 56.948868729301672 53.269576248053767
decision_type=2 2 2 2 2 2 2 2 2 2 2 2 2 2 2 2 2 2 2 2 2 2 2 2 2 2 2 2 2 2
left_child=1 4 -2 -4 -1 -6 7 8 -5 -8 11 -11 13 -10 15 -12 17 18 19 -14 22 -20 23 -18 25 -16 27 -27 -26 -19
right_child=2 -3 3 6 5 -7 9 -9 12 10 14 -13 16 -15 24 -17 20 29 21 -21 -22 -23 -24 -25 28 26 -28 -29 -30 -31
leaf_value=-0.030897060679078062 -0.029358166327469067 0.035834543790565769 0.037886342200607999 -0.024574046248476474 0.037477451037519115 -0.010245780329969935 0.022766646483587276 -0.037473985437605835 -0.011978164015625601 -0.038870397455981427 0.038307072087936732 0.013998725249813552 0.0040997106465319481 0.013561066039712825 0.0012821744633939047 -0.0093012305611411984 -0.016877390992913618 -0.0016662105642250181 -0.036354828741303073 -0.045804215188169545 0.0034034697547095497 0.00097571736958712389 -0.031615342857826287 0.023951553210174517 0.027987567174746625 -0.011899424850578405 -0.044982333825746929 0.024426640195287258 0.0038098074143952916 0.021931781050102832
leaf_weight=5.1217486113309887 8.3765735626220685 13.782635152339934 3.4690577536821356 17.88554148375988 6.0137047171592739 14.199441611766813 19.280819371342659 9.919842377305029 14.125562995672224 9.9562459439039213 10.679814726114271 4.9209652990102759 81.611891180276871 55.070697143673897 182.1701552271843 5.2114648669958106 19.659167706966404 16.349262237548828 17.432866781950001 5.1674658507108679 25.113301396369934 6.2149060517549506 21.730785682797432 4.9818648546934119 13.505471885204313 47.102870509028435 7.462459295988082 7.2668693959712973 136.55325067043304 28.413933530449867
leaf_count=21 34 57 14 73 25 59 78 40 57 40 43 20 330 225 742 21 79 66 70 21 101 25 88 20 55 189 31 30 554 114
internal_value=0.000261515 0.0106229 -0.000258359 5.7692e-05 -0.00309269 0.00395257 -0.000113227 -0.00303249 -0.00194358 0.00201439 0.00107256 -0.0213828 -0.000575559 0.00834755 0.00188746 0.0226942 -0.00329948 0.000426028 -0.00479784 0.00112807 -0.0113873 -0.0265439 -0.0193975 -0.00862269 0.00104839 -0.00198808 -0.0116229 -0.00704421 0.00598584 0.0133129
internal_weight=818.751 39.1175 779.633 771.257 25.3349 20.2131 767.787 323.677 313.757 444.11 424.83 14.8772 295.872 69.1963 409.952 15.8913 226.675 155.19 110.427 86.7794 71.4851 23.6478 46.3718 24.641 394.061 244.002 61.8322 54.3697 150.059 44.7632
internal_count=3322 162 3160 3126 105 84 3112 1309 1269 1803 1725 60 1196 282 1665 64 914 626 446 351 288 95 187 99 1601 992 250 219 609 180
is_linear=0
shrinkage=0.05


Tree=26
num_leaves=31
num_cat=0
split_feature=1 1 1 1 0 0 1 1 0 1 1 0 0 0 1 0 0 1 1 0 1 1 1 0 1 0 1 1 0 0
split_gain=1.59698 4.91002 2.59404 1.80463 1.79394 3.48343 1.72276 4.37919 3.51414 3.13869 2.80875 3.32607 2.59914 2.66862 3.29906 3.83704 4.23362 3.05569 2.58518 2.8695 2.46829 3.77196 5.1444 4.38461 3.06295 2.31175 2.21609 2.39181 2.18991 3.86843
threshold=0.15158590756572191 0.14958115986185352 0.15220313675983169 0.15262736488945519 46.167537647220335 50.367375974754104 0.1679097619509152 0.16762395826445381 34.110540372205577 0.16852572803320356 0.16914173486915443 56.585108628563781 46.826984570549861 45.257354266529667 0.15770061968328597 43.725576041889745 41.695080178560993 0.16296204789833477 0.16969258460751613 57.700564838249811 0.16426998821966651 0.16199859497651628 0.16071246499590294 71.740642824925871 0.1666141304240252 63.747382711028301 0.16548553294026555 0.16529256887019012 67.298755760850796 59.565812135403085
decision_type=2 2 2 2 2 2 2 2 2 2 2 2 2 2 2 2 2 2 2 2 2 2 2 2 2 2 2 2 2 2
left_child=1 4 -2 -4 -1 -6 7 8 -5 -8 11 -11 13 14 -10 16 -16 -18 19 -12 21 22 23 28 26 -24 27 -22 29 -14
right_child=2 -3 3 6 5 -7 9 -9 12 10 18 -13 20 -15 15 -17 17 -19 -20 -21 24 -23 25 -25 -26 -27 -28 -29 -30 -31
leaf_value=-0.029388767038135255 -0.027948492515664326 0.034207427987168804 0.036078797977656299 -0.023391705187220842 0.035713377046024848 -0.0097457433904475955 0.021659416393227486 -0.035583032179572475 -0.021745357334840801 -0.036959797970898232 0.036425777585171862 0.013310980009077621 0.0079595532332832619 0.026564333148092784 0.0048407792839957366 -0.025190518840123879 0.016180988236968466 0.07112794218764748 0.00099625410210795145 -0.0088326506019633481 -0.016040710004711353 0.012646427614317991 -0.03459718180974293 -0.043681518394765098 0.0032337038130324479 0.00092688501060999955 -0.030113178323768058 0.02273573752919137 0.033009127385828958 -0.018491786890546372
leaf_weight=5.1155309528112438 8.3595518022775632 13.717969700694082 3.4609175473451605 17.850979045033455 5.9956726133823421 14.182044893503187 19.25382125377655 9.9244996905326825 10.954117506742476 9.9475735276937467 10.670051932334898 4.9165719151496878 57.408270552754402 15.046985745429991 26.081362128257751 6.8993120938539496 5.1974231749773008 4.9305789023637772 393.97409066557884 5.2134861946105948 19.650571510195736 44.765932202339172 17.403312548995022 5.1481334120035163 25.110217243432999 6.2152029871940604 21.675468727946281 4.985752508044242 5.9852742105722418 18.205687865614891
leaf_count=21 34 57 14 73 25 59 78 40 44 40 43 20 232 62 107 28 21 20 1601 21 79 180 70 21 101 25 88 20 24 74
internal_value=0.000248622 0.0101209 -0.000245618 5.47985e-05 -0.0029426 0.00376213 -0.000107664 -0.00288323 -0.00184809 0.00191435 0.00101925 -0.0203319 -0.000547376 0.00794056 0.00275711 0.0089833 0.0154948 0.0429306 0.00179358 0.0215705 -0.0031366 0.00040458 -0.00456088 0.00107184 -0.0108282 -0.025249 -0.0184526 -0.00819336 0.00389535 0.00159082
internal_weight=818.246 39.0112 779.235 770.876 25.2932 20.1777 767.415 323.439 313.515 443.976 424.722 14.8641 295.664 69.1098 54.0628 43.1087 36.2094 10.128 409.858 15.8835 226.554 155.132 110.366 86.7474 71.422 23.6185 46.3118 24.6363 81.5992 75.614
internal_count=3322 162 3160 3126 105 84 3112 1309 1269 1803 1725 60 1196 282 220 176 148 41 1665 64 914 626 446 351 288 95 187 99 330 306
is_linear=0
shrinkage=0.05


Tree=27
num_leaves=31
num_cat=0
split_feature=1 1 1 1 0 0 0 1 1 0 1 1 0 1 1 0 0 1 0 0 1 1 1 1 0 1 1 0 0 0
split_gain=1.44602 4.45749 2.34688 1.63362 1.62177 3.15421 1.63057 1.55588 3.95253 3.17897 2.83794 2.53805 3.00679 2.42209 5.91948 2.34995 2.42322 2.9797 3.46324 3.8484 2.80249 2.23035 3.40573 4.65149 3.97411 2.7702 2.21062 2.10969 3.67367 4.84151
threshold=0.15158590756572191 0.14958115986185352 0.15220313675983169 0.15262736488945519 46.167537647220335 50.367375974754104 56.260864716015071 0.1679097619509152 0.16762395826445381 34.110540372205577 0.16852572803320356 0.16914173486915443 56.585108628563781 0.17100733463480691 0.17139912820596115 46.826984570549861 45.257354266529667 0.15770061968328597 43.725576041889745 41.695080178560993 0.16296204789833477 0.16426998821966651 0.16199859497651628 0.16071246499590294 71.740642824925871 0.1666141304240252 0.17077488336573823 55.806001668504194 48.40065041735793 46.579008973410879
decision_type=2 2 2 2 2 2 2 2 2 2 2 2 2 2 2 2 2 2 2 2 2 2 2 2 2 2 2 2 2 2
left_child=1 4 -2 -4 -1 -6 -7 8 9 -5 -9 12 -12 26 -15 16 17 -11 19 -19 -21 22 23 24 -17 -23 -13 28 29 -16
right_child=2 -3 3 7 5 6 -8 10 -10 15 11 13 -14 14 27 21 -18 18 -20 20 -22 25 -24 -25 -26 -27 -28 -29 -30 -31
leaf_value=-0.027964204802938181 -0.026614377018216104 0.032665771975834028 0.034376533702687728 -0.022270214306012427 0.034048025988330455 -0.025634142936260991 0.0083162632369044361 0.020609541731230991 -0.033810375554785249 -0.020665441205342524 -0.035166513182068759 0.0076601907194087165 0.012657586866233734 -0.034466868085650061 -0.00036577409425312887 0.0037016352980446237 0.025351056574049926 0.0046016920547638463 -0.023870034449703842 0.015392614216386734 0.068141654031614277 -0.017557845942022258 0.012017441210741171 -0.024026951003067027 -0.041689955406609247 0.0030724036433108131 0.037936040012558264 0.0064643684324273256 -0.0095939183926988386 0.026805327447224348
leaf_weight=5.1075229495763805 8.3401619940996152 13.648895114660261 3.4509336352348319 17.813395500183105 5.9750121384859112 7.3373756706714612 6.8275070488452911 19.223675936460495 9.9226161241531354 10.950309768319128 9.9324668496847135 48.684679120779037 4.9119694083929053 11.912353083491324 108.33228251338005 81.578209847211838 14.980484396219252 26.065056622028351 6.9164691120386115 5.1906175017356855 4.8903261870145798 46.241116032004356 44.753812327980995 23.580166265368462 5.1249480545520774 25.107154682278633 6.8814428597688666 128.07180707156658 86.632912620902061 19.318433225154877
leaf_count=21 34 57 14 73 25 31 28 78 40 44 40 197 20 48 442 330 62 107 28 21 20 187 180 95 21 101 28 520 351 79
internal_value=0.000236456 0.00964496 -0.000233436 5.21323e-05 -0.00280022 0.00358142 -0.00926997 -0.000102299 -0.00274179 -0.00175747 0.00181898 0.000968396 -0.0193417 0.00170404 0.00018174 -0.000520407 0.00755809 0.0026232 0.00854524 0.0147478 0.0409815 -0.00298241 0.0003843 -0.00433652 0.00101858 -0.0102981 0.0114096 0.00138735 -0.00164706 0.00374625
internal_weight=817.704 38.8963 778.808 770.468 25.2474 20.1399 14.1649 767.017 323.115 313.192 443.902 424.678 14.8444 409.834 354.268 295.379 68.9933 54.0128 43.0625 36.146 10.0809 226.385 155.037 110.283 86.7032 71.3483 55.5661 342.355 214.284 127.651
internal_count=3322 162 3160 3126 105 84 59 3112 1309 1269 1803 1725 60 1665 1440 1196 282 220 176 148 41 914 626 446 351 288 225 1392 872 521
is_linear=0
shrinkage=0.05


Tree=28
num_leaves=31
num_cat=0
split_feature=1 1 1 1 0 0 0 1 1 0 1 1 0 1 0 0 0 1 0 0 1 0 1 1 1 0 1 0 1 0
split_gain=1.30986 4.04776 2.12382 1.47952 1.46651 2.85758 1.47875 1.40522 3.56987 2.87626 2.56636 2.29432 2.73361 2.26327 2.59636 2.12498 2.20045 2.69195 3.12698 3.50373 2.58073 2.05917 2.01471 3.07519 4.20624 3.60419 2.5043 2.11356 3.32249 2.08568
threshold=0.15158590756572191 0.14958115986185352 0.15220313675983169 0.15262736488945519 46.167537647220335 50.367375974754104 56.260864716015071 0.1679097619509152 0.16762395826445381 34.110540372205577 0.16852572803320356 0.16914173486915443 54.848269381310139 0.16969258460751613 57.700564838249811 46.826984570549861 45.257354266529667 0.15770061968328597 43.725576041889745 41.695080178560993 0.16296204789833477 31.766672163435285 0.16426998821966651 0.16199859497651628 0.16071246499590294 71.740642824925871 0.1666141304240252 65.392808059286963 0.16130105603897829 53.269576248053767
decision_type=2 2 2 2 2 2 2 2 2 2 2 2 2 2 2 2 2 2 2 2 2 2 2 2 2 2 2 2 2 2
left_child=1 4 -2 -4 -1 -6 -7 8 9 21 -9 12 -12 14 -13 16 17 -11 19 -19 -21 -5 23 24 25 -17 -24 28 -26 -25
right_child=2 -3 3 7 5 6 -8 10 -10 15 11 13 -14 -15 -16 22 -18 18 -20 20 -22 -23 26 29 27 -27 -28 -29 -30 -31
leaf_value=-0.026616777491067431 -0.025350141911502217 0.03120255509197388 0.032769844614298473 -0.0085439294332733812 0.032472809639545547 -0.024466049722536069 0.0078952915668247647 0.019613282629408736 -0.032144637925320421 -0.019643170813045195 -0.036494323788058773 0.034290001248136893 0.0070894824380821377 0.00087349703088444104 -0.0087736239395356883 0.0035171107595421977 0.024196024984523185 0.0043743228872675675 -0.022628469986924436 0.014643486445846777 0.065412052402370413 -0.044081150997238638 -0.016701053697036002 -0.0028187614561095433 -0.05725837174840253 -0.039815593496701399 0.0029191449478061893 0.0060968260524732433 -0.01382750014208893 0.019605367983381819
leaf_weight=5.0980196893215206 8.3188361525535566 13.576371580362318 3.4394181668758383 11.440892651677133 5.9521951377391842 7.3041640669107419 6.8318510204553604 19.190978869795799 9.9151387512683851 10.944324195384977 8.6691920906305295 10.649341344833372 6.1499391645193091 393.9018410295248 5.2137253731489173 81.565621629357338 14.912579461932181 26.049294427037239 6.9307741224765769 5.1835336089134199 4.8409180343151093 6.3325120806694022 46.184162721037865 16.3299949914217 7.178620979189879 5.0985724925994864 25.104125142097473 4.9691804498434058 11.391467168927191 28.40903739631176
leaf_count=21 34 57 14 47 25 31 28 78 40 44 35 43 25 1601 21 330 62 107 28 21 20 26 187 66 29 21 101 20 46 114
internal_value=0.000224957 0.00919558 -0.00022181 4.96703e-05 -0.00266705 0.00341095 -0.00882601 -9.71401e-05 -0.00260728 -0.0016712 0.00172862 0.000920238 -0.018407 0.00161921 0.0201362 -0.000494647 0.00719588 0.00249669 0.00813111 0.0140409 0.0391602 -0.0212055 -0.00283553 0.000365016 -0.00412313 0.000967789 -0.00979181 -0.0228663 -0.0306165 0.0114204
internal_weight=817.077 38.7626 778.314 769.995 25.1862 20.0882 14.136 766.556 322.781 312.866 443.775 424.584 14.8191 409.765 15.8631 295.092 68.8614 53.9488 43.0045 36.0737 10.0245 17.7734 226.231 154.942 110.203 86.6642 71.2883 23.5393 18.5701 44.739
internal_count=3322 162 3160 3126 105 84 59 3112 1309 1269 1803 1725 60 1665 64 1196 282 220 176 148 41 73 914 626 446 351 288 95 75 180
is_linear=0
shrinkage=0.05


Tree=29
num_leaves=31
num_cat=0
split_feature=1 1 1 1 0 0 0 1 1 0 1 1 0 1 1 0 1 0 0 0 1 0 1 1 0 0 1 0 0 0
split_gain=1.18678 3.67658 1.92233 1.34049 1.32646 2.66455 2.54149 1.26926 3.22603 2.60309 2.32112 2.07412 2.50357 2.07744 5.34243 2.05369 2.04578 1.90454 3.56327 3.32766 4.03817 2.63084 2.10586 4.25372 2.14539 1.93533 3.76331 1.8918 3.24525 1.87521
threshold=0.15158590756572191 0.14958115986185352 0.15220313675983169 0.15262736488945519 46.167537647220335 51.998394031520832 56.745934440553462 0.1679097619509152 0.16762395826445381 34.110540372205577 0.16852572803320356 0.16914173486915443 56.585108628563781 0.17100733463480691 0.17139912820596115 58.111313562532025 0.17077488336573823 55.806001668504194 56.948868729301672 50.783401618084255 0.18621806566389448 52.448826820445241 0.17406102171310081 0.17767109514597215 65.139705930949731 53.449664886123983 0.1830108048560328 24.601594341874677 28.889590309571599 31.766672163435285
decision_type=2 2 2 2 2 2 2 2 2 2 2 2 2 2 2 2 2 2 2 2 2 2 2 2 2 2 2 2 2 2
left_child=1 4 -2 -4 -1 -6 -7 8 9 29 -9 12 -12 16 -15 -11 -13 19 -19 27 21 -21 -20 24 -24 -23 -27 -16 -29 -5
right_child=2 -3 3 7 5 6 -8 10 -10 15 11 13 -14 14 17 -17 -18 18 22 20 -22 25 23 -25 -26 26 -28 28 -30 -31
leaf_value=-0.025340683397335497 -0.024150778129904689 0.029811669629382156 0.031250372268543637 -0.0081244240669690639 0.023757157363643273 -0.040195435825033238 0.0078897413873516929 0.018667269615886325 -0.030576055427469578 0.0023803467557672701 -0.032004409321239373 0.0069261767259969909 0.011689036868153703 -0.032787624397285539 -0.026841277796174241 -0.0065801716772243297 0.036083173670124272 0.03509194577397539 0.016561846050918889 -0.024830764272753617 -0.045068605340928353 0.018783346961839437 -0.025785219749648924 0.0074599271121350164 0.00239474037876177 -0.016215563286875241 0.032889079615720428 0.038755074056953838 0.0017060734869497258 -0.042099067151872137
leaf_weight=5.0872810631990459 8.2959538847208005 13.501238852739332 3.4266460388898841 11.430338501930239 8.8454598039388674 4.8523346781730634 6.3362123966217041 19.156252786517143 9.9029051661491376 201.00101283192635 9.8888107836246473 48.642482921481133 4.9043818265199652 11.912175118923185 5.4225994050502768 93.780146256089211 6.865150958299636 9.7876265048980695 25.074359253048897 14.16565293073654 7.9049469083547583 10.407756030559538 18.625224396586422 63.949156627058983 10.596789538860319 20.431622043251995 4.8228072524070731 6.1618906408548346 144.96495868265629 6.2999507635831824
leaf_count=21 34 57 14 47 37 21 26 78 40 816 40 197 20 48 22 380 28 40 101 57 33 42 75 261 43 82 20 25 591 26
internal_value=0.00021393 0.00876876 -0.000210857 4.72294e-05 -0.00254059 0.00324909 -0.0129642 -9.23376e-05 -0.00247978 -0.00158946 0.00164255 0.000874338 -0.0175187 0.00153841 0.00012906 -0.000470306 0.0105323 0.00127452 0.00609937 -0.00160831 -0.0118686 -0.00660161 0.00369955 0.000238025 -0.0155663 0.000639331 -0.00683811 0.00217552 0.00321667 -0.0201963
internal_weight=816.444 38.6225 777.822 769.526 25.1213 20.034 11.1885 766.099 322.414 312.511 443.685 424.528 14.7932 409.735 354.228 294.781 55.5076 342.315 128.033 214.282 57.7328 49.8278 118.246 93.1712 29.222 35.6622 25.2544 156.549 151.127 17.7303
internal_count=3322 162 3160 3126 105 84 47 3112 1309 1269 1803 1725 60 1665 1440 1196 225 1392 520 872 234 201 480 379 118 144 102 638 616 73
is_linear=0
shrinkage=0.05


Tree=30
num_leaves=31
num_cat=0
split_feature=0 0 1 0 0 1 1 1 1 0 0 1 1 1 1 0 1 1 1 1 1 1 1 1 1 1 1 1 0 1
split_gain=1.9171 2.80913 1.85217 1.52827 2.27095 4.21313 2.65558 2.86136 2.40107 1.57035 5.98579 2.72151 2.75521 5.48756 2.60381 2.35128 2.23028 5.25766 1.97133 1.61356 2.79005 1.99189 1.65076 2.78269 1.35407 6.06129 2.82736 1.98834 1.83803 1.29535
threshold=51.480008078738798 51.998394031520832 0.16957815892801853 43.553582182380872 42.046478688834249 0.18845905718455644 0.1724455216614095 0.16370595555190484 0.17946258247005428 47.569159464924546 47.374329535516935 0.18254937680251618 0.16863171982843575 0.16640948007575693 0.1889173873427907 46.995455771142822 0.1748557673290794 0.17721515002904281 0.171198840748265 0.16415374730066593 0.16281595635934673 0.16084332973095103 0.15908181776386709 0.15615730928522159 0.18234794269236856 0.17910884032014812 0.17373144099236335 0.17169495093380352 45.368958531738649 0.14958115986185352
decision_type=2 2 2 2 2 2 2 2 2 2 2 2 2 2 2 2 2 2 2 2 2 2 2 2 2 2 2 2 2 2
left_child=3 2 -2 4 5 -1 7 -6 -8 10 15 12 13 19 -13 24 18 -18 -14 20 21 22 23 -11 25 26 27 -5 -26 -3
right_child=1 29 -4 9 6 -7 8 -9 -10 11 -12 14 16 -15 -16 -17 17 -19 -20 -21 -22 -23 -24 -25 28 -27 -28 -29 -30 -31
leaf_value=0.00023542941956155393 -0.0053459002798951095 -0.016162433683510936 -0.040147737880256308 0.011076947872624194 -0.023663838551111947 0.038887659258668127 -0.052832238446293249 0.021981086402651083 -0.010747178040518859 0.0077042910645241163 0.061367032611823552 0.051699458896816479 -0.0032914974006451598 0.039261083881053878 0.0032173426695987517 -0.015995556692177608 0.040531026369059309 -0.016945844454214626 -0.034259553825392024 -0.020958286618009789 0.035743336657626079 -0.024861403698448109 0.02821313760599737 -0.034851334703603742 0.016924451512387272 0.06734252776605093 -0.01313279575690765 0.044676602672573146 -0.02229565068073884 -0.00047156956262935481
leaf_weight=136.96710488200188 7.6260673701763135 13.591715455055235 7.6664800643920898 39.866777271032333 6.1071417182683962 7.4326911419630042 5.9676983058452588 7.8424005508422852 7.8436691015958786 16.882700994610794 5.5547801256179801 5.1405729502439481 8.6456555724144 10.415963962674139 6.0039225667715073 9.2594759911298734 5.9729205667972591 11.917114585638044 12.669700935482977 8.1900662332773191 5.7188704311847678 7.4511718451976767 5.710234969854354 4.9729390293359748 5.4528777599334699 4.8600284755229941 11.366795241832731 4.9498200714588156 6.6066155284643173 407.78112778067589
leaf_count=560 31 57 31 164 25 32 24 32 32 71 24 21 35 42 25 38 24 48 51 33 23 30 23 20 22 20 46 20 27 1652
internal_value=0.000501679 -0.00174168 -0.0227928 0.00315089 -0.000292936 0.00222498 -0.01339 0.00199763 -0.0289315 0.00615122 0.0111299 0.00216083 -0.000487643 0.00630779 0.0255805 0.00774176 -0.0107733 0.00224388 -0.0216987 -0.000707712 0.00336372 -0.00192441 0.00427555 -0.00197863 0.0107484 0.013773 0.0091391 0.0147879 -0.0045617 -0.000977691
internal_weight=806.435 436.665 15.2925 369.77 172.161 144.4 27.7609 13.9495 13.8114 197.609 87.9172 109.692 98.5473 59.3419 11.1445 82.3624 39.2054 17.89 21.3154 48.926 40.7359 35.017 27.5659 21.8556 73.1029 61.0434 56.1834 44.8166 12.0595 421.373
internal_count=3283 1771 62 1512 705 592 113 57 56 807 361 446 400 242 46 337 158 72 86 200 167 144 114 91 299 250 230 184 49 1709
is_linear=0
shrinkage=0.05


Tree=31
num_leaves=31
num_cat=0
split_feature=0 0 0 1 1 1 1 1 1 0 1 0 1 0 0 0 1 0 0 1 1 1 1 1 0 0 1 1 1 0
split_gain=1.74748 2.56238 2.05185 3.80531 2.40382 2.58276 2.18143 1.12448 3.33509 6.43939 3.86064 3.67782 3.24931 2.91133 1.95337 2.16293 1.92043 3.88217 4.19906 1.5408 1.62918 1.62936 3.31944 4.1808 7.21055 3.97051 3.02392 4.88986 2.2997 2.21783
threshold=48.647074106060309 43.553582182380872 42.046478688834249 0.18845905718455644 0.1724455216614095 0.16370595555190484 0.17946258247005428 0.1748557673290794 0.17113291529635621 55.412044358942723 0.17169495093380352 65.392808059286963 0.17406102171310081 60.533606471364507 53.737555890222332 52.342808919947636 0.17661999933363728 57.077940581175163 61.636955066193771 0.17077488336573823 0.17046522945918594 0.16772327921090194 0.16548553294026555 0.16623177386425481 51.480008078738798 57.421054154346379 0.16199859497651628 0.16110438173173083 0.1680404365379867 53.907198928971688
decision_type=2 2 2 2 2 2 2 2 2 2 2 2 2 2 2 2 2 2 2 2 2 2 2 2 2 2 2 2 2 2
left_child=1 2 3 -1 5 -4 -6 8 19 14 -11 12 13 -12 15 -10 17 -9 -19 20 21 22 26 -24 -25 -26 27 -2 -23 -30
right_child=7 -3 4 -5 6 -7 -8 16 9 10 11 -13 -14 -15 -16 -17 -18 18 -20 -21 -22 28 23 24 25 -27 -28 -29 29 -31
leaf_value=0.00022365794848435355 -0.00014923141107206966 0.009327980379743207 -0.02246639579380454 0.036969806486305268 -0.050383062778082258 0.020900006837462112 -0.010218957740273314 0.041369346440551659 -0.036311911057852544 -0.039777529826979144 0.026401503829192353 0.031875139734046549 -0.034281963336419544 -0.014424503799014618 -0.0598469876152702 0.0022391728215179671 -0.00011610933868314866 -0.032929775283493556 0.020474949361048426 0.027058030487286562 -0.025026474781727061 0.036319609577605709 -0.040112998920546573 0.044616882402225611 -0.037905144057603424 -7.3881969321282724e-05 0.010081665932927687 -0.030743057397564721 -0.014063421008078565 0.011103892584410888
leaf_weight=136.96687908470631 123.46776923537254 116.33077654242516 6.1109096854925173 7.427474468946456 5.9454525113105756 7.8358203917741776 7.8368333429098129 8.9737458080053347 13.423683330416685 5.4527437090873709 8.9953545629978233 9.5319668054580671 6.7398970425128928 8.4864414483308774 5.4886487424373618 4.9912348687648764 125.7084184885025 5.952680066227912 9.6437433063983899 4.9600844830274573 6.9152229875326148 6.2073760777711859 11.649235144257544 5.9468028247356406 11.930725887417795 16.565543189644814 59.707556456327438 14.605815768241881 12.383523836731909 29.864691451191902
leaf_count=560 504 478 25 32 24 32 32 36 54 22 36 39 27 34 22 20 513 24 39 20 28 25 48 24 48 67 240 59 50 121
internal_value=0.00047718 0.00359572 -0.000278462 0.00211384 -0.012736 0.00189855 -0.0275451 -0.00126078 -0.00275145 -0.0132116 -0.000740762 0.00556544 -0.00478822 0.00658274 -0.0336662 -0.0258629 0.00238275 0.0151677 9.19915e-05 -0.000581396 -0.00103953 -0.000472104 -0.00213602 -0.0142197 -0.00546211 -0.015913 0.000680039 -0.00338553 0.00790227 0.00372701
internal_weight=806.047 288.454 172.123 144.394 27.729 13.9467 13.7823 517.593 367.314 63.11 39.2064 33.7537 24.2217 17.4818 23.9036 18.4149 150.279 24.5702 15.5964 304.204 299.244 292.329 243.873 46.0923 34.4431 28.4963 197.781 138.074 48.4556 42.2482
internal_count=3283 1183 705 592 113 57 56 2100 1488 254 158 136 97 70 96 74 612 99 63 1234 1214 1186 990 187 139 115 803 563 196 171
is_linear=0
shrinkage=0.05


Tree=32
num_leaves=31
num_cat=0
split_feature=0 0 0 0 1 1 1 0 0 1 1 1 1 0 1 1 1 1 1 1 1 1 1 1 1 1 1 1 1 1
split_gain=1.6033 2.57173 1.28309 2.15597 3.43899 2.48251 1.48472 1.24339 5.58735 2.44958 2.38596 2.3316 4.60814 2.09283 1.88032 4.75298 2.76722 1.78813 4.5998 1.65649 1.54181 1.39318 2.45901 1.75901 1.49957 2.5085 1.37612 1.1116 2.53494 1.04108
threshold=51.480008078738798 53.536297695939318 43.444739153885841 42.046478688834249 0.18845905718455644 0.16762395826445381 0.17946258247005428 47.569159464924546 47.374329535516935 0.18254937680251618 0.1889173873427907 0.16863171982843575 0.16640948007575693 46.995455771142822 0.1830108048560328 0.17910884032014812 0.17406102171310081 0.1748557673290794 0.17721515002904281 0.171198840748265 0.17077488336573823 0.16415374730066593 0.16281595635934673 0.16084332973095103 0.15908181776386709 0.15615730928522159 0.18845905718455644 0.15363945559866485 0.14781578730642475 0.17419282903963285
decision_type=2 2 2 2 2 2 2 2 2 2 2 2 2 2 2 2 2 2 2 2 2 2 2 2 2 2 2 2 2 2
left_child=2 -2 3 4 29 -5 -7 8 13 11 -11 12 21 14 15 16 20 19 -19 -13 -4 22 23 24 25 27 -16 28 -9 -1
right_child=1 -3 7 5 -6 6 -8 9 -10 10 -12 17 -14 -15 26 -17 -18 18 -20 -21 -22 -23 -24 -25 -26 -27 -28 -29 -30 -31
leaf_value=-0.0025393508510133701 -0.010984072436120169 -2.8563874524453207e-05 0.0092600899134690547 0.0089065474561219396 0.035165546419251563 -0.03772564602291701 -0.0075640345012973845 0.023258386021395901 0.059018992735892728 0.049376901445859961 0.0028895447955406394 -0.0029038806892892435 0.036008118923421949 -0.015651582621532194 -0.027166397603598687 0.055042295465494495 -0.013944526322929305 0.03753272694545419 -0.01625694192674431 -0.031307448466728595 0.031893327752556225 -0.019520351731159749 0.033538099198138431 -0.023430151404190396 0.026792360024470871 -0.033178322612941423 0.0073869178226259914 0.025628128644757161 -0.024092095027063005 0.0071178540102311413
leaf_weight=97.937926143407822 62.525183454155922 373.89835099875927 37.751337185502052 8.0140622854232806 7.4183545410633078 9.6281019896268862 7.0807828009128562 5.3541769236326306 5.4462857842445365 5.1075791567563993 6.0056338757276535 8.6449390351772326 10.377465486526487 9.2656774371862394 5.4965381324291211 6.048828959465026 11.132308825850485 5.9628591388464001 11.91895382106304 12.636072888970373 9.3975674957036954 8.1702611446380597 5.7065485268831244 7.4409625083208075 5.7054989188909522 4.9789603650569907 6.0565425753593445 5.514755204319953 5.9874286502599716 39.028735309839249
leaf_count=401 253 1518 156 33 32 39 29 22 24 21 25 35 42 38 22 25 45 24 48 51 38 33 23 30 23 20 25 23 26 159
internal_value=0.00045347 -0.00159813 0.00287852 -0.000327811 0.00200833 -0.0139712 -0.024944 0.00558815 0.00992148 0.00200337 0.0242549 -0.000509731 0.00574842 0.0067811 0.00952024 0.0128557 0.00847727 -0.00997554 0.00167973 -0.0197691 0.0137713 -0.000678684 0.00310474 -0.00185982 0.00396803 -0.00199589 -0.0090523 0.00721465 -0.00173875 0.000212476
internal_weight=805.639 436.424 369.215 169.108 144.385 24.7229 16.7089 200.107 90.5951 109.512 11.1132 98.3989 59.2361 85.1488 75.8831 64.33 58.2812 39.1628 17.8818 21.281 47.1489 48.8586 40.6883 34.9818 27.5408 21.8353 11.5531 16.8564 11.3416 136.967
internal_count=3283 1771 1512 693 592 101 68 819 373 446 46 400 242 349 311 264 239 158 72 86 194 200 167 144 114 91 47 71 48 560
is_linear=0
shrinkage=0.05


Tree=33
num_leaves=31
num_cat=0
split_feature=0 0 1 1 0 1 1 1 1 1 1 0 0 0 0 0 0 0 1 0 1 1 1 1 1 1 1 1 1 0
split_gain=1.4487 2.3417 1.67509 1.17868 1.82691 1.6173 1.17679 2.6404 1.45989 4.98915 3.16821 2.49857 4.63753 1.71195 1.8819 1.73551 1.73802 1.8048 1.93945 2.1189 2.63528 2.14269 2.02148 3.34293 2.32024 2.53488 2.37802 1.85922 2.05104 3.32555
threshold=51.480008078738798 51.998394031520832 0.16957815892801853 0.14958115986185352 56.745934440553462 0.15117437157658312 0.19650639177937165 0.19278127842343065 0.17495861329101334 0.17429161583166042 0.17590159047005635 36.248406354144258 38.056869494108504 43.444739153885841 25.993277078793508 44.336640384571076 45.257354266529667 47.569159464924546 0.171198840748265 48.111402298233429 0.16640948007575693 0.16772327921090194 0.16458977003827721 0.16281595635934673 0.16084332973095103 0.15770061968328597 0.15158590756572191 0.15984100868535636 0.16772327921090194 46.691038997946251
decision_type=2 2 2 2 2 2 2 2 2 2 2 2 2 2 2 2 2 2 2 2 2 2 2 2 2 2 2 2 2 2
left_child=6 2 -2 4 -3 -5 7 8 9 13 -10 -12 -13 14 -1 -15 -17 27 19 -19 22 -22 23 24 25 26 -21 -18 29 -29
right_child=1 3 -4 5 -6 -7 -8 -9 10 -11 11 12 -14 15 -16 16 17 18 -20 20 21 -23 -24 -25 -26 -27 -28 28 -30 -31
leaf_value=0.025847744578637533 -0.0041590067109375057 -0.039316430760927168 -0.037287016876855719 0.026424875796918629 -0.0012808686649329361 -0.00070928254963087791 0.026180069055312019 -0.034643808575889973 0.03688488506249081 -0.033944612928981065 -0.013728920957104202 0.052893446709019791 0.0054423980665896203 0.0243783953143402 -0.0037111158690598667 -0.018769520788103025 0.034082598924008826 -0.022134271168616427 -0.019573135529960543 0.015494704988456461 0.046202058357865575 0.0098562567555296014 -0.02444308305299242 0.040684538679423336 -0.027672859878731026 0.029834607220599513 -0.021508625660000866 0.013102152906350426 0.02147857003993664 -0.036660218835730729
leaf_weight=5.6674114465713492 7.6159120798110944 5.0052776485681525 7.6473912745714188 5.5676291584968558 8.5495133548974973 402.02767367660999 5.2771558761596671 4.7480559945106497 8.6859738379716855 9.8749177455902082 14.52732130885124 5.5530917048454276 70.785558432340622 11.831030070781706 107.9454637914896 7.6379251331090918 9.3435340374708158 6.7635909616947165 9.6175707727670652 7.9993536472320654 6.6566508859396007 10.375236809253691 6.6755130589008322 5.6980553418397895 6.4514918327331534 7.7018293142318717 9.4960770756006223 9.2911660224199313 14.979889214038847 5.257033944129943
leaf_count=23 31 22 31 23 35 1629 22 21 35 40 59 25 287 48 442 31 40 28 39 34 27 42 27 23 26 31 39 39 62 22
internal_value=0.000431416 -0.00151826 -0.0207572 -0.000821008 -0.015326 -0.000338638 0.00273828 0.00239802 0.00288818 0.000911901 0.00803502 0.00527723 0.00889412 0.0022921 -0.00223662 0.00608157 0.00433507 0.00585236 0.00143941 0.0044193 0.00736091 0.0240615 0.000899601 0.00542945 -0.000917891 0.00593244 -0.00458977 0.0146433 0.00849215 -0.00487962
internal_weight=805.254 436.413 15.2633 421.15 13.5548 407.595 368.841 363.564 358.816 259.264 99.5519 90.866 76.3387 249.389 113.613 135.776 123.945 116.307 77.4354 67.8178 61.0542 17.0319 44.0223 37.3468 31.6488 25.1973 17.4954 38.8716 29.5281 14.5482
internal_count=3283 1771 62 1709 57 1652 1512 1490 1469 1063 406 371 312 1023 465 558 510 479 316 277 249 69 180 153 130 104 73 163 123 61
is_linear=0
shrinkage=0.05


Tree=34
num_leaves=31
num_cat=0
split_feature=0 0 0 1 1 1 1 0 0 0 0 0 1 1 1 1 1 1 1 1 1 1 1 1 1 1 1 1 1 1
split_gain=1.35463 1.97176 1.69164 3.07225 2.13999 2.48589 1.88133 0.983813 2.83942 4.01342 1.54673 1.30681 4.12084 2.64305 2.38212 1.45973 1.64079 4.61073 2.35511 2.67787 1.71705 1.36336 3.50336 3.43429 2.01406 1.4861 1.33974 1.25002 1.63626 1.47142
threshold=48.647074106060309 43.553582182380872 42.046478688834249 0.18845905718455644 0.1724455216614095 0.16370595555190484 0.17946258247005428 63.348557669629862 61.922204389079262 61.636955066193771 61.316514760494861 66.371778955423579 0.15296997441036725 0.18696619107633869 0.18083392493154485 0.15790199495438609 0.16732325619982566 0.1650885415164586 0.16980201620361393 0.17195418214580457 0.17495861329101334 0.17131631569279995 0.16357183480047957 0.15968794962653346 0.16711896991521927 0.17419282903963285 0.18083392493154485 0.1680404365379867 0.16240128343679791 0.17184834013585137
decision_type=2 2 2 2 2 2 2 2 2 2 2 2 2 2 2 2 2 2 2 2 2 2 2 2 2 2 2 2 2 2
left_child=1 2 3 -1 5 -4 -6 8 9 10 -2 14 -13 15 21 -14 17 -17 -18 -20 -21 22 23 -9 -24 -23 -22 28 -10 -29
right_child=7 -3 4 -5 6 -7 -8 11 27 -11 -12 12 13 -15 -16 16 18 -19 19 20 26 25 24 -25 -26 -27 -28 29 -30 -31
leaf_value=0.00024123531919008034 -0.0013621716986043082 0.0082017877553777121 -0.021651729975896962 0.033390505507645808 -0.046906699965626297 0.020908260605060656 -0.0095022295028331649 0.018294494259582784 -0.020283478203534225 0.040561614790133635 -0.025260281363562894 -0.044586067811380831 0.030254133252758653 -0.029066417108168909 0.032988373658947516 0.0047074277222223168 0.035599303071804179 -0.042049891632109405 -0.027236961049491727 0.031486886967617082 -0.0060176486567110766 -0.029640066599217554 0.055271679145587498 -0.036448559619341091 0.011663511385725056 0.0049256273069508043 0.023431551415891417 -0.048306488602668181 0.016906726588114953 -0.016301582877133389
leaf_weight=136.9034860432148 347.29792158305645 115.8494029045105 6.1133386641740817 7.3655903488397589 5.8981324881315214 7.819527193903923 7.8171044737100601 6.0195342451334017 7.3611277639865893 5.6732872873544684 6.905229076743125 5.0863415449857703 5.1298788189887992 6.3620069473981848 8.7712152302265149 22.295125424861912 7.0000338554382315 6.9054482877254477 5.7739073187112835 7.0406363904476192 13.309298247098925 5.2233613729476911 4.9754638969898206 5.466888815164566 5.6595442891120911 7.6839101612567902 5.4407585561275473 5.2349450737237957 4.9439757019281387 11.437581673264502
leaf_count=560 1408 478 25 32 24 32 32 25 30 23 28 21 21 26 37 90 29 29 24 29 54 21 20 22 23 31 22 21 20 46
internal_value=0.000410339 0.00315994 -0.000237596 0.00193366 -0.0115673 0.00223417 -0.0255877 -0.00112012 -0.00237221 -0.00115981 -0.00182807 0.00267939 -0.000959248 0.00184051 0.00968614 0.00453795 0.00259122 -0.0063499 0.0093613 0.00354254 0.0104333 0.00385124 0.0113861 -0.00776011 0.0320651 -0.00906254 0.00252771 -0.0174291 -0.0053411 -0.0263507
internal_weight=804.764 287.767 171.917 144.269 27.6481 13.9329 13.7152 516.997 388.854 359.876 354.203 128.143 84.3434 79.2571 43.7999 72.8951 67.7652 29.2006 38.5646 31.5646 25.7907 35.0287 22.1214 11.4864 10.635 12.9073 18.7501 28.9776 12.3051 16.6725
internal_count=3283 1183 705 592 113 57 56 2100 1576 1459 1436 524 345 324 179 298 277 119 158 129 105 142 90 47 43 52 76 117 50 67
is_linear=0
shrinkage=0.05


Tree=35
num_leaves=31
num_cat=0
split_feature=1 1 1 0 1 0 0 1 0 1 1 0 1 0 1 0 0 1 1 1 0 1 0 0 0 0 0 0 0 0
split_gain=1.65045 2.1229 7.14383 1.79297 4.95939 1.69986 1.46718 4.68268 3.20002 2.18344 1.76302 1.2946 3.2848 2.69969 2.85637 1.94867 1.66518 1.1949 3.18701 2.63279 3.20975 1.92183 1.3976 1.13361 3.49312 1.64311 1.13352 2.60184 1.09718 1.06978
threshold=0.19759424311809518 0.18401383957411302 0.1830108048560328 41.880215156260029 0.18792594080823702 43.553582182380872 66.371778955423579 0.15220313675983169 65.392808059286963 0.15575899222246642 0.16762395826445381 61.316514760494861 0.15325480934706617 61.636955066193771 0.15825644298077493 63.029076873260884 62.537255117466849 0.17313257542389507 0.16610255091117707 0.16390129424208064 71.740642824925871 0.17566745582656559 69.406196414796995 49.312611853679279 55.202835980014548 68.514083520728505 59.721947235867283 57.22764762972411 57.340755200588639 53.907198928971688
decision_type=2 2 2 2 2 2 2 2 2 2 2 2 2 2 2 2 2 2 2 2 2 2 2 2 2 2 2 2 2 2
left_child=1 2 6 4 -3 -5 8 -8 11 -9 -10 -1 -13 -14 -15 16 -16 18 19 20 -11 -19 -23 -7 -25 26 27 -26 -2 -4
right_child=28 3 29 5 -6 23 7 9 10 17 -12 12 13 14 15 -17 -18 21 -20 -21 -22 22 -24 24 25 -27 -28 -29 -30 -31
leaf_value=0.0018964109264586395 0.035482883026302273 -0.025237903837321191 0.049975490648268575 -0.038081438922988903 0.038118432151674313 0.0041301300746396548 -0.052179490746552204 0.028984282381414556 0.049553411353535082 -0.020917574210811099 0.0078379015555927207 0.032649620839099211 -0.044499089880805247 -0.039355810852026107 -0.0026476698421160562 0.0079014041282372671 -0.032375763067959959 -0.042594297739509297 0.014336656093475012 -0.037757660559986778 0.01897707897130246 -0.02484271676865522 0.00764149800835479 -0.036779163415303268 0.019616373103594015 -0.028123367014443408 0.012746286882707314 -0.027573315585457364 0.0033535433163067864 0.019934181839916142
leaf_weight=564.70994473993778 5.6807597726583463 5.6007215529680234 7.9104094803333265 5.3288062214851371 6.8869052082300186 13.403656542301176 5.0664716958999625 5.1322947293519965 5.2575943171977979 10.962601318955427 4.8871468156576157 5.099009931087493 4.9565004259347907 5.6540172547101966 13.659804731607439 24.479658722877502 7.1899095624685279 4.8771164566278484 20.292891204357147 7.2020124942064276 9.334944620728491 5.7104106843471509 7.8807516694068909 10.955609276890753 4.8390070348978096 5.6247419267892829 12.054143920540808 7.3692919760942459 4.9922422021627426 4.738651916384697
leaf_count=2300 23 23 33 22 30 55 21 21 22 44 20 21 20 23 55 99 29 20 84 30 38 23 32 46 20 23 50 30 20 20
internal_value=0.000922869 0.000661333 0.00147486 -0.00752334 0.00970301 -0.0111342 0.000813488 -0.00573047 0.00160033 -0.00243417 0.0294573 0.00114871 -0.00576877 -0.00927066 -0.00584583 -0.00166607 -0.0128992 -0.00486772 -0.000693833 -0.0117854 -0.00256982 -0.015669 -0.00600695 -0.00848705 -0.0126277 -0.00377463 0.00187011 -0.00886872 0.0204545 0.0387213
internal_weight=807.738 797.065 725.002 72.0629 12.4876 59.5753 712.353 76.4595 635.894 71.393 10.1447 625.749 61.0389 55.9399 50.9834 45.3294 20.8497 66.2607 47.7924 27.4996 20.2975 18.4683 13.5912 54.2465 40.8428 29.8872 24.2624 12.2083 10.673 12.6491
internal_count=3297 3254 2955 299 53 246 2902 313 2589 292 42 2547 247 226 206 183 84 271 196 112 82 75 55 224 169 123 100 50 43 53
is_linear=0
shrinkage=0.05


Tree=36
num_leaves=31
num_cat=0
split_feature=1 1 1 0 1 0 0 1 1 0 1 1 1 1 0 0 1 0 1 0 1 0 1 1 1 0 0 0 1 0
split_gain=1.49095 1.91737 6.49565 1.61965 4.48114 1.54243 1.33513 2.35245 2.85814 4.47642 1.70256 2.25461 1.73198 2.67865 1.53005 1.40213 1.61581 1.16906 2.96673 2.44682 2.5794 1.77127 1.50545 2.9142 2.17487 1.07517 4.79843 2.51315 1.51966 2.99816
threshold=0.19759424311809518 0.18401383957411302 0.1830108048560328 41.880215156260029 0.18792594080823702 43.553582182380872 66.881452748388554 0.15296997441036725 0.17313257542389507 69.406196414796995 0.15810594561343519 0.16610255091117707 0.16390129424208064 0.16171323738874985 65.392808059286963 66.371778955423579 0.16762395826445381 61.316514760494861 0.15325480934706617 61.636955066193771 0.15825644298077493 63.348557669629862 0.16458977003827721 0.16944135098240451 0.17348340607033796 50.783401618084255 55.202835980014548 47.734530514995122 0.18621806566389448 68.514083520728505
decision_type=2 2 2 2 2 2 2 2 2 2 2 2 2 2 2 2 2 2 2 2 2 2 2 2 2 2 2 2 2 2
left_child=1 2 6 4 -3 -5 14 -8 10 -10 -9 12 13 -12 17 16 -16 -1 -19 -20 -21 22 -22 -24 -25 27 -27 -7 -28 -30
right_child=-2 3 -4 5 -6 25 7 8 9 -11 11 -13 -14 -15 15 -17 -18 18 19 20 21 -23 23 24 -26 26 28 -29 29 -31
leaf_value=0.0018016832406693971 0.019449038655466155 -0.023967084609725731 0.037039332448926113 -0.036301537734248983 0.036272965037405507 -0.012655756361133417 -0.038753990315483218 0.02701839411573841 -0.060991270518315502 -0.0042957219584548074 -0.019702316152380314 0.011961918436856043 -0.032748204546832624 0.021661971793080832 0.047479665838664947 -0.0017964314254330606 0.0074533522204648485 0.031038244113518659 -0.042407530990145319 -0.037409650793680263 0.014719897550010179 0.0099164974617093216 -0.042490927919808269 0.021751578146263092 -0.018468278562441463 -0.047537506299598908 0.013810653308302301 0.02756692531355839 -0.00052743525251068427 -0.045260370361143873
leaf_weight=564.68156817555428 10.66396228969097 5.6027466356754285 12.564667478203772 5.3110298067331305 6.8757043033838272 10.255245551466944 5.0225219577550879 6.3721603006124488 4.9414604008197811 11.784284278750418 9.3908769339323097 19.064670890569687 6.6790190637111655 6.7106861472129813 5.2139800190925616 6.3962339460849753 4.8824533224105835 5.0956209301948538 4.9412877112627021 5.6508140563964835 4.9545922279357937 19.253388911485672 6.9252830147743252 5.4799772053956977 8.6932875663042051 7.8406682759523383 8.8374764919281024 6.2502936720848075 16.157166793942455 4.8762229681015006
leaf_count=2300 43 23 53 22 30 42 21 26 20 48 38 79 28 27 22 26 20 21 20 23 20 78 28 22 35 33 36 26 67 20
internal_value=0.000877182 0.000628596 0.00140178 -0.00715297 0.00922556 -0.0105863 0.000772999 -0.00578593 -0.00323627 -0.0210459 0.00294156 -0.000724842 -0.0113422 -0.00246283 0.00148761 0.01652 0.0281237 0.00109136 -0.00548478 -0.00881415 -0.00555663 -0.0015838 -0.0100826 -0.015907 -0.0029176 -0.00806725 -0.0127254 0.00257571 -0.00358778 -0.010898
internal_weight=807.369 796.705 724.699 72.0066 12.4785 59.5281 712.134 69.9657 64.9432 16.7257 48.2174 41.8453 22.7806 16.1016 642.168 16.4927 10.0964 625.676 60.9943 55.8986 50.9573 45.3065 26.0531 21.0985 14.1733 54.2171 37.7115 16.5055 29.8709 21.0334
internal_count=3297 3254 2955 299 53 246 2902 287 266 68 198 172 93 65 2615 68 42 2547 247 226 206 183 105 85 57 224 156 68 123 87
is_linear=0
shrinkage=0.05


Tree=37
num_leaves=31
num_cat=0
split_feature=0 1 1 0 1 0 1 1 0 0 1 0 1 1 1 1 1 1 1 0 1 1 1 1 1 1 1 0 0 1
split_gain=1.39859 1.61547 2.78722 2.15262 1.65786 1.20745 1.05897 3.42898 1.20154 3.54351 2.09189 1.87039 1.78935 2.10038 1.78915 1.53673 3.07697 2.23318 4.67653 2.84511 1.2091 1.07515 3.17534 2.0604 2.60491 1.86669 4.97121 3.55187 7.42682 2.81104
threshold=71.740642824925871 0.16889291974258028 0.15968794962653346 72.971019931507229 0.16390129424208064 76.446602496533345 0.14445400710909365 0.14538199590588782 38.056869494108504 36.869410111421494 0.17209986512429434 38.880842649481984 0.14781578730642475 0.14832463459649806 0.14893132268230283 0.17429161583166042 0.16159402431672246 0.16538228208435432 0.16957815892801853 31.766672163435285 0.15615730928522159 0.17927577318584539 0.17964276990532502 0.17827979573669347 0.17787260648948 0.18401383957411302 0.1830108048560328 42.744024100919752 46.826984570549861 0.18544395699234331
decision_type=2 2 2 2 2 2 2 2 2 2 2 2 2 2 2 2 2 2 2 2 2 2 2 2 2 2 2 2 2 2
left_child=6 2 -2 -3 -4 -5 -1 -8 9 15 -11 -10 -13 -14 -15 16 20 -18 19 -19 -9 23 -23 24 -16 26 27 -24 -29 -27
right_child=1 3 4 5 -6 -7 7 8 11 10 -12 12 13 14 21 -17 17 18 -20 -21 -22 22 25 -25 -26 29 -28 28 -30 -31
leaf_value=0.021941688219729274 -0.029674499861021136 -0.047005398281672515 0.029720777745305467 0.0062472501395051325 -0.0049438047668657519 -0.025708329955202724 -0.048947750957406486 0.0067912174405444494 -0.021165250811435953 0.010897074041506138 0.050674867191264253 0.030216637546094507 -0.040326097697609628 0.040418607753201635 -0.00020556283845790018 -0.0093180927800406588 0.036488302486755816 -0.044898632371243925 0.025962785803121252 0.0074481257768522595 -0.022097856741235895 0.040748562753354034 -0.037107047620335822 -0.020449667475968741 0.030639662718633637 -0.024858903688359003 0.040698421237287216 0.061527293375254345 -0.00052597161638779256 0.0020387130496186327
leaf_weight=6.1546647846698752 5.2836409509182003 5.1401741504669216 7.16095022857189 6.4953054040670377 6.6543226540088654 5.4250613003969193 3.4047070741653434 5.7787209451198569 9.6862943321466428 6.6194972991943342 6.6013299822807312 5.1873136460781089 3.099721133708953 2.8558358103036872 502.4366799145937 19.66380749642849 9.2788167744874936 5.0293499529361743 14.660198479890822 5.3643712550401688 9.7038996219634992 5.85157187283039 4.9795045703649512 12.355454623699186 6.9392758309841147 11.584313452243803 10.608303949236868 5.5394306480884543 37.222797587513924 60.150368273258209
leaf_count=26 22 21 29 27 28 22 15 24 39 28 31 22 13 12 2041 80 38 21 59 22 40 24 20 50 28 47 45 23 151 249
internal_value=0.000833711 -0.00877683 0.00121169 -0.0199588 0.0130241 -0.00829601 0.00128458 0.0011183 0.00134224 0.00703224 0.0307586 0.000648703 0.000964632 0.000735979 0.000928676 0.00251747 0.00718936 0.0155342 0.00777376 -0.0178816 -0.0113153 0.000757196 0.00471775 -0.00027472 0.000214645 0.00309699 0.00973803 0.00285858 0.00751243 -0.00230494
internal_weight=806.916 36.1595 19.0989 17.0605 13.8153 11.9204 770.756 764.602 761.197 82.7 13.2208 678.497 668.811 663.623 660.524 69.4792 49.8154 34.3327 25.0539 10.3937 15.4826 657.668 135.936 521.731 509.376 130.085 58.35 47.7417 42.7622 71.7347
internal_count=3297 149 79 70 57 49 3148 3122 3107 343 59 2764 2725 2703 2690 284 204 140 102 43 64 2678 559 2119 2069 535 239 194 174 296
is_linear=0
shrinkage=0.05


Tree=38
num_leaves=31
num_cat=0
split_feature=1 1 0 1 1 1 0 0 1 1 1 0 1 1 1 1 1 0 0 1 0 0 1 0 1 1 1 1 0 0
split_gain=1.34714 1.66354 1.5439 2.62237 5.02503 4.0735 2.3476 4.12534 2.3225 2.31758 2.25337 2.22415 2.09641 4.74895 2.75321 3.70731 3.38561 2.5652 4.77399 1.9313 1.8102 4.28341 5.00128 3.33256 1.7875 3.3762 2.84712 1.78503 1.69099 3.03664
threshold=0.19759424311809518 0.19278127842343065 53.193571158345414 0.15770061968328597 0.15644149241359748 0.1593926330067639 51.879268576836147 51.601358671086537 0.18621806566389448 0.17131631569279995 0.18938933382703613 49.312611853679279 0.17927577318584539 0.17982207004911541 0.16426998821966651 0.16732325619982566 0.17113291529635621 59.638179180483185 54.480613195212399 0.1715529639557615 45.752919203257285 49.312611853679279 0.15018201835610845 40.82082388992005 0.18401383957411302 0.18577505973529632 0.18234794269236856 0.18083392493154485 50.783401618084255 51.783332658591654
decision_type=2 2 2 2 2 2 2 2 2 2 2 2 2 2 2 2 2 2 2 2 2 2 2 2 2 2 2 2 2 2
left_child=1 2 3 4 20 11 7 10 12 -8 24 -5 14 -14 -4 -16 -17 18 -15 -18 23 22 -22 -1 26 -26 -7 -19 -23 -30
right_child=-2 -3 8 5 -6 6 9 -9 -10 -11 -12 -13 13 17 15 16 19 27 -20 -21 21 28 -24 -25 25 -27 -28 -29 29 -31
leaf_value=-0.00013838834921861757 0.018452404141869039 -0.017006184762803165 0.0036196903468343994 0.016494905068622664 -0.052063308769624908 0.0021968284752621301 0.0043587863863965431 -0.037513003089251026 -0.019127721132727146 0.032544662796899097 0.026476223222064294 0.057286409315057796 0.052482823768781155 0.03386961150909288 -0.019268696359020596 0.0073626693561206526 -0.038618382941095208 -0.0080971780424112585 -0.020251363992375735 -0.0065075227248629396 0.069598247050836823 -0.03599299870138236 0.004080180943455824 -0.046397833721931021 -0.046064708177486313 0.00098498495973750491 0.029543852876835749 0.026199600495861116 0.026539280731207301 -0.025673169069319626
leaf_weight=12.65912836790085 10.656543686985968 13.258747383952139 126.43233115971088 10.138382121920584 5.6273480057716361 263.25906597077847 16.418954610824589 6.4279080480337134 17.701235502958298 13.121446594595907 9.8599501699209195 4.9846399277448645 5.5891225039958945 5.2899857908487347 40.757819131016731 56.481274306774139 4.9611515849828711 5.2005554288625744 17.735736489295959 83.395646661520004 4.5293159186840084 4.8722441494464901 8.1607655733823758 5.622467339038848 5.4197507947683361 12.860418885946272 9.8745481073856336 14.025655657052992 5.340278357267378 5.819240540266037
leaf_count=52 43 59 515 42 23 1077 66 26 72 53 41 20 23 22 166 229 20 21 72 337 20 20 35 23 22 53 41 58 22 24
internal_value=0.000792818 0.000556346 0.000853902 0.00299824 -0.00741217 0.00455318 0.00341476 0.00212218 -0.00144619 0.0168786 0.00296783 0.02994 -0.000576474 0.00916967 -0.00207078 -0.00594726 -0.00219858 0.00344017 -0.00781748 -0.00831052 -0.00206645 0.00576189 0.0274647 -0.0143654 0.00217243 -0.0129644 0.0031855 0.0169226 -0.0114172 -0.000687413
internal_weight=806.482 795.825 782.566 404.996 52.6308 352.365 337.242 307.702 377.571 29.5404 301.274 15.123 359.869 47.8411 312.028 185.596 144.838 42.2519 23.0257 88.3568 47.0034 28.7218 12.6901 18.2816 291.414 18.2802 273.134 19.2262 16.0318 11.1595
internal_count=3297 3254 3195 1660 219 1441 1379 1260 1535 119 1234 62 1463 196 1267 752 586 173 94 357 196 121 55 75 1193 75 1118 79 66 46
is_linear=0
shrinkage=0.05


Tree=39
num_leaves=31
num_cat=0
split_feature=0 1 1 0 1 0 1 1 1 0 0 1 1 0 0 0 1 0 0 0 0 1 1 0 0 1 0 0 1 1
split_gain=1.24471 1.44328 2.55347 1.90121 1.44792 1.10388 0.925977 1.60551 0.958168 2.28175 3.16911 2.59694 1.57654 1.43604 2.65304 3.31734 3.05571 2.60089 1.9962 3.07318 2.08988 1.83509 1.77792 1.71853 1.71438 1.30881 1.6109 1.19332 3.72887 1.29313
threshold=71.740642824925871 0.16889291974258028 0.15968794962653346 72.971019931507229 0.16390129424208064 76.446602496533345 0.19759424311809518 0.19278127842343065 0.17927577318584539 36.572070843914609 39.808175850988128 0.17964276990532502 0.17827979573669347 42.494022167803934 50.461991797985441 51.879268576836147 0.18083392493154485 47.734530514995122 59.638179180483185 54.480613195212399 61.16097127869115 0.18347153403323055 0.18401383957411302 63.544577061295449 44.223186757245024 0.17800233375224847 25.993277078793508 30.274429228128579 0.16922264022337352 0.14445400710909365
decision_type=2 2 2 2 2 2 2 2 2 2 2 2 2 2 2 2 2 2 2 2 2 2 2 2 2 2 2 2 2 2
left_child=6 2 -2 -3 -4 -5 7 8 12 -10 -11 -12 25 22 16 -16 -15 24 19 21 -20 -17 -13 -22 -18 26 -1 28 -28 -29
right_child=1 3 4 5 -6 -7 -8 -9 9 10 11 13 -14 14 15 18 17 -19 20 -21 23 -23 -24 -25 -26 -27 27 29 -30 -31
leaf_value=0.023146796290133595 -0.028501865519548305 -0.044195211085926514 0.028012361260118707 0.0060416700410534513 -0.0043942698015065505 -0.024514686751298073 0.016372047006579762 -0.016791361390038471 -0.023833972556232163 0.039711886515937607 0.037401309417392475 -0.036194965118238734 -0.015553787879858998 0.052684345605934074 -0.040372478134055381 0.037492199758675668 0.022029560361755674 0.032667570537824105 0.039966658340310962 -0.014360893538761811 -0.019109674043682381 -0.0040981551155317864 0.0061963172650190135 0.014481046351933848 -0.011838805925615564 0.023786921268529361 -0.033077994248062043 0.023952633392498549 0.019904176757920142 0.00044792741567669183
leaf_weight=7.841128781437873 5.2600547820329693 5.1680139452219036 7.1712074130773527 6.4859430491924268 6.6366744786500931 5.4303355365991592 9.9008464366197568 12.497442826628683 6.4013875424861899 6.8952752202749243 5.7933452129364005 4.9742374718189222 14.976260200142859 5.0233007669448879 4.8922899961471549 5.5388815850019437 5.4707996100187364 8.5154360681772214 5.6720185130834606 25.856560617685318 5.2055460512638119 5.0890902578830719 4.919748842716217 14.17920872569084 11.786059290170668 6.16577523946762 9.1718724519014341 5.9120780080556861 5.20582491159439 571.9340546131134
leaf_count=32 22 21 29 27 28 22 40 56 26 31 24 20 61 21 20 23 22 35 23 105 21 21 20 59 48 25 38 25 21 2331
internal_value=0.000753951 -0.0083132 0.00114316 -0.0188675 0.0124363 -0.00788309 0.00117976 0.000981825 0.00127901 0.00525069 0.00680464 0.00479515 0.000472064 0.00303177 0.00487849 -0.00074485 0.0170094 0.010056 0.00240539 -0.00505733 0.0132717 0.0175771 -0.0151161 0.00546066 -0.0011018 0.000867965 0.000632469 0.000334376 -0.0138944 0.00068841
internal_weight=805.971 36.1522 19.0679 17.0843 13.8079 11.9163 769.818 759.918 747.42 126.213 119.812 112.917 621.207 107.123 97.2292 66.4336 30.7956 25.7723 61.5413 36.4845 25.0568 10.628 9.89399 19.3848 17.2569 606.231 600.065 592.224 14.3777 577.846
internal_count=3297 149 79 70 57 49 3148 3108 3052 519 493 462 2533 438 398 272 126 105 252 149 103 44 40 80 70 2472 2447 2415 59 2356
is_linear=0
shrinkage=0.05


Tree=40
num_leaves=31
num_cat=0
split_feature=1 1 1 1 0 0 1 0 0 1 1 1 1 1 1 0 0 0 0 0 0 0 0 0 0 0 1 1 0 0
split_gain=1.82379 2.18029 1.67269 2.71533 2.70372 1.77243 2.78506 2.29244 2.24742 2.15659 1.46178 1.35572 2.73318 1.90743 5.5941 4.24842 1.84765 4.22193 1.60613 1.54552 2.73745 2.68369 1.28444 1.24324 2.64353 3.80004 2.17228 1.71203 1.79516 3.45915
threshold=0.1467603729691381 0.14781578730642475 0.18159191537008254 0.18180605357946297 38.056869494108504 69.406196414796995 0.16240128343679791 74.769531829128809 68.820671084840384 0.1605189431836227 0.18104103848821998 0.18401383957411302 0.18254937680251618 0.18544395699234331 0.18621806566389448 55.806001668504194 49.863374320174742 56.178331401454336 41.880215156260029 59.433121232058035 62.089655745168123 57.421054154346379 71.287784208828455 54.848269381310139 56.178331401454336 56.394563998988886 0.15908181776386709 0.15968794962653346 56.835890469910503 57.22764762972411
decision_type=2 2 2 2 2 2 2 2 2 2 2 2 2 2 2 2 2 2 2 2 2 2 2 2 2 2 2 2 2 2
left_child=-1 -2 5 -4 -5 8 9 22 10 -7 23 12 -6 15 -15 -13 -14 -18 -16 21 -21 -20 -8 -3 26 -26 -25 -27 -29 -30
right_child=1 2 3 4 11 6 7 -9 -10 -11 -12 13 16 14 18 -17 17 -19 19 20 -22 -23 -24 24 25 27 -28 28 29 -31
leaf_value=-0.018886054246457659 0.043757982790510991 0.0017510980712570354 0.0505867606643641 0.030189146976923514 -0.009393386755779479 0.005550406882687515 0.010464233806930165 -0.00061221101753607273 -0.031523350370868237 -0.035725015015591673 -0.020249022204355281 -0.044496379318878371 -0.0020715445417404665 0.052899970384122946 0.02088640662945003 0.013915176255692156 0.062755437373281417 0.0053176928331842184 -0.0048600916571164519 0.039586382595893727 -0.0042243967568361294 -0.044745892206599136 0.036262386832000545 -0.045967794313086334 0.038731206987191243 0.0070356886976613913 -0.010541236743838361 0.01838328181897865 -0.041601657955966043 -0.0040498016861171531
leaf_weight=11.432142212986944 3.0020453780889502 379.46559710800648 3.39978003501892 9.9257413595914823 9.3010005354881304 8.7641251832246763 7.4281379282474544 11.365031838417051 5.8196549862623206 4.9531879872083655 9.0544654577970487 6.9362783282995206 4.8847754299640682 5.1676290333271018 7.1799148172140113 5.6474608480930328 6.4071546643972379 6.390093207359314 29.96189421415329 4.8691443949937847 13.317627444863318 4.9081726223230353 13.766450107097624 5.1881317347288158 5.9038119763135901 41.379346609115601 26.073524504899979 8.1648095399141294 6.4168944358825675 138.4379547983408
leaf_count=49 13 1550 14 43 38 36 31 47 24 20 37 28 20 21 30 23 28 27 124 20 55 20 57 21 24 169 105 33 26 560
internal_value=0.000942344 0.00122802 0.0010665 0.00654914 0.00524608 0.000101619 0.00954402 0.0175056 -0.000596515 -0.00935375 -0.000306259 0.00288754 0.0125478 -0.000454801 0.0029751 -0.0182818 0.0240892 0.0340749 -0.00130788 -0.00431132 0.00750506 -0.0104743 0.0272208 -1.074e-05 -0.00289787 -0.000787357 -0.0164206 -0.00198752 -0.00442756 -0.0057133
internal_weight=804.912 793.48 790.478 118.297 114.897 672.181 46.2769 32.5596 625.904 13.7173 620.085 104.971 26.983 77.9881 65.4044 12.5837 17.682 12.7972 60.2368 53.0568 18.1868 34.8701 21.1946 611.03 231.564 200.303 31.2617 194.399 153.02 144.855
internal_count=3293 3244 3231 491 477 2740 191 135 2549 56 2525 434 113 321 270 51 75 55 249 219 75 144 88 2488 938 812 126 788 619 586
is_linear=0
shrinkage=0.05


Tree=41
num_leaves=31
num_cat=0
split_feature=1 1 1 1 0 0 1 0 0 1 1 1 1 1 1 0 0 0 0 0 0 0 0 1 0 1 0 0 0 1
split_gain=1.65099 1.97975 1.51326 2.4633 2.44364 1.6026 2.51982 2.08119 2.03627 1.95071 1.31924 1.23099 2.48741 1.72228 5.08068 3.83568 1.69554 3.93167 1.44973 1.39522 2.46266 2.43254 1.17081 1.13593 1.13017 1.56331 2.47757 2.90258 2.82991 1.9313
threshold=0.1467603729691381 0.14781578730642475 0.18159191537008254 0.18180605357946297 38.056869494108504 69.406196414796995 0.16240128343679791 74.769531829128809 68.820671084840384 0.1605189431836227 0.18104103848821998 0.18401383957411302 0.18254937680251618 0.18544395699234331 0.18621806566389448 55.732059296744673 49.863374320174742 56.178331401454336 41.880215156260029 59.433121232058035 62.089655745168123 57.421054154346379 71.287784208828455 0.18656022252248647 52.721390128262719 0.17616291056592667 55.10372351236277 57.22764762972411 58.331994756500457 0.17113291529635621
decision_type=2 2 2 2 2 2 2 2 2 2 2 2 2 2 2 2 2 2 2 2 2 2 2 2 2 2 2 2 2 2
left_child=-1 -2 5 -4 23 8 9 22 10 -7 24 12 -6 15 -15 -13 -14 -18 -16 21 -21 -20 -8 -5 -3 29 -27 -28 -29 -26
right_child=1 2 3 4 11 6 7 -9 -10 -11 -12 13 16 14 18 -17 17 -19 19 20 -22 -23 -24 -25 25 26 27 28 -30 -31
leaf_value=-0.017999677031067859 0.041807581232271379 0.0019858078741578056 0.048269453670045023 0.011746973992443 -0.0089163155749198298 0.0052697592004035251 0.0099547796445379928 -0.00058158838242281918 -0.030058805568525943 -0.034006322816564162 -0.019236307045136708 -0.044296871565354688 -0.0019674770955671254 0.050556571602680504 0.019843633973895467 0.010943994448634892 0.060758158660339581 0.0050574754717721106 -0.0046177064295748914 0.037497438146886962 -0.004013409693519287 -0.042641337284868165 0.034616535840930197 0.045602070229751532 -0.0015354238447617791 0.033354331925622469 -0.028774470568338564 0.042284333272755957 0.00054064103699459913 -0.012467574995019564
leaf_weight=11.39628630876541 2.985416814684867 328.21877664327621 3.3852103650569907 4.9408933669328672 9.3085213601589221 8.7691908776760084 7.4181331843137768 11.365252479910849 5.7985849231481543 4.9435865581035605 9.0545793026685697 6.448075056076048 4.885963216423991 5.1375579088926306 7.1793631315231314 6.1295871883630753 6.2898750603198987 6.3831150531768799 29.957976624369621 4.8829984664917019 13.316875398159025 4.8932646512985221 13.701593264937399 4.9698941111564636 190.97757148742676 7.2021193802356711 6.5663110464811316 4.9903115183115032 21.779505789279938 51.23896761238575
leaf_count=49 13 1344 14 21 38 36 31 47 24 20 37 26 20 21 30 25 28 27 124 20 55 20 57 22 773 29 27 21 88 206
internal_value=0.000896021 0.00116753 0.00101398 0.00623346 0.00499309 9.66478e-05 0.00908347 0.0166704 -0.000566748 -0.00888964 -0.000290935 0.00274917 0.0119785 -0.000432148 0.00282804 -0.0173758 0.0230555 0.0327029 -0.00124312 -0.00409678 0.00712389 -0.00995639 0.0259543 0.0287241 -1.01659e-05 -0.00232707 0.00676069 0.00101526 0.00832232 -0.00384803
internal_weight=804.515 793.119 790.134 118.109 114.724 672.024 46.1978 32.485 625.827 13.7128 620.028 104.813 26.8675 77.9457 65.368 12.5777 17.559 12.673 60.2305 53.0511 18.1999 34.8512 21.1197 9.91079 610.974 282.755 40.5382 33.3361 26.7698 242.217
internal_count=3293 3244 3231 491 477 2740 191 135 2549 56 2525 434 113 321 270 51 75 55 249 219 75 144 88 43 2488 1144 165 136 109 979
is_linear=0
shrinkage=0.05


Tree=42
num_leaves=31
num_cat=0
split_feature=1 1 1 1 0 0 1 1 0 1 0 1 1 1 1 0 0 1 1 0 0 0 0 0 1 1 0 0 0 0
split_gain=1.49459 1.79861 1.36967 2.23714 2.21166 1.44925 2.28022 1.97911 2.17389 1.89858 1.84548 1.76545 1.19084 1.11803 2.26458 1.5571 3.66781 1.55633 4.61938 3.4927 1.30879 1.26403 1.95964 1.72331 1.10923 1.03633 1.01999 1.48182 4.82262 2.35752
threshold=0.1467603729691381 0.14781578730642475 0.18159191537008254 0.18180605357946297 38.056869494108504 69.406196414796995 0.16240128343679791 0.17721515002904281 74.769531829128809 0.17139912820596115 68.820671084840384 0.1605189431836227 0.18104103848821998 0.18401383957411302 0.18254937680251618 49.863374320174742 56.178331401454336 0.18544395699234331 0.18621806566389448 55.806001668504194 41.880215156260029 59.972017688993411 66.16167828607216 57.421054154346379 0.19650639177937165 0.18656022252248647 52.721390128262719 48.768310113732063 48.226608523140079 50.275523293024058
decision_type=2 2 2 2 2 2 2 2 2 2 2 2 2 2 2 2 2 2 2 2 2 2 2 2 2 2 2 2 2 2
left_child=-1 -2 5 -4 25 10 11 8 9 -8 12 -7 26 14 -6 -16 -17 19 -19 -15 -20 23 -23 24 -22 -5 27 28 -3 -29
right_child=1 2 3 4 13 6 7 -9 -10 -11 -12 -13 -14 17 15 16 -18 18 20 -21 21 22 -24 -25 -26 -27 -28 29 -30 -31
leaf_value=-0.0171548164357858 0.039964004108694169 0.001426926253946805 0.046101561154851256 0.011161794133713059 -0.0084641707128939852 0.00500352288706255 0.020582266342467528 -0.013414012112680285 0.0026665843246842479 0.056117316955537989 -0.028670044680562778 -0.032386416834675129 -0.018277601735604183 -0.040309629451631093 -0.0018686632329911017 0.058889865094397559 0.0048097886291883643 0.048366902438414607 0.018856277608863218 0.012699986705050417 -0.0088420095296896876 0.023449080561335191 -0.010322337214958434 -0.034007266202766728 0.016395255679266179 0.043539637973296533 -0.0022108435097637305 0.01859873828101934 -0.03135337813615368 0.0016251042579697617
leaf_weight=11.360596433281897 2.9674413353204718 224.132738083601 3.3676223754882804 4.9399571418762189 9.3153019100427645 8.7738844901323301 11.893579304218298 4.8955512493848792 10.121108561754225 5.4957299828529349 5.7760715633630744 4.9316145926713935 9.053070664405821 6.9263990521430951 4.8870821595191982 6.1680601835250837 6.3764077723026276 5.1025275439023963 7.1775678545236579 5.6356752812862396 24.666837602853779 8.9517133086919802 8.2583823502063733 5.8735637515783301 5.2871185690164557 4.9456648230552673 282.706527531147 30.623316407203674 11.811400249600409 61.622614577412605
leaf_count=49 13 922 14 21 38 36 50 20 42 23 24 20 37 28 20 28 27 21 30 23 102 37 34 24 22 22 1144 125 48 249
internal_value=0.000852151 0.00111022 0.000964227 0.00593535 0.00475412 9.19992e-05 0.00864655 0.0158774 0.0210899 0.0318128 -0.00053841 -0.0084504 -0.000276307 0.0026182 0.0114379 0.0220734 0.0314007 -0.000410798 0.00268893 -0.0165281 -0.00118174 -0.00389348 0.00724363 -0.0092433 -0.00438743 0.0273601 -9.54021e-06 0.00188669 -0.000214061 0.00725992
internal_weight=804.045 792.685 789.717 117.88 114.512 671.837 46.1115 32.406 27.5104 17.3893 625.726 13.7055 619.95 104.627 26.7469 17.4316 12.5445 77.8798 65.3177 12.5621 60.2152 53.0376 17.2101 35.8275 29.954 9.88562 610.897 328.19 235.944 92.2459
internal_count=3293 3244 3231 491 477 2740 191 135 115 73 2549 56 2525 434 113 75 55 321 270 51 249 219 71 148 124 43 2488 1344 970 374
is_linear=0
shrinkage=0.05


Tree=43
num_leaves=31
num_cat=0
split_feature=1 1 1 1 0 0 0 0 1 0 1 1 1 0 0 0 0 0 1 0 1 0 0 0 0 1 1 0 1 0
split_gain=1.35299 1.63476 1.25911 5.07786 5.07971 4.2926 3.97646 3.36369 3.02192 2.57239 2.56245 3.82652 2.22851 2.55841 2.02555 3.19149 1.98431 4.12271 2.68747 2.02976 1.9226 1.73138 1.90134 1.41975 1.26458 1.1718 2.29314 2.84414 1.71015 1.67413
threshold=0.1467603729691381 0.14781578730642475 0.17325083571124214 0.17113291529635621 37.119861997202243 24.601594341874677 43.725576041889745 47.374329535516935 0.17195418214580457 62.089655745168123 0.17406102171310081 0.17439796735442373 0.16914173486915443 66.881452748388554 50.587196143560043 43.202922193149632 56.948868729301672 59.721947235867283 0.16944135098240451 48.317128221912682 0.16889291974258028 58.892450378332306 53.193571158345414 53.33381351831774 32.395996478643227 0.17566745582656559 0.1748557673290794 47.374329535516935 0.17616291056592667 72.396917186913569
decision_type=2 2 2 2 2 2 2 2 2 2 2 2 2 2 2 2 2 2 2 2 2 2 2 2 2 2 2 2 2 2
left_child=-1 -2 3 12 -5 -4 -6 -8 9 -9 14 -12 20 16 15 -7 18 -18 -14 -20 24 22 -10 -21 -3 26 27 -13 -27 -30
right_child=1 2 5 4 6 10 7 8 21 -11 11 25 13 -15 -16 -17 17 -19 19 23 -22 -23 -24 -25 -26 28 -28 -29 29 -31
leaf_value=-0.016349311390755426 0.038217436202489775 0.015329809712916901 -0.045431375113661514 0.030334357230829112 -0.055349659434498238 0.008488051214452277 0.021850508921769967 -0.020753565103624565 -0.00098076080341155322 -0.067023634944319593 -0.030345521452658366 0.025190188999066849 0.041212168219041272 0.044578806808476881 0.0070658572520669385 0.064961488135944143 -0.041408371414461763 0.014624691071990362 -0.0049715210303354828 0.035637298190942399 -0.028660392146761932 0.0066770855092605792 -0.040951067252046933 0.0025655983672058574 -0.00035614318371243839 -0.01451622134386811 0.023922376777295123 -0.022713732116595095 0.0045720272112905417 -0.020073144250378625
leaf_weight=11.325221687555311 2.9483933001756659 13.317691162228583 4.4193070679903022 5.4233674556016913 7.0625291913747779 4.9249732941389102 5.4513283669948569 7.1441697478294355 5.6928205192089099 5.1831372976303101 8.4040181785821897 5.1927870213985461 6.9052055627107611 5.0071267038583747 12.638848334550856 5.0845903754234314 5.7413259297609311 7.6657871156930923 16.710412487387661 7.4633099734783155 5.8616336137056342 9.5759797245264036 6.2326491624116898 5.7418300658464432 364.94572529196739 13.595931410789488 19.051858261227608 7.6826357841491699 210.03425669670105 7.1244557946920386
leaf_count=49 13 55 18 22 29 20 22 29 23 21 34 21 28 21 51 21 23 31 69 30 24 39 25 23 1492 55 77 31 868 29
internal_value=0.000810491 0.0010558 0.000916978 -0.000639023 -0.0154506 0.00348006 -0.0208087 -0.0145983 -0.0204718 -0.0402083 0.00421595 0.00286609 0.0011061 0.0104968 0.0203727 0.037175 0.00709918 -0.00937034 0.013096 0.00660617 -0.000244222 -0.00915647 -0.0218706 0.0212571 0.000196119 0.00392864 0.0129066 -0.0033936 0.00268645 0.00376348
internal_weight=803.553 792.228 789.28 491.126 51.766 298.154 46.3426 39.2801 33.8288 12.3273 293.734 271.086 439.36 55.235 22.6484 10.0096 50.2279 13.4071 36.8208 29.9156 384.125 21.5014 11.9255 13.2051 378.263 262.682 31.9273 12.8754 230.755 217.159
internal_count=3293 3244 3231 2006 210 1225 188 159 137 50 1207 1115 1796 225 92 41 204 54 150 122 1571 87 48 53 1547 1081 129 52 952 897
is_linear=0
shrinkage=0.05


Tree=44
num_leaves=31
num_cat=0
split_feature=1 1 0 0 1 0 1 1 0 1 0 1 1 0 0 1 1 0 0 0 1 0 1 0 1 0 0 0 1 0
split_gain=1.22899 1.97817 1.51216 2.52558 1.81895 1.34661 2.05776 1.75666 2.00408 1.78178 1.73687 2.45415 1.59858 1.11331 1.1205 1.19897 1.30384 1.22224 2.12758 2.00224 1.10458 1.2926 1.14424 5.99651 3.8639 4.6573 3.54445 3.09918 2.54796 3.36976
threshold=0.18159191537008254 0.18365769362718323 41.880215156260029 43.553582182380872 0.18656022252248647 69.406196414796995 0.16240128343679791 0.17721515002904281 74.769531829128809 0.17139912820596115 67.973598912503221 0.16340484234643438 0.1605189431836227 45.368958531738649 47.484574990830303 0.18621806566389448 0.1850528714257739 59.433121232058035 62.089655745168123 57.421054154346379 0.18067504270310228 55.202835980014548 0.17325083571124214 37.119861997202243 0.17113291529635621 37.119861997202243 43.725576041889745 47.374329535516935 0.17382760910191616 42.494022167803934
decision_type=2 2 2 2 2 2 2 2 2 2 2 2 2 2 2 2 2 2 2 2 2 2 2 2 2 2 2 2 2 2
left_child=5 -2 4 -4 -3 10 12 8 9 -8 20 -12 -7 -5 -15 16 -16 19 -19 -17 22 -22 24 -24 -1 -26 -27 -28 -25 -30
right_child=1 2 3 13 -6 6 7 -9 -10 -11 11 -13 -14 14 15 17 -18 18 -20 -21 21 -23 23 28 25 26 27 -29 29 -31
leaf_value=0.00040336131316787345 0.016945860794532242 -0.010671295956359204 -0.035220003207911944 0.023615876946360276 0.025926578305685611 0.0047689014148217133 0.019519714129212152 -0.012448864695158005 0.00236684023014352 0.054103199907351712 0.010906992145470723 -0.03319744733517193 -0.030839813583057308 -0.020229750383206402 0.0011348576040630649 -0.0027808419308295263 0.029867489612646209 0.034690389965403884 -0.0038551923722112144 -0.039319833534478453 -0.0019533081703361935 -0.031194270331245569 -0.023646954907451417 0.028345805978551034 0.028879571416356817 -0.052768746873058506 0.020786305238550105 -0.020329146757853789 0.027344143600263923 0.0020184021059544326
leaf_weight=412.95880150794983 28.549612611532211 4.759959444403651 5.100814923644065 5.14829397201538 11.840136274695395 8.7779299616813642 11.847044676542287 4.9038071185350409 10.112485289573668 5.432132512331008 4.8028723150491706 9.1879419684410077 4.9175022095441809 6.4962650239467612 9.4380317032337206 16.409140840172771 6.7880747616291037 4.8989185094833401 13.296743854880331 4.8595831692218772 9.7974400818347913 6.152888596057891 17.46664135158062 13.222591102123259 5.4120245873928061 7.0381545424461356 5.4440858215093604 28.986607372760773 15.029633879661558 104.16666314005852
leaf_count=1689 121 20 21 21 51 36 50 20 42 23 20 38 20 27 39 68 28 20 55 20 40 25 71 54 22 29 22 117 61 423
internal_value=0.000770394 0.00549318 0.00182084 -0.00129851 0.0154324 -3.9531e-05 0.00822425 0.0151115 0.0200456 0.0303919 -0.000633683 -0.0180569 -0.00801682 0.00127113 -0.000578734 0.00171355 0.0131549 -0.00299068 0.00652265 -0.0111295 -0.000244079 -0.0132331 9.57123e-05 0.0038896 -0.00114091 -0.0147439 -0.0204372 -0.0138281 0.00752179 0.00521176
internal_weight=803.243 117.586 89.036 72.4359 16.6001 685.657 45.9909 32.2955 27.3917 17.2792 639.666 13.9908 13.6954 67.3351 62.1868 55.6905 16.2261 39.4644 18.1957 21.2687 625.676 15.9503 609.725 149.886 459.84 46.8809 41.4688 34.4307 132.419 119.196
internal_count=3293 491 370 299 71 2802 191 135 115 73 2611 58 56 278 257 230 67 163 75 88 2553 65 2488 609 1879 190 168 139 538 484
is_linear=0
shrinkage=0.05


Tree=45
num_leaves=31
num_cat=0
split_feature=1 1 0 0 1 1 1 1 1 0 0 1 1 0 0 0 0 0 0 0 0 0 0 1 1 1 1 0 0 0
split_gain=1.72831 3.62273 2.43412 2.37047 2.67137 2.19522 4.10758 1.62635 1.46411 1.98112 1.94461 1.83604 3.81098 2.82569 2.44249 2.41137 2.32206 2.73879 4.76861 3.32846 3.79736 3.24073 3.84361 2.72874 2.21957 2.74827 2.31756 2.06736 2.04614 2.03179
threshold=0.17873527508048909 0.17827979573669347 59.835980343485552 61.922204389079262 0.18621806566389448 0.19184395495908399 0.19650639177937165 0.18083392493154485 0.14958115986185352 49.53649437279072 59.972017688993411 0.15924872022257 0.15870381171328837 70.84303567801949 65.392808059286963 70.84303567801949 59.322868885412852 54.231689806442006 53.737555890222332 56.835890469910503 57.22764762972411 56.178331401454336 55.732059296744673 0.1604048261742955 0.17406102171310081 0.171198840748265 0.16821684430360936 62.537255117466849 59.721947235867283 58.111313562532025
decision_type=2 2 2 2 2 2 2 2 2 2 2 2 2 2 2 2 2 2 2 2 2 2 2 2 2 2 2 2 2 2
left_child=1 8 5 -4 7 -2 -7 -5 9 -1 -11 12 13 14 27 16 17 18 -13 21 -21 22 -19 -18 25 26 29 -10 -25 -22
right_child=2 -3 3 4 -6 6 -8 -9 11 10 -12 15 -14 -15 -16 -17 23 19 -20 20 24 -23 -24 28 -26 -27 -28 -29 -30 -31
leaf_value=0.0070556304422755393 0.00254935946557762 -0.042258174785065876 0.036999310798174277 0.0012857788901967813 -0.008592807761696122 -0.042753490279865428 0.0073236874096020699 0.032763833055560083 0.002940168100597081 -0.035695429611943434 0.0013416316252285922 -0.0031743826642193101 0.034796089799350553 -0.036010653122859372 0.03034314147462577 0.010872635360722409 -0.046446075156775506 0.016295024085748008 -0.043767443233137027 -0.039070948083054079 0.029989525844249257 0.036395749745617906 -0.02350421212382783 -0.035693291621692901 -0.021315094953146829 0.039872148503390367 -0.028879990853471 -0.028475865625652186 -0.0066222511839680214 -0.0078633698464301224
leaf_weight=7.5090540945529964 100.49314856529236 5.6559108644723883 8.7884186804294568 6.6426823586225572 14.044365555047987 8.0206743031740206 8.3663426190614683 10.733981907367705 82.328218951821327 11.186388388276102 5.1875621527433387 273.67011016607285 9.35197666287422 4.7998558282852164 7.6809497475624076 30.010046139359474 4.9698956012725821 25.579051792621613 7.4312813878059378 6.6867294758558264 6.9726268053054863 12.840283617377279 7.9523907005786887 6.4689287692308417 7.6196371167898169 5.7405034601688376 4.987836927175521 5.5923609137535086 94.086493924260139 7.2115108817815781
leaf_count=32 415 23 36 27 58 36 35 45 338 48 22 1118 38 20 32 125 20 103 30 27 28 52 32 26 31 23 20 23 382 29
internal_value=-0.00126765 -0.00241867 0.00343286 0.0140443 0.00762378 -0.000217712 -0.0171867 0.0207305 -0.0020643 -0.0142094 -0.0239614 -0.00159033 0.00426813 0.00142458 0.00330409 -0.0028706 -0.003744 -0.00186311 -0.00424751 0.00596789 -0.00475367 0.0150356 0.00685615 -0.0102799 0.00229998 0.0095228 0.000435548 0.00094189 -0.00849245 0.0107443
internal_weight=798.609 641.52 157.09 40.2094 31.421 116.88 16.387 17.3767 635.864 23.883 16.374 611.981 109.753 100.401 95.6015 502.227 472.217 366.692 281.101 85.5906 39.2188 46.3717 33.5314 105.525 32.5321 24.9125 19.172 87.9206 100.555 14.1841
internal_count=3274 2622 652 166 130 486 71 72 2599 102 70 2497 451 413 393 2046 1921 1493 1148 345 158 187 135 428 131 100 77 361 408 57
is_linear=0
shrinkage=0.05


Tree=46
num_leaves=31
num_cat=0
split_feature=1 1 1 0 0 0 0 0 0 0 1 0 1 1 0 0 0 0 1 0 1 0 0 1 1 0 0 0 0 0
split_gain=1.5608 3.26736 2.34875 3.85963 3.53362 2.61611 1.86943 1.723 3.36749 2.40419 2.12869 3.68306 1.88895 4.3689 2.10173 2.83421 2.04659 3.1065 1.87279 1.63059 1.32654 1.79689 1.77213 1.65776 3.45149 2.56376 2.22876 2.39629 2.17725 2.15966
threshold=0.17873527508048909 0.17827979573669347 0.18056105118800461 57.22764762972411 47.734530514995122 61.922204389079262 42.198165829815885 59.972017688993411 57.22764762972411 55.806001668504194 0.19184395495908399 46.467351087052968 0.1830108048560328 0.18365769362718323 43.553582182380872 51.701654554544774 45.257354266529667 51.601358671086537 0.18234794269236856 47.949603491333541 0.14958115986185352 49.53649437279072 59.972017688993411 0.15924872022257 0.15870381171328837 70.84303567801949 64.638389391575771 62.537255117466849 70.84303567801949 61.316514760494861
decision_type=2 2 2 2 2 2 2 2 2 2 2 2 2 2 2 2 2 2 2 2 2 2 2 2 2 2 2 2 2 2
left_child=1 20 3 4 6 -5 -2 8 9 10 12 -12 16 -14 -15 19 -4 -18 -9 -16 21 -1 -23 24 25 26 27 -22 29 -25
right_child=2 -3 7 5 -6 -7 -8 18 -10 -11 11 -13 13 14 15 -17 17 -19 -20 -21 23 22 -24 28 -26 -27 -28 -29 -30 -31
leaf_value=0.0067051719392455331 0.0016096619269434364 -0.040123637177088521 0.0058762934293467312 0.059156802060562778 -0.019558029946879236 0.011581182993007243 0.04577337958889318 0.032097337925376536 -0.030568016848449665 0.031095664570346598 0.0012911093229556164 -0.052501239873236773 0.046410945021265707 -0.01306447502313089 0.0094271183672775833 -0.013507935763768839 -0.048564601563198612 0.003818342036710832 0.0035712144484333188 0.043837179494281259 0.0027936934608348467 -0.034112995123249161 0.001274375836679347 -0.0020599581171312762 0.033156577948902081 -0.034409380819432699 0.027792305034139226 -0.033261534946367147 0.010336413890705082 -0.011194486317322325
leaf_weight=7.5065175890922573 4.8764099478721672 5.6588608324527732 10.02103538811207 6.5640461146831495 9.6406627446413022 5.161780908703804 4.7111260592937469 7.4953476935625067 10.034878849983214 5.8153825849294654 7.8435217440128309 5.3542101085186005 6.1885876655578604 15.434654667973517 7.8928433358669299 7.5890694111585608 6.3105463832616788 5.1320286095142365 24.760690212249756 6.106385737657547 82.312883242964745 11.121704757213594 5.1882526427507392 394.78873047232628 9.3243891000747663 4.7727573215961447 8.365880534052847 4.8816166222095481 29.989075243473053 77.392121642827988
leaf_count=32 20 23 41 27 39 21 20 31 41 24 34 24 28 64 32 31 26 21 103 25 338 48 22 1606 38 20 35 20 125 315
internal_value=-0.0012049 -0.00229861 0.00326453 0.0156047 0.00181718 0.0382137 0.0233108 0.000232451 -0.00319795 8.39299e-05 -0.00223196 -0.020532 0.00150238 0.00752469 0.00102464 0.0110977 -0.010622 -0.0250707 0.0101998 0.0244366 -0.00196187 -0.013539 -0.0228562 -0.00151121 0.00405837 0.00135415 0.00314036 0.000775128 -0.00272743 -0.00355714
internal_weight=798.236 641.303 156.933 30.954 19.2282 11.7258 9.58754 125.979 93.7231 83.6883 77.8729 13.1977 64.6752 43.2115 37.023 21.5883 21.4636 11.4426 32.256 13.9992 635.644 23.8165 16.31 611.827 109.658 100.333 95.5604 87.1945 502.17 472.181
internal_count=3274 2622 652 127 79 48 40 525 391 350 326 58 268 180 152 88 88 47 134 57 2599 102 70 2497 451 413 393 358 2046 1921
is_linear=0
shrinkage=0.05


Tree=47
num_leaves=31
num_cat=0
split_feature=1 1 0 1 1 1 1 1 0 0 1 0 0 0 1 0 0 0 1 1 0 1 0 0 1 0 0 0 0 1
split_gain=1.45445 3.65765 3.28276 3.22762 2.80719 4.56392 3.88061 3.69467 3.62547 2.91691 2.82219 2.79709 2.53014 2.4041 2.19695 2.17894 1.62213 3.32752 2.15178 1.7322 1.45262 1.34115 1.33585 3.15468 2.37877 2.65268 2.06199 2.25911 1.76118 1.79536
threshold=0.1748557673290794 0.17406102171310081 25.993277078793508 0.1735955163810429 0.17113291529635621 0.17169495093380352 0.17221260081390879 0.17087090419125028 58.331994756500457 29.559645581098433 0.17195418214580457 62.857182949313113 53.193571158345414 43.444739153885841 0.17545547071586662 27.250192704436532 38.056869494108504 39.268635196884325 0.17787260648948 0.17616291056592667 32.395996478643227 0.18279363461204468 49.863374320174742 51.124281527396157 0.18621806566389448 56.014628379628057 45.257354266529667 43.553582182380872 52.094916842158177 0.17927577318584539
decision_type=2 2 2 2 2 2 2 2 2 2 2 2 2 2 2 2 2 2 2 2 2 2 2 2 2 2 2 2 2 2
left_child=1 2 -1 4 7 -6 10 9 12 -4 -7 -10 -8 -3 -2 -16 18 -18 -17 -19 -11 -20 26 -24 28 -26 27 -21 -25 -30
right_child=14 13 3 -5 5 6 8 -9 11 20 -12 -13 -14 -15 15 16 17 19 21 22 -22 -23 23 24 25 -27 -28 -29 29 -31
leaf_value=0.039092035730748056 0.020313157010598659 0.0028739330555012065 -0.029292581514282601 0.022181964043981539 -0.036088007362091452 -0.0043237486079613077 -0.01529099205353502 0.037205490324139584 0.033485833373081468 0.0221978067150016 0.042400168669491388 -0.013813838604708318 -0.052573136127572029 -0.033646843620127979 -0.0331132229299968 0.044355151878523132 -0.038538674141412502 -0.016725030498094231 -0.011588377880292057 -0.0026587986880065883 -0.0016070717721583525 0.019912880635549936 0.042928590703246595 -0.020228044268259748 -0.03622515754419911 -0.0002356430496377085 -0.012612277110383133 0.026839453803816079 0.00067564487358186688 0.01640561198158352
leaf_weight=4.8816933631896964 15.547484979033468 6.4238675683736828 9.4763444662094098 13.347860381007193 15.495233982801436 6.5996286273002607 19.246872037649158 6.1394131779670706 5.9901121556758863 6.50472168624401 6.3331583738327026 6.5360024571418762 5.9599044770002356 15.095211192965506 4.6189972162246695 4.8516245931386974 5.3735899478197089 12.395193964242933 6.199986979365347 23.466766327619553 433.5379541516304 7.425359919667244 5.4436954855918875 5.0431645363569251 6.5451468825340298 23.51493775844574 30.477104589343071 8.9722051620483381 29.70844541490078 46.58443595468998
leaf_count=20 63 26 39 54 63 27 79 25 24 27 26 27 24 61 19 20 22 50 26 96 1777 32 23 21 28 97 126 37 121 194
internal_value=-0.00114513 -0.00252965 -0.00172415 -0.00209646 -0.00271749 -0.0123417 -0.0050793 -0.00132007 -0.0131805 -0.00184625 0.0185569 0.00880533 -0.024106 -0.0227447 0.00214703 0.000866834 0.00159347 0.000268241 0.0157605 0.00135349 -0.00125519 0.00557876 0.00260011 0.00576306 0.00394686 -0.00807184 -0.00327373 0.00550004 0.00838872 0.0102804
internal_weight=797.736 561.568 540.049 535.167 521.819 66.1609 50.6657 455.658 37.7329 449.519 12.9328 12.5261 25.2068 21.5191 236.168 220.621 216.002 197.525 18.477 192.151 440.043 13.6253 179.756 116.84 111.396 30.0601 62.9161 32.439 81.336 76.2929
internal_count=3274 2299 2212 2192 2138 270 207 1868 154 1843 53 51 103 87 975 912 893 815 78 793 1804 58 743 484 461 125 259 133 336 315
is_linear=0
shrinkage=0.05


Tree=48
num_leaves=31
num_cat=0
split_feature=1 0 0 1 1 0 0 0 0 0 1 0 1 0 1 0 1 1 1 1 0 1 1 0 1 0 0 0 0 1
split_gain=1.3437 1.63757 1.61623 1.11222 3.13553 2.32684 2.01884 2.16789 1.92136 3.14353 2.75103 2.38395 2.02395 1.90677 2.11458 3.13163 1.72576 1.72958 3.58081 2.7035 2.67161 2.56416 3.33794 3.381 3.11952 2.82675 2.52065 3.55203 4.80479 1.76611
threshold=0.14958115986185352 49.53649437279072 59.972017688993411 0.15924872022257 0.15870381171328837 70.84303567801949 64.638389391575771 62.537255117466849 52.898645100428517 54.480613195212399 0.15422727915749665 51.701654554544774 0.15676798413360976 70.322034159368485 0.16022777631148702 56.835890469910503 0.1605189431836227 0.1748557673290794 0.17406102171310081 0.1735955163810429 43.444739153885841 0.17113291529635621 0.17169495093380352 36.248406354144258 0.17077488336573823 41.880215156260029 48.40065041735793 55.202835980014548 62.857182949313113 0.1649813186745808
decision_type=2 2 2 2 2 2 2 2 2 2 2 2 2 2 2 2 2 2 2 2 2 2 2 2 2 2 2 2 2 2
left_child=1 -1 -3 4 5 6 7 8 11 -10 -11 -2 -12 14 15 -5 -16 18 19 21 -20 24 -23 -24 29 -25 -27 -28 -29 -18
right_child=3 2 -4 13 -6 -7 -8 -9 9 10 12 -13 -14 -15 16 -17 17 -19 20 -21 -22 22 23 25 -26 26 27 28 -30 -31
leaf_value=0.0065099986693572367 0.00021640741699252672 -0.032538520770011542 0.0012910526841612045 -0.0043435114334544273 0.031722328586836761 -0.03281899758669498 0.02655835559430731 -0.031610511044997978 0.047829749769894805 0.023760885921727079 -0.022857531987635089 -0.036290726827875305 0.014294074027623694 0.0090306915538661478 0.020517002121727319 -0.050792496867135363 -0.007546913828676758 0.0014702051850809888 0.0027300179654027893 0.020775010427555838 -0.035961892095605873 -0.033620699373105238 0.032683247732766839 -0.047295992305968634 0.027188411822808581 0.017873236194657093 -0.033241293407520557 0.019350111763281563 -0.03409281082302959 0.00070064146201182312
leaf_weight=7.5056616067886379 45.060200542211533 11.0513101965189 5.1880817413330069 10.778708994388582 9.2935897558927518 4.7429594099521628 8.342717692255972 4.8677171468734732 5.2043607085943213 11.632559254765512 9.4452512562274915 4.9644717872142783 5.9913073331117621 40.382030323147774 8.6135356277227384 5.4704202860593787 108.31005454063416 222.55780377984047 6.424367398023608 11.658926188945768 14.601321145892141 14.717683106660841 4.9543450921773902 4.7544077783823004 9.0816081166267377 8.3734949529170972 12.82925605773926 12.213686943054201 6.4143960922956458 161.98707297444344
leaf_count=32 187 48 22 44 38 20 35 20 21 48 38 20 24 168 35 22 441 920 26 47 59 60 20 20 37 35 52 49 26 660
internal_value=-0.00108831 -0.0128041 -0.0217308 -0.000728737 0.00393909 0.00136351 0.00306101 0.000812064 0.00272977 0.0122413 0.00539896 -0.00340658 -0.00843808 -0.00149868 -0.00218037 -0.019981 -0.00170424 -0.00202385 -0.00409024 -0.00290376 -0.0241396 -0.00370713 -0.0127131 -0.00650164 -0.00163576 -0.0108559 -0.00650622 -0.0129957 0.00094757 -0.00260421
internal_weight=797.413 23.7451 16.2394 773.668 109.545 100.252 95.5086 87.1659 82.2982 32.2735 27.0691 50.0247 15.4366 664.123 623.741 16.2491 607.492 598.878 376.321 355.295 21.0257 343.636 64.2573 49.5396 279.379 44.5852 39.8308 31.4573 18.6281 270.297
internal_count=3274 102 70 3172 451 413 393 358 338 131 110 207 62 2721 2553 66 2487 2452 1532 1447 85 1400 262 202 1138 182 162 127 75 1101
is_linear=0
shrinkage=0.05


Tree=49
num_leaves=31
num_cat=0
split_feature=1 0 0 1 1 1 0 0 0 0 0 1 0 0 1 1 1 0 1 1 1 1 1 1 0 0 0 0 1 1
split_gain=1.21727 1.48582 1.47394 1.01962 3.01354 2.10611 3.36421 3.33128 2.42552 1.63554 1.43988 2.75539 2.54186 2.09748 1.88113 4.25659 1.65573 1.58932 1.49919 2.79207 2.27383 1.91219 1.34235 2.84191 2.11244 1.8302 1.7727 1.83934 1.89185 2.30416
threshold=0.14958115986185352 49.53649437279072 59.972017688993411 0.17873527508048909 0.17827979573669347 0.18056105118800461 57.22764762972411 47.734530514995122 61.922204389079262 42.198165829815885 60.533606471364507 0.18234794269236856 57.22764762972411 55.806001668504194 0.19278127842343065 0.19650639177937165 0.18159191537008254 36.248406354144258 0.18365769362718323 0.1830108048560328 0.18544395699234331 0.18656022252248647 0.15924872022257 0.15870381171328837 70.84303567801949 65.392808059286963 70.84303567801949 61.316514760494861 0.16321754947479503 0.16742828947800267
decision_type=2 2 2 2 2 2 2 2 2 2 2 2 2 2 2 2 2 2 2 2 2 2 2 2 2 2 2 2 2 2
left_child=1 -1 -3 4 22 6 7 9 -8 -5 12 -12 13 14 16 -16 -7 -18 19 -19 -20 -22 23 24 25 -2 27 -24 -29 -30
right_child=3 2 -4 5 -6 10 8 -9 -10 -11 11 -13 -14 -15 15 -17 17 18 20 -21 21 -23 26 -25 -26 -27 -28 28 29 -31
leaf_value=0.0061866595584325786 0.00087146277201902297 -0.03111068317742452 0.0012263397514793639 0.0024193390516893871 -0.03793872363152672 -0.01714433233901029 0.056135256655845102 -0.018988643943196007 0.010201594066372867 0.043824128510229307 0.037798859088834652 0.0015078186106821706 -0.024764665718349354 0.029120664394898028 -0.054717765557791266 0.0077110298334494677 -0.017110195046645543 0.0041433513334549182 -0.021789796911390002 0.048949660232046222 0.037612825816197765 0.0026291988188501987 -0.0017312984978688493 0.030249970497050211 -0.031377856373028021 0.02641946234560065 0.0094315995332442705 -0.02770099533286929 0.0067459270031913383 -0.013329581419721782
leaf_weight=7.5031066983938244 87.783864170312881 10.982371911406519 5.1887434870004645 4.8724353760480934 5.6551492661237708 10.507695272564886 6.496455252170561 9.6357832252979261 5.1541026532649994 4.6720403581857681 6.7076171636581448 23.747007951140404 11.74811679124832 5.7850860804319373 5.0955876260995847 5.882579430937767 7.3992180526256552 9.2214330136775953 7.7664218544960013 5.5812304913997641 4.7790811657905605 21.38300022482872 394.55825117230415 9.25951439142227 4.7135174870491019 7.618496596813201 29.947547152638435 12.827976003289221 21.376840099692345 43.130587831139565
leaf_count=32 361 48 22 20 23 43 27 39 21 20 28 99 48 24 24 25 30 38 32 26 20 88 1606 38 20 32 125 52 88 175
internal_value=-0.00103455 -0.0122026 -0.0207349 -0.000692644 -0.00160693 0.00291268 0.0146226 0.00175001 0.0358146 0.0226871 3.83669e-05 0.0095009 -0.00299032 7.68665e-05 -0.0020879 -0.0212657 0.00107151 0.00448155 0.00775999 0.0210372 0.00196726 0.00901973 -0.00127078 0.00374835 0.00129727 0.00291164 -0.00236469 -0.00311331 -0.0101642 -0.00667684
internal_weight=796.981 23.6742 16.1711 773.307 616.872 156.435 30.8308 19.1803 11.6506 9.54448 125.604 30.4546 95.1495 83.4013 77.6162 10.9782 66.6381 56.1304 48.7312 14.8027 33.9285 26.1621 611.217 109.375 100.116 95.4024 501.841 471.894 77.3354 64.5074
internal_count=3274 102 70 3172 2520 652 127 79 48 40 525 127 398 350 326 49 277 234 204 64 140 108 2497 451 413 393 2046 1921 315 263
is_linear=0
shrinkage=0.05


Tree=50
num_leaves=31
num_cat=0
split_feature=0 1 0 0 0 0 0 0 1 1 1 0 0 1 0 1 1 0 0 0 1 1 1 0 1 1 1 0 1 0
split_gain=1.64227 1.28965 2.22958 2.00191 4.27528 2.58178 1.5792 2.66996 2.05334 5.0694 4.49909 1.81587 6.70918 3.38968 1.7657 2.72259 4.54845 2.4994 2.24164 1.51338 4.52183 1.45214 5.69248 1.40199 2.11248 2.70607 2.78182 1.89974 3.33978 1.80922
threshold=32.885550926600246 0.15158590756572191 45.752919203257285 62.857182949313113 58.331994756500457 48.882403291152833 58.111313562532025 63.747382711028301 0.17313257542389507 0.17268422800389435 0.17382760910191616 61.922204389079262 61.636955066193771 0.1605189431836227 41.880215156260029 0.17964276990532502 0.18845905718455644 36.869410111421494 55.806001668504194 36.248406354144258 0.16426998821966651 0.18401383957411302 0.1830108048560328 66.371778955423579 0.16357183480047957 0.16762395826445381 0.18083392493154485 69.406196414796995 0.16211842323947004 64.85207557068567
decision_type=2 2 2 2 2 2 2 2 2 2 2 2 2 2 2 2 2 2 2 2 2 2 2 2 2 2 2 2 2 2
left_child=-1 2 -2 4 5 -4 8 11 9 19 -10 12 -8 -13 15 17 -17 -12 21 20 -3 22 -16 24 -9 -26 29 28 -25 -27
right_child=1 6 3 -5 -6 -7 7 23 10 -11 14 13 -14 -15 18 16 -18 -19 -20 -21 -22 -23 -24 27 25 26 -28 -29 -30 -31
leaf_value=-0.010099899066381632 -0.022350493542338166 -0.013784442357099911 0.038982145473911128 -0.013980268432585836 0.056319090947458211 -0.0017526074201238745 -0.0087503923526162999 -0.014461433691826266 0.036499498804855139 -0.043002907442947727 0.0048099918910433836 -0.053591440515032875 0.047443927769730249 -0.011465924591513217 -0.0018770255338990832 -0.01402689630823277 0.041922418882845598 0.044412504477120772 0.015998944411382134 -0.0011019337934189623 0.0415113863073832 -0.010719994272833544 0.04959598749907957 0.018070505063066046 0.051009433645487316 0.015745752842697386 0.035823927341991434 0.0040128523072482892 -0.023146210174869456 -0.022992903566532857
leaf_weight=41.737286627292633 4.8507134914398184 7.0336022377014142 5.2267283201217749 5.3127293288707724 6.1156023889780036 15.20736515522003 83.44167360663414 6.3328550010919598 10.937192574143408 7.1121831983327857 6.7344641387462643 5.807471200823783 5.6726971864700309 26.870629623532295 77.912172466516495 14.037997260689737 4.9007173627614966 9.755346015095709 20.771053627133369 285.4052487462759 7.794091522693634 32.952802777290344 5.7690568566322318 6.5970447212457684 4.9289867430925396 5.6798757910728472 6.46042476594448 50.730029344558716 19.27457432448864 6.4215462207794189
leaf_count=172 20 29 24 23 26 66 338 26 45 29 27 24 23 109 317 58 22 40 86 1164 32 138 27 27 20 23 28 212 79 26
internal_value=-0.000444673 8.83403e-05 0.00922919 0.0140369 0.0196432 0.00866672 -0.000378188 -0.00381488 0.00121882 -0.00128114 0.00539985 -0.00887033 -0.00517327 -0.0189524 0.00343181 0.0133845 0.000450949 0.0282388 0.000865616 -0.000292801 0.0152815 -0.00182944 0.00167157 0.00197054 0.0111678 0.0180771 0.00933214 -0.00161027 -0.0126363 -0.00481068
internal_weight=797.784 756.047 36.7131 31.8624 26.5497 20.4341 719.334 228.218 491.116 307.345 183.771 121.792 89.1144 32.6781 172.834 35.4285 18.9387 16.4898 137.405 300.233 14.8277 116.634 83.6812 106.425 29.8237 23.4908 18.5618 76.6016 25.8716 12.1014
internal_count=3280 3108 159 139 116 90 2949 935 2014 1254 760 494 361 133 715 147 80 67 568 1225 61 482 344 441 123 97 77 318 106 49
is_linear=0
shrinkage=0.05


Tree=51
num_leaves=31
num_cat=0
split_feature=0 1 1 1 1 1 0 0 1 0 0 1 1 1 0 1 0 0 0 1 0 1 1 0 1 1 0 1 1 1
split_gain=1.48425 1.21393 2.28869 1.95223 1.16659 2.23351 2.07128 1.62374 1.49403 1.42662 2.41167 1.85609 4.66342 4.07273 1.66904 5.56305 2.33753 1.64607 6.05992 3.10414 1.59628 2.4624 4.12539 2.26894 2.15737 3.30579 2.56717 3.06907 2.52377 2.02877
threshold=32.885550926600246 0.17982207004911541 0.17590159047005635 0.1715529639557615 0.15158590756572191 0.1467603729691381 58.331994756500457 54.629172033944968 0.14445400710909365 58.111313562532025 63.747382711028301 0.17313257542389507 0.1724455216614095 0.17382760910191616 37.652641487729397 0.16780065202697381 39.554705967248445 61.922204389079262 61.636955066193771 0.1605189431836227 41.880215156260029 0.17964276990532502 0.18845905718455644 36.869410111421494 0.1748557673290794 0.17532376810617764 55.806001668504194 0.17579738256224617 0.17448012672021088 0.18401383957411302
decision_type=2 2 2 2 2 2 2 2 2 2 2 2 2 2 2 2 2 2 2 2 2 2 2 2 2 2 2 2 2 2
left_child=1 2 3 -1 5 8 7 -7 -2 11 17 12 14 -13 15 -6 -16 18 -11 -19 21 23 -23 -15 28 -26 27 -27 -22 -29
right_child=4 -3 -4 -5 9 6 -8 -9 -10 10 -12 13 -14 20 16 -17 -18 19 -20 -21 24 22 -24 -25 25 26 -28 29 -30 -31
leaf_value=-0.01442211035527159 0.0076444709701188676 0.013862828400453678 -0.043997036267292039 0.015251933812551728 -0.0015763388356370769 0.017390741623250851 0.037907191928116271 -0.017084145764335874 -0.027618786385527918 -0.0083136624055568844 0.0018743569209054231 0.034766181320770015 -0.034344589917491751 0.0045692711934656929 -0.025432460971093626 0.053503948696466797 -0.00030106958310434525 -0.051356329946970307 0.045117413703171141 -0.010900709068804679 -0.0026219632043031245 -0.013315328590433868 0.040091265866330161 0.042325017536210964 0.034370733607277312 -0.04055842164127036 0.018631279970643025 0.0052841511941458773 -0.046376923936335142 -0.010187702848158115
leaf_weight=24.622339189052585 6.4295229464769346 4.8662983626127234 5.0441259145736685 7.1527844965457907 17.858697652816776 11.490413010120397 8.2229838371276838 4.8601169586181632 5.6372520178556442 83.433937504887581 106.32524573802948 10.90906649827957 10.268546193838118 6.7347803115844753 9.5894016772508603 6.1672454476356497 263.43166175484657 5.758456975221633 5.6670745164155951 26.851213976740837 9.9081251472234708 14.048493430018427 4.8691402524709693 9.7254059314727765 7.8620860427618018 4.9732683449983588 17.250744462013245 59.383997783064842 4.9380860328674308 32.941107407212257
leaf_count=102 28 20 21 29 74 51 35 20 25 338 441 45 42 27 39 26 1073 24 23 109 40 58 22 40 32 20 72 246 20 138
internal_value=-0.000422352 -0.00960712 -0.0127091 -0.00774229 8.44037e-05 0.00878711 0.0174377 0.00714325 -0.00882951 -0.000359151 -0.00362705 0.001159 -0.00121713 0.00513743 -7.19506e-05 0.0125623 -0.00118377 -0.00843302 -0.0049153 -0.0180447 0.00326515 0.0127354 0.000430799 0.026877 0.000824211 0.00300725 0.000854615 -0.00229714 -0.0171756 -0.000236124
internal_weight=797.222 41.6855 36.8192 31.7751 755.536 36.6403 24.5735 16.3505 12.0668 718.896 228.036 490.86 307.316 183.544 297.047 24.0259 273.021 121.711 89.101 32.6097 172.635 35.3778 18.9176 16.4602 137.257 122.411 114.549 97.2984 14.8462 92.3251
internal_count=3280 172 152 131 3108 159 106 71 53 2949 935 2014 1254 760 1212 100 1112 494 361 133 715 147 80 67 568 508 476 404 60 384
is_linear=0
shrinkage=0.05


Tree=52
num_leaves=31
num_cat=0
split_feature=0 1 1 1 1 1 1 0 0 1 1 0 1 1 1 0 1 1 0 1 1 0 1 1 1 0 1 1 1 0
split_gain=1.34274 1.0976 2.09458 1.76423 1.1232 1.05628 2.03713 1.90027 1.28853 2.40502 4.09327 2.0795 1.67741 4.21729 3.68916 1.44398 2.22838 3.74285 2.0625 1.94901 2.99593 2.32346 2.77055 2.28624 1.87915 4.22083 3.05209 1.86211 4.51849 4.53152
threshold=32.885550926600246 0.17982207004911541 0.17590159047005635 0.1715529639557615 0.16548553294026555 0.15158590756572191 0.14832463459649806 58.331994756500457 58.111313562532025 0.19650639177937165 0.19029325001363009 63.747382711028301 0.17313257542389507 0.17268422800389435 0.17382760910191616 41.880215156260029 0.17964276990532502 0.18845905718455644 36.869410111421494 0.1748557673290794 0.17532376810617764 55.806001668504194 0.17579738256224617 0.17448012672021088 0.17827979573669347 49.10872733215944 0.17890371816042924 0.18401383957411302 0.1830108048560328 47.734530514995122
decision_type=2 2 2 2 2 2 2 2 2 2 2 2 2 2 2 2 2 2 2 2 2 2 2 2 2 2 2 2 2 2
left_child=1 2 3 4 -1 6 -2 -8 12 10 11 -10 13 -7 -14 16 18 -18 -16 23 -21 22 -22 -17 25 -24 -26 28 29 -28
right_child=5 -3 -4 -5 -6 8 7 -9 9 -11 -12 -13 14 -15 15 19 17 -19 -20 20 21 -23 24 -25 26 -27 27 -29 -30 -31
leaf_value=-0.0038537769696637214 -0.0036433151464379965 0.013145330681286699 -0.042188686845035343 0.014479841070527778 -0.025300069500123895 -0.00025616629102283479 0.0082898447938520043 0.041850592282691529 -0.0083826798668036415 -0.037190126242541088 0.036639087599057964 0.001449059411397304 0.033130559302514566 -0.039278317011087013 0.0043406553101533142 -0.0024910290488255062 -0.012641441469338413 0.038353456464997819 0.040365478911144448 0.032774710919616333 -0.038540629619695482 0.017752072313515842 -0.0077435578221257241 -0.04417142448467494 -0.041761368628525225 0.038316714660756757 0.028185935269659401 -0.0096821364691872247 0.047791799403135396 -0.014584055824903658
leaf_weight=13.25926841795445 17.938975423574448 4.8750812560319892 4.9984888434410086 7.1573516130447379 11.314978256821631 300.15545691549778 12.111129328608515 6.4717259407043448 116.25950007140636 5.1612527668476096 6.4326907247304908 100.07907783985138 10.876093119382857 7.0873860269784918 6.7350090295076397 9.907490670680998 14.057280629873278 4.836125671863555 9.6885789334774 7.8334292173385611 4.9719775915145865 17.201156452298164 10.875093743205072 4.9257169216871253 4.977679342031478 9.1657306998968107 9.0456446409225482 32.928442537784576 5.6587525606155387 19.638481497764587
leaf_count=55 79 20 21 29 47 1225 52 28 472 21 27 415 45 29 27 40 58 22 40 32 20 72 44 20 20 37 38 138 27 80
internal_value=-0.00040142 -0.00914612 -0.0121048 -0.00736587 -0.0137285 8.04542e-05 0.00837547 0.0199778 -0.000341188 -0.00344754 -0.00266577 -0.00383448 0.00110212 -0.00115632 0.00488719 0.0031059 0.0121215 0.00041167 0.0255924 0.000783968 0.00285995 0.000812688 -0.00218311 -0.016332 -0.000224406 0.0133222 -0.00398205 -0.0011866 0.00695903 -0.00109638
internal_weight=796.625 41.6052 36.7301 31.7316 24.5742 755.02 36.5218 18.5829 718.498 227.933 222.771 216.339 490.566 307.243 183.323 172.447 35.317 18.8934 16.4236 137.13 122.296 114.463 97.2618 14.8332 92.2898 20.0408 72.249 67.2713 34.3429 28.6841
internal_count=3280 172 152 131 102 3108 159 80 2949 935 914 887 2014 1254 760 715 147 80 67 568 508 476 404 60 384 81 303 283 145 118
is_linear=0
shrinkage=0.05


Tree=53
num_leaves=31
num_cat=0
split_feature=0 1 1 1 1 1 0 0 0 0 0 1 1 0 1 1 1 0 1 0 0 1 0 0 1 0 1 1 0 0
split_gain=1.21515 0.992676 1.91813 1.59471 1.02118 0.955346 2.00112 2.03156 3.68966 2.08194 1.16359 2.17732 3.6847 1.87739 1.5178 3.88384 3.3424 1.51048 5.08487 2.1089 1.3232 4.25662 3.33592 1.30916 2.75066 1.30595 2.01761 3.50851 2.52234 1.87697
threshold=32.885550926600246 0.17982207004911541 0.17590159047005635 0.1715529639557615 0.16548553294026555 0.15158590756572191 45.752919203257285 62.857182949313113 58.993069342255687 48.882403291152833 58.111313562532025 0.19650639177937165 0.19029325001363009 63.747382711028301 0.17313257542389507 0.1724455216614095 0.17382760910191616 37.652641487729397 0.16780065202697381 39.554705967248445 62.089655745168123 0.16240128343679791 61.636955066193771 62.724014084423878 0.1724455216614095 41.880215156260029 0.17964276990532502 0.18326054230799457 39.268635196884325 36.869410111421494
decision_type=2 2 2 2 2 2 2 2 2 2 2 2 2 2 2 2 2 2 2 2 2 2 2 2 2 2 2 2 2 2
left_child=1 2 3 4 -1 6 -2 8 9 -8 14 12 13 20 15 17 -16 18 -7 -19 22 -22 -12 -23 -25 26 29 -28 -29 -18
right_child=5 -3 -4 -5 -6 10 7 -9 -10 -11 11 -13 -14 -15 16 -17 25 19 -20 -21 21 23 -24 24 -26 -27 27 28 -30 -31
leaf_value=-0.0036628882785220865 -0.021974041066327735 0.012467251530837475 -0.040475062514217494 0.013748755719760378 -0.024137022965664251 -0.0014844522970093364 0.037112848443624752 -0.015779156000186739 0.057637473533490816 0.00062297066016902376 -0.0081484018295228718 -0.035423290452137129 0.034702681186474321 0.0013767076121336795 0.031584147764602236 -0.031389561632383933 0.0041235271896780329 -0.024140506730238417 0.051373528546118534 -0.00027320194719049101 -0.053185895865921845 -0.021382911464812675 0.024609834118481999 0.029410430707260439 -0.017226760636070683 0.00074761007220178579 -0.027368451341444645 -0.0021130991356399895 0.044971866320752701 0.03852072974868876
leaf_weight=13.252918913960462 4.837840035557746 4.883008897304534 4.95083363354206 7.1609461903572074 11.268389612436293 17.861738160252575 5.1361322999000647 5.2710171639919272 4.8460919559001914 16.360652521252632 79.285201758146286 5.1480813175439826 6.4515384137630454 100.07191644608974 10.839120417833326 10.229836210608481 6.7351615577936199 9.5922993123531324 6.1049661934375754 263.43693472445011 6.4148027002811459 9.0960304290056246 8.6162633895874006 5.6733939945697767 7.1413291394710541 136.86393536627293 7.0985967665910747 6.9560938626527768 4.8119000792503357 9.6460181176662427
leaf_count=55 20 20 21 29 47 74 24 23 21 71 321 21 27 415 45 42 27 39 26 1073 27 37 35 23 29 568 29 31 20 40
internal_value=-0.000381362 -0.00870946 -0.0115322 -0.00700945 -0.0130715 7.68726e-05 0.00797345 0.0125563 0.018226 0.00934134 -0.000323982 -0.0032758 -0.00253283 -0.00364345 0.00104841 -0.00109862 0.00465389 -5.52724e-05 0.0119799 -0.00111173 -0.00796583 -0.0173639 -0.00493738 -0.00687629 0.00342067 0.0029579 0.0115402 0.000393479 0.0171398 0.0243782
internal_weight=796.043 41.5161 36.6331 31.6823 24.5213 754.527 36.4517 31.6139 26.3429 21.4968 718.075 227.899 222.75 216.299 490.177 307.226 182.951 296.996 23.9667 273.029 116.227 28.3256 87.9015 21.9108 12.8147 172.112 35.2478 18.8666 11.768 16.3812
internal_count=3280 172 152 131 102 3108 159 139 116 95 2949 935 914 887 2014 1254 760 1212 100 1112 472 116 356 89 52 715 147 80 51 67
is_linear=0
shrinkage=0.05


Tree=54
num_leaves=31
num_cat=0
split_feature=0 1 1 0 1 1 0 0 0 0 1 0 1 1 0 1 1 1 0 1 1 0 1 1 1 1 1 1 1 1
split_gain=1.09975 0.897888 1.75756 1.53367 0.864798 1.91385 1.67895 1.17026 1.06205 2.50403 4.09855 1.60769 1.55325 2.26024 1.35435 0.992217 2.72627 2.65114 0.855297 1.99204 3.29106 1.68299 1.45029 1.58788 2.89246 2.26904 1.5846 1.29701 3.45387 3.03
threshold=32.885550926600246 0.17982207004911541 0.17590159047005635 25.993277078793508 0.15158590756572191 0.14832463459649806 58.331994756500457 52.630443220536797 38.056869494108504 36.869410111421494 0.17209986512429434 38.880842649481984 0.15325480934706617 0.15394977510262139 53.032995188914562 0.1724455216614095 0.17600800910957062 0.1650885415164586 58.111313562532025 0.19650639177937165 0.19029325001363009 63.544577061295449 0.18326054230799457 0.16623177386425481 0.16415374730066593 0.16199859497651628 0.15924872022257 0.16357183480047957 0.16762395826445381 0.1613661546298035
decision_type=2 2 2 2 2 2 2 2 2 2 2 2 2 2 2 2 2 2 2 2 2 2 2 2 2 2 2 2 2 2
left_child=1 2 3 -1 5 -2 7 -7 9 15 -11 -10 14 -14 -13 17 -17 -6 -15 20 21 22 23 24 25 26 -20 29 -29 -23
right_child=4 -3 -4 -5 8 6 -8 -9 11 10 -12 12 13 18 -16 16 -18 -19 19 -21 -22 27 -24 -25 -26 -27 -28 28 -30 -31
leaf_value=0.015792961642101443 -0.0040531955208045877 0.011826097780067841 -0.038846948641032976 -0.012066618722432912 -0.0087851082607578075 0.020713366836987324 0.039628932361613141 -0.011018284350582622 -0.021884836480298542 0.00493545143730122 0.069222519296811211 -0.033522023860707559 0.028337411196939701 0.00087295655361692935 -0.0038580133412171856 -0.03715160873799888 0.0077203665202387048 0.0303101677371749 -0.0020339238788405034 -0.033757528143362754 0.032892243599129109 0.005752916696376933 -0.029096571209380924 -0.0012631691252420032 -0.040321985176290355 0.015372890273132506 -0.029672839948906283 0.025536147284565342 -0.00093259695102858244 -0.027695752890269643
leaf_weight=6.1265665888786343 17.901692941784859 4.8901648372411719 4.9016777276992789 25.504905045032501 9.9421479851007515 7.2113250344991702 6.3846470862627021 4.866366446018219 8.9141898900270444 6.8384971320629102 3.8893245160579681 6.4871899038553229 6.8980895578861228 424.39520516991615 9.4572615474462491 5.4825645834207526 8.8476184606552106 7.6907055228948584 10.532572269439703 5.1324051320552817 6.4659144282340995 16.792494580149654 7.3513377159833899 63.202886566519737 8.2883944660425168 8.2386287599801999 10.215578824281691 15.840901866555212 55.525880292057991 11.344573512673376
leaf_count=25 79 20 21 106 41 32 28 20 36 29 20 27 29 1740 39 22 36 32 43 21 27 69 30 256 34 33 42 66 231 46
internal_value=-0.000362469 -0.00829448 -0.0109877 -0.00667061 7.32205e-05 0.00759568 0.0188908 0.00792799 -0.000307884 0.00734032 0.0282424 -0.00079154 -0.000509285 -0.000131216 -0.0159272 0.000324891 -0.00944714 0.0082666 -0.000436472 -0.00297478 -0.00223581 -0.00333132 -0.00765872 -0.00609025 -0.0142749 -0.00682712 -0.0156422 0.00135816 0.00494253 -0.00773324
internal_weight=795.562 41.4233 36.5331 31.6315 754.138 36.364 18.4623 12.0777 717.774 42.6909 10.7278 675.084 666.169 650.225 15.9445 31.963 14.3302 17.6329 643.327 218.932 213.799 207.333 107.829 100.478 37.2752 28.9868 20.7482 99.5039 71.3668 28.1371
internal_count=3280 172 152 131 3108 159 80 52 2949 180 49 2769 2733 2667 66 131 58 73 2638 898 877 850 438 408 152 118 85 412 297 115
is_linear=0
shrinkage=0.05


Tree=55
num_leaves=31
num_cat=0
split_feature=1 0 0 0 1 0 0 0 1 0 0 0 1 0 0 0 0 1 1 0 0 1 1 0 0 1 0 1 0 1
split_gain=1.28913 2.19155 2.49204 2.14772 3.2672 2.27789 2.14316 1.78813 1.42804 3.21299 2.82066 2.73089 3.89827 2.6487 5.72101 2.50959 2.66148 2.12148 2.99016 2.05602 2.48617 2.63042 3.20987 2.28518 2.82366 2.19384 2.31317 1.95044 1.90912 1.85448
threshold=0.1842670069818039 41.880215156260029 39.554705967248445 31.766672163435285 0.16538228208435432 28.889590309571599 29.559645581098433 78.822482713039463 0.16772327921090194 33.323296803836939 55.412044358942723 55.318978240118966 0.15924872022257 56.948868729301672 57.594653388420809 53.536297695939318 53.907198928971688 0.16028999247822967 0.16071246499590294 49.53649437279072 45.257354266529667 0.16159402431672246 0.16321754947479503 43.725576041889745 41.695080178560993 0.14958115986185352 46.826984570549861 0.16468748479112258 56.178331401454336 0.16631610090809276
decision_type=2 2 2 2 2 2 2 2 2 2 2 2 2 2 2 2 2 2 2 2 2 2 2 2 2 2 2 2 2 2
left_child=3 2 -2 4 5 -1 -6 8 11 -10 -11 15 -13 28 -15 19 -17 -14 -19 20 21 -5 -23 24 27 -22 -27 -24 -12 -29
right_child=1 -3 -4 7 6 -7 -8 -9 9 10 13 12 17 14 -16 16 -18 18 -20 -21 25 22 23 -25 -26 26 -28 29 -30 -31
leaf_value=0.030671218191108698 -0.0029164570569615664 -0.0094277278011937315 0.039492081161218308 -0.010896654955414512 -0.01475414994444383 -0.015226393365164985 -0.054050913024447172 0.030950477850555005 0.049091389413386852 -0.00030407154357652694 0.0091501470336958404 0.0051426263630425847 -0.035578165973949159 -0.032371622909414803 0.0094659996013121694 0.051853887306944284 0.0098954643534906791 0.028212006113318699 -0.011888506157425108 -0.0064916356254434071 0.04706432317757827 0.040387017855690377 -0.022808335589895853 -0.029448405611107117 0.042304158376319505 0.026444256775382077 0.0017741278101244711 0.026622324414758904 0.042430788186581074 -0.012891005377522073
leaf_weight=5.8455191552639025 10.122258253395556 63.710525393486023 5.2663702666759482 33.577523037791252 12.753977656364443 5.0289657860994339 4.7662315666675559 5.2749145030975333 3.907856971025466 199.13864733278751 7.916611701250079 52.211000367999077 8.6153582036495191 8.8246704339981061 110.32331241667271 4.8797204196453121 16.761251583695412 4.9404828846454611 78.723008021712303 56.815170899033546 4.5543332248926154 6.5020561814308158 6.5490543395280936 4.9438203722238532 4.7701864987611762 14.71035499870777 26.835361152887344 7.4734635204076749 9.4564186036586744 4.9271779209375381
leaf_count=24 44 265 22 137 53 21 20 22 16 821 32 217 35 36 453 20 69 20 321 232 21 27 27 20 20 63 112 31 39 20
internal_value=0.000717751 -0.00533744 0.0115968 0.00139137 -0.0120824 0.00944561 -0.0254445 0.00195182 0.001726 0.00401576 0.00349098 -0.000575822 -0.00577573 0.00902669 0.0063673 0.00331107 0.0193565 -0.0119533 -0.0095205 0.00128823 0.00513708 -0.000887378 0.00866984 0.00147513 0.00792038 0.0141206 0.0105092 -0.000735016 0.0272653 0.0109224
internal_weight=790.126 79.0992 15.3886 711.026 28.3947 10.8745 17.5202 682.632 677.357 339.568 335.66 337.789 144.49 136.521 119.148 193.299 21.641 92.2788 83.6635 171.659 114.843 68.7433 35.1658 28.6637 23.7199 46.1 41.5457 18.9497 17.373 12.4006
internal_count=3260 331 66 2929 118 45 73 2811 2789 1397 1381 1392 593 560 489 799 89 376 341 710 478 282 145 118 98 196 175 78 71 51
is_linear=0
shrinkage=0.05


Tree=56
num_leaves=31
num_cat=0
split_feature=1 0 0 0 1 0 0 0 0 1 0 0 0 1 0 0 0 0 1 1 0 0 0 1 1 1 1 1 0 0
split_gain=1.16398 1.97884 2.25777 1.94458 2.96276 2.05901 1.9726 1.61309 1.38537 1.28857 2.88384 2.54845 2.46748 3.52109 2.40391 5.16101 2.26317 2.40572 1.92467 2.6969 1.87903 1.76747 3.26922 2.39645 2.25204 10.3794 4.75319 4.29282 1.74342 1.72849
threshold=0.1842670069818039 41.880215156260029 39.554705967248445 31.766672163435285 0.16538228208435432 28.889590309571599 29.559645581098433 78.822482713039463 35.147751607835005 0.16772327921090194 33.323296803836939 55.412044358942723 55.318978240118966 0.15924872022257 56.948868729301672 57.594653388420809 53.536297695939318 53.907198928971688 0.16028999247822967 0.16071246499590294 51.701654554544774 48.40065041735793 46.360085856130276 0.17846784082001613 0.17846784082001613 0.17579738256224617 0.18234794269236856 0.171198840748265 56.178331401454336 47.569159464924546
decision_type=2 2 2 2 2 2 2 2 2 2 2 2 2 2 2 2 2 2 2 2 2 2 2 2 2 2 2 2 2 2
left_child=3 2 8 4 5 -1 -6 9 -2 12 -11 21 16 -14 28 -16 20 -18 -15 -20 -5 22 -12 29 25 27 -26 -23 -13 -24
right_child=1 -3 -4 7 6 -7 -8 -9 -10 10 11 14 13 18 15 -17 17 -19 19 -21 -22 24 23 -25 26 -27 -28 -29 -30 -31
leaf_value=0.029175542946190763 0.014723338218154186 -0.0089575883982655896 0.037635592029240786 0.003434189122369851 -0.014046204998632928 -0.014507827294046753 -0.051901146368592277 0.029394640947330016 -0.022327002783856555 0.046424592657497606 -0.00072420727709065276 0.0086955562370329472 0.0048862226896899084 -0.033903236584610488 -0.030724042551011271 0.0089970153780508724 0.049297280451592686 0.0093966025728721512 0.026746693874883178 -0.011301777297662272 -0.01119149912683186 0.0050046830059392216 0.023520408713799169 0.051604977967210863 -0.035010301591220948 0.041231448333980743 0.016311152536414866 -0.023688342686238265 0.040542833188142523 -0.0065745035778385381
leaf_weight=5.8381118625402468 5.3435968011617643 63.701874047517776 5.2502495199441901 145.53273594379425 12.72763927280903 5.014522597193718 4.7167314887046805 5.2763583958148947 4.7798874005675316 3.9252424091100684 88.081529960036278 7.9140217602252987 52.203422516584396 8.5895888358354551 8.8327669799327833 110.27172610163689 4.8762136846780804 16.768354117870331 4.9503211826086035 78.670748367905617 25.863076120615005 24.039236783981323 12.733799800276762 4.7736079543828955 15.112361609935762 11.861222982406614 6.4316269457340232 28.47821731865406 9.4032925814390165 7.6299116760492316
leaf_count=24 22 265 22 604 53 21 20 22 22 16 364 32 217 35 36 453 20 69 20 321 106 97 54 20 61 48 30 116 39 31
internal_value=0.000682588 -0.0050719 0.0110286 0.00132302 -0.0115206 0.00899139 -0.0242817 0.00185575 -0.00277029 0.0016411 0.00381602 0.0033176 -0.000546924 -0.00549013 0.00858214 0.00605131 0.0031511 0.0183857 -0.0113645 -0.00904933 0.00122722 -0.000288864 0.00381468 0.019719 -0.00569604 -0.00101334 -0.0196891 -0.0105545 0.0259886 0.0122444
internal_weight=789.592 79.0756 15.3737 710.516 28.297 10.8526 17.4444 682.219 10.1235 676.943 339.489 335.563 337.454 144.414 136.422 119.104 193.04 21.6446 92.2107 83.6211 171.396 199.142 113.219 25.1373 85.9227 64.3787 21.544 52.5175 17.3173 20.3637
internal_count=3260 331 66 2929 118 45 73 2811 44 2789 1397 1381 1392 593 560 489 799 89 376 341 710 821 469 105 352 261 91 213 71 85
is_linear=0
shrinkage=0.05


Tree=57
num_leaves=31
num_cat=0
split_feature=1 1 1 1 1 1 0 0 1 0 0 0 1 0 0 0 1 0 0 0 1 0 0 0 1 1 1 1 0 0
split_gain=1.15572 1.88387 3.45584 5.99213 2.92274 2.80549 2.25996 3.71746 1.95373 2.46765 1.82768 6.16924 2.1324 3.08346 3.18445 2.88654 4.12862 1.55661 3.32263 1.48863 1.28497 1.70082 2.50993 3.89461 3.35719 4.75957 2.4254 1.50444 3.65656 5.99698
threshold=0.14958115986185352 0.1593926330067639 0.16171323738874985 0.16187329350249352 0.1613661546298035 0.16199859497651628 67.973598912503221 58.892450378332306 0.15870381171328837 52.630443220536797 53.032995188914562 54.629172033944968 0.15498509137367147 39.268635196884325 48.647074106060309 39.554705967248445 0.15363945559866485 46.826984570549861 51.701654554544774 56.260864716015071 0.17827979573669347 55.912195963159526 48.40065041735793 47.484574990830303 0.1830108048560328 0.18938933382703613 0.184741948600982 0.17509279758541499 44.223186757245024 58.579936109558311
decision_type=2 2 2 2 2 2 2 2 2 2 2 2 2 2 2 2 2 2 2 2 2 2 2 2 2 2 2 2 2 2
left_child=17 8 4 -4 6 -5 7 -3 10 -10 12 -12 15 -14 -15 -2 -17 -1 -19 -20 27 22 23 -22 -24 -26 -23 -7 -29 -30
right_child=1 2 3 5 -6 20 -8 -9 9 -11 11 -13 13 14 -16 16 -18 18 19 -21 21 26 24 -25 25 -27 -28 28 29 -31
leaf_value=-0.035888160221199845 0.043636234508126065 -0.002758084337807303 0.072115289174049371 -0.045980730123082146 -0.038541054663542754 0.0011084581984849326 0.024061996323678069 -0.039253535463709688 0.05192165154152914 0.0079936119487596883 0.063148398459490426 0.0052168558989667702 -0.040040657815861275 0.015933329712940984 -0.024319184477059233 -0.019000331447631646 0.032295607794825279 0.025628750636029846 -0.040901770253756936 -0.0061817084105936278 -0.0040967332005961421 0.012542388878316511 -0.031442849156369607 0.042835539478833423 0.014525081779415933 -0.035898214493753723 -0.006947992692395529 -0.010873721630966875 0.029502575469774431 -0.0049277332372349505
leaf_weight=4.6887648999691036 4.8116836994886425 30.669089213013649 2.9532402753829947 3.1989432573318473 8.7883988767862302 359.69949768483639 5.1770434379577628 9.0327010005712491 5.1942479759454718 8.3142773956060392 5.1704009473323813 41.337123036384583 7.0356757044792202 11.309112384915354 8.688243165612219 10.733723208308222 6.1817863583564749 6.4822865128517178 4.6215925961732855 9.2987974137067777 56.386330842971802 34.767035692930222 19.433604180812836 4.7964086383581153 13.805328398942949 7.080163285136222 29.51031693816185 17.216978460550308 31.483864545822144 21.138399690389633
leaf_count=20 20 125 12 13 36 1473 21 37 22 34 21 172 29 47 35 46 26 29 22 39 237 145 79 20 60 31 122 72 129 86
internal_value=0.000649014 0.000995829 -1.59233e-05 0.00106882 -0.0121731 0.000718262 -0.00700962 -0.0110613 0.00708941 0.0248847 0.00456612 0.0116573 -0.00219745 -0.0115715 -0.00155516 0.00946574 -0.00025419 -0.00990983 -0.00393972 -0.0177088 0.000969199 -0.00277 -0.0068002 -0.000417487 -0.0164857 -0.00256837 0.00359418 0.00241233 0.00912779 0.0156719
internal_weight=789.005 763.914 655.137 601.47 53.6672 598.517 44.8788 39.7018 108.776 13.5085 95.2677 46.5075 48.7602 27.033 19.9974 21.7272 16.9155 25.0914 20.4027 13.9204 595.318 165.779 101.502 61.1827 40.3191 20.8855 64.2774 429.539 69.8392 52.6223
internal_count=3260 3150 2698 2479 219 2467 183 162 452 56 396 193 203 111 82 92 72 110 90 61 2454 694 427 257 170 91 267 1760 287 215
is_linear=0
shrinkage=0.05


Tree=58
num_leaves=31
num_cat=0
split_feature=1 1 0 0 0 0 0 1 0 1 1 1 0 1 1 1 0 1 1 1 0 0 1 1 1 0 0 0 0 1
split_gain=1.04762 1.83535 2.18262 1.40742 3.01281 1.38009 1.16846 4.04004 1.66397 3.4966 2.02784 2.99855 2.92586 1.84583 1.71781 1.57772 1.46117 3.8495 1.70497 2.43272 5.47633 3.19631 2.854 2.03015 6.35996 2.983 3.43584 2.53379 1.59279 2.53561
threshold=0.14958115986185352 0.15158590756572191 58.331994756500457 46.826984570549861 51.701654554544774 56.260864716015071 76.446602496533345 0.17026884164804415 64.638389391575771 0.15729590421864273 0.16810978519125933 0.17113291529635621 66.881452748388554 0.16199859497651628 0.16370595555190484 0.18083392493154485 59.638179180483185 0.15603348299902292 0.17827979573669347 0.17509279758541499 44.223186757245024 41.158737101100677 0.17643690593409053 0.17221260081390879 0.17195418214580457 48.40065041735793 50.674511198538035 46.579008973410879 52.236125771490272 0.17325083571124214
decision_type=2 2 2 2 2 2 2 2 2 2 2 2 2 2 2 2 2 2 2 2 2 2 2 2 2 2 2 2 2 2
left_child=3 2 -2 -1 -5 -6 8 -8 16 -10 13 -12 15 -11 -15 -13 18 -18 19 23 21 22 -21 24 -3 27 -27 -25 -28 -30
right_child=1 6 -4 4 5 -7 7 -9 9 10 11 12 -14 14 -16 -17 17 -19 -20 20 -22 -23 -24 25 -26 26 28 -29 29 -31
leaf_value=-0.034189727303004562 0.0051627489525945224 0.0017355987797800739 0.048026490734646536 0.02442911005847765 -0.039482656839592803 -0.0058751582285596288 -0.045205842313226031 0.016224578140718437 0.042775741371440044 0.011502570298916938 0.040320276315798959 0.0098919936403507047 -0.0032887545458373407 -0.034669867507025103 -0.0041625686971044932 0.045597564119509562 -0.040092208874211104 -0.0027945080107877273 -0.0042056088083748137 0.033509480864237308 0.024263965154641673 -0.041116169128107546 -0.016731221717564117 -0.0030317317334382981 0.057060161635913292 -0.055600443245666591 0.013929774215900373 0.034709227994352644 -0.038223254425307399 -0.0017806545416570647
leaf_weight=4.6759288012981441 9.0400877296924573 317.44328750669956 4.4228851199150077 6.4611296951770809 4.55016104876995 9.2948875576257688 5.5850526541471464 5.1392695158720016 6.4495640695095053 11.084122374653814 7.4064815342426291 6.9458611011505109 27.928548455238342 6.6798519641160992 14.922528669238089 5.5787497162818909 7.5244785398244849 85.830623731017113 124.34705337882042 4.9380791485309619 34.097235202789307 5.6598984450101844 6.6111852377653122 25.256264090538028 5.2810998857021323 5.1828913688659695 5.1457696110010174 5.3976007997989646 8.3304264545440692 11.17771941423416
leaf_count=20 39 1299 20 29 22 39 24 21 27 45 32 28 116 27 62 25 31 350 522 21 140 23 28 104 22 21 21 23 34 45
internal_value=0.000617084 0.000946799 0.0192444 -0.00945839 -0.00376347 -0.0169202 0.00061832 -0.0157674 0.000856038 0.00735142 0.00451489 0.0110713 0.00571613 -0.00508497 -0.013596 0.0257961 -1.03381e-05 -0.00580073 0.000956906 0.00243426 0.0126589 -0.0103348 0.00475002 0.00106535 0.00264094 -0.00734055 -0.0185949 0.00361378 -0.0108153 -0.0173425
internal_weight=788.389 763.407 13.463 24.9821 20.3062 13.845 749.944 10.7243 739.219 86.9957 80.5461 47.8596 40.4532 32.6865 21.6024 12.5246 652.224 93.3551 558.869 434.521 51.3064 17.2092 11.5493 383.215 322.724 60.4907 29.8368 30.6539 24.6539 19.5081
internal_count=3260 3150 59 110 90 61 3091 45 3046 362 335 201 169 134 89 53 2684 381 2303 1781 212 72 49 1569 1321 248 121 127 100 79
is_linear=0
shrinkage=0.05


Tree=59
num_leaves=31
num_cat=0
split_feature=1 1 0 0 0 0 0 0 0 1 1 1 1 0 1 0 1 0 1 0 1 1 0 1 1 1 1 1 1 0
split_gain=0.949745 1.66625 2.01019 1.27322 2.73198 1.27951 1.05951 3.78504 1.50557 3.16816 1.83613 2.93081 4.12371 3.13957 1.66569 1.63079 1.6443 1.3191 3.48074 1.569 1.90686 2.00698 1.93924 1.90708 1.62048 1.54683 1.62036 1.7876 1.72589 3.44893
threshold=0.14958115986185352 0.15158590756572191 58.331994756500457 46.826984570549861 51.701654554544774 56.260864716015071 76.446602496533345 78.822482713039463 64.638389391575771 0.15729590421864273 0.16810978519125933 0.17643690593409053 0.18036696004405747 66.371778955423579 0.16199859497651628 69.760079312739961 0.16468748479112258 59.638179180483185 0.15603348299902292 63.029076873260884 0.16852572803320356 0.17348340607033796 61.636955066193771 0.16426998821966651 0.1650885415164586 0.17964276990532502 0.17910884032014812 0.17873527508048909 0.17509279758541499 44.223186757245024
decision_type=2 2 2 2 2 2 2 2 2 2 2 2 2 2 2 2 2 2 2 2 2 2 2 2 2 2 2 2 2 2
left_child=3 2 -2 -1 -5 -6 8 -8 17 -10 14 -12 -13 -14 -11 16 -16 25 -19 20 22 -22 -20 -24 -21 26 27 28 -3 -30
right_child=1 6 -4 4 5 -7 7 -9 9 10 11 12 13 -15 15 -17 -18 18 19 24 21 -23 23 -25 -26 -27 -28 -29 29 -31
leaf_value=-0.032584012105242352 0.0049104795186602568 0.0010124040463901629 0.046233053330958673 0.023287504953691904 -0.038116856684066613 -0.0055837791349263701 -0.045772656540659297 0.013799523366337833 0.040776807019790293 0.010921770794047041 0.023505621062964652 -0.032204494165778162 0.046606488172188522 -0.00099204726058084035 -0.043999643707662038 0.004933187402817639 -0.0087151528860804958 -0.038145801230852698 -0.026536282154513827 0.032480039010141279 0.017344083720258873 -0.0071524243789820993 0.023806984300772827 -0.020101029076113774 0.00081887306046889033 -0.0044748172510800585 0.028783142997241742 -0.026113500480126374 -0.0074519912484236218 0.018923130077763535
leaf_weight=4.6614084243774441 9.0295599251985532 383.09293124079704 4.3661894649267188 6.4395354241132763 4.4793677031993857 9.2910285443067533 5.1703332364559156 5.5057684034109116 6.4279874861240378 11.08972682058811 22.801386922597885 7.531977295875552 4.7769742012023952 12.60775852203369 5.680546849966051 8.0355910062789899 7.8849845826625824 7.5132680237293235 17.437666893005375 5.5612261444330242 12.381108015775679 25.753025099635124 4.7968164533376676 5.1046921759843826 14.787633493542669 107.67750754952431 5.6584447622299185 5.6398154199123374 18.34414242208004 38.21705724298954
leaf_count=20 39 1569 20 29 22 39 22 23 27 45 96 31 22 52 23 33 33 31 71 23 50 105 20 21 60 453 24 23 77 157
internal_value=0.000586913 0.000900389 0.0183791 -0.00902827 -0.00359515 -0.0161665 0.000587984 -0.0150507 0.000813972 0.00699864 0.00429837 0.0105521 -0.00130166 0.0120871 -0.00483011 -0.0129169 -0.0234905 -9.77926e-06 -0.00551197 -0.00265505 -0.006424 0.000800921 -0.0165017 0.00117034 0.00947169 0.000909522 0.00219518 0.00185732 0.00221613 0.0103691
internal_weight=787.745 762.874 13.3957 24.8713 20.2099 13.7704 749.478 10.6761 738.802 86.8369 80.4089 47.7181 24.9167 17.3847 32.6908 21.6011 13.5655 651.965 93.3354 85.8222 65.4733 38.1341 27.3392 9.90151 20.3489 558.63 450.952 445.294 439.654 56.5612
internal_count=3260 3150 59 110 90 61 3091 45 3046 362 335 201 105 74 134 89 56 2684 381 350 267 155 112 41 83 2303 1850 1826 1803 234
is_linear=0
shrinkage=0.05


Tree=60
num_leaves=31
num_cat=0
split_feature=1 1 0 1 0 0 0 1 1 1 1 1 1 1 0 1 1 1 0 0 0 0 0 0 0 0 1 1 0 1
split_gain=0.774321 3.38092 2.13557 1.49741 1.47253 1.8523 2.74646 1.48294 2.09869 1.84495 1.79615 1.40182 2.05271 5.64225 1.78609 2.76663 1.5926 3.92305 1.26733 1.25911 3.61051 1.21579 1.13234 2.16358 1.10608 1.04817 5.60918 2.45724 2.33218 1.13341
threshold=0.17113291529635621 0.17077488336573823 27.250192704436532 0.17169495093380352 22.86549342274304 29.559645581098433 30.8507592720571 0.17221260081390879 0.17195418214580457 0.1725859188605039 0.17268422800389435 0.17056841763150679 0.16914173486915443 0.16889291974258028 61.16097127869115 0.16932958835933451 0.16772327921090194 0.16721104339381779 55.732059296744673 33.323296803836939 36.248406354144258 63.747382711028301 29.559645581098433 31.766672163435285 38.056869494108504 66.371778955423579 0.15296997441036725 0.15810594561343519 65.392808059286963 0.16340484234643438
decision_type=2 2 2 2 2 2 2 2 2 2 2 2 2 2 2 2 2 2 2 2 2 2 2 2 2 2 2 2 2 2
left_child=1 2 -1 18 -5 -6 -7 8 -8 -9 -11 12 13 16 15 -14 17 22 -2 -12 -21 -18 -4 -24 -22 28 -27 -28 -25 -29
right_child=3 -3 11 4 5 6 7 9 -10 10 19 -13 14 -15 -16 -17 21 -19 -20 20 24 -23 23 25 -26 26 27 29 -30 -31
leaf_value=0.029285747555893513 -0.02976642895126614 0.030616381542187245 -0.023715407422350565 -0.036661124134461077 0.021521683010215353 -0.051176657471938704 -0.0063634975396791738 -0.025961361099422722 0.038479193257579758 0.038766773118292838 0.023028896659810949 -0.024524317447303753 0.045464797377891726 -0.046735456025878183 -0.010655678949931774 0.008440901199693561 0.0057199635076309423 -0.027195553916661237 0.0011801570612628041 -0.036042342041025861 0.016709695105621328 0.032584425571858339 0.033296360894721329 -0.00033390938757898742 -0.0023812914300110582 -0.056776359026965428 0.027421187408062198 0.0017255748008214744 0.034135015917003061 -0.019735887514819542
leaf_weight=6.0089957267045966 9.2163864672183973 9.0120253413915616 5.2258654534816733 3.0642309039831153 8.2691100686788541 2.8658614158630362 5.1132178306579572 8.2537119090557081 5.3279465287923813 2.6786032021045676 4.7985036969184867 6.1014763563871375 6.1561235934495917 6.7823797315359107 8.3697193861007673 27.975071221590042 28.673395618796349 14.495559126138685 5.1607773005962363 7.9382704347372046 7.8098469674587241 4.9366643428802481 4.7352366447448722 281.8188339471817 265.8824667930603 5.2078231722116461 6.2120729684829739 13.976634085178377 4.994322106242179 10.988601103425024
leaf_count=25 38 37 22 13 34 12 21 34 22 11 20 25 25 28 35 114 117 59 21 32 37 21 20 1165 1102 22 26 57 22 46
internal_value=-0.00105413 0.000298433 -0.000318806 -0.00287027 -0.00216536 -0.00183394 -0.0024556 -0.00200197 0.016519 -0.00265229 -0.00198685 -0.000726211 -0.000388959 -0.00153152 0.010043 0.0151188 -0.00072738 -0.00173216 -0.0186579 -0.00236796 -0.00280068 0.00966583 -0.000624263 -0.000256288 -0.00183653 -0.000747874 -0.00874233 -0.000718781 0.000266303 -0.00772082
internal_weight=788.05 451.671 442.659 336.379 322.002 318.938 310.668 307.803 10.4412 297.361 289.108 436.65 430.548 388.047 42.5009 34.1312 381.265 347.655 14.3772 286.429 281.631 33.6101 333.159 327.934 273.692 323.198 36.3851 31.1773 286.813 24.9652
internal_count=3263 1866 1829 1397 1338 1325 1291 1279 43 1236 1202 1804 1779 1605 174 139 1577 1439 59 1191 1171 138 1380 1358 1139 1338 151 129 1187 103
is_linear=0
shrinkage=0.05


Tree=61
num_leaves=31
num_cat=0
split_feature=0 0 0 0 1 1 0 1 0 1 0 0 1 0 1 0 0 0 1 0 0 1 0 0 1 1 1 0 1 1
split_gain=0.782511 1.83883 1.52977 3.85107 2.05239 1.51455 2.20625 2.42696 1.36685 1.37879 3.50775 1.18997 1.0852 1.62363 0.967926 2.1055 3.33252 2.91607 1.52873 3.5229 1.36834 1.87219 1.15761 4.18573 1.84927 1.6666 2.03951 1.23161 0.975693 2.19344
threshold=54.231689806442006 54.848269381310139 47.569159464924546 47.836285983262144 0.17532376810617764 0.1830108048560328 50.783401618084255 0.18621806566389448 47.374329535516935 0.17392287722957631 38.567415356365878 27.250192704436532 0.18845905718455644 41.880215156260029 0.171198840748265 51.191164929526984 50.587196143560043 53.449664886123983 0.1735955163810429 52.094916842158177 49.312611853679279 0.17579738256224617 49.53649437279072 50.029488916638975 0.1669037498074247 0.16296204789833477 0.15908181776386709 50.367375974754104 0.15193392860159396 0.15644149241359748
decision_type=2 2 2 2 2 2 2 2 2 2 2 2 2 2 2 2 2 2 2 2 2 2 2 2 2 2 2 2 2 2
left_child=2 -2 4 -4 8 14 -7 -8 9 11 -11 -1 -6 -14 22 16 20 18 -17 -20 -16 -22 24 -24 25 26 -5 -25 -29 -30
right_child=1 -3 3 5 12 6 7 -9 -10 10 -12 -13 13 -15 15 17 -18 -19 19 -21 21 -23 23 27 -26 -27 -28 28 29 -31
leaf_value=0.020470693488267317 0.018401511866571196 4.0066680418833336e-05 -0.04654648308548482 -0.005754698373085787 -0.0094554081764590386 0.02902040054860433 0.019563372798131046 -0.032024997645368779 0.027883674277255927 -0.014433841505209564 0.037138510169784304 5.625775703136085e-05 0.023067596451586417 -0.0093995611673292484 -0.0255228653397651 -0.01321422407579703 -0.05655610744625203 -0.028673667420091233 -0.0069282062914555733 0.04610946878202006 -0.023240958565803754 0.017504275772317508 -0.045985045451852793 0.01818197661617299 0.027378965642740217 -0.023970893717797925 0.032492345353745955 0.012762410128661332 -0.030918922304892973 -0.0035237203712281742
leaf_weight=7.4901692867279044 14.232807099819182 324.87265561521053 5.6193136274814597 10.789151564240461 63.656667500734329 7.901898846030238 4.4166477769613248 4.7121623754501343 5.3975834995508185 5.3408899158239356 8.6162143647670728 151.98622311651707 7.0287119150161734 8.5164662152528745 10.589991018176084 5.1457546204328599 5.3551573902368537 6.862175688147544 6.366274341940878 6.1607503443956375 5.0674802809953672 6.3546416461467743 6.1807021647691718 6.1672847419977179 7.0993154346942893 6.1886616349220267 5.1489492505788794 6.9555008560419074 8.3354462683200818 59.196715593338013
leaf_count=31 59 1339 23 48 265 34 20 21 25 22 35 632 32 36 43 21 22 28 26 25 21 26 25 25 29 25 21 31 34 239
internal_value=-0.00100189 0.000810726 -0.00237194 -0.0057689 0.000137472 -0.00453026 0.00967745 -0.00706581 0.0031051 0.00233394 0.0174036 0.00101507 -0.00656317 0.00528038 -0.00597085 -0.0116468 -0.021182 -0.00101076 0.0097305 0.0191556 -0.0125761 -0.000572547 -0.00343262 -0.00632958 0.00517474 -0.00194943 0.00660136 -0.00329073 -0.00506858 -0.00690509
internal_weight=787.752 339.105 448.647 190.614 258.033 184.995 17.0307 9.12881 178.831 173.433 13.9571 159.476 79.2018 15.5452 167.964 51.9022 27.3673 24.535 17.6728 12.527 22.0121 11.4221 116.062 86.8356 29.2261 22.1268 15.9381 80.6549 74.4877 67.5322
internal_count=3263 1398 1865 787 1078 764 75 41 745 720 57 663 333 68 689 212 112 100 72 51 90 47 477 354 123 94 69 329 304 273
is_linear=0
shrinkage=0.05


Tree=62
num_leaves=31
num_cat=0
split_feature=0 0 0 0 1 1 0 1 0 0 1 0 0 0 1 1 0 0 0 1 0 1 1 1 0 1 1 1 1 0
split_gain=0.706673 1.66009 1.38244 3.49994 1.85304 1.3691 1.99599 2.20413 1.24925 1.28512 1.4083 4.81391 1.24497 1.02729 0.979311 1.5935 0.926999 1.61528 2.24476 1.96111 3.45136 2.05203 4.78196 5.00294 3.8225 2.92922 2.46898 2.54566 2.52534 2.28571
threshold=54.231689806442006 54.848269381310139 47.569159464924546 47.836285983262144 0.17532376810617764 0.1830108048560328 50.783401618084255 0.18621806566389448 47.374329535516935 27.250192704436532 0.17304146999847955 37.652641487729397 46.995455771142822 44.819365600737477 0.18845905718455644 0.19278127842343065 61.922204389079262 56.178331401454336 56.496428590259008 0.18279363461204468 59.721947235867283 0.16841117717536772 0.17406102171310081 0.17873527508048909 58.492174485453411 0.15825644298077493 0.17077488336573823 0.16969258460751613 0.17236444550352006 58.803214163297334
decision_type=2 2 2 2 2 2 2 2 2 2 2 2 2 2 2 2 2 2 2 2 2 2 2 2 2 2 2 2 2 2
left_child=2 -2 4 -4 8 -5 -7 -8 9 -1 12 -12 -11 -13 -6 -16 17 -3 -19 21 -21 25 26 24 -24 -20 27 -23 -28 -25
right_child=1 16 3 5 14 6 7 -9 -10 10 11 13 -14 -15 15 -17 -18 18 19 20 -22 22 23 29 -26 -27 28 -29 -30 -31
leaf_value=0.020397277987219929 0.017486743223637944 -0.0070959064240982391 -0.044470170278286758 -0.0056750874180613274 -0.0089823070503853523 0.02763831512716481 0.018660820740901234 -0.03063168160909769 0.02676224471871565 0.00034743848296788236 -0.021074213046512927 0.020584780015540163 -0.024348387251850706 0.049346597812507137 0.01971462215590911 -0.012451595066597366 -0.0028973920557081936 0.027765431524268844 0.014660983718829715 -0.028230127487220757 0.019630342332889333 0.037369697607034152 0.0091097869761070146 0.0030358662510521234 -0.038581772180162593 -0.008138815373985208 0.072271318204485777 -0.0097980355981520158 0.024608373852494505 0.046526106259722588
leaf_weight=9.2051211893558484 14.228589683771132 35.363029032945633 5.5883802175521842 167.88225989043713 63.658940762281418 7.8826830536127117 4.3992052525281888 4.6809823513031006 5.343963921070098 138.09285549819469 6.8229718506336239 9.3284884989261609 5.2991583645343772 4.6531433910131446 8.4316104277968389 7.0861806869506827 147.13840958476067 9.9357675313949567 21.10692948102951 11.570033192634584 5.5851860493421546 5.7235075235366839 7.4157153367996278 6.2373972833156568 9.693569138646124 42.358898058533669 5.2093903571367246 5.7187028527259827 5.9568827301263809 5.8591558039188385
leaf_count=38 59 145 23 689 265 34 20 21 25 574 28 38 22 20 37 31 612 41 87 48 23 23 31 26 39 172 21 23 24 24
internal_value=-0.00095211 0.000770205 -0.00225473 -0.00548586 0.000130928 -0.00430726 0.00923019 -0.00675025 0.00295158 0.00221777 0.0011986 0.0133554 -0.000565214 0.0301568 -0.00623684 0.00502596 3.80632e-05 0.0024682 0.00484379 0.00312413 -0.0126483 0.00547128 0.0128542 -0.000510168 -0.0179107 -0.000556251 0.0301184 0.0137957 0.0468445 0.024101
internal_weight=787.457 339.101 448.356 190.434 257.922 184.845 16.9629 9.08019 178.746 173.402 164.197 20.8046 143.392 13.9816 79.1767 15.5178 324.873 177.734 142.371 132.435 17.1552 115.28 51.8143 29.2058 17.1093 63.4658 22.6085 11.4422 11.1663 12.0966
internal_count=3263 1398 1865 787 1078 764 75 41 745 720 682 86 596 58 333 68 1339 727 582 541 71 470 211 120 70 259 91 46 45 50
is_linear=0
shrinkage=0.05


Tree=63
num_leaves=31
num_cat=0
split_feature=1 1 0 1 0 0 0 0 0 0 1 1 1 1 1 0 1 1 1 1 1 0 0 0 0 0 0 0 0 1
split_gain=0.657983 2.89698 1.64979 1.3714 1.37131 2.93351 2.43244 1.30297 1.6542 2.12829 1.29821 1.38867 4.78881 1.6046 3.3449 1.46598 1.96801 1.25715 1.89711 1.68899 1.62909 1.24895 3.96834 1.05919 1.05803 1.0229 1.02267 1.35366 1.01648 5.09904
threshold=0.17113291529635621 0.17077488336573823 27.250192704436532 0.17169495093380352 24.601594341874677 29.559645581098433 30.8507592720571 28.889590309571599 32.395996478643227 32.885550926600246 0.17056841763150679 0.16914173486915443 0.16889291974258028 0.16772327921090194 0.16721104339381779 61.16097127869115 0.16932958835933451 0.17221260081390879 0.17195418214580457 0.1725859188605039 0.17268422800389435 33.676659977321748 36.248406354144258 55.732059296744673 38.056869494108504 63.747382711028301 56.496428590259008 50.878554360293997 66.371778955423579 0.15296997441036725
decision_type=2 2 2 2 2 2 2 2 2 2 2 2 2 2 2 2 2 2 2 2 2 2 2 2 2 2 2 2 2 2
left_child=1 2 -1 23 -5 -6 -7 -4 -9 -10 11 12 13 14 28 16 -13 18 -8 -19 -21 -22 -23 -2 -24 26 27 -15 -11 -30
right_child=3 -3 7 4 5 6 17 8 9 10 -12 15 -14 25 -16 -17 -18 19 -20 20 21 22 24 -25 -26 -27 -28 -29 29 -31
leaf_value=0.02580558711602858 -0.02794062402215285 0.028477204329174811 -0.027083594873362305 -0.027964579991671974 0.032211821775520851 -0.04835091939635059 -0.0064366280758938119 0.020705976634180463 -0.044305493944096677 0.00070335503281352795 -0.023361018075345796 0.039708892382214769 -0.043497006626257807 0.00347802173932468 -0.025033317825760366 -0.0099129544940343879 0.0076746616585550197 -0.024665472623721794 0.036284290251797587 0.037068042113303397 0.02092054410739326 -0.039916828182005204 0.016555838724664117 0.00037292076575061933 -0.0021442399540235182 0.031305317926342398 -0.011351426875169362 0.030854961413209037 -0.054136647973756225 -0.00054137013841892801
leaf_weight=6.0028551965951911 9.151007875800131 8.9675291329622251 4.5907353758811942 4.9707249850034705 6.3251152336597434 2.827191323041915 5.1006707400083524 9.1691010743379575 2.7875360250473014 283.71153993904591 6.1044268757104865 5.8795822560787228 6.53897601366043 15.04731316864491 14.285285010933874 8.3827664554119092 25.977889463305473 8.2497881650924665 5.2977389097213745 2.6817396134138098 5.7805126756429663 6.9328103363513938 7.7858085855841628 5.1688366681337348 265.46180593967438 4.9047335833311072 6.2036684453487387 6.4509687870740882 5.1757729053497306 31.128472909331322
leaf_count=25 38 37 19 21 26 12 21 39 12 1174 25 24 27 62 58 35 106 34 22 11 24 28 37 21 1102 21 25 26 22 129
internal_value=-0.000904797 0.000342123 -0.000228255 -0.00258097 -0.00190645 -0.00149713 -0.00218465 -0.000586411 -0.000304669 -0.000760557 -0.000471407 -0.000133644 -0.00108458 -0.00032871 -0.00136138 0.00869143 0.0135869 -0.0017599 0.0153286 -0.00235841 -0.00172085 -0.00208461 -0.00255924 -0.0177207 -0.00161141 0.0102587 0.00653235 0.011693 -0.000304676 -0.00818227
internal_weight=787.043 451.309 442.342 335.734 321.414 316.443 310.118 436.339 431.748 422.579 419.791 413.687 373.447 366.908 334.301 40.2402 31.8575 307.291 10.3984 296.892 288.643 285.961 280.18 14.3198 273.248 32.6067 27.702 21.4983 320.016 36.3042
internal_count=3263 1866 1829 1397 1338 1317 1291 1804 1785 1746 1734 1709 1544 1517 1383 165 130 1279 43 1236 1202 1191 1167 59 1139 134 113 88 1325 151
is_linear=0
shrinkage=0.05


Tree=64
num_leaves=31
num_cat=0
split_feature=0 0 0 0 0 1 1 0 1 1 0 1 1 0 1 1 1 0 0 0 0 0 1 0 1 1 0 0 1 1
split_gain=0.6655 1.48495 1.24892 3.17856 1.65585 1.48343 1.25477 1.80576 2.00245 1.15889 2.97589 1.06076 2.19059 1.51223 1.15335 3.17854 2.79897 2.71635 2.24126 3.09602 2.95889 1.9229 2.17627 1.85463 2.28925 1.54449 3.16829 1.37615 1.14066 1.09907
threshold=54.231689806442006 54.848269381310139 47.569159464924546 47.836285983262144 47.374329535516935 0.17532376810617764 0.1830108048560328 50.783401618084255 0.18621806566389448 0.17392287722957631 38.567415356365878 0.15394977510262139 0.15603348299902292 40.82082388992005 0.16640948007575693 0.16558785447715885 0.16780065202697381 31.766672163435285 42.198165829815885 40.038078449237766 45.494398113908865 35.147751607835005 0.16390129424208064 28.889590309571599 0.17087090419125028 0.16211842323947004 45.618337706940956 46.360085856130276 0.16957815892801853 0.1725859188605039
decision_type=2 2 2 2 2 2 2 2 2 2 2 2 2 2 2 2 2 2 2 2 2 2 2 2 2 2 2 2 2 2
left_child=2 -2 4 -4 5 9 -5 -8 -9 11 -11 13 -13 -1 15 17 -16 -14 19 23 -20 -19 25 -18 28 26 -23 -22 -25 -26
right_child=1 -3 3 6 -6 -7 7 8 -10 10 -12 12 14 -15 16 -17 18 21 20 -21 27 22 -24 24 29 -27 -28 -29 -30 -31
leaf_value=0.028302877935204102 0.016628877162077404 0.00011920601199464459 -0.042486525525274217 -0.0053844833273915382 0.02566448693239361 -0.0062029190754330811 0.026429170595499908 0.017898145680280499 -0.029209593035029392 -0.013413544715662754 0.034181272716893758 -0.026595325156756461 0.029160724559221064 -0.0078460541235117701 -0.026437496307393477 0.035729037709494232 -0.02680952846827056 -0.030210839759363783 0.026464931752832401 -0.035719265492379977 -0.026116445730619248 -0.0079377653509904497 -0.018896376318729029 0.0078751525288686588 -0.024996309080396031 0.021734476383576229 0.037645851411802295 0.010071759052389892 0.042410856896673538 0.0072357203479790208
leaf_weight=7.8171392828226072 14.216376528143881 324.63301925361156 5.5481231659650794 167.83840425312519 6.2030409127473822 78.172850906848907 7.8635818064212826 4.3840312212705594 4.6471930891275406 5.3246529996395102 8.5706470757722837 7.5145406872034064 7.9585942029952994 4.5929661840200424 11.127375856041906 7.7973254621028891 4.9094454795122173 5.4760522395372382 14.843848273158075 7.5816134959459296 5.3085824996232969 22.045286491513256 10.71345980465412 4.76811631023884 5.1863508969545347 11.702562958002089 4.6088916957378379 5.2007919698953629 4.795494869351387 5.3970018327236176
leaf_count=33 59 1339 23 689 29 329 34 20 21 22 35 31 33 20 46 33 20 23 61 31 22 90 44 20 22 50 20 22 20 22
internal_value=-0.000860041 0.000811867 -0.00212489 -0.005197 0.000144231 -0.000485421 -0.00407708 0.0089111 -0.00634206 0.00209453 0.015943 0.000886911 -0.000298673 0.0149242 0.00111867 0.00562788 -0.00346775 0.00187283 0.000939692 -0.00772373 0.0120924 -0.00210862 0.00102748 0.000747208 0.00746228 0.00659244 -5.57008e-05 -0.00820793 0.0251924 -0.00855952
internal_weight=786.747 338.849 447.898 190.281 257.617 251.414 184.733 16.8948 9.03122 173.241 13.8953 159.345 146.935 12.4101 139.421 70.3022 69.1186 62.5048 57.9912 32.638 25.3532 54.5463 49.0702 25.0564 20.147 38.3567 26.6542 10.5094 9.56361 10.5834
internal_count=3263 1398 1865 787 1078 1049 764 75 41 720 57 663 610 53 579 293 286 260 240 135 105 227 204 104 84 160 110 44 40 44
is_linear=0
shrinkage=0.05


Tree=65
num_leaves=31
num_cat=0
split_feature=1 0 1 0 0 1 0 0 1 0 0 1 1 1 1 0 0 1 1 1 0 0 1 0 1 0 0 1 1 0
split_gain=1.40813 1.37495 1.1365 2.52287 4.40929 2.75754 3.06083 2.12727 3.62134 2.05882 2.00012 1.56425 11.4399 7.09672 3.51664 2.68671 1.84714 1.58955 2.60438 2.34701 1.94398 1.12579 1.12345 4.79424 1.59715 1.3493 2.71263 2.60912 1.72983 1.93906
threshold=0.14958115986185352 49.53649437279072 0.1593926330067639 48.964838464246291 47.261587967688037 0.15676798413360976 55.806001668504194 43.725576041889745 0.15517201190060012 62.389488216682174 35.513187288318811 0.16171323738874985 0.16187329350249352 0.1613661546298035 0.16199859497651628 40.625547951900359 64.405459084866777 0.16028999247822967 0.1605189431836227 0.16096405653616222 53.269576248053767 59.433121232058035 0.16307531609848183 45.368958531738649 0.16321754947479503 44.223186757245024 43.023377452287541 0.17946258247005428 0.18621806566389448 44.977891084761715
decision_type=2 2 2 2 2 2 2 2 2 2 2 2 2 2 2 2 2 2 2 2 2 2 2 2 2 2 2 2 2 2
left_child=1 -1 3 4 7 -5 -7 8 -2 -8 -10 13 -13 15 -14 -4 17 20 -19 -20 -17 -3 23 -16 -24 26 -26 -28 29 -27
right_child=2 21 11 5 -6 6 9 -9 10 -11 -12 12 14 -15 22 16 -18 18 19 -21 -22 -23 24 -25 25 28 27 -29 -30 -31
leaf_value=0.0073798913266177992 0.019619844528755467 -0.027145672052378101 0.029310671558143982 0.0045357553515693559 -0.038546435359399195 0.047182317031015761 -0.0067612128185340738 0.024830033472400675 -0.042575328157022363 0.032023388224698184 -0.0036007240837286356 0.099548450172646019 -0.05627783274517735 -0.048319500081835692 0.051546233566498061 -0.040656216689590956 0.020400416087723874 0.030940987948119909 -0.027767037531168156 0.01126283568053156 -0.0018898565164515648 -0.0021847242150062336 -0.038196192089529984 -0.00083748476699322793 -0.00098624365601131031 0.024982282246095888 -0.035198994272059386 0.005738144751592367 -0.0071913771782283952 0.0025017280374514299
leaf_weight=7.6893604546785381 9.4077627956867271 11.871990382671358 6.7763173431158057 46.785978958010674 7.5743140876293173 9.6311836838722247 7.6952686309814435 8.7884280085563642 5.9166549593210203 6.1612918972969055 7.4199531078338623 2.9378580302000037 2.701255038380622 8.9879632294177991 5.7013460546731975 7.1082022041082364 6.1700721085071555 4.9400214850902584 8.8083171844482404 6.8450314104557028 5.9331159591674805 7.2917318493127814 2.6601373851299277 18.674595862627029 121.38536264002323 9.8378003388643247 11.991040363907816 5.762805610895156 45.91949787735939 384.22085197269917
leaf_count=34 39 53 28 195 33 39 31 38 25 26 30 12 11 37 24 29 25 20 36 28 24 31 11 76 508 41 49 24 192 1584
internal_value=0.000775432 -0.0104814 0.00116459 0.00588878 -0.00429047 0.0115535 0.0255324 0.00393797 -0.00413473 0.0104843 -0.0208914 0.000390299 0.00111985 -0.00764177 0.000644911 0.000207119 -0.00474744 -0.00936065 -0.000710776 -0.0106997 -0.0230196 -0.0176481 0.000898581 0.0114147 0.000457967 0.000635522 -0.0036562 -0.021911 0.00199274 0.00306296
internal_weight=803.596 26.8531 776.742 109.381 39.1071 70.2737 23.4877 31.5328 22.7444 13.8566 13.3366 667.362 611.793 55.569 608.855 46.5811 39.8048 33.6347 20.5934 15.6533 13.0413 19.1637 606.153 24.3759 581.777 579.117 139.139 17.7538 439.978 394.059
internal_count=3333 118 3215 456 165 291 96 132 94 57 55 2759 2532 227 2520 190 162 137 84 64 53 84 2509 100 2409 2398 581 73 1817 1625
is_linear=0
shrinkage=0.05


Tree=66
num_leaves=31
num_cat=0
split_feature=1 0 1 0 0 1 0 1 0 0 0 1 1 1 1 0 0 0 0 0 1 0 1 0 1 0 0 1 1 1
split_gain=1.27428 1.24611 1.02718 2.27824 4.01081 2.4959 2.78421 1.96096 6.04153 3.56501 1.85907 1.41271 10.3754 6.44517 3.19131 2.42533 1.66528 1.52404 1.85035 3.65077 2.32152 1.02674 1.01694 4.37861 1.43693 1.21791 2.44878 2.35634 1.60204 1.56169
threshold=0.14958115986185352 49.53649437279072 0.1593926330067639 48.964838464246291 47.949603491333541 0.15676798413360976 55.806001668504194 0.15517201190060012 39.268635196884325 41.057010028218578 62.389488216682174 0.16171323738874985 0.16187329350249352 0.1613661546298035 0.16199859497651628 40.625547951900359 64.405459084866777 60.151776581131365 52.898645100428517 49.53649437279072 0.1604048261742955 59.433121232058035 0.16307531609848183 45.368958531738649 0.16321754947479503 44.223186757245024 43.023377452287541 0.17946258247005428 0.1715529639557615 0.18621806566389448
decision_type=2 2 2 2 2 2 2 2 2 2 2 2 2 2 2 2 2 2 2 2 2 2 2 2 2 2 2 2 2 2
left_child=1 -1 3 4 7 -5 -7 9 -9 -2 -8 13 -13 15 -14 -4 17 18 19 -17 -20 -3 23 -16 -24 26 -26 28 -28 -27
right_child=2 21 11 5 -6 6 10 8 -10 -11 -12 12 14 -15 22 16 -18 -19 20 -21 -22 -23 24 -25 25 29 27 -29 -30 -31
leaf_value=0.0070155692876208656 0.040188130914038479 -0.025940737828759483 0.02785519946926612 0.0043100070221523878 -0.042579091060751452 0.045002193343685409 -0.0064216755341888893 -0.036022425878714147 0.018174045890653877 -0.013956504884775154 0.030436233023666222 0.09501964089679632 -0.053759468560958437 -0.046147212517904948 0.0494486064641175 0.0038779439996653887 0.019349990650833416 -0.032782217195422084 0.035417863309972951 -0.046518252088965019 -0.0076028754850768765 -0.0020758224379304959 -0.03617273505604781 -0.0007955887186873212 -0.0009369175933177864 0.0029104496210626898 -0.012364350333182587 0.0054498066197642718 -0.049297773229436376 -0.0068347429976286234
leaf_weight=7.6843703091144588 7.4668561518192273 11.804030537605287 6.7739212065935126 46.774986162781715 5.7664016783237448 9.5938114523887652 7.6969927102327329 9.5633227527141589 11.122850790619848 5.1279345452785492 6.158516064286232 2.9242838472127906 2.6867674291133872 8.941671207547186 5.6474171280860928 9.0544209629297274 6.179512530565261 5.5693290978670111 5.2272343039512617 5.9584278762340537 7.8378514349460602 7.2905845791101447 2.6682723909616461 18.675083264708519 121.38711807131767 393.98250068724155 5.1421710252761859 5.7642796337604514 6.8439727127552032 45.900287181138992
leaf_count=34 31 53 28 195 25 39 31 40 47 22 26 12 11 37 24 37 25 23 21 24 32 31 11 76 508 1625 21 24 28 192
internal_value=0.000737126 -0.00998652 0.00110698 0.00560066 -0.0040813 0.0109842 0.0242974 0.00258899 -0.00688126 0.0181433 0.00996098 0.000370982 0.00106433 -0.00726403 0.000612953 0.000196813 -0.00450745 -0.00888901 -0.00414973 -0.0161237 0.00960937 -0.0168288 0.000854015 0.0108706 0.000435187 0.000603885 -0.00347345 -0.0208197 -0.033453 0.00189357
internal_weight=803.215 26.779 776.436 109.272 39.0474 70.2243 23.4493 33.281 20.6862 12.5948 13.8555 667.165 611.622 55.5424 608.698 46.6007 39.8268 33.6473 28.0779 15.0128 13.0651 19.0946 606.011 24.3225 581.689 579.02 139.138 17.7504 11.9861 439.883
internal_count=3333 118 3215 456 165 291 96 140 87 53 57 2759 2532 227 2520 190 162 137 114 61 53 84 2509 100 2409 2398 581 73 49 1817
is_linear=0
shrinkage=0.05


Tree=67
num_leaves=31
num_cat=0
split_feature=1 0 1 1 1 0 0 0 1 0 1 0 0 0 1 1 1 1 0 0 0 0 1 0 0 0 0 0 0 1
split_gain=1.163 2.01921 0.856611 1.15915 0.928593 2.05761 3.59746 2.4588 2.77629 1.86759 3.01438 3.6333 1.61252 3.00977 1.27761 9.45153 5.85734 2.89955 2.19074 1.63398 2.12525 3.58215 1.06389 2.41029 0.976798 0.959929 2.40482 2.21598 2.52714 1.71401
threshold=0.1467603729691381 55.009196313234426 0.14781578730642475 0.14958115986185352 0.1593926330067639 48.964838464246291 47.261587967688037 70.84303567801949 0.15676798413360976 43.725576041889745 0.15615730928522159 37.119861997202243 55.806001668504194 61.16097127869115 0.16171323738874985 0.16187329350249352 0.1613661546298035 0.16199859497651628 40.625547951900359 45.752919203257285 50.141794978717776 52.898645100428517 0.16084332973095103 59.154693147507821 64.137119511480265 64.638389391575771 62.194675642610527 58.331994756500457 54.480613195212399 0.15296997441036725
decision_type=2 2 2 2 2 2 2 2 2 2 2 2 2 2 2 2 2 2 2 2 2 2 2 2 2 2 2 2 2 2
left_child=1 -1 -2 -4 5 6 9 8 25 10 11 -5 -10 -14 16 -16 18 -17 -6 -20 -21 -22 23 -23 -25 26 27 28 29 -7
right_child=2 -3 3 4 14 7 -8 -9 12 -11 -12 -13 13 -15 15 17 -18 -19 19 20 21 22 -24 24 -26 -27 -28 -29 -30 -31
leaf_value=-0.029175188634101741 0.025168873562389383 0.012939968356114915 -0.015620373453376177 0.042152707335492673 0.026481327223390683 -0.0069300724027288214 -0.034570173551898113 -0.024323047959574049 0.042959297161549594 0.023296936411123289 -0.023831018113760163 -0.012442248710591157 -0.0069094009901803271 0.043118491629230413 0.091081529680893322 -0.051415721993309883 -0.044108017081535583 0.00081156458598986056 -0.030410179279813196 0.030360001478035543 -0.044192029716724313 0.016245702079798252 0.01965296248737422 -0.035779813971305759 -0.0045327162802515754 0.025049559663743622 -0.030524263533441006 0.030413329430094824 -0.018427777419484925 0.027690239649500709
leaf_weight=8.1272284686565381 3.6312994062900534 4.3798196017742148 10.566806465387343 5.6728097498416954 6.7692033797502509 6.0219044387340572 7.6709068119525901 4.7415959537029257 9.5486776828765887 8.7158543914556486 10.340145125985144 6.5848373770713806 6.7104443460702878 5.4465973228216171 2.8987978547811499 2.669222578406333 8.8886578232049924 605.86980980634689 5.2034355551004401 4.8424584865570059 4.9500735700130489 8.215943127870565 6.5654298067092887 5.0490051060914976 4.956129714846611 5.5935057103633872 4.7235006839036933 8.0673868805170041 10.512166336178778 8.7989080995321256
leaf_count=37 16 20 45 24 28 25 33 20 39 38 43 27 27 23 12 11 37 2509 21 20 20 33 27 21 20 24 20 34 43 36
internal_value=0.000700716 -0.014427 0.000940145 0.000828293 0.00105227 0.00532747 -0.00388241 0.0104446 0.0129644 0.00363518 -0.00394827 0.0128242 0.0275821 0.0155041 0.000352536 0.00101153 -0.00691538 0.000582481 0.000186246 -0.004288 -0.000357154 -0.00535929 0.00239593 -0.00382214 -0.0203013 0.00570678 0.00286882 0.00759129 0.000323522 0.0136235
internal_weight=802.733 12.507 790.226 786.594 776.027 109.149 38.9846 70.1647 65.4231 31.3136 22.5978 12.2576 21.7057 12.157 666.878 611.438 55.4403 608.539 46.5517 39.7825 34.579 29.7366 24.7865 18.2211 10.0051 43.7174 38.1239 33.4004 25.333 14.8208
internal_count=3333 57 3276 3260 3215 456 165 291 271 132 94 51 89 50 2759 2532 227 2520 190 162 141 121 101 74 41 182 158 138 104 61
is_linear=0
shrinkage=0.05


Tree=68
num_leaves=31
num_cat=0
split_feature=1 0 1 1 1 0 0 0 1 1 0 0 0 0 1 1 1 1 0 0 0 0 1 0 1 0 0 0 1 0
split_gain=1.05211 1.83293 0.775865 1.04656 0.840495 1.86127 3.27516 2.22578 2.51765 1.66665 5.30638 3.1169 1.47293 2.72748 1.15541 8.64307 5.32746 2.63715 1.9793 1.47125 1.92418 3.24404 0.957659 2.18059 0.920802 4.01376 1.62452 2.85794 1.29388 1.09948
threshold=0.1467603729691381 55.009196313234426 0.14781578730642475 0.14958115986185352 0.1593926330067639 48.964838464246291 47.949603491333541 70.84303567801949 0.15676798413360976 0.15517201190060012 39.268635196884325 41.057010028218578 55.806001668504194 61.16097127869115 0.16171323738874985 0.16187329350249352 0.1613661546298035 0.16199859497651628 40.625547951900359 45.752919203257285 50.141794978717776 52.898645100428517 0.16084332973095103 59.154693147507821 0.16307531609848183 47.484574990830303 53.632565049864681 62.194675642610527 0.16321754947479503 44.223186757245024
decision_type=2 2 2 2 2 2 2 2 2 2 2 2 2 2 2 2 2 2 2 2 2 2 2 2 2 2 2 2 2 2
left_child=1 -1 -2 -4 5 6 9 8 -7 11 -11 -5 -10 -14 16 -16 18 -17 -6 -20 -21 -22 23 -23 25 -19 -27 -28 -26 -30
right_child=2 -3 3 4 14 7 -8 -9 12 10 -12 -13 13 -15 15 17 -18 24 19 20 21 22 -24 -25 28 26 27 -29 29 -31
leaf_value=-0.027868633866433925 0.02398959395028516 0.012245303629742344 -0.014844785633327666 0.037468160019479967 0.025182742782032225 0.0054305538333245459 -0.038217877386930665 -0.023202517181775177 0.04103860244566597 -0.033787574821853926 0.017173694007844614 -0.013225267250448515 -0.0065625275518198011 0.04110340309817357 0.087628269125316821 -0.049224639615186791 -0.042187458323182395 0.041039024218501252 -0.028840154527931591 0.028939958194186755 -0.042120254181299333 0.01543187666270689 0.018614451544478699 -0.019356373219587414 -0.034326207884320364 -0.023525438353917072 0.033842748628744729 -0.01790136662466554 -0.0033412783232662766 0.0017586185464264295
leaf_weight=8.0839637219905836 3.6196188181638709 4.3964288234710684 10.563035279512404 7.4218323081731779 6.7625200450420371 43.652248293161392 5.8386460393667212 4.7225491255521765 9.4971112012863177 9.4937631785869616 11.057542681694029 5.1267561167478561 6.7118401527404767 5.4283937811851501 2.8632595837116233 2.6491434425115576 8.8301395475864393 7.3914874792099026 5.2121300995349875 4.8264779448509207 4.9342699497938183 8.216738119721418 6.5846211314201346 9.9704114347696287 2.6742124110460272 6.1906190961599377 5.484320715069769 5.1974924951791763 139.11044016480446 439.80837340652943
leaf_count=37 16 20 45 31 28 182 25 20 39 40 47 22 27 23 12 11 37 32 21 20 20 33 27 41 11 25 22 21 581 1817
internal_value=0.000666127 -0.0137378 0.000893726 0.000787397 0.00100028 0.00507179 -0.00369129 0.00994553 0.0123432 0.00239902 -0.00636808 0.0167572 0.0262891 0.0147509 0.000334929 0.000961149 -0.00658358 0.000553346 0.000176388 -0.00407842 -0.000341036 -0.00509845 0.00227589 -0.00363946 0.000771003 0.0103143 -0.00314565 0.00866541 0.00037286 0.000533146
internal_weight=802.32 12.4804 789.84 786.22 775.657 108.951 38.9385 70.0121 65.2896 33.0999 20.5513 12.5486 21.6373 12.1402 666.707 611.369 55.3373 608.506 46.5072 39.7446 34.5325 29.706 24.7718 18.1871 605.857 24.2639 16.8724 10.6818 581.593 578.919
internal_count=3333 57 3276 3260 3215 456 165 291 271 140 87 53 89 50 2759 2532 227 2520 190 162 141 121 101 74 2509 100 68 43 2409 2398
is_linear=0
shrinkage=0.05


Tree=69
num_leaves=31
num_cat=0
split_feature=1 0 1 1 1 0 0 0 1 0 0 1 0 0 0 0 0 1 0 1 1 1 1 0 0 1 1 1 0 1
split_gain=0.951907 1.66396 0.702786 0.944992 0.760492 1.68253 2.94529 2.0141 2.2943 1.7767 1.63934 2.43932 3.27777 1.14138 1.97007 1.70588 1.53231 1.44865 1.71042 1.04503 7.93031 4.84874 2.40061 1.78863 1.49274 1.4499 2.46153 1.99467 1.49731 0.834825
threshold=0.1467603729691381 55.009196313234426 0.14781578730642475 0.14958115986185352 0.1593926330067639 48.964838464246291 47.261587967688037 70.84303567801949 0.15770061968328597 55.806001668504194 43.725576041889745 0.15615730928522159 37.119861997202243 60.151776581131365 62.857182949313113 65.655448954100393 54.480613195212399 0.15296997441036725 51.701654554544774 0.16171323738874985 0.16187329350249352 0.1613661546298035 0.16199859497651628 40.625547951900359 64.405459084866777 0.16028999247822967 0.1605189431836227 0.16096405653616222 53.269576248053767 0.16307531609848183
decision_type=2 2 2 2 2 2 2 2 2 2 2 2 2 2 2 2 2 2 2 2 2 2 2 2 2 2 2 2 2 2
left_child=1 -1 -2 -4 5 6 10 8 13 -10 11 12 -5 16 -15 -16 17 -7 -19 21 -21 23 -22 -6 25 28 -27 -28 -25 -24
right_child=2 -3 3 4 19 7 -8 -9 9 -11 -12 -13 -14 14 15 -17 -18 18 -20 20 22 -23 29 24 -26 26 27 -29 -30 -31
leaf_value=-0.026622054903777011 0.022867550284551324 0.011591119421870728 -0.014108831233545803 0.039318984598213931 0.023953873405750004 -0.0068548480725018459 -0.031106484338371928 -0.02213506761533944 0.046022753062802541 0.012393713125147931 0.021859241128554651 -0.021725866433826738 -0.012660351900033288 0.042341800061700748 -0.017475975263002878 0.023500024223318261 -0.0087741616416805203 0.0039309037796611849 0.045277422863310338 0.084578052272710244 -0.047167934880515038 -0.040373320409179327 0.0098359103663970236 -0.036585547327683481 0.018686200464074525 0.031081190452022719 -0.025315603768027956 0.010709668217506596 -0.0025076750309113434 0.00035423572834627549
leaf_weight=8.0404993742704374 3.6076719164848319 4.4119184017181388 10.558446347713469 5.63583348691464 6.7541855722665778 6.0221220254898098 7.7436310052871695 4.7032767385244361 7.4793825298547736 8.2706575095653516 8.6433603912591916 10.265941575169562 6.5667459070682526 5.3205921351909629 4.6644416898488981 5.5767122954130173 17.851361081004143 5.1071759909391385 4.9021940231323242 2.8192926347255698 2.626989319920539 8.7671834975481016 24.180027231574059 7.0964633673429471 6.1870602667331687 4.9173125028610256 8.7462586760520917 6.8529484272003165 5.9059373885393143 581.57759515941143
leaf_count=37 16 20 45 24 28 25 33 20 31 34 38 43 27 23 20 24 73 21 20 12 11 37 100 29 25 20 36 28 24 2409
internal_value=0.000633402 -0.013083 0.000849786 0.000748693 0.000951061 0.00482784 -0.00351349 0.00946469 0.0117444 0.0283635 0.00335431 -0.00376431 0.0113466 0.00645053 0.01766 0.00483707 0.00130222 0.0125225 0.0241808 0.000318418 0.000913588 -0.00626836 0.000525882 0.000167354 -0.00387885 -0.008044 0.000234538 -0.0094892 -0.0211067 0.000732716
internal_weight=801.803 12.4524 789.351 785.743 775.185 108.753 38.8555 69.8979 65.1946 15.75 31.1119 22.4685 12.2026 49.4446 15.5617 10.2412 33.8829 16.0315 10.0094 666.431 611.204 55.2273 608.385 46.4602 39.706 33.5189 20.5165 15.5992 13.0024 605.758
internal_count=3333 57 3276 3260 3215 456 165 291 271 65 132 94 51 206 67 44 139 66 41 2759 2532 227 2520 190 162 137 84 64 53 2509
is_linear=0
shrinkage=0.05


Tree=70
num_leaves=31
num_cat=0
split_feature=0 1 1 0 0 1 0 0 0 1 1 1 1 0 0 0 1 0 0 1 1 0 1 1 1 0 1 1 1 1
split_gain=1.41936 2.42448 2.83224 2.20257 2.15902 2.10869 1.54247 1.47146 2.59253 1.42857 5.47921 3.73359 2.7605 1.97398 1.28543 2.86407 1.71546 1.15131 1.68011 0.938633 1.0128 0.819311 0.763222 2.48217 1.82293 2.50393 0.824449 2.22557 2.21804 1.84828
threshold=41.880215156260029 0.16640948007575693 0.16957815892801853 24.601594341874677 29.559645581098433 0.16159402431672246 32.885550926600246 35.513187288318811 30.274429228128579 0.17787260648948 0.17419282903963285 0.17276557955973795 0.18792594080823702 38.305550906398103 42.881150022759051 43.202922193149632 0.17067595721844667 43.553582182380872 43.725576041889745 0.15810594561343519 0.15442947971976959 38.056869494108504 0.14445400710909365 0.14832463459649806 0.15117437157658312 54.73849686119155 0.1728789220026716 0.17579738256224617 0.17616291056592667 0.17046522945918594
decision_type=2 2 2 2 2 2 2 2 2 2 2 2 2 2 2 2 2 2 2 2 2 2 2 2 2 2 2 2 2 2
left_child=1 5 -3 -4 -5 7 -6 8 -1 10 11 13 21 -8 16 -16 -2 -17 -19 20 -9 -11 -20 -24 25 -25 29 -28 -29 -26
right_child=14 2 3 4 6 -7 9 19 -10 12 -12 -13 -14 -15 15 17 -18 18 22 -21 -22 -23 23 24 26 -27 27 28 -30 -31
leaf_value=0.016265014932891671 -0.035804479227766722 -0.022354175894378076 -0.029683537832453324 0.029742879037314526 -0.019233282783777488 0.022444999701882937 0.033794401481819468 0.006765145846903001 -0.026958368535816919 -0.0015725259252775221 0.040691189254405499 -0.040333261743904336 0.024724459126353172 -0.0081027800915767084 0.032238173223445764 -0.025200874279490606 -0.002590356099207383 0.034319448960776454 0.014521898332427174 -0.0016566385900916572 0.038592167727291009 -0.022461159813546266 -0.027770485623927688 0.045605580067875955 -0.0028669596285386002 -0.00077337210650542658 0.0080869453577055612 -0.033523291478342286 -0.002234544822048126 -0.013380024814252859
leaf_weight=5.89299148321152 6.7595515698194495 14.660782441496847 5.1863271445035926 7.3345689922571173 8.1379724591970426 23.454115003347397 5.0622815787792259 5.0950139164924639 8.4345416128635389 8.1033888757228905 10.374182194471357 5.2827143520116797 6.1833809316158286 6.322595626115799 5.9418031871318808 5.6043792814016333 9.1497430056333524 3.093503162264823 6.4245192706584922 6.8390131294727317 4.9069135636091232 11.158210441470144 9.7937057614326459 4.6451065093278867 315.959966391325 7.7917512059211731 57.371491715312004 5.875128060579299 157.71622675657272 48.182348281145096
leaf_count=25 28 61 22 30 34 98 22 21 36 35 43 22 29 26 25 23 38 13 29 28 20 45 44 21 1302 34 236 24 660 198
internal_value=-0.00166798 0.00284902 -0.00229619 0.00172408 0.00412096 0.01112 0.00102114 0.00259799 -0.00918036 0.00416155 0.0121632 -0.00559307 -0.00434225 0.0105268 -0.00266649 -0.00231114 -0.0167024 -0.00264094 -0.00243597 0.0126185 0.0223794 -0.0136733 -0.00262123 -0.00280257 -0.00239335 0.0165489 -0.00279598 -0.000386569 -0.00335823 -0.00425802
internal_weight=786.738 142.429 87.8064 73.1456 67.9593 54.6226 60.6247 31.1685 14.3275 52.4868 27.0418 16.6676 25.445 11.3849 644.309 628.4 15.9093 622.458 616.854 16.8409 10.0019 19.2616 613.76 607.336 597.542 12.4369 585.105 220.963 163.591 364.142
internal_count=3272 597 369 308 286 228 256 130 61 222 113 70 109 48 2675 2609 66 2584 2561 69 41 80 2548 2519 2475 55 2420 920 684 1500
is_linear=0
shrinkage=0.05


Tree=71
num_leaves=31
num_cat=0
split_feature=0 1 1 0 0 1 0 0 0 1 1 1 1 0 0 0 1 0 0 1 1 0 1 1 1 0 1 1 0 0
split_gain=1.28169 2.1914 2.56004 1.99753 1.94173 1.9125 1.39668 1.32826 2.34699 1.29348 4.96528 3.37007 2.49859 1.79677 1.15904 2.58358 1.54338 1.04113 1.51949 0.845832 0.908901 0.740288 0.687886 2.25211 1.65006 2.28959 0.751073 3.48572 2.68811 1.60631
threshold=41.880215156260029 0.16640948007575693 0.16957815892801853 24.601594341874677 29.559645581098433 0.16159402431672246 32.885550926600246 35.513187288318811 30.274429228128579 0.17787260648948 0.17419282903963285 0.17276557955973795 0.18792594080823702 38.305550906398103 42.881150022759051 43.202922193149632 0.17067595721844667 43.553582182380872 43.725576041889745 0.15810594561343519 0.15442947971976959 38.056869494108504 0.14445400710909365 0.14832463459649806 0.15117437157658312 54.73849686119155 0.17195418214580457 0.17100733463480691 59.638179180483185 51.998394031520832
decision_type=2 2 2 2 2 2 2 2 2 2 2 2 2 2 2 2 2 2 2 2 2 2 2 2 2 2 2 2 2 2
left_child=1 5 -3 -4 -5 7 -6 8 -1 10 11 13 21 -8 16 -16 -2 -17 -19 20 -9 -11 -20 -24 25 -25 27 -26 29 -29
right_child=14 2 3 4 6 -7 9 19 -10 12 -12 -13 -14 -15 15 17 -18 18 22 -21 -22 -23 23 24 26 -27 -28 28 -30 -31
leaf_value=0.01544272435048212 -0.033951899896964025 -0.021267847431560058 -0.028348821943846154 0.028185991055179039 -0.018332346612134866 0.021387642890040418 0.032361737217488501 0.0064303407036483051 -0.025707201122919 -0.0014937240414017799 0.038808556233321259 -0.038302765960987105 0.023605887813289289 -0.0077022940678672727 0.030609078332322445 -0.023979633268818239 -0.0024616660047111459 0.032680430649381149 0.013769163299195636 -0.0015735797838940032 0.036564663088527169 -0.021351331619969067 -0.026496532378304939 0.04374529680517214 -0.0029218805249166813 -0.0007346440224812391 -0.00050223874706212767 -0.025241856137443466 -0.049163115401316661 0.01169328784326183
leaf_weight=5.89634941518307 6.7716301530599585 14.639690369367598 5.1596732437610617 7.352238491177558 8.1116985231637937 23.384749129414558 5.0230845510959679 5.0923475474119204 8.4035978615283948 8.1043180376291328 10.334574222564695 5.2845569401979438 6.1533441692590705 6.3188726156949997 5.9450423419475547 5.5955356061458579 9.1467462182044965 3.086398407816886 6.4366268813610068 6.8399727493524543 4.9196985214948654 11.151462420821188 9.7524279803037626 4.6016280800104123 326.45046831667423 7.7923687100410461 239.23842529952526 7.4073588550090808 7.1250040978193274 4.8849570006132126
leaf_count=25 28 61 22 30 34 98 22 21 36 35 43 22 29 26 25 23 38 13 29 28 20 45 44 21 1345 34 995 31 29 20
internal_value=-0.00158517 0.00271174 -0.00218533 0.00164187 0.00392306 0.0105807 0.000973633 0.00246829 -0.0087397 0.00396396 0.0115924 -0.00532446 -0.00413037 0.0100411 -0.00253342 -0.00219585 -0.0158575 -0.00250922 -0.00231443 0.0119789 0.0212377 -0.0129937 -0.00249043 -0.00266277 -0.00227376 0.0157798 -0.00265618 -0.00414607 -0.0247275 -0.0105639
internal_weight=786.405 142.17 87.6335 72.9938 67.8341 54.5367 60.4819 31.152 14.2999 52.3702 26.9611 16.6265 25.4091 11.342 644.235 628.316 15.9184 622.371 616.776 16.852 10.012 19.2558 613.689 607.253 597.5 12.394 585.106 345.868 19.4173 12.2923
internal_count=3272 597 369 308 286 228 256 130 61 222 113 70 109 48 2675 2609 66 2584 2561 69 41 80 2548 2519 2475 55 2420 1425 80 51
is_linear=0
shrinkage=0.05


Tree=72
num_leaves=31
num_cat=0
split_feature=0 1 1 0 0 1 0 1 1 1 1 0 1 0 0 0 0 1 0 0 0 0 0 0 0 0 1 1 1 0
split_gain=1.15749 1.98101 2.31435 1.81187 1.74735 1.73455 1.2798 1.42147 3.87242 2.65915 2.18259 1.82454 1.2702 1.23191 1.0784 1.04547 2.33151 1.39 0.968174 2.44027 0.941728 1.3747 0.77066 0.745913 0.653546 0.629942 0.620071 2.04354 1.49376 2.09462
threshold=41.880215156260029 0.16640948007575693 0.16957815892801853 24.601594341874677 29.559645581098433 0.16159402431672246 30.8507592720571 0.17392287722957631 0.17787260648948 0.18577505973529632 0.17268422800389435 37.119861997202243 0.15296997441036725 37.47079213976118 39.808175850988128 42.881150022759051 43.202922193149632 0.17067595721844667 35.513187288318811 38.056869494108504 43.553582182380872 43.725576041889745 31.766672163435285 37.119861997202243 33.323296803836939 39.268635196884325 0.14445400710909365 0.14832463459649806 0.15117437157658312 54.73849686119155
decision_type=2 2 2 2 2 2 2 2 2 2 2 2 2 2 2 2 2 2 2 2 2 2 2 2 2 2 2 2 2 2
left_child=1 5 24 -4 -5 12 -6 10 11 14 13 -9 -1 -8 23 17 -17 -2 22 -20 -18 -22 -14 -10 -3 -26 -23 -28 29 -29
right_child=15 2 3 4 6 -7 7 8 9 -11 -12 -13 18 -15 -16 16 20 -19 19 -21 21 26 -24 -25 25 -27 27 28 -30 -31
leaf_value=0.021121831327641866 -0.032216037032596283 -0.035917645492145676 -0.027077835501930804 0.026724735511246496 -0.028271178704227823 0.020381631155480268 0.022998439495178546 0.011076072135672917 -0.018999578369437189 0.017554191984543405 -0.035939501454777839 0.048732434733667104 -0.0013673560420778513 -0.010179885516928767 -0.032745513752306533 0.029075518959959985 -0.022822228944621117 -0.0023393370861826248 0.034207688802047845 -0.01010526289582063 0.031131360654779686 0.013057719645581591 -0.028292889073043372 0.0068600705845819109 -0.00081609294335753795 -0.025858417104072818 -0.025282975357734258 0.041976541138722644 -0.002523442399435119 -0.00069785805938194173
leaf_weight=6.9859442859888103 6.7794524133205405 4.5682270079851142 5.1324709057807913 7.3661529570817939 3.5327901989221564 23.313880994915962 4.5678100883960742 6.2454872131347638 5.5391475409269386 9.9875115007162076 5.306145876646041 6.6331992596387863 5.5054498910903948 7.2199395596981049 5.6799983978271475 5.9456509202718726 5.5855965763330451 9.1438726931810361 4.8467199951410285 8.6544741094112378 3.0781856775283805 6.4476649016141883 5.137307196855545 5.6156926602125168 5.1159921139478666 4.9323943853378296 9.710593566298483 4.556902274489401 585.10167515277863 7.7929535955190659
leaf_count=30 28 20 22 30 15 98 20 26 23 45 22 28 23 30 23 25 23 38 20 35 13 29 22 24 21 20 44 21 2420 34
internal_value=-0.00150659 0.00258158 -0.00208022 0.00156397 0.00373556 0.010069 0.000928532 0.00274483 0.00793526 -0.00288525 -0.0093101 0.0304711 0.00234559 0.00267688 -0.0150112 -0.00240711 -0.00208641 -0.0150595 -0.00308723 0.0058024 -0.00238415 -0.00219904 -0.0143644 -0.00598103 -0.0202372 -0.0131085 -0.00236624 -0.00253003 -0.00216022 0.0150483
internal_weight=786.029 141.887 87.443 72.8263 67.6939 54.4438 60.3277 56.7949 39.701 26.8224 17.0939 12.8787 31.1299 11.7877 16.8348 644.143 628.219 15.9233 24.144 13.5012 622.274 616.688 10.6428 11.1548 14.6166 10.0484 613.61 607.162 597.452 12.3499
internal_count=3272 597 369 308 286 228 256 241 169 115 72 54 130 50 70 2675 2609 66 100 55 2584 2561 45 47 61 41 2548 2519 2475 55
is_linear=0
shrinkage=0.05


Tree=73
num_leaves=31
num_cat=0
split_feature=0 1 1 1 0 1 1 1 0 0 1 1 0 0 1 1 0 0 0 1 0 0 1 0 0 0 1 1 1 0
split_gain=1.0453 1.79208 2.11701 1.57217 1.5126 1.2412 1.41765 3.51281 2.11541 1.56063 1.263 1.21348 1.27758 1.46776 1.20437 1.11466 1.89862 0.943367 2.10474 1.253 0.852012 1.24404 0.708506 0.601157 0.733128 0.725028 0.646342 2.12064 1.77451 2.06255
threshold=41.880215156260029 0.16640948007575693 0.1680404365379867 0.16159402431672246 24.601594341874677 0.18792594080823702 0.17787260648948 0.17392287722957631 37.119861997202243 37.119861997202243 0.1715529639557615 0.1605189431836227 35.513187288318811 30.274429228128579 0.1715529639557615 0.18056105118800461 33.676659977321748 42.881150022759051 43.202922193149632 0.17067595721844667 43.553582182380872 43.725576041889745 0.15553249429662416 43.887528039217706 44.069892429939202 44.223186757245024 0.1728789220026716 0.17579738256224617 0.17046522945918594 47.130413926140172
decision_type=2 2 2 2 2 2 2 2 2 2 2 2 2 2 2 2 2 2 2 2 2 2 2 2 2 2 2 2 2 2
left_child=1 3 -3 11 -4 6 7 9 -9 10 -6 12 13 -1 -11 -8 -17 19 -19 -2 -20 -22 -14 -23 -25 -26 28 -28 -27 -30
right_child=17 2 4 -5 5 -7 15 8 -10 14 -12 -13 22 -15 -16 16 -18 18 20 -21 21 23 -24 24 25 26 27 -29 29 -31
leaf_value=0.014627855783254345 -0.030586009689063151 -0.02682349752452819 -0.02586634763978983 0.019423934761308485 -0.0077077835666194963 0.022575372384746391 -0.023526267839999282 0.0083422883624868251 0.046713619261190185 -0.0059143288742143285 0.02165754995603815 -0.020706693525271557 0.0043259570823548687 -0.019919241897399277 -0.037376150676872645 0.025436200510530617 -0.012381382820839225 0.027629560105207063 -0.021724321948144349 -0.0022230569075064864 0.029664951456998434 -0.023832945918759466 0.027228691847879641 0.021749159228141215 -0.030721264670219395 -0.0021199662290327238 0.0083491257138439585 -0.0029063324546441832 0.017314394462022788 -0.016141346899164282
leaf_weight=5.4001646339893394 6.7835906147956839 7.8082221299409857 5.1049288213253012 23.242067649960518 7.4601512402296084 6.8336857408285132 8.8300304710865039 7.916240379214285 6.5753513872623444 8.6985894292592985 7.1912194043397903 4.8633791506290427 6.0756346732377988 7.1388350576162338 4.6774651706218711 4.6721166372299221 11.458525225520132 5.9440026432275763 5.5747667104005805 9.1411189436912519 3.0690641552209845 3.2088537067174903 7.6020152866840363 3.1962181925773612 2.2294462472200385 340.72692593932152 56.615185141563416 160.44868688285351 5.1748087257146826 41.97390653192997
leaf_count=23 28 33 22 98 31 32 37 33 28 36 30 20 25 31 20 19 48 25 23 38 13 13 31 13 9 1415 233 671 21 173
internal_value=-0.00143192 0.00245852 -0.00198124 0.00958756 0.000461191 0.00226975 0.000213396 0.0057661 0.0257527 -0.00456799 0.00670538 0.00223179 0.00648704 -0.00504086 -0.0169162 -0.00924531 -0.00142781 -0.00228691 -0.00198223 -0.0143051 -0.00226511 -0.00208919 0.0170553 -0.00224802 -0.00213455 -0.00226027 -0.00215538 2.93465e-05 -0.00337801 -0.0124694
internal_weight=785.635 141.549 87.2265 54.3221 79.4183 74.3134 67.4797 42.519 14.4916 28.0274 14.6514 31.08 26.2166 12.539 13.3761 24.9607 16.1306 644.087 628.162 15.9247 622.218 616.643 13.6776 613.574 610.365 607.169 604.94 217.064 387.876 47.1487
internal_count=3272 597 369 228 336 314 282 178 61 117 61 130 110 54 56 104 67 2675 2609 66 2584 2561 56 2548 2535 2522 2513 904 1609 194
is_linear=0
shrinkage=0.05


Tree=74
num_leaves=31
num_cat=0
split_feature=0 1 0 1 1 1 1 0 0 0 0 1 0 0 1 1 1 1 1 1 1 0 0 0 0 0 0 0 0 0
split_gain=0.946204 2.90075 5.10372 2.1337 2.12283 1.77917 2.20194 1.52986 3.14604 1.43124 1.01163 1.63898 0.990117 1.13728 0.879465 1.47027 1.09204 0.665633 2.2722 1.46394 1.31114 1.69024 3.33234 2.51877 1.31627 1.21409 1.06422 2.96833 1.02266 1.59105
threshold=40.625547951900359 0.16640948007575693 39.808175850988128 0.1715529639557615 0.1725859188605039 0.15968794962653346 0.15729590421864273 24.601594341874677 28.114615540613276 30.8507592720571 32.885550926600246 0.16831680603915919 32.885550926600246 37.652641487729397 0.17392287722957631 0.17787260648948 0.18577505973529632 0.1728789220026716 0.17579738256224617 0.17616291056592667 0.171198840748265 64.137119511480265 57.700564838249811 47.130413926140172 52.721390128262719 41.158737101100677 72.06372975608943 66.606872605590937 65.139705930949731 63.214037267922855
decision_type=2 2 2 2 2 2 2 2 2 2 2 2 2 2 2 2 2 2 2 2 2 2 2 2 2 2 2 2 2 2
left_child=1 2 5 10 -5 6 -1 -6 -9 -10 -3 -12 -7 -14 -11 -16 -17 20 -19 -20 25 22 23 -22 -25 -2 27 28 29 -21
right_child=17 3 -4 4 7 12 -8 8 9 14 11 -13 13 -15 15 16 -18 18 19 26 21 -23 -24 24 -26 -27 -28 -29 -30 -31
leaf_value=0.0066084768512331199 -0.02803582531836947 -0.032805105026679007 0.056293622703960482 0.035078564672906119 -0.030520185252594062 0.0016020405198602127 -0.031296383045188683 0.047258613151693413 -0.027621754334076237 -0.0186443224343277 0.0088369241913969013 -0.026954535324164156 0.034188375721975819 0.0050137002383921873 0.021049413944943793 -0.011470643124178687 0.01301137914007116 0.0081575986675851298 -0.026896486671179672 -0.0032031024279366039 0.0067578604690496551 -0.035766938252442364 0.018793963587305736 -0.044916959388846711 -0.0147997061265298 -0.0021257492040524613 -0.018242069719078543 0.023863314073544306 -0.023550755038320225 0.021381485630072233
leaf_weight=11.731975704431536 4.5753433108329764 6.9764624536037472 5.8335800617933264 4.3945824950933448 4.079963654279708 8.1548467278480548 5.689392924308776 3.4561214298009864 4.9547363221645346 4.828913912177085 6.3693328201770765 6.4251233488321304 9.05127005279064 5.2942360639572135 9.1223750561475772 13.357548862695696 6.9119283407926551 63.170806229114532 6.1148497760295859 142.94360592961311 6.9653392583131852 6.3611630052328101 8.6530390083789808 7.2374814599752408 7.2741674184799194 382.04118920862675 9.5519368499517423 11.129979223012922 5.7542235702276221 6.8987144231796256
leaf_count=50 19 30 24 19 18 34 24 14 21 20 26 27 39 22 39 56 32 260 25 598 29 26 35 31 30 1585 39 46 25 29
internal_value=-0.00136083 0.00279484 0.0126089 -0.0035407 0.00185516 0.00622542 -0.00577032 -0.00127046 0.00152881 -0.00250554 -0.0174885 -0.00913684 0.0155134 0.0234214 0.00113098 0.00437994 -0.00312223 -0.00208567 -1.49426e-05 -0.00284545 -0.00328749 -0.0123472 -0.00740276 -0.0179574 -0.0298203 -0.00243238 -0.00201116 -0.00108127 -0.00286558 -0.00207123
internal_weight=785.304 116.632 45.7553 70.8771 51.1062 39.9217 17.4214 46.7116 42.6316 39.1755 19.7709 12.7945 22.5004 14.3455 34.2208 29.3919 20.2695 668.672 245.564 182.393 423.108 36.4912 30.13 21.477 14.5116 386.617 176.278 166.727 155.597 149.842
internal_count=3272 495 193 302 219 169 74 200 182 168 83 53 95 61 147 127 88 2777 1022 762 1755 151 125 90 61 1604 737 698 652 627
is_linear=0
shrinkage=0.05


Tree=75
num_leaves=31
num_cat=0
split_feature=1 0 0 0 0 1 1 1 0 1 0 0 1 1 1 0 0 0 0 1 0 0 1 0 0 0 1 1 0 0
split_gain=1.49792 2.54291 4.11038 1.81419 4.04366 1.72399 1.35404 1.19323 2.14358 1.57659 1.22227 2.03726 1.17428 1.43389 1.07253 1.02796 0.982267 0.930474 1.16227 0.886185 2.85809 0.861911 4.86725 3.25403 1.89656 1.62678 1.45102 2.57392 1.89083 1.62003
threshold=0.15498509137367147 62.724014084423878 60.151776581131365 46.033641792075123 41.158737101100677 0.15676798413360976 0.15117437157658312 0.19029325001363009 58.579936109558311 0.18845905718455644 25.993277078793508 27.250192704436532 0.15363945559866485 0.14781578730642475 0.18938933382703613 65.655448954100393 51.601358671086537 46.167537647220335 55.806001668504194 0.15077033392053421 53.032995188914562 57.489007916365615 0.18234794269236856 57.22764762972411 64.638389391575771 56.948868729301672 0.17846784082001613 0.17579738256224617 66.16167828607216 58.492174485453411
decision_type=2 2 2 2 2 2 2 2 2 2 2 2 2 2 2 2 2 2 2 2 2 2 2 2 2 2 2 2 2 2
left_child=1 2 3 4 6 17 -1 9 16 10 -7 -12 13 -5 -11 -3 -9 -2 -19 -15 -21 23 26 25 -24 -13 27 29 -29 -23
right_child=5 15 -4 12 -6 7 -8 8 -10 14 11 21 -14 19 -16 -17 -18 18 -20 20 -22 22 24 -25 -26 -27 -28 28 -30 -31
leaf_value=-0.0071303030023631177 0.00024432964509981157 -0.031417347379228737 0.055527911223644547 0.023288816507502686 -0.046235683285452994 0.018745925648749707 0.029217138552453076 -0.012207066533060008 0.0075430038549590354 0.033796041535317664 -0.044718031892868861 0.00083007937493676529 0.028159772677520435 -0.011401921105886134 0.0039679099299850841 -0.0022329243906497758 -0.036011223285606513 -0.033204141058155515 -0.0053369302671919146 -0.018573969137089426 0.030260117104480025 -0.017483222814256835 -0.044098654256783026 0.035134100438193823 -0.0085119704705670287 -0.026211764832281131 0.011997480449792156 -0.031719984242683998 -0.00034164366975531277 0.00153689971574378
leaf_weight=5.4916704595088941 7.4055213332176235 4.9433239400386793 4.7768537849187842 10.339106112718584 4.6774831414222708 8.4182336777448636 4.8033708930015564 14.324804604053499 11.513072580099104 5.7046626061201078 2.5862743556499472 418.16054263710976 9.4049293100833875 8.9320967793464678 6.3888015747070312 7.7440139800310135 6.213569000363349 8.792210787534712 6.5135359466075888 5.2465545833110792 6.9854123890399933 12.1699181497097 9.3074766248464567 6.8802847862243643 6.2634643465280524 5.63653241097927 20.089499548077583 11.922278612852098 8.0377345234155637 139.79455551505089
leaf_count=24 31 21 21 48 20 36 20 64 48 25 11 1734 39 39 26 34 28 36 27 22 29 49 38 28 27 23 83 49 33 577
internal_value=-5.26575e-05 0.00675277 0.0110107 0.00720518 -0.00768629 -0.000749665 0.00982837 -0.000305679 -0.00972745 0.000150927 -0.000182248 -0.00043089 0.0126555 0.00802689 0.0180383 -0.013604 -0.0194086 -0.0143053 -0.0213449 0.000571109 0.00931412 -0.000251436 -0.00289798 0.00102419 -0.0297838 0.000470421 -0.000717741 -0.00220352 -0.0190842 1.36928e-05
internal_weight=789.468 73.3448 60.6575 55.8806 14.9725 716.123 10.295 693.412 32.0514 661.36 649.267 640.849 40.9081 31.5032 12.0935 12.6873 20.5384 22.7113 15.3057 21.1641 12.232 638.262 207.585 430.677 15.5709 423.797 192.014 171.924 19.96 151.964
internal_count=3290 317 262 241 64 2973 44 2879 140 2739 2688 2652 177 138 51 55 92 94 63 90 51 2641 856 1785 65 1757 791 708 82 626
is_linear=0
shrinkage=0.05


Tree=76
num_leaves=31
num_cat=0
split_feature=1 0 0 0 0 1 0 1 0 0 1 0 1 1 1 0 1 0 0 1 0 0 0 1 1 0 0 1 1 0
split_gain=1.38449 1.99773 2.35177 1.23989 1.57553 0.986931 1.93858 1.49444 1.15073 1.13718 1.02103 1.03701 1.6408 0.973977 0.901404 0.900196 1.39499 0.790499 0.777812 4.38233 2.93877 1.70596 1.47024 1.31101 2.32336 1.70719 1.46241 1.32197 1.30552 1.36576
threshold=0.15422727915749665 66.606872605590937 45.752919203257285 48.647074106060309 50.141794978717776 0.19029325001363009 58.579936109558311 0.18845905718455644 25.993277078793508 27.250192704436532 0.15676798413360976 41.158737101100677 0.15553249429662416 0.18938933382703613 0.15018201835610845 48.40065041735793 0.19278127842343065 66.16167828607216 57.489007916365615 0.18234794269236856 57.22764762972411 64.638389391575771 56.948868729301672 0.17846784082001613 0.17579738256224617 66.16167828607216 58.492174485453411 0.16914173486915443 0.18544395699234331 48.40065041735793
decision_type=2 2 2 2 2 2 2 2 2 2 2 2 2 2 2 2 2 2 2 2 2 2 2 2 2 2 2 2 2 2
left_child=1 2 14 -4 -5 7 15 8 -2 -10 11 -11 -13 -9 -1 16 -7 -8 20 23 22 -21 28 24 26 -26 27 -20 -12 -30
right_child=5 -3 3 4 -6 6 17 13 9 10 18 12 -14 -15 -16 -17 -18 -19 19 21 -22 -23 -24 -25 25 -27 -28 -29 29 -31
leaf_value=-0.023034446070869519 0.017771500694321693 -0.019726897273161331 0.037255013607940854 -0.014767529708037415 0.016007063547508967 0.0098380927601977135 0.018248742142340565 0.032218050612386549 -0.032527586001774397 0.0085548567004317937 0.00027061715520343161 -0.0015259072895801454 -0.026712676852131786 0.0037689328361468926 0.0035770186658871947 -0.031492355028580499 -0.02413882218169424 -0.008312221268729823 -0.0016930092912065986 -0.041794665945519137 0.033398869954453049 -0.008074081139098771 -0.024937122789386437 0.011413193878130303 -0.030141600526978132 -0.0003245579223461019 0.0014600161268313819 -0.034818755574160913 0.0022078685195341687 0.033858923957937034
leaf_weight=5.9970202445983869 8.4353646934032422 6.2801503539085379 5.6766465604305258 4.7410240769386283 33.873082935810089 5.1631889790296572 6.7110140025615674 5.6853596121072751 2.8143792599439612 6.4733771681785575 404.25300990045071 13.246533870697023 12.63292747735977 6.3897634148597717 6.7795520126819611 8.0578812807798368 7.2810122072696686 4.8083130419254303 6.6868624687194806 9.3289322853088361 6.8759573101997367 6.2727533280849448 5.6286076158285132 20.062760442495346 11.919319763779642 8.0378266870975477 139.79815562069416 5.4801254421472549 7.9032650142908079 5.9926360845565796
leaf_count=26 36 27 25 21 148 23 28 25 12 27 1677 55 52 26 29 36 33 20 27 38 28 27 23 83 49 33 577 22 32 25
internal_value=-4.99444e-05 0.00703901 0.00998455 0.0154362 0.0122286 -0.000668546 -0.00925072 -0.000272515 -0.000581302 -0.000811197 -0.000678088 -0.00934365 -0.0138207 0.0171637 -0.00891377 -0.0184723 -0.0100416 0.00716186 -0.000238825 -0.00275291 0.000973031 -0.0282371 0.000446909 -0.00068193 -0.00209339 -0.0181327 1.29996e-05 -0.0166132 0.000788598 0.0158575
internal_weight=789.287 63.3475 57.0673 44.2908 38.6141 725.939 32.0214 693.918 681.843 673.407 670.593 32.3528 25.8795 12.0751 12.7766 20.5021 12.4442 11.5193 638.24 207.587 430.653 15.6017 423.778 191.985 171.922 19.9571 151.965 12.167 418.149 13.8959
internal_count=3290 276 249 194 169 3014 140 2874 2823 2787 2775 134 107 51 55 92 56 48 2641 856 1785 65 1757 791 708 82 626 49 1734 57
is_linear=0
shrinkage=0.05


Tree=77
num_leaves=31
num_cat=0
split_feature=1 0 0 0 0 1 0 1 0 0 1 0 0 0 1 0 1 1 0 1 0 1 1 0 0 1 1 0 0 0
split_gain=1.25107 1.80535 2.12519 1.14269 1.42182 0.893239 1.75651 1.35108 1.03673 1.02724 0.921922 0.944424 0.988459 1.31376 0.884911 0.832019 0.815656 0.738428 0.890508 3.79597 2.65854 2.16455 1.58526 1.53754 1.32705 1.31009 1.92505 1.54246 1.2243 1.93823
threshold=0.15422727915749665 66.606872605590937 45.752919203257285 48.647074106060309 50.141794978717776 0.19029325001363009 58.579936109558311 0.18845905718455644 25.993277078793508 27.250192704436532 0.15676798413360976 58.892450378332306 53.536297695939318 41.158737101100677 0.18938933382703613 51.601358671086537 0.15018201835610845 0.15729590421864273 57.489007916365615 0.18234794269236856 57.22764762972411 0.15870381171328837 0.15984100868535636 64.638389391575771 56.948868729301672 0.17846784082001613 0.17579738256224617 66.16167828607216 63.348557669629862 64.137119511480265
decision_type=2 2 2 2 2 2 2 2 2 2 2 2 2 2 2 2 2 2 2 2 2 2 2 2 2 2 2 2 2 2
left_child=1 2 16 -4 -5 7 15 8 -2 -10 11 12 13 -11 -9 -7 -1 -12 20 21 24 -20 -23 -21 -19 26 28 -28 -24 -30
right_child=5 -3 3 4 -6 6 -8 14 9 10 17 -13 -14 -15 -16 -17 -18 18 19 23 -22 22 25 -25 -26 -27 27 -29 29 -31
leaf_value=-0.021930952796864134 0.01685193375629215 -0.018766628112945237 0.035741837004412115 -0.013995662257435005 0.015209721808927263 -0.010990537093729056 0.0068038574392302433 0.030722655674758927 -0.030927703246335248 0.0081193045493274055 0.017215971627812132 -0.025284036644370213 0.012520645302191347 -0.019610783769287564 0.0035799869470356967 -0.032987330224568283 0.0033990044677533146 0.00073199091002270288 -0.034090279685286509 -0.039650681912061378 0.03176607461969836 0.023381946446735274 -0.0053252453336558418 -0.0076595466883056232 -0.023730141547498352 0.010857333194289311 -0.028654034281312586 -0.00030832720144658571 0.028342062249635949 0.0011968331068246399
leaf_weight=5.9841641634702665 8.4504739940166456 6.2716431319713584 5.6225239485502234 4.7520761340856543 33.866533726453781 14.279217332601553 11.518742367625235 5.6645204424858075 2.8120246380567542 6.4794432967901292 6.0104243457317343 6.9016972482204428 6.4277955293655387 12.532795786857603 6.390632688999176 6.1505368351936331 6.7779212594032288 414.25268632173538 4.8587501645088187 9.3413353562355024 6.8681067526340476 6.8164068162441245 69.06085416674614 6.2813950031995764 5.6193845719099036 20.036109283566475 11.911389589309694 8.0379138588905317 7.360044687986373 61.725356683135033
leaf_count=26 36 27 25 21 148 64 48 25 12 27 25 29 26 52 26 28 29 1718 20 38 28 28 281 27 23 83 49 33 30 258
internal_value=-4.74216e-05 0.00669545 0.00949685 0.0146821 0.011616 -0.000635271 -0.00880962 -0.000258875 -0.000552265 -0.000770691 -0.000644219 -0.00887992 -0.0044296 -0.0101603 0.0163339 -0.0176128 -0.00847826 -0.00022685 -0.000392689 -0.00309741 0.000909343 -0.00114746 -0.000282027 -0.0267881 0.0004046 -0.00118756 -0.00271405 -0.0172331 -0.000617405 0.00408876
internal_weight=789.063 63.2749 57.0032 44.2411 38.6186 725.788 31.9485 693.84 681.784 673.334 670.522 32.3417 25.44 19.0122 12.0552 20.4298 12.7621 638.18 632.17 205.43 426.74 189.807 184.948 15.6227 419.872 178.132 158.096 19.9493 138.146 69.0854
internal_count=3290 276 249 194 169 3014 140 2874 2823 2787 2775 134 105 79 51 92 55 2641 2616 847 1769 782 762 65 1741 734 651 82 569 288
is_linear=0
shrinkage=0.05


Tree=78
num_leaves=31
num_cat=0
split_feature=1 0 0 0 0 1 1 1 0 1 1 0 0 0 1 0 0 0 1 0 0 0 1 0 1 0 1 1 0 1
split_gain=1.14536 2.09431 3.65964 1.33382 3.6912 1.31661 1.20716 1.31013 1.104 1.08905 0.880851 1.6571 2.48496 1.19366 1.16581 0.893976 1.58409 0.823636 0.80707 2.58293 0.709234 1.04365 0.666872 0.803851 3.42232 2.40347 1.95179 1.43043 1.3881 1.24237
threshold=0.15498509137367147 62.724014084423878 60.151776581131365 46.033641792075123 41.158737101100677 0.15676798413360976 0.15363945559866485 0.14781578730642475 65.655448954100393 0.15117437157658312 0.19029325001363009 56.014628379628057 61.464567880330868 42.361557110423178 0.18845905718455644 25.993277078793508 27.250192704436532 48.515412113965276 0.15077033392053421 53.032995188914562 46.167537647220335 55.806001668504194 0.15729590421864273 57.489007916365615 0.18234794269236856 57.22764762972411 0.15870381171328837 0.15984100868535636 64.638389391575771 0.17313257542389507
decision_type=2 2 2 2 2 2 2 2 2 2 2 2 2 2 2 2 2 2 2 2 2 2 2 2 2 2 2 2 2 2
left_child=1 2 3 4 9 20 7 -5 -3 -1 14 13 -13 -12 15 -7 -17 -16 -9 -20 -2 -22 -18 25 26 29 -25 -28 -26 -24
right_child=5 8 -4 6 -6 10 -8 18 -10 -11 11 12 -14 -15 17 16 22 -19 19 -21 21 -23 23 24 28 -27 27 -29 -30 -31
leaf_value=-0.0050820110579664979 0.00017552438199372716 -0.031054017230275885 0.052020150133433175 0.020734648050986338 -0.043531984185490945 0.015983503564860387 0.026658404968679307 -0.012378436203038214 -0.00076909290101600169 0.027579835391667785 -0.0021949052913490062 0.028114023387434031 -0.012868326137262421 -0.029949768872601985 0.029917181111162951 -0.039528759402161981 0.016366045882303344 0.0036396805810645543 -0.019068006606632878 0.027484212569647733 -0.029915776061773688 -0.003472637005491597 -0.0017114014433221637 -0.032359587103967101 -0.037649028511537751 0.030226632940062947 0.022208046762363154 -0.0011286313818084153 -0.0072670142844713514 0.0039141627963364548
leaf_weight=5.4673628360033018 7.4184400737285641 4.9346268922090513 4.7285634130239478 10.378977879881861 4.652740165591239 8.4637772142887098 9.3461700677871686 8.9300166368484515 7.7123617827892303 4.7864470332860947 6.2409865856170716 6.1275034695863715 9.3322054445743543 10.213512569665907 5.4525451362133008 2.5727060586214057 6.0065306127071372 6.5813286304473877 5.2366316467523557 6.913595899939537 8.7738665491342527 6.4925022572278968 263.43791027367115 4.8625688105821601 9.3459275662899 6.8572744578123084 6.8178353458642951 178.06456668674946 6.289439693093299 156.4136791229248
leaf_count=24 31 21 21 48 20 36 39 39 34 20 28 26 39 47 24 11 25 27 22 29 36 27 1090 20 38 28 28 734 27 651
internal_value=-4.50289e-05 0.00591718 0.00978885 0.00620446 -0.00659568 -0.000653836 0.0108805 0.00619301 -0.0125857 0.0101644 -0.000265874 -0.00837908 0.00337515 -0.0194227 0.000125748 -0.000160119 -0.000373391 0.015546 -0.000966641 0.00742065 -0.0125071 -0.01867 -0.000215522 -0.000373091 -0.00294322 0.000863945 -0.00109046 -0.000268054 -0.0254276 0.000384375
internal_weight=788.853 73.0875 60.4405 55.7119 14.9066 715.765 40.8054 31.4592 12.647 10.2538 693.08 31.9142 15.4597 16.4545 661.166 649.132 640.668 12.0339 21.0802 12.1502 22.6848 15.2664 638.096 632.089 205.38 426.709 189.745 184.882 15.6354 419.852
internal_count=3290 317 262 241 64 2973 177 138 55 44 2879 140 65 75 2739 2688 2652 51 90 51 94 63 2641 2616 847 1769 782 762 65 1741
is_linear=0
shrinkage=0.05


Tree=79
num_leaves=31
num_cat=0
split_feature=1 0 0 0 0 0 1 0 1 0 0 0 1 1 0 0 0 0 0 0 1 0 0 0 1 0 0 0 0 0
split_gain=1.06216 1.60138 1.79406 1.08086 1.26379 0.733711 0.728154 1.55774 1.10575 0.855216 0.843184 0.82653 0.816246 0.80109 0.873285 0.869778 1.11939 0.67513 0.667725 2.20749 1.8257 1.60269 0.664945 0.644412 2.52789 1.42853 3.29979 3.17254 2.32329 1.81266
threshold=0.15422727915749665 66.606872605590937 45.752919203257285 48.647074106060309 50.141794978717776 35.147751607835005 0.19029325001363009 58.579936109558311 0.18845905718455644 51.601358671086537 25.993277078793508 27.250192704436532 0.18938933382703613 0.15676798413360976 58.892450378332306 53.536297695939318 41.158737101100677 66.16167828607216 58.892450378332306 62.724014084423878 0.15077033392053421 53.907198928971688 43.887528039217706 40.82082388992005 0.15968794962653346 42.046478688834249 41.695080178560993 42.744024100919752 43.725576041889745 41.158737101100677
decision_type=2 2 2 2 2 2 2 2 2 2 2 2 2 2 2 2 2 2 2 2 2 2 2 2 2 2 2 2 2 2
left_child=1 2 5 -4 -5 -1 8 9 10 22 -2 -12 -10 14 15 16 -13 -9 20 -20 21 -6 -8 24 -15 26 29 -27 -29 -25
right_child=6 -3 3 4 18 -7 7 17 12 -11 11 13 -14 23 -16 -17 -18 -19 19 -21 -22 -23 -24 25 -26 27 -28 28 -30 -31
leaf_value=0.0079017598250293586 0.015162826358804674 -0.017817249495852415 0.034194282457825763 -0.013502311025797768 0.018738105832284212 -0.01696378954514376 -0.01829366599101323 0.016943716524347688 0.028676296790173292 -0.031949702131462039 -0.027820645518534692 0.0074896957180376374 0.0025611918803395578 -0.034617217078223315 -0.024074508718833317 0.011926198454607873 -0.018107998994424428 -0.0076070179237020035 0.041641475436313684 -0.00072016277918167534 0.024946786194486367 -0.019117135202941993 0.0038203697451021246 0.023680249289478414 -0.0018221018118251707 -0.028326208503817004 0.045343684222849213 0.019310555616471395 -0.00012190421802770866 -0.013270888331932688
leaf_weight=4.7191089540719968 8.475467696785925 6.2622492462396613 5.5630640089511862 4.7599716037511817 4.5535425394773501 7.9888656586408615 8.6278238445520454 6.7213388085365278 5.6273995786905271 6.1053539216518393 2.7990230023860923 6.4838776141405168 6.3893492519855499 6.3220111280679694 6.8832460939884177 6.4118208587169638 12.51360449194908 4.8000826835632324 7.0584124028682691 5.4497989267110825 9.4972497820854169 7.2440136671066284 5.6093477308750144 5.3053863644599941 83.2865090072155 9.7428040206432325 5.7972810715436927 15.866385564208029 502.87893621623516 8.8642096966505033
leaf_count=21 36 27 25 21 21 34 39 28 25 28 12 27 26 27 29 26 52 20 31 24 40 32 25 22 351 40 24 66 2075 36
internal_value=-4.27555e-05 0.0061796 0.00882369 0.013591 0.0106188 -0.00772996 -0.000583902 -0.00797449 -0.000244401 -0.0162944 -0.000509463 -0.000706788 0.0147908 -0.000593576 -0.00827671 -0.00399717 -0.00937146 0.00671533 0.0140154 0.0231846 0.00862961 -0.00450602 -0.00958089 -0.00020473 -0.00413584 0.000437549 0.0135658 -5.84517e-05 0.000472459 0.000564373
internal_weight=788.608 63.0963 56.834 44.1261 38.563 12.708 725.511 31.8639 693.647 20.3425 681.631 673.155 12.0167 670.356 32.2925 25.4093 18.9975 11.5214 33.803 12.5082 21.2948 11.7976 14.2372 638.064 89.6085 548.455 19.9669 528.488 518.745 14.1696
internal_count=3290 276 249 194 169 55 3014 140 2874 92 2823 2787 51 2775 134 105 79 48 148 55 93 53 64 2641 378 2263 82 2181 2141 58
is_linear=0
shrinkage=0.05


Tree=80
num_leaves=31
num_cat=0
split_feature=1 1 1 0 0 1 1 0 0 0 0 1 0 0 0 1 0 1 1 0 1 0 1 1 1 0 0 0 0 0
split_gain=1.365 1.62372 2.58064 1.45583 1.39515 2.33209 1.36445 1.24809 1.20843 1.63668 1.92845 1.60165 1.66285 1.55292 1.44424 1.28056 1.27249 1.20913 2.69351 2.71881 1.22152 1.76313 1.52395 1.11059 2.24338 1.01868 2.25953 1.2781 1.96776 1.87311
threshold=0.18159191537008254 0.18365769362718323 0.1830108048560328 70.84303567801949 69.130037515327146 0.16610255091117707 0.18104103848821998 67.558899163874216 61.316514760494861 60.300363599276842 59.638179180483185 0.1725859188605039 60.736637525191945 61.636955066193771 61.922204389079262 0.16405272182018885 58.6874435383451 0.16852572803320356 0.1679097619509152 27.250192704436532 0.16914173486915443 49.53649437279072 0.16944135098240451 0.1650885415164586 0.17439796735442373 57.594653388420809 58.111313562532025 56.948868729301672 55.202835980014548 53.632565049864681
decision_type=2 2 2 2 2 2 2 2 2 2 2 2 2 2 2 2 2 2 2 2 2 2 2 2 2 2 2 2 2 2
left_child=3 2 -2 4 6 -6 7 8 9 10 16 12 -11 -10 -15 -12 17 18 19 -1 21 -19 -22 -18 -25 27 -27 28 29 -24
right_child=1 -3 -4 -5 5 -7 -8 -9 13 11 15 -13 -14 14 -16 -17 23 20 -20 -21 22 -23 25 24 -26 26 -28 -29 -30 -31
leaf_value=0.036796646078130109 0.005690718430848926 0.0015536232912779972 0.039533470348699355 0.0085107406000146848 -0.041403876451500544 0.0037383030118700055 -0.020580451877471595 0.015124054754031491 -0.032695882104115129 0.023092992986102279 -0.0049898298624165864 0.038302782571044178 -0.0096182928391429709 0.018955867336028234 -0.0071393928237753913 -0.036540575600332095 -0.0042103872131255384 -0.0011147457196083862 0.023357331217232519 -0.00063570637708499397 0.019851731849934173 -0.041369030060761314 -0.003556209115304076 0.033412150999644272 -0.0068451930746614769 0.036853463715146133 -0.0103496600007617 -0.025463246612380121 0.015635655072526008 -0.022304117222998437
leaf_weight=4.9487651437520972 18.959043383598331 79.715181820094585 8.0140043050050718 38.413515761494637 5.7168196588754636 5.7272566705942154 8.9484334737062436 11.895151928067206 5.4747649729251853 7.2730645686388042 6.7516365200281125 4.9328230023384085 8.3400609344243986 5.7543007731437674 67.485172837972641 6.1413982063531876 7.8147141188383129 5.7615830004215223 13.105787217617033 245.36973268538713 7.0734313875436774 5.1531341969966888 146.12796095013618 9.6789518594741804 5.3864946216344824 4.7377429753541929 5.4533945620059967 7.0888671427965155 12.108881041407583 14.659410282969473
leaf_count=22 79 338 38 162 24 24 37 50 23 30 28 20 34 24 280 25 32 24 54 1023 29 21 607 39 22 20 22 29 50 60
internal_value=-0.000115025 0.0051417 0.0157458 -0.000943036 -0.00151143 -0.0188122 -0.00119589 -0.000915442 -0.00122996 -0.00036823 -0.000928474 0.0134664 0.00561961 -0.00700925 -0.00508913 -0.0200185 -0.00043071 -0.000989406 0.0012612 0.000104327 -0.00383746 -0.0201199 -0.00293649 0.0110847 0.0190186 -0.00378407 0.0115945 -0.00465484 -0.00380168 -0.00526551
internal_weight=784.011 106.688 26.973 677.323 638.91 11.4441 627.466 618.517 606.622 527.908 507.362 20.5459 15.6131 78.7142 73.2395 12.893 494.469 471.589 263.424 250.318 208.164 10.9147 197.25 22.8802 15.0654 190.176 10.1911 179.985 172.896 160.787
internal_count=3270 455 117 2815 2653 48 2605 2568 2518 2191 2107 84 64 327 304 53 2054 1961 1099 1045 862 45 817 93 61 788 42 746 717 667
is_linear=0
shrinkage=0.05


Tree=81
num_leaves=31
num_cat=0
split_feature=1 1 1 0 0 1 1 1 0 0 1 1 1 1 1 1 1 0 0 0 0 0 0 1 1 1 0 1 1 1
split_gain=1.23351 1.47558 2.38056 1.31451 1.26305 2.11761 1.24929 2.27737 2.12847 2.71055 1.82984 1.35346 1.27177 1.24512 1.43909 1.73196 1.48428 1.21946 1.84789 1.80409 1.29423 1.69174 1.14034 1.70685 1.60219 1.25993 1.06306 0.994517 1.78231 0.984703
threshold=0.18159191537008254 0.18365769362718323 0.1830108048560328 70.84303567801949 69.130037515327146 0.16610255091117707 0.1701722148278598 0.17077488336573823 36.572070843914609 39.808175850988128 0.16980201620361393 0.17100733463480691 0.17046522945918594 0.17139912820596115 0.17335663614313435 0.17313257542389507 0.1735955163810429 40.625547951900359 41.158737101100677 42.046478688834249 66.881452748388554 62.194675642610527 63.029076873260884 0.16321754947479503 0.15924872022257 0.16516464992025609 34.110540372205577 0.16096405653616222 0.15615730928522159 0.15839588736413046
decision_type=2 2 2 2 2 2 2 2 2 2 2 2 2 2 2 2 2 2 2 2 2 2 2 2 2 2 2 2 2 2
left_child=3 2 -2 4 6 -6 8 12 26 29 17 -9 -8 -13 15 -15 -16 -11 -19 -20 21 -21 -23 24 -24 -25 27 28 -1 -10
right_child=1 -3 -4 -5 5 -7 7 11 9 10 -12 13 -14 14 16 -17 -18 18 19 20 -22 22 23 25 -26 -27 -28 -29 -30 -31
leaf_value=0.016659235845763249 0.0054093964186065525 0.001475910110669987 0.038067631920510714 0.0080891848537794006 -0.039517272607908965 0.0035531466495535 -0.0085617312793898562 0.019846553257366312 -0.0013182956487490559 0.020515987642356102 0.02508979327649706 -0.018740088087858361 -0.036310365464116194 0.0015311135972368786 -0.028478279538832703 0.029814140240893263 -0.0037028918875736932 -0.034944342739397775 0.02579199622020625 7.2987034916060953e-05 0.016458080179382939 -0.027419085252623751 -0.0031128985452426997 0.026895491893331139 -0.03638515361860449 -0.0060435797124669868 0.026748547430246968 0.015131251512850092 -0.026116398877937205 -0.028092920043067456
leaf_weight=4.7288747876882571 18.948066487908367 79.716880165040493 7.9091698676347724 38.395091444253922 5.6909204274415952 5.7244933396577835 8.6144992113113421 6.4975297451019278 4.8542272448539761 7.0132591277360907 7.3660643994808188 12.336346909403799 7.9305454790592185 41.756223946809769 6.2964830100536338 6.2190180271863928 151.52278895676136 3.8604594916105262 6.5673394948244086 264.54153334349394 10.62661164999008 8.600401505827902 8.1255360543727893 4.9336438477039319 6.5225827842950812 7.0538247376680374 9.4914428144693357 15.048721536993979 5.0205338001251221 11.736982375383375
leaf_count=21 79 338 38 162 24 24 35 27 20 29 30 51 32 173 26 26 626 16 27 1097 45 36 36 20 27 29 41 64 22 49
internal_value=-0.000109205 0.00489083 0.0150269 -0.000896228 -0.0014364 -0.0179187 -0.00113644 -0.00395974 0.000627142 -0.000531875 0.000444527 -0.00264111 -0.0218625 -0.00331096 -0.00238606 0.00519743 -0.00469135 -0.000109206 -0.000560064 -0.000141291 -0.000689972 -0.00129784 -0.0115896 -0.00647843 -0.0179285 0.00751305 0.0125184 0.00707179 -0.00536841 -0.0202592
internal_weight=783.65 106.574 26.8572 677.076 638.681 11.4154 627.265 241.173 386.092 351.802 335.211 224.628 16.545 218.131 205.795 47.9752 157.819 327.845 320.832 316.971 310.404 299.778 35.236 26.6356 14.6481 11.9875 34.2896 24.7981 9.74941 16.5912
internal_count=3270 455 117 2815 2653 48 2605 996 1609 1461 1392 929 67 902 851 199 652 1362 1333 1317 1290 1245 148 112 63 49 148 107 43 69
is_linear=0
shrinkage=0.05


Tree=82
num_leaves=31
num_cat=0
split_feature=1 0 1 0 1 0 0 1 1 0 1 0 1 0 0 0 0 1 1 0 1 1 1 1 1 1 0 0 1 0
split_gain=1.11467 1.40636 2.60207 1.25843 1.50563 1.35947 1.52815 1.25296 2.26033 1.98611 3.42708 2.47148 2.48582 1.26255 3.42549 1.1869 1.14382 1.92418 1.21609 1.05531 1.06464 3.02927 3.76552 2.72226 2.01545 2.15157 1.2564 3.45003 1.09881 1.04522
threshold=0.18159191537008254 60.875572308512652 0.18656022252248647 59.154693147507821 0.19936173627182144 30.8507592720571 57.421054154346379 0.18401383957411302 0.18326054230799457 55.202835980014548 0.18544395699234331 41.880215156260029 0.18696619107633869 45.920588648746467 48.515412113965276 70.84303567801949 69.130037515327146 0.16610255091117707 0.18104103848821998 67.558899163874216 0.15968794962653346 0.16022777631148702 0.1605189431836227 0.16096405653616222 0.15770061968328597 0.15839588736413046 45.257354266529667 51.879268576836147 0.16071246499590294 40.82082388992005
decision_type=2 2 2 2 2 2 2 2 2 2 2 2 2 2 2 2 2 2 2 2 2 2 2 2 2 2 2 2 2 2
left_child=15 3 -3 4 5 -2 7 8 -7 10 -9 -12 -13 -14 -15 16 18 -18 19 20 24 -22 -23 28 29 -26 -27 -28 -24 -1
right_child=1 2 -4 -5 -6 6 -8 9 -10 -11 11 12 13 14 -16 -17 17 -19 -20 -21 21 22 23 -25 25 26 27 -29 -30 -31
leaf_value=0.011795618516755341 -0.025427120729662567 0.014619987700803017 -0.019827054478294609 0.03062450081622093 0.03335007173305421 0.0081480830889492442 -0.020862475421411661 -0.03717809931345769 0.045908943154435194 0.029348828724871646 0.029732446447579941 0.029586071705824019 -0.026713304698374987 0.031101326041349072 -0.022584133754292589 0.0076885493572552976 -0.037735851420106457 0.0033770980119618211 -0.019392202763016664 0.013916865368534046 -0.033570667654535487 0.032911086935196475 -0.0123925442120193 -0.0016844578957133352 0.033014311312650896 -0.016921889120888278 0.044945307648298655 -0.0050215515542200283 -0.045404440736496049 -0.0027742063197407313
leaf_weight=14.48954528570175 3.6637816876173011 9.0274947583675402 13.959453925490378 5.5712884962558737 4.7351913005113593 14.971159473061563 4.9805505573749533 5.6199830621480933 5.3897825628519049 6.2163849025964728 7.755667380988597 4.8114576488733318 7.4632471650838879 5.0249744802713376 7.2703702002763748 38.376478224992752 5.662328973412512 5.7218348234891891 8.9368245005607587 11.92175433039665 7.5656061619520178 7.738722786307334 5.3642244189977628 453.96111358702183 10.117204070091249 5.013854086399081 5.2217837274074546 10.207917943596838 4.7552208751440048 81.810699291527271
leaf_count=62 15 39 58 23 20 63 21 23 27 26 35 20 32 21 32 162 24 24 37 50 31 32 22 1872 42 21 23 42 20 351
internal_value=-0.000103668 0.00465217 -0.00629892 0.00766788 0.00602611 0.00425778 0.00582257 0.0078824 0.0181438 0.00315136 -0.00114039 0.00512494 -0.00264255 -0.0104906 -0.000643467 -0.000851691 -0.001365 -0.0170719 -0.00107987 -0.000815127 -0.00110483 -0.0021827 -0.0016794 -0.00225621 0.00296827 0.0141555 0.00482261 0.0118884 -0.0279051 -0.000581999
internal_weight=783.326 106.461 22.9869 83.4738 77.9026 73.1674 69.5036 64.523 20.3609 44.1621 37.9457 32.3257 24.57 19.7586 12.2953 676.865 638.489 11.3842 627.104 618.168 606.246 479.385 471.819 464.081 126.861 30.5608 20.4436 15.4297 10.1194 96.3002
internal_count=3270 455 97 358 335 315 300 279 90 189 163 140 105 85 53 2815 2653 48 2605 2568 2518 1977 1946 1914 541 128 86 65 42 413
is_linear=0
shrinkage=0.05


Tree=83
num_leaves=31
num_cat=0
split_feature=1 0 1 0 1 1 0 0 0 0 1 1 1 0 0 0 0 1 0 0 0 1 1 1 0 0 0 0 1 1
split_gain=1.00869 1.27314 2.35085 1.13432 1.35601 1.30377 2.5598 1.07165 1.04185 1.03611 1.74942 1.09907 0.998829 0.951438 0.997371 1.51848 1.80026 1.44931 1.48877 1.42654 1.29613 1.04132 2.978 2.50717 1.47015 3.00509 1.73335 1.38508 1.28039 3.65706
threshold=0.18159191537008254 60.875572308512652 0.18656022252248647 59.154693147507821 0.19936173627182144 0.19029325001363009 48.515412113965276 70.84303567801949 36.248406354144258 69.130037515327146 0.16610255091117707 0.18104103848821998 0.19278127842343065 67.558899163874216 61.316514760494861 60.300363599276842 59.972017688993411 0.1725859188605039 60.736637525191945 61.636955066193771 61.922204389079262 0.16932958835933451 0.16914173486915443 0.16889291974258028 36.572070843914609 39.808175850988128 34.110540372205577 38.567415356365878 0.14893132268230283 0.15363945559866485
decision_type=2 2 2 2 2 2 2 2 2 2 2 2 2 2 2 2 2 2 2 2 2 2 2 2 2 2 2 2 2 2
left_child=7 3 -3 4 5 8 12 9 -2 11 -11 13 -7 14 15 16 21 18 -17 -16 -21 22 23 24 26 27 -1 -26 -27 -30
right_child=1 2 -4 -5 -6 6 -8 -9 -10 10 -12 -13 -14 -15 19 17 -18 -19 -20 20 -22 -23 -24 -25 25 28 -28 -29 29 -31
leaf_value=0.004372799667878088 -0.011523410594981631 0.01392738614426315 -0.0188442850327037 0.029106473523290557 0.031666278847802425 0.024366090724918296 -0.031168669790122144 0.0073077727721055493 0.010354117614280463 -0.036049944005874038 0.0032097142367203571 -0.018445841393418427 -0.0058658402855680906 0.013205630069968452 -0.030976633749014028 0.022119767199721554 -0.03048704605915651 0.036701893729862538 -0.0088437054663874064 0.01832415795029968 -0.0064092865814277533 -0.0032390525504971037 0.037485095226760384 -0.034399028629379366 -0.0092823059123380448 0.016175738840611936 0.030759736300102827 -0.039955319553113884 -0.018621704200641895 0.002643127541640073
leaf_weight=23.138141527771953 6.1272148042917243 9.003238573670389 13.953248068690298 5.5688170194625846 4.7375549376010886 4.8664508163929003 7.0302328616380683 38.357794150710106 48.651408649981022 5.631566569209097 5.7192791104316711 8.9258430600166303 6.229448139667511 11.935289010405539 5.4523564130067816 7.2752118557691601 5.0580200403928748 4.928191974759101 8.3237234801053983 5.7487308531999579 67.390822887420654 205.83863098919392 5.606528475880622 5.0017995089292517 9.3575736284255964 13.858373478054999 8.5137006789445859 6.0664861947298041 22.465849712491035 202.11435416340828
leaf_count=100 25 39 58 23 20 22 32 162 208 24 24 37 28 50 23 30 21 20 34 24 280 852 23 21 39 63 37 25 96 830
internal_value=-9.84165e-05 0.00443271 -0.00599166 0.00730861 0.00574518 0.00406076 -0.00756298 -0.000809298 0.00790703 -0.00129704 -0.0162684 -0.00102601 0.00739331 -0.000774444 -0.00104972 -0.000266885 -0.000806639 0.013065 0.0055974 -0.00630449 -0.00446525 -0.000507564 0.00139113 0.000694568 0.00130936 4.24749e-05 0.0114703 -0.0213464 0.00142607 0.000515903
internal_weight=782.876 106.168 22.9565 83.2111 77.6423 72.9048 18.1261 676.708 54.7786 638.35 11.3508 627 11.0959 618.074 606.138 527.547 507.019 20.5271 15.5989 78.5919 73.1396 501.961 296.123 290.516 285.514 253.863 31.6518 15.4241 238.439 224.58
internal_count=3270 455 97 358 335 315 82 2815 233 2653 48 2605 50 2568 2518 2191 2107 84 64 327 304 2086 1234 1211 1190 1053 137 64 989 926
is_linear=0
shrinkage=0.05


Tree=84
num_leaves=31
num_cat=0
split_feature=1 1 1 0 0 1 1 0 0 1 1 1 1 1 0 0 0 0 1 1 0 0 0 1 0 0 0 0 1 0
split_gain=0.911539 1.15427 2.09109 0.972889 1.49005 0.99781 2.06514 1.72839 2.22568 1.69816 1.22919 1.15593 1.13939 1.27843 1.65436 3.20504 1.60586 2.20659 1.35165 1.19376 1.13502 1.76877 1.22674 2.32682 1.33551 1.0718 1.35939 1.06553 1.37091 1.77009
threshold=0.18159191537008254 0.18365769362718323 0.1830108048560328 70.322034159368485 69.130037515327146 0.1701722148278598 0.17077488336573823 36.572070843914609 39.808175850988128 0.16980201620361393 0.17100733463480691 0.17046522945918594 0.17139912820596115 0.17335663614313435 63.348557669629862 57.700564838249811 53.193571158345414 42.361557110423178 0.1735955163810429 0.17236444550352006 46.826984570549861 47.374329535516935 45.618337706940956 0.16296204789833477 44.977891084761715 66.881452748388554 62.194675642610527 43.887528039217706 0.16640948007575693 40.625547951900359
decision_type=2 2 2 2 2 2 2 2 2 2 2 2 2 2 2 2 2 2 2 2 2 2 2 2 2 2 2 2 2 2
left_child=3 2 -2 4 5 7 11 -1 -9 20 -8 -7 -12 14 15 16 17 19 -15 -14 22 -22 24 -24 27 26 -23 28 29 -10
right_child=1 -3 -4 -5 -6 6 10 8 9 -11 12 -13 13 18 -16 -17 -18 -19 -20 -21 21 25 23 -25 -26 -27 -28 -29 -30 -31
leaf_value=0.011332674247839972 0.0042914511309462061 0.0012002948181079936 0.035230430903618097 0.006659109143005053 -0.022337020950910769 -0.0078796013985836591 0.019211011821735187 -0.018287544571307959 0.032865122013456476 0.024209531256969105 -0.017659960588258385 -0.034341005250145121 0.0066308998754450541 -0.02685887501815646 -0.020118638045617244 0.035643676362781422 -0.01766880870841327 0.019204474301517914 -0.0032251318258879392 -0.028810892198367188 -0.027459004536381046 -2.1218116700163794e-05 0.03951868615121118 -0.0022034872743296784 -0.017203852114759291 0.014679306736632531 -0.010626174670051915 0.022479733559612809 -0.015510315072057102 0.00045614212122688583
leaf_weight=34.199479103088379 18.882847219705585 79.436112366616726 7.6836443841457358 41.384415701031685 8.2706384360790235 8.6192451268434542 6.4839893728494635 16.644337624311447 5.5084927827119889 7.3523129969835272 12.304419994354246 7.9189109802246085 4.7051106691360491 6.3014008998870841 5.704998016357421 8.682674974203108 8.2025815397500974 15.85071776807308 151.51441882550716 4.7993845343589783 6.3985224217176428 215.03536199778318 6.9495164752006513 6.4369695782661438 7.3960971236228934 10.656989783048628 35.158692196011543 7.8173020035028449 8.35786424577236 17.91625502705574
leaf_count=148 79 338 38 175 35 35 27 69 23 30 51 32 20 26 23 35 34 67 626 20 27 888 32 27 31 45 148 32 34 75
internal_value=-9.35251e-05 0.00421763 0.0132397 -0.00076898 -0.00125294 -0.000974791 -0.00349826 0.000602021 -0.000441644 0.000445063 -0.00224239 -0.02055 -0.00288029 -0.00199648 0.00515388 0.00856718 0.00156147 0.00778259 -0.0041688 -0.0112658 -8.82296e-05 -0.00148709 0.00610306 0.0194563 0.00229947 -0.000850017 -0.00151149 0.00594212 0.0018745 0.00807734
internal_weight=782.574 106.003 26.5665 676.571 635.187 626.916 241.088 385.828 351.629 334.984 224.55 16.5382 218.066 205.761 47.9455 42.2405 33.5578 25.3552 157.816 9.5045 327.632 267.25 60.3825 13.3865 46.996 260.851 250.194 39.5999 31.7826 23.4247
internal_count=3270 455 117 2815 2640 2605 996 1609 1461 1392 929 67 902 851 199 176 141 107 652 40 1362 1108 254 59 195 1081 1036 164 132 98
is_linear=0
shrinkage=0.05


Tree=85
num_leaves=31
num_cat=0
split_feature=1 0 0 1 1 1 1 1 0 1 0 0 1 1 1 1 1 0 0 0 1 1 1 1 1 1 1 0 0 1
split_gain=1.47284 0.819872 2.35122 5.299 1.2522 1.2327 3.42294 1.54294 2.32643 2.37235 1.85238 1.48964 1.10091 1.70323 2.49415 2.06575 2.65391 1.45797 1.32993 2.57632 4.07624 2.73062 2.58611 1.20404 3.13483 1.76388 3.99287 1.52872 5.31636 1.57417
threshold=0.19759424311809518 50.461991797985441 49.863374320174742 0.1622578416125959 0.14445400710909365 0.15676798413360976 0.15839588736413046 0.15553249429662416 65.139705930949731 0.15262736488945519 59.565812135403085 50.674511198538035 0.19278127842343065 0.18938933382703613 0.18696619107633869 0.1842670069818039 0.18138716241512184 40.225778850411949 40.225778850411949 44.977891084761715 0.17846784082001613 0.17532376810617764 0.15770061968328597 0.16110438173173083 0.16711896991521927 0.17003967065902292 0.171198840748265 48.40065041735793 49.10872733215944 0.17634351052532471
decision_type=2 2 2 2 2 2 2 2 2 2 2 2 2 2 2 2 2 2 2 2 2 2 2 2 2 2 2 2 2 2
left_child=1 2 12 -4 -3 7 -7 8 9 -6 -11 -8 13 14 15 16 18 -18 -1 20 21 22 -20 -21 -25 -26 -27 29 -29 -28
right_child=-2 4 3 -5 5 6 11 -9 -10 10 -12 -13 -14 -15 -16 -17 17 -19 19 23 -22 -23 -24 24 25 26 27 28 -30 -31
leaf_value=-0.0022175174578931782 0.020498242636326037 0.032944974953436484 -0.017966049832233121 0.046423339384892015 0.00069181024698848485 0.024229549782033018 -0.021972148159555241 -0.028527413449215146 0.018597337867376454 -0.01324621107915493 -0.050085962442394355 -0.00039319898497261886 -0.021176369496703474 0.022328435810053504 -0.026549022292149289 0.027665749879847643 0.00033596140373461179 -0.033414772039214953 -0.015252097424315023 0.0095142064046569302 0.056161455854809743 -0.015432561990587571 0.018018888882620064 -0.016624971043370431 0.019600644254845596 -0.041263113264390812 0.023625421087475437 -0.043612055316169428 0.023194254619780821 -0.0019980514311696137
leaf_weight=96.806001394987106 9.4546362608671171 2.7440579533576956 5.0492267161607733 8.7021379470825178 22.291997581720352 14.101973280310629 8.1714793741703016 7.8147729635238639 8.8305356353521329 11.16409942507744 4.9142012745141974 375.90953016281128 5.1901345402002326 10.015002295374869 7.7932531088590613 7.7000842094421378 5.2439928203821173 8.2084367871284467 6.6975339353084555 27.004481121897697 5.0160427391529074 9.456424877047537 45.64680902659893 26.988019570708275 13.861526027321814 5.3620357662439337 13.4157921820879 5.8655538409948331 6.0491359829902649 10.834845393896101
leaf_count=410 39 13 21 37 97 58 34 32 39 46 21 1556 24 43 34 32 22 35 28 119 21 39 189 112 58 22 57 24 25 45
internal_value=0.00088128 0.000645567 0.00254009 0.0227808 -0.000729408 -0.000933302 3.59942e-05 -0.00794872 -0.00454162 -0.00986682 -0.024506 -0.0008523 0.00166248 0.00204245 0.00136961 0.00210927 0.0014223 -0.0202581 0.00249062 0.00507734 0.012813 0.00929465 0.0137618 0.000351917 -0.00265163 0.00415683 -0.000998204 0.00497165 -0.00969422 0.0121772
internal_weight=796.304 786.849 330.906 13.7514 455.943 453.199 398.183 55.0156 47.2008 38.3703 16.0783 384.081 317.155 311.965 301.95 294.157 286.457 13.4524 273.004 176.198 66.8168 61.8008 52.3443 109.381 82.3769 55.3889 41.5274 36.1653 11.9147 24.2506
internal_count=3332 3293 1397 58 1896 1883 1648 235 203 164 67 1590 1339 1315 1272 1238 1206 57 1149 739 277 256 217 462 343 231 173 151 49 102
is_linear=0
shrinkage=0.05


Tree=86
num_leaves=31
num_cat=0
split_feature=1 0 0 1 1 1 1 1 1 1 0 1 0 0 0 1 1 0 0 0 0 0 1 1 0 0 0 0 1 0
split_gain=1.32858 0.777132 2.80696 1.63979 1.06601 1.55599 0.980143 3.20392 4.33062 2.77377 2.51579 1.7632 1.70835 1.36069 3.1915 1.25586 1.1447 1.61793 2.33844 1.60952 2.76873 1.10338 0.870816 2.52308 4.27425 5.29213 3.64559 2.5297 1.49704 1.44869
threshold=0.19759424311809518 66.371778955423579 65.392808059286963 0.16762395826445381 0.15394977510262139 0.15924872022257 0.15770061968328597 0.15839588736413046 0.15870381171328837 0.15158590756572191 58.993069342255687 0.15890514346027038 59.972017688993411 51.701654554544774 45.752919203257285 0.1467603729691381 0.15709030200192967 41.158737101100677 47.374329535516935 49.312611853679279 52.898645100428517 56.260864716015071 0.16426998821966651 0.16211842323947004 54.629172033944968 45.752919203257285 60.736637525191945 58.6874435383451 0.16446764386776841 40.225778850411949
decision_type=2 2 2 2 2 2 2 2 2 2 2 2 2 2 2 2 2 2 2 2 2 2 2 2 2 2 2 2 2 2
left_child=1 2 6 -4 -3 -6 9 -8 -9 12 16 -10 13 14 -1 -16 17 -11 -19 -20 -21 -15 23 26 25 29 -13 -26 -24 -25
right_child=-2 4 3 -5 5 -7 7 8 11 10 -12 22 -14 21 15 -17 -18 18 19 20 -22 -23 28 24 27 -27 -28 -29 -30 -31
leaf_value=-0.013331062145676992 0.019465342475070754 -0.026596759537357923 0.046645133531707295 0.008736223608632885 0.019264506501042417 -0.0048609627632953513 0.028238286604762297 -0.06361519020497218 0.039517357141223473 0.015987244674768402 -0.03235931205280871 0.0030064462343580324 0.034890010601006195 -0.025117502490691418 0.011530440380238862 0.046710611967366505 -0.028184915583936362 -0.034215888167267394 0.024205677897303157 -0.031068190732038599 0.004707025443364727 0.0058271871752854053 -0.0250108323797637 0.015801154152292749 0.065136981299625571 -0.011690484386177412 -0.033959687895461603 0.020355249386147127 0.00045305062354392925 0.050301932098976015
leaf_weight=7.3953778445720735 9.4584091156721097 4.9026300609111777 5.137118846178053 6.4146846383810043 7.3902584314346305 69.873903423547745 10.991496488451956 2.5823640525341025 2.9989409595727912 8.8839006870985013 10.704466074705122 58.341519236564636 4.8686047345399848 6.0715396553277952 4.8738166987895948 5.2904168665409088 5.0748339593410483 6.8154537677764884 4.9761299192905453 8.0305470526218432 16.562207341194153 5.48127681016922 5.844704031944274 7.5942720174789411 5.2199132889509183 19.962704747915268 7.5304799675941458 7.9666220992803574 463.7321533113718 5.0767113119363785
leaf_count=32 39 21 23 27 31 293 46 11 13 37 45 242 22 29 21 26 21 29 21 33 68 23 24 32 21 82 32 32 1934 22
internal_value=0.000837651 0.00061366 0.00115041 0.0255944 -0.00398797 -0.00255338 0.000742874 0.00149264 0.000991699 -0.00397401 -0.0103473 0.00127725 0.00747569 0.00289107 0.011659 0.0298415 -0.00566685 -0.00314244 -0.00781331 -0.00172767 -0.00697506 -0.0104357 0.00107996 0.00504809 0.0140585 0.00435112 -0.00121952 0.0380822 0.000136108 0.0296241
internal_weight=796.047 786.589 704.422 11.5518 82.1668 77.2642 692.87 597.842 586.85 95.0286 61.0475 584.268 33.981 29.1124 17.5596 10.1642 50.3431 45.2682 36.3843 29.5689 24.5928 11.5528 581.269 111.692 45.8202 32.6337 65.872 13.1865 469.577 12.671
internal_count=3332 3293 2948 50 345 324 2898 2491 2445 407 254 2434 153 131 79 47 209 188 151 122 101 52 2421 463 189 136 274 53 1958 54
is_linear=0
shrinkage=0.05


Tree=87
num_leaves=31
num_cat=0
split_feature=1 0 0 1 1 0 0 1 1 1 1 1 1 1 0 0 0 1 1 1 0 1 1 1 1 0 1 1 1 1
split_gain=1.19866 0.706397 2.19642 4.74553 1.14272 1.17443 1.0986 1.44812 3.16406 0.993554 1.55207 2.23588 1.87344 2.37551 1.30895 1.21514 2.31449 3.68796 2.45079 2.14082 1.08811 2.15182 1.45952 4.05783 1.6922 1.35494 2.37851 3.11733 1.23281 1.08107
threshold=0.19759424311809518 50.461991797985441 49.863374320174742 0.1622578416125959 0.14445400710909365 51.879268576836147 51.701654554544774 0.1593926330067639 0.1666141304240252 0.19278127842343065 0.18938933382703613 0.18696619107633869 0.1842670069818039 0.18138716241512184 40.225778850411949 40.225778850411949 44.977891084761715 0.17846784082001613 0.17532376810617764 0.15770061968328597 37.652641487729397 0.15729590421864273 0.1593926330067639 0.16538228208435432 0.15729590421864273 31.766672163435285 0.1715529639557615 0.17448012672021088 0.16096405653616222 0.17600800910957062
decision_type=2 2 2 2 2 2 2 2 2 2 2 2 2 2 2 2 2 2 2 2 2 2 2 2 2 2 2 2 2 2
left_child=1 2 9 -4 -3 6 7 -6 -9 10 11 12 13 15 -15 20 17 18 19 -17 22 -22 24 28 -1 26 -25 -28 -24 -27
right_child=-2 4 3 -5 5 -7 -8 8 -10 -11 -12 -13 -14 14 -16 16 -18 -19 -20 -21 21 -23 23 25 -26 29 27 -29 -30 -31
leaf_value=-0.00026578816583096797 0.018488271896145037 0.031397671210174019 -0.01665164025218107 0.044410095952059289 0.017499341043875381 -6.7635864520736587e-05 -0.029029898178678945 -0.035237460271759405 0.00016497854511285517 -0.020268628443268176 0.021248112036148709 -0.025190788771987029 0.026248581082628203 0.00029652733918492184 -0.03166380187284959 -0.013483612698419481 0.00026926427670144709 0.053312978650491706 -0.01469062574820105 0.016853802491332361 0.017360128435935644 -0.019324076467880084 0.0078810904905702358 -0.033823269038053883 -0.037405806925995287 -0.0010800992187505395 0.031680810908190325 -0.020562652859555473 0.038345198440034096 0.023639695326372067
leaf_weight=8.0768954902887327 9.4602979272603971 2.7573449760675421 5.0325649082660666 8.6526258587837201 5.7272661328315726 410.25199047476053 5.7924446612596503 8.804611414670946 22.286866553127766 5.1580660343170157 9.9880240410566312 7.8093572407960883 7.7032804042100897 5.243699997663497 8.2344160228967649 6.6666742861270896 109.22943250834942 5.0176394432783118 9.4520021975040418 45.5286855250597 5.0808766633272198 18.747617036104202 5.2151973545551291 8.1182295083999652 4.9444663971662512 20.077808901667598 4.9243156313896161 6.7959511429071426 9.142898961901663 5.6724255234003058
leaf_count=35 39 13 21 37 24 1706 24 36 93 24 43 34 32 22 35 28 462 21 39 189 21 78 22 35 21 85 20 30 39 24
internal_value=0.000796598 0.000583697 0.00234346 0.0219554 -0.000692856 -0.000888246 -0.00878891 -0.00560453 -0.00986043 0.00149633 0.00185654 0.00121453 0.00191622 0.00126123 -0.0192295 0.00227401 0.00475002 0.0120917 0.00873654 0.0129789 -0.00222528 -0.011502 0.000804132 0.00409988 -0.0143686 -0.00320064 -0.0130212 0.00138764 0.0272799 0.00436533
internal_weight=795.594 786.134 330.513 13.6852 455.621 452.863 42.6112 36.8187 31.0915 316.828 311.67 301.682 293.873 286.169 13.4781 272.691 175.894 66.665 61.6474 52.1954 96.7967 23.8285 72.9682 59.9468 13.0214 45.5887 19.8385 11.7203 14.3581 25.7502
internal_count=3332 3293 1397 58 1896 1883 177 153 129 1339 1315 1272 1238 1206 57 1149 739 277 256 217 410 99 311 255 56 194 85 50 61 109
is_linear=0
shrinkage=0.05


Tree=88
num_leaves=31
num_cat=0
split_feature=1 0 0 1 1 1 1 1 1 1 0 1 0 0 0 1 0 1 0 0 0 0 1 1 0 0 0 0 1 0
split_gain=1.08172 0.691412 2.55589 1.50929 0.964819 1.40519 0.88229 2.9613 3.84386 2.44464 2.28846 1.61826 1.54893 1.24367 2.88296 1.17562 1.01971 1.01362 1.41343 2.07059 1.44779 2.47852 0.79389 2.23114 3.9081 4.6312 3.31908 2.31299 1.39222 1.34992
threshold=0.19759424311809518 66.371778955423579 65.392808059286963 0.16762395826445381 0.15394977510262139 0.15924872022257 0.15770061968328597 0.15839588736413046 0.15870381171328837 0.15158590756572191 58.993069342255687 0.15890514346027038 59.972017688993411 51.701654554544774 45.752919203257285 0.1467603729691381 56.260864716015071 0.15709030200192967 41.158737101100677 47.374329535516935 49.312611853679279 52.898645100428517 0.16426998821966651 0.16211842323947004 54.629172033944968 45.752919203257285 60.736637525191945 58.6874435383451 0.16446764386776841 40.225778850411949
decision_type=2 2 2 2 2 2 2 2 2 2 2 2 2 2 2 2 2 2 2 2 2 2 2 2 2 2 2 2 2 2
left_child=1 2 6 -4 -3 -6 9 -8 -9 12 17 -10 13 14 -1 -16 -15 18 -11 -20 -21 -22 23 26 25 29 -13 -26 -24 -25
right_child=-2 4 3 -5 5 -7 7 8 11 10 -12 22 -14 16 15 -17 -18 -19 19 20 21 -23 28 24 27 -27 -28 -29 -30 -31
leaf_value=-0.012701267292747238 0.017563343031465336 -0.025318908751454518 0.044790466081083974 0.0083096063645576503 0.018322125730232175 -0.0046139179850425392 0.027151809196509159 -0.059777871693089395 0.037974301188999998 0.014928746818359418 -0.030809758344779427 0.0029074117534383451 0.033125397857995335 -0.024303533334940102 0.010779925862401223 0.04496837471746528 0.0054682763174161595 -0.02651872787302529 -0.032177137699284708 0.023043413025356216 -0.02941878109806197 0.0044771725429683454 -0.024186326472583966 0.014450301440961238 0.062225209425106488 -0.010984322988879794 -0.032461929552013963 0.019336691917180807 0.00038986993143398299 0.047964872901114342
leaf_weight=7.3920271098613801 9.4605618268251401 4.892177700996398 5.0840924978256208 6.4095582515001297 7.3833893090486518 69.882966578006744 10.945907846093176 2.5981723964214316 2.9720610380172721 8.8847672641277295 10.680140942335127 58.29954320192337 4.8488662540912619 6.0491393804550153 4.8735691457986814 5.1945525705814362 5.4831248670816422 5.0725044757127753 6.8075408190488806 4.9631910771131542 7.9989572614431408 16.55457304418087 5.8351380825042716 7.5561508834362012 5.1919340491294843 19.981470614671707 7.4844379723072043 7.9682922214269638 463.46375617384911 4.9879243075847626
leaf_count=32 39 21 23 27 31 293 46 11 13 37 45 242 22 29 21 26 23 21 29 21 33 68 24 32 21 82 32 32 1934 22
internal_value=0.000757153 0.000554801 0.00106164 0.0244465 -0.0037856 -0.0024222 0.00067328 0.00138452 0.000903489 -0.00380772 -0.00978993 0.00117358 0.00696864 0.00259402 0.0110102 0.0284191 -0.0101482 -0.00532518 -0.00294724 -0.00731963 -0.00158666 -0.00656532 0.000985249 0.00477835 0.0132667 0.0039646 -0.00111666 0.0362569 8.4296e-05 0.0277768
internal_weight=795.2 785.74 703.581 11.4937 82.1585 77.2664 692.088 597.285 586.339 94.803 60.9617 583.741 33.8413 28.9924 17.4601 10.0681 11.5323 50.2815 45.209 36.3243 29.5167 24.5535 580.769 111.47 45.6858 32.5255 65.784 13.1602 469.299 12.5441
internal_count=3332 3293 2948 50 345 324 2898 2491 2445 407 254 2434 153 131 79 47 52 209 188 151 122 101 2421 463 189 136 274 53 1958 54
is_linear=0
shrinkage=0.05


Tree=89
num_leaves=31
num_cat=0
split_feature=1 0 1 0 1 1 0 0 1 1 1 0 0 1 1 0 0 1 0 0 0 1 1 0 1 0 1 0 0 1
split_gain=0.976287 0.648807 0.965152 0.955554 0.814287 0.75743 0.59425 1.65259 3.11657 1.95354 3.51096 1.55485 1.48129 1.73691 3.32796 2.24488 1.17165 0.978193 0.864407 1.67568 0.807203 1.38031 1.25645 1.62531 0.765773 0.632106 0.736887 1.19106 2.09749 1.73991
threshold=0.19759424311809518 74.769531829128809 0.17382760910191616 77.892961496411615 0.19184395495908399 0.19090047449078826 39.554705967248445 38.056869494108504 0.1638019258284667 0.1593926330067639 0.16538228208435432 42.046478688834249 32.885550926600246 0.1715529639557615 0.17429161583166042 28.114615540613276 33.323296803836939 0.16096405653616222 42.744024100919752 43.202922193149632 34.110540372205577 0.17827979573669347 0.17313257542389507 36.248406354144258 0.17787260648948 43.553582182380872 0.1830108048560328 44.977891084761715 44.616813906626696 0.18036696004405747
decision_type=2 2 2 2 2 2 2 2 2 2 2 2 2 2 2 2 2 2 2 2 2 2 2 2 2 2 2 2 2 2
left_child=1 4 3 -3 5 6 7 9 -9 16 17 -8 13 -12 -15 -16 -1 -11 -13 -20 -14 22 23 -22 -10 -21 27 28 -27 -29
right_child=-2 2 -4 -5 -6 -7 11 8 24 10 12 18 20 14 15 -17 -18 -19 19 25 21 -23 -24 -25 -26 26 -28 29 -30 -31
leaf_value=-0.0018248011384503823 0.01668721354811149 0.013893094109262006 -0.025122303610118715 -0.016295845180444822 -0.011460193942435755 0.02009999328106311 0.011054922731053362 0.013254809200014372 -0.047017424471434227 0.0073432600266950115 -0.026488037318765686 -0.013308875492724312 0.020841468935916263 0.032583238496658617 0.0061491284126151758 -0.037793024475304346 -0.031365371175084089 0.034172581246084001 0.022244589933015514 -0.016472751806914543 0.02407234207910677 0.021334724220709145 -0.024317056317576316 -0.017164543083969863 -0.019632157448906756 0.0027877701592356062 0.0070316987120650201 0.00056391080757715937 0.039380975687562998 -0.012060672457226772
leaf_weight=6.343194901943205 9.4594309329986555 5.6551658064126986 6.0742796659469596 4.8857800513505936 13.43968667834997 5.131733998656272 39.011127710342407 5.332341104745864 5.3264351934194547 5.2141034305095664 10.677959889173509 10.727512806653975 6.6270150244236019 5.1912088096141842 5.8818765729665738 5.7457097619771957 7.129085049033165 9.7507531791925413 9.1494854539632779 5.3215392082929602 5.04198205471039 5.9998868256807318 6.2277715057134619 4.5420306026935577 4.902119904756546 15.35955421626568 44.380883276462555 492.01960876584053 5.2560026794672003 28.89463983476162
leaf_count=28 39 24 25 21 63 23 162 22 22 22 46 45 27 21 25 25 30 42 38 22 22 28 26 20 20 64 190 2048 22 120
internal_value=0.000720113 0.000527765 -0.00924755 -9.96272e-05 0.000739076 0.00095618 0.000825202 -0.00276443 -0.0177365 -3.12496e-06 0.00331335 0.00137698 -0.00244173 -0.0107166 -0.000703555 -0.0155647 -0.0174567 0.0248246 0.000759177 0.00101054 0.00555905 0.000915808 -0.00683229 0.00452946 -0.0338928 0.000681939 0.000837747 0.000330124 0.0121173 -0.000136363
internal_weight=794.7 785.24 16.6152 10.5409 768.625 755.186 750.054 99.9335 15.5609 84.3726 70.9003 650.12 55.9354 27.4968 16.8188 11.6276 13.4723 14.9649 611.109 600.382 28.4387 21.8117 15.8118 9.58401 10.2286 591.232 585.911 541.53 20.6156 520.914
internal_count=3332 3293 70 45 3223 3160 3137 426 64 362 304 2711 240 117 71 50 58 64 2549 2504 123 96 68 42 42 2466 2444 2254 86 2168
is_linear=0
shrinkage=0.05


Tree=90
num_leaves=31
num_cat=0
split_feature=0 1 1 0 0 0 1 0 0 1 0 0 1 1 1 1 1 0 0 0 0 1 0 1 0 1 0 1 0 0
split_gain=1.29095 0.838308 1.90026 1.95087 2.64081 4.11246 1.93125 1.08228 1.68023 1.23323 1.91968 1.75938 1.30204 1.06794 2.86469 1.26645 4.05738 1.54723 1.87661 2.86679 2.83428 2.16403 1.81932 1.36081 1.90593 2.61105 1.63505 1.32987 1.43557 1.32409
threshold=67.973598912503221 0.16211842323947004 0.1613661546298035 35.513187288318811 51.701654554544774 53.032995188914562 0.16171323738874985 53.907198928971688 55.10372351236277 0.15262736488945519 62.724014084423878 61.16097127869115 0.16028999247822967 0.171198840748265 0.17139912820596115 0.16914173486915443 0.16876965241831562 58.111313562532025 47.949603491333541 50.674511198538035 46.033641792075123 0.16671814532378645 60.875572308512652 0.16932958835933451 59.565812135403085 0.16957815892801853 38.305550906398103 0.16390129424208064 41.53765592240628 64.405459084866777
decision_type=2 2 2 2 2 2 2 2 2 2 2 2 2 2 2 2 2 2 2 2 2 2 2 2 2 2 2 2 2 2
left_child=1 2 3 -1 -5 -6 -4 -7 -9 -10 11 12 -11 15 -15 16 17 18 20 21 27 -20 -19 -17 25 -25 -27 28 -3 -24
right_child=-2 13 6 4 5 7 -8 8 9 10 -12 -13 -14 14 -16 23 -18 22 19 -21 -22 -23 29 24 -26 26 -28 -29 -30 -31
leaf_value=-0.018909155473627128 -0.0072185573887832465 0.0046446437221371898 -0.035258803788310138 0.0080241363480961017 -0.035921889760010969 0.020401878208141502 -0.0010316198740585052 -0.023861691689993664 0.011218785252317447 -0.0097423178869918206 -0.025605250055988005 0.026687042957833043 0.013803697372749463 -0.044117800214436315 -0.00038661832945005955 0.031053397826016904 -0.03415671198062805 -0.021581097745907871 0.017646471693056057 0.0056215577482045635 -0.026397301402738511 0.057318910090458614 0.011662628925710461 -0.029907273207161113 0.0276343113318884 0.03416744690892138 0.0031884095255362375 -0.00065801018332376253 0.041207746048320892 -0.011186572404376149
leaf_weight=14.366306796669958 67.268877446651459 6.9132427722215635 8.7164042443037051 64.620668791234493 9.748813718557356 5.2758577316999427 7.8177184760570517 8.552800238132475 17.104761227965355 24.268884122371674 8.7346167266368848 5.4495133310556403 7.7448991388082495 3.7913281768560401 305.51011503487825 6.7745976150035849 7.6505692899227133 12.342326998710631 11.654630169272425 55.41420404613018 9.2334990501403791 4.8752552270889273 14.625676393508913 5.3780862689018241 9.3036487102508527 4.9386627525091162 30.961691558361053 38.600910499691963 4.3889359384775162 11.192448750138281
leaf_count=62 284 30 37 276 42 23 33 36 75 99 38 23 32 16 1284 28 32 50 47 224 39 20 60 22 38 21 126 162 20 46
internal_value=-0.000592213 2.18041e-05 -0.00291128 -0.00129999 0.000369829 -0.00532338 -0.0190754 -0.00145596 -0.00306083 -0.000250431 -0.0044969 0.000424534 -0.00404597 0.00100607 -0.000922663 0.00355277 0.00145931 0.00306934 0.00564881 0.0110728 -0.000949861 0.0293473 -0.00579113 0.0100091 0.00719061 0.00258285 0.00745007 0.00375864 0.0188431 0.00175724
internal_weight=793.22 725.951 182.401 165.867 151.501 86.8801 16.5341 77.1313 71.8555 63.3027 46.1979 37.4633 32.0138 543.55 309.301 234.248 176.892 169.241 131.081 71.9441 59.1366 16.5299 38.1605 57.3567 50.5821 41.2784 35.9004 49.9031 11.3022 25.8181
internal_count=3325 3041 776 706 644 368 70 326 303 267 192 154 131 2265 1300 965 730 698 542 291 251 67 156 235 207 169 147 212 50 106
is_linear=0
shrinkage=0.05


Tree=91
num_leaves=31
num_cat=0
split_feature=0 0 1 1 0 0 0 1 1 0 0 0 0 0 1 0 0 0 0 0 1 0 1 1 1 0 1 0 0 1
split_gain=1.16484 0.762042 1.16664 1.64506 1.16686 1.10727 1.46917 1.07914 2.35137 1.0602 0.978419 2.03888 1.28722 0.91443 0.962454 1.76976 1.73949 2.21654 1.71817 2.72266 4.95467 2.23432 2.09647 1.89855 4.68202 3.6905 3.09961 2.50399 1.89837 1.89465
threshold=67.973598912503221 37.119861997202243 0.16159402431672246 0.16426998821966651 35.845696160451588 38.056869494108504 38.305550906398103 0.18204682085339016 0.17815994290873197 34.786051709824292 40.038078449237766 40.225778850411949 39.554705967248445 40.625547951900359 0.16321754947479503 43.023377452287541 62.724014084423878 61.16097127869115 62.857182949313113 58.111313562532025 0.1649813186745808 58.579936109558311 0.16483870340949994 0.17335663614313435 0.17890371816042924 61.16097127869115 0.17184834013585137 59.972017688993411 53.907198928971688 0.1701722148278598
decision_type=2 2 2 2 2 2 2 2 2 2 2 2 2 2 2 2 2 2 2 2 2 2 2 2 2 2 2 2 2 2
left_child=1 2 -1 -4 7 -3 -7 8 9 -5 12 -12 -8 -13 15 -15 17 -17 19 22 -21 -22 28 26 -25 27 29 -26 -16 -23
right_child=-2 5 3 4 -6 6 10 -9 -10 -11 11 13 -14 14 18 16 -18 -19 -20 20 21 23 -24 24 25 -27 -28 -29 -30 -31
leaf_value=-0.015938589814339387 -0.0068566563008752596 0.017695365604137262 0.023716173659978097 -0.0022324569319819763 -0.018914025041207875 -0.03108159108400016 0.0018165401663465044 0.019611603246378798 -0.035009405344779344 0.023456268301549548 -0.041645839068872537 0.018735807220019229 0.027590314480273742 -0.026348347360258002 0.0072379133945956707 -0.0016318471687449768 -0.016563864145498871 0.024830701859382628 0.010524847159289289 -0.054393305174134703 -0.0304784595548106 0.0081083978307578391 0.0011563412993965587 -0.0325348087415177 0.0016679142498988301 -0.021638999534883782 0.039158444161897454 0.046335107908813795 0.036920271539084525 -0.023877549871535866
leaf_weight=17.652611970901489 67.278170362114906 9.3224418312311155 5.9130063205957404 29.4832514077425 10.64014410972595 3.6990124434232703 13.395157828927042 5.8075543642044059 5.1395476758480063 4.6499085426330558 2.9029851257801047 6.6933753341436377 7.588888779282569 7.7702637612819663 18.184120848774914 135.51444126665592 18.023341089487076 8.4039247334003431 46.128199934959412 5.3838256299495688 7.4816160202026358 16.880703672766693 284.80476046353579 13.471940472722052 6.8531810492277163 7.7874834239482871 6.1859566718339911 5.7870782166719437 7.654099389910697 6.3792455196380606
leaf_count=76 284 44 26 124 46 15 56 24 22 20 12 28 32 33 75 574 78 36 191 22 31 69 1186 55 28 32 25 24 31 26
internal_value=-0.000562876 2.07028e-05 -0.0046056 -0.00135968 -0.00402071 0.000588246 0.000337874 -0.00050549 -0.00348036 0.00126708 0.000521398 0.000157565 0.0111376 0.000356707 0.000152593 -0.00303887 -0.00192044 -8.66012e-05 0.00140352 0.000315902 -0.00815276 -0.00463785 0.00239355 -0.00158587 -0.00965333 0.00543682 0.00770182 0.0221179 0.0160308 -0.000664029
internal_weight=792.86 725.582 79.286 61.6334 55.7204 646.296 636.974 45.0803 39.2727 34.1332 633.275 612.291 20.984 609.388 602.694 169.712 161.942 143.918 432.982 386.854 76.211 70.8272 310.643 63.3456 33.8997 20.4277 29.4459 12.6403 25.8382 23.2599
internal_count=3325 3041 338 262 236 2703 2659 190 166 144 2644 2556 88 2544 2516 721 688 610 1795 1604 312 290 1292 259 139 84 120 52 106 95
is_linear=0
shrinkage=0.05


Tree=92
num_leaves=31
num_cat=0
split_feature=0 0 0 0 1 1 1 1 1 0 0 1 1 0 0 0 1 1 1 1 0 0 0 0 0 0 1 0 1 0
split_gain=1.07716 1.11127 0.912329 0.957322 1.33533 1.76373 0.870038 2.01563 1.82866 1.79155 0.688535 1.05525 1.49191 1.04879 1.00462 1.32739 0.973833 2.14014 1.01418 1.86482 2.80048 0.884144 1.83553 1.16725 0.827081 0.932752 1.02794 0.952735 0.83108 2.36258
threshold=71.740642824925871 77.892961496411615 70.84303567801949 67.973598912503221 0.15924872022257 0.16610255091117707 0.17313257542389507 0.16752126558285063 0.17815994290873197 74.13768239637831 37.119861997202243 0.16159402431672246 0.16426998821966651 35.845696160451588 38.056869494108504 38.305550906398103 0.18204682085339016 0.17815994290873197 0.17521953689630146 0.17335663614313435 33.676659977321748 40.038078449237766 40.225778850411949 39.554705967248445 40.625547951900359 41.53765592240628 0.17458703723168065 42.046478688834249 0.16321754947479503 43.553582182380872
decision_type=2 2 2 2 2 2 2 2 2 2 2 2 2 2 2 2 2 2 2 2 2 2 2 2 2 2 2 2 2 2
left_child=2 6 3 10 -5 -6 7 9 -8 -2 11 -1 -13 16 -12 -16 17 18 19 20 -14 23 -23 -17 -24 26 -26 -27 29 -29
right_child=1 -3 -4 4 5 -7 8 -9 -10 -11 14 12 13 -15 15 21 -18 -19 -20 -21 -22 22 24 -25 25 27 -28 28 -30 -31
leaf_value=-0.015169616021866825 -3.3573988048741042e-05 0.0070799089054786601 0.017391908295027646 0.011783443059155539 -0.041158033743111888 -0.0068404653002670599 -0.045759326974612491 0.019253130154182271 -0.0032031430942730376 -0.03789472695320778 0.016893707100137378 0.022659494592783953 -0.0071681103939563095 -0.017916115954001787 -0.029559898214397414 0.0017256519540712924 0.018621486095276429 -0.033520720937558056 0.01884684897988232 -0.028767690746215741 0.033303975010393345 -0.03946676142796534 0.017836140915360257 0.026292615136083816 -0.024821064823361438 0.016100114871948141 0.00079776715878713742 -0.036250121531388076 0.0014089836130895535 -0.0017199135403914339
leaf_weight=17.620905920863152 6.6232387423515373 8.3036488443613035 7.3549001514911643 5.3669852614402798 5.2218851447105434 13.229297757148741 5.2915450334548932 5.1521964073181143 4.8271032124757767 5.9148129671812057 9.2777457982301694 5.8801636844873419 16.117170572280891 10.670345939695833 3.6950561851263037 13.395619705319406 5.8104479759931555 5.1004201471805564 6.5758038014173499 5.5976558923721305 5.81689429283142 2.9099113792181006 6.6797959208488455 7.5658673495054236 7.7614686936140043 9.5859138518571836 7.9018742591142654 5.111678719520568 411.85296387225389 160.26941510289907
leaf_count=76 27 35 31 23 23 55 22 23 20 25 44 26 68 46 15 56 24 22 28 23 25 12 28 32 32 40 33 22 1708 681
internal_value=-0.000534972 -0.00897132 -0.000132183 -0.00030426 -0.0101677 -0.0165527 -0.0137642 -0.00707546 -0.0254579 -0.0178945 1.96919e-05 -0.00438068 -0.0012929 -0.00382203 0.000559104 0.000321094 -0.000481425 -0.00331239 0.00120494 -0.00300873 0.00356505 0.000495511 0.000149709 0.0105929 0.000338953 0.00014496 -0.0118968 0.000466378 0.000206754 -0.00278719
internal_weight=792.483 36.1125 756.37 749.015 23.8182 18.4512 27.8089 17.6902 10.1186 12.5381 725.197 79.1898 61.5689 55.6887 646.007 636.73 45.0184 39.2079 34.1075 27.5317 21.9341 633.035 612.073 20.9615 609.163 602.483 15.6633 586.82 577.234 165.381
internal_count=3325 152 3173 3142 101 78 117 75 42 52 3041 338 262 236 2703 2659 190 166 144 116 93 2644 2556 88 2544 2516 65 2451 2411 703
is_linear=0
shrinkage=0.05


Tree=93
num_leaves=31
num_cat=0
split_feature=0 0 0 0 1 1 1 1 0 1 1 1 1 0 0 0 0 0 1 0 1 1 1 1 1 0 1 0 1 1
split_gain=0.972729 1.00397 0.825215 0.866722 1.20911 1.66194 0.775188 1.82671 1.63206 1.63051 0.653188 1.49809 0.921514 1.40847 1.57167 1.66255 0.802512 1.04821 1.92363 1.54739 1.71166 1.68181 1.33242 0.981679 0.874241 1.0806 1.01554 1.31664 0.947159 0.737512
threshold=71.740642824925871 77.892961496411615 70.84303567801949 67.973598912503221 0.15924872022257 0.17690744774453693 0.17313257542389507 0.16752126558285063 74.13768239637831 0.17815994290873197 0.18973547306138347 0.1889173873427907 0.19141756371873278 61.464567880330868 56.178331401454336 46.467351087052968 37.119861997202243 50.587196143560043 0.18544395699234331 49.863374320174742 0.16538228208435432 0.18279363461204468 0.18159191537008254 0.17827979573669347 0.15968794962653346 35.845696160451588 0.16538228208435432 30.8507592720571 0.15615730928522159 0.18656022252248647
decision_type=2 2 2 2 2 2 2 2 2 2 2 2 2 2 2 2 2 2 2 2 2 2 2 2 2 2 2 2 2 2
left_child=2 6 3 10 -5 -6 7 8 -2 -8 11 16 -12 14 15 -14 24 18 19 21 -21 22 23 -18 28 26 27 -26 -1 -19
right_child=1 -3 -4 4 5 -7 9 -9 -10 -11 12 -13 13 -15 -16 -17 17 29 -20 20 -22 -23 -24 -25 25 -27 -28 -29 -30 -31
leaf_value=-0.0036259229246611794 -3.1895876811207745e-05 0.0067246390880205641 0.016558936545021965 0.011199230690317776 -0.026855552898181319 0.0046153531082428461 -0.043159096150818921 0.018400452522847163 -0.036227237257167588 -0.0030427027880457688 -0.020339791662698201 0.027558119933952671 0.0091419300626819459 -0.026008620551831105 0.026900913540076683 -0.025734570067988172 0.0027426558347477458 -0.00062367609342873836 0.02806182181704683 -0.00020128295634027138 0.031345236385637597 -0.01985060724233308 0.026450098603942002 -0.0094026663177621036 0.033266374088032305 -0.015490842647933489 -0.0029077192622354205 -0.00065567505301476726 -0.031350195835188478 -0.018928570491220226
leaf_weight=6.4604067206382734 6.6232310682535225 8.305182144045828 7.339045286178588 5.36466817557812 11.918751716613771 6.4735326021909705 5.3288203179836255 5.122184306383132 5.8786409497261047 4.8275388777256012 9.1306434869766218 5.0225825235247603 8.6934108734130913 4.8112181723117819 5.4885444343090048 5.6299082785844794 179.76287101954222 365.93711614608765 7.6245472580194464 7.9300360232591656 9.3930174559354764 8.9493381530046445 5.553694635629653 18.334552064538002 4.9898088723421079 12.569057106971739 40.499067157506943 6.7033595740795135 5.888663724064827 5.5866934061050406
leaf_count=28 27 35 31 23 51 27 22 23 25 20 38 22 40 20 23 27 758 1518 32 33 40 38 23 77 21 54 171 29 26 23
internal_value=-0.000508446 -0.00852845 -0.000125661 -0.000289206 -0.00968672 -0.0157787 -0.0130885 -0.00674803 -0.0170517 -0.0240909 1.87511e-05 0.000350409 -0.00677289 -0.00174206 0.00415095 -0.00456659 0.000151259 0.000759671 0.00335372 0.00253437 0.0169041 0.0013635 0.00229574 0.00161857 -0.00465441 -0.00232959 0.000839928 0.0138198 -0.0168463 -0.000898931
internal_weight=792.14 36.0856 756.055 748.715 23.757 18.3923 27.7804 17.6241 12.5019 10.1564 724.959 691.205 33.7537 24.6231 19.8119 14.3233 686.182 609.072 237.548 229.924 17.3231 212.6 203.651 198.097 77.1104 64.7613 52.1922 11.6932 12.3491 371.524
internal_count=3325 152 3173 3142 101 78 117 75 52 42 3041 2893 148 110 90 67 2871 2542 1001 969 73 896 858 835 329 275 221 50 54 1541
is_linear=0
shrinkage=0.05


Tree=94
num_leaves=31
num_cat=0
split_feature=0 1 0 1 0 0 1 1 1 1 1 1 0 0 0 0 1 0 1 1 0 0 1 0 1 1 0 1 1 1
split_gain=0.878702 1.00358 2.9663 1.29436 0.746431 0.783754 1.0935 1.57034 0.683974 0.590152 1.35506 0.837039 0.724697 1.00963 1.67216 1.1326 1.28113 1.01997 0.823472 1.33305 0.869787 0.704039 2.0461 1.52244 1.93235 1.54804 0.955213 1.3658 3.74014 1.63484
threshold=71.740642824925871 0.16889291974258028 72.971019931507229 0.17815994290873197 70.84303567801949 67.973598912503221 0.15924872022257 0.16610255091117707 0.16022777631148702 0.18973547306138347 0.1889173873427907 0.19457536993822092 37.119861997202243 40.038078449237766 40.225778850411949 38.880842649481984 0.16914173486915443 38.056869494108504 0.16159402431672246 0.16426998821966651 35.845696160451588 50.587196143560043 0.18544395699234331 49.863374320174742 0.18279363461204468 0.16538228208435432 49.53649437279072 0.15018201835610845 0.15296997441036725 0.15644149241359748
decision_type=2 2 2 2 2 2 2 2 2 2 2 2 2 2 2 2 2 2 2 2 2 2 2 2 2 2 2 2 2 2
left_child=4 8 -3 -4 5 9 -7 -8 -2 10 12 -11 18 15 -15 17 -17 -14 -1 -20 -21 22 23 24 26 -25 27 -16 -29 -30
right_child=1 2 3 -5 -6 6 7 -9 -10 11 -12 -13 13 14 21 16 -18 -19 19 20 -22 -23 -24 25 -26 -27 -28 28 29 -31
leaf_value=-0.013942013239568778 -0.013636412322051825 -0.048912179185021935 -0.0157019507843419 0.016005803946854313 0.015766189891594586 0.010644323572395666 -0.038530853081924332 -0.0059237083548683003 0.0076413138809859234 -0.012889239132084028 0.02623661858029613 0.0031821854329094606 0.014541585324758161 -0.037536609741059289 0.027183836479844993 0.0069060921029047515 0.040169269355286856 -0.0084497166602294418 0.021074276642987375 -0.0010130338873804133 -0.017270997762594362 -0.000853999634894664 0.030862014414350842 -0.00019121952282068514 -0.024037605596654601 0.029818790285761981 -0.016055284382573205 -0.043938132196639917 0.021579924590899472 0.0014650625578254287
leaf_weight=17.550943195819855 5.6219239830970791 5.0377426445484188 8.8126066178083402 5.0703950226306906 7.323075369000434 5.3621847629547146 5.1214273124933269 13.233061462640761 11.507958501577376 20.192076705396175 5.0120544061064711 13.530645728111265 8.9064361900091225 2.9131701439619055 5.3870015963912001 6.4760225862264615 5.234455332159996 10.524004891514776 5.8372464478015891 43.532187610864639 10.143500030040739 371.51925113797188 6.2970294803380957 7.9299904257059124 7.653450980782508 9.3804729729890806 7.3041922599077216 4.3876236230134955 10.86216117441654 144.21986474096775
leaf_count=76 24 21 37 21 31 23 23 55 49 90 22 58 41 12 26 27 22 43 26 184 43 1541 26 33 32 40 30 20 46 603
internal_value=-0.000483173 -0.00810952 -0.0160473 -0.00412154 -0.000119423 -0.00027484 -0.00921904 -0.015022 0.000658093 1.78314e-05 0.000333001 -0.00644086 0.000143761 0.000721838 0.00024923 0.0094916 0.0217744 0.00208893 -0.00442448 -0.00161767 -0.00408542 0.000440687 0.00280524 0.00190898 0.000545616 0.0160711 0.00163847 0.00242241 0.00158596 0.00287394
internal_weight=791.884 36.0506 18.9207 13.883 755.834 748.51 23.7167 18.3545 17.1299 724.794 691.071 33.7227 686.059 608.995 577.854 31.1409 11.7105 19.4304 77.0639 59.5129 53.6757 574.941 203.422 197.125 179.814 17.3105 172.161 164.857 159.47 155.082
internal_count=3325 152 79 58 3173 3142 101 78 73 3041 2893 148 2871 2542 2409 133 49 84 329 253 227 2397 856 830 757 73 725 695 669 649
is_linear=0
shrinkage=0.05


Tree=95
num_leaves=31
num_cat=0
split_feature=0 1 1 1 0 0 0 1 1 1 1 0 1 1 1 1 1 0 0 0 0 1 0 0 1 0 0 0 1 0
split_gain=1.61736 1.35633 2.1064 1.59031 1.15445 5.72865 2.31703 2.26791 2.14745 1.71649 3.84455 3.00339 1.56442 1.25408 3.29791 5.69984 2.66132 2.12275 3.03334 1.93015 2.31806 2.27252 2.25889 2.06127 2.627 1.99998 2.19319 1.27484 2.37629 2.64532
threshold=76.446602496533345 0.17113291529635621 0.17056841763150679 0.17169495093380352 47.374329535516935 47.569159464924546 46.826984570549861 0.16990908571257798 0.16914173486915443 0.16640948007575693 0.16558785447715885 28.114615540613276 0.16468748479112258 0.16623177386425481 0.16548553294026555 0.16529256887019012 0.16446764386776841 62.724014084423878 64.405459084866777 62.089655745168123 52.630443220536797 0.16752126558285063 54.000425377589075 50.783401618084255 0.16772327921090194 55.912195963159526 57.421054154346379 58.579936109558311 0.15924872022257 59.972017688993411
decision_type=2 2 2 2 2 2 2 2 2 2 2 2 2 2 2 2 2 2 2 2 2 2 2 2 2 2 2 2 2 2
left_child=1 2 4 -3 6 -6 7 8 9 10 11 -1 -13 14 15 16 17 27 -19 20 23 -21 -22 24 -15 -24 -27 -7 -29 -30
right_child=-2 3 -4 -5 5 13 -8 -9 -10 -11 -12 12 -14 19 -16 -17 -18 18 -20 21 22 -23 25 -25 -26 26 -28 28 29 -31
leaf_value=0.038677577737455032 -0.018151193342118309 -0.017679136281542444 0.020565598301548936 -0.00092734802507258424 0.073270448446248415 0.0029626928817652483 -0.030190109907402809 -0.028565262001065985 0.02913709504179798 -0.012913631604226107 0.039628784375924216 -0.0005997335361730533 -0.027241666462237198 0.029508148096773369 -0.025804064088095414 0.055312176432418918 -0.020112854227883892 -0.033904847262876868 -0.00045758648660722105 0.046954576578425354 -0.034367113157019562 0.010622381339357322 0.021706058987158303 0.032840482611446141 -0.015254968947507663 -0.026627241192521772 0.0044061729853165574 0.027839631955432521 0.026828619746573457 -0.015749224162631123
leaf_weight=4.6524107009172431 11.483716562390326 14.838899970054625 15.661786571145056 313.20439643412828 2.9217268005013457 109.40958499908447 6.9276214838027945 6.7796049118041983 6.4876642674207678 22.095103442668915 6.5172800272703162 69.282257586717606 5.9862106293439856 5.574942275881769 10.98993134498596 4.9502480477094641 13.886337324976919 8.5427695959806424 32.824621021747589 6.1056372970342663 5.2133965194225302 14.585124775767325 8.6721584945917112 10.343873992562292 7.9538509547710419 8.6074522435665148 16.815444961190224 16.070494800806049 5.8765976727008811 9.6191504895687086
leaf_count=21 49 62 65 1318 14 457 29 28 27 93 28 299 25 23 46 20 57 37 139 25 21 62 35 42 33 35 68 68 24 40
internal_value=0.000474987 0.000752274 0.00255573 -0.00168511 0.00189622 0.0036008 -0.00206258 -0.000462781 0.00119365 -0.000476696 0.0027024 -0.000308821 -0.00271861 0.00291321 0.000867133 0.00232411 0.000987391 0.00259428 -0.00736477 0.00808916 0.00374853 0.0213436 -0.00371503 0.0160379 0.00319101 0.000971913 -0.00610084 0.00551662 0.0143686 0.00039797
internal_weight=782.88 771.397 443.353 328.043 427.691 298.963 128.728 121.801 115.021 108.533 86.4382 79.9209 75.2685 296.042 212.17 201.18 196.23 182.343 41.3674 83.8719 63.1811 20.6908 39.3085 23.8727 13.5288 34.0951 25.4229 140.976 31.5662 15.4957
internal_count=3290 3241 1861 1380 1796 1246 550 521 493 466 373 345 324 1232 888 842 822 765 176 344 257 87 159 98 56 138 103 589 132 64
is_linear=0
shrinkage=0.05


Tree=96
num_leaves=31
num_cat=0
split_feature=0 1 0 1 1 0 0 0 1 1 1 1 0 0 0 0 1 1 1 1 0 0 0 1 0 0 0 1 0 0
split_gain=1.46204 1.22531 2.31241 1.78947 1.46302 1.20227 5.3452 2.01694 1.85544 1.49579 1.55977 3.6446 1.737 1.25853 1.69294 2.36045 1.07946 2.99017 5.13349 2.40638 1.91742 2.76088 1.51337 2.2446 1.66932 2.15929 2.14237 2.72261 1.62635 1.56877
threshold=76.446602496533345 0.17113291529635621 24.601594341874677 0.17067595721844667 0.17139912820596115 47.374329535516935 47.569159464924546 46.826984570549861 0.1701722148278598 0.16914173486915443 0.16640948007575693 0.16558785447715885 33.323296803836939 30.8507592720571 45.368958531738649 44.223186757245024 0.16623177386425481 0.16548553294026555 0.16529256887019012 0.16446764386776841 62.724014084423878 64.405459084866777 62.089655745168123 0.16752126558285063 52.630443220536797 54.000425377589075 50.783401618084255 0.16772327921090194 55.912195963159526 57.421054154346379
decision_type=2 2 2 2 2 2 2 2 2 2 2 2 2 2 2 2 2 2 2 2 2 2 2 2 2 2 2 2 2 2
left_child=1 2 -1 5 -3 7 -7 8 9 10 11 13 -12 -4 15 -15 17 18 19 20 -8 -22 24 -24 26 -26 27 -18 -27 -30
right_child=-2 4 3 -5 -6 6 16 -9 -10 -11 12 -13 -14 14 -16 -17 22 -19 -20 -21 21 -23 23 -25 25 28 -28 -29 29 -31
leaf_value=0.061660460276698983 -0.017271599561766004 -0.02202472054251783 0.016141292542406396 0.020686794683265335 -0.0010550949377354966 0.07165786758776331 0.005242177461920277 -0.028594814917222468 -0.029570766271267607 0.020490954186914254 -0.041433761946513999 0.037959412260238946 -0.0060609199077198452 -0.0036950035298518105 0.013475737325376186 -0.038095150163442448 0.028126099422625367 -0.024637729514836476 0.052448169739282229 -0.019147693467960757 -0.032428071059872686 -0.00043470808873761628 0.044591459659906248 0.008796372714150541 -0.032648453998236092 0.020616357314675333 0.031217615432757601 -0.017194147396453901 -0.021484802288046435 0.0043893940433373862
leaf_weight=1.6417618095874775 11.465591341257094 8.5401563197374326 9.3444847166538221 12.726656109094618 319.47064880281687 2.8401707410812369 140.93810248374939 6.947858825325965 5.3890789598226538 8.6115253865718824 4.3431504666805294 6.4650468826293936 17.274027526378632 51.860729739069939 12.246162414550779 5.5172219574451438 5.5569012463092831 10.936074942350386 4.9592650681734076 13.857718795537947 8.4866672903299314 32.824547722935677 6.1076635271310833 15.478965803980826 5.2134308367967597 8.673952564597128 10.337666302919386 8.2100953906774503 8.8545279055833834 17.312041431665421
leaf_count=8 49 36 40 53 1344 14 589 29 22 36 20 28 71 222 55 23 23 46 20 57 37 139 25 66 21 35 42 34 36 70
internal_value=0.000451744 0.00071532 0.00243061 0.00221027 -0.00160106 0.00166162 0.00338972 -0.00239658 -0.000892909 0.000443285 -0.00116942 0.00186651 -0.0131677 -0.00108837 -0.00340082 -0.00700278 0.00273852 0.000823897 0.00220877 0.000938283 0.00246556 -0.00700719 0.00747237 0.0189241 0.00361934 -0.00263728 0.0140158 0.00109889 0.0018535 -0.0043662
internal_weight=782.432 770.966 442.955 441.314 328.011 428.587 300.588 127.999 121.051 115.662 107.051 85.4336 21.6172 78.9686 69.6241 57.378 297.748 212.002 201.066 196.107 182.249 41.3112 85.7452 21.5866 64.1586 40.054 24.1047 13.767 34.8405 26.1666
internal_count=3290 3241 1861 1853 1380 1800 1254 546 517 495 459 368 91 340 300 245 1240 888 842 822 765 176 352 91 261 162 99 57 141 106
is_linear=0
shrinkage=0.05


Tree=97
num_leaves=31
num_cat=0
split_feature=0 1 0 1 1 0 1 0 0 0 1 1 1 1 1 0 0 0 0 0 0 0 0 0 1 0 1 1 1 1
split_gain=1.3217 1.10704 2.11754 1.61964 1.33671 1.11881 0.900706 1.00482 1.05714 1.90088 1.01711 1.89958 1.77174 2.14318 1.59373 1.51034 1.6328 1.31821 2.94781 1.46339 1.27014 3.07323 1.94519 0.856541 0.848497 0.837635 0.779699 2.77559 2.6442 3.8164
threshold=76.446602496533345 0.17113291529635621 24.601594341874677 0.17067595721844667 0.17169495093380352 27.250192704436532 0.17268422800389435 71.740642824925871 65.392808059286963 66.371778955423579 0.17509279758541499 0.17532376810617764 0.17473206004862119 0.17439796735442373 0.17406102171310081 30.8507592720571 33.323296803836939 56.948868729301672 51.023247125561134 42.494022167803934 36.248406354144258 38.056869494108504 39.268635196884325 52.342808919947636 0.14538199590588782 52.342808919947636 0.18104103848821998 0.18159191537008254 0.17910884032014812 0.17827979573669347
decision_type=2 2 2 2 2 2 2 2 2 2 2 2 2 2 2 2 2 2 2 2 2 2 2 2 2 2 2 2 2 2
left_child=1 2 -1 5 23 -4 -6 8 10 -10 12 -12 13 14 17 -13 -17 18 19 -8 -18 -22 -23 -3 -7 -5 28 -28 29 -24
right_child=-2 4 3 25 6 24 7 -9 9 -11 11 15 -14 -15 -16 16 20 -19 -20 -21 21 22 26 -25 -26 -27 27 -29 -30 -31
leaf_value=0.059360596692565548 -0.016435509114691136 -0.0048971805024069044 -0.023466200723474277 0.0079184139898218452 0.0086708999116123318 -0.013426603938565585 -0.015407183005482173 -0.0172110275502095 0.037117248882466973 0.0015749414761185726 0.03002968119889194 -0.02222711802957127 -0.029885590023994414 0.019869241224784465 -0.027332994602874375 0.036066848161666901 -0.023107519252437307 0.013374776483634779 -0.035358840180784723 0.015627998764020035 0.035389879074861311 -0.033454482799065537 0.0030249461373584936 -0.029029001833754998 0.002169043677317069 0.033700165255836682 -0.032262437077599786 -0.00082405009802040657 0.016063616082398834 -0.031747679000379267
leaf_weight=1.6206432133913029 11.446899175643919 7.8344447910785657 4.4126800894737235 6.8928541094064695 23.113610357046127 8.9086318463087064 6.5173206478357377 9.9356904178857786 4.8650621175766018 16.589580595493317 5.0462340563535681 8.0655911564826948 7.8570253849029532 7.7175518721342078 9.0798141211271268 3.064348801970481 6.1323770135641089 8.4229146689176542 7.5567899197340003 9.1043712645769101 5.942769117653369 4.5451755523681632 44.645110324025154 6.9295025318861008 414.85618561506271 5.8025101125240326 7.6878456324338904 80.890900067985058 26.855686977505684 9.5848171859979612
leaf_count=8 49 33 19 29 96 41 27 41 21 69 21 35 32 32 37 13 25 34 31 39 31 19 184 29 1740 24 32 348 112 39
internal_value=0.00042964 0.000680203 0.00231192 0.00210221 -0.00152119 0.00158037 -0.000828181 -0.001585 -0.00103085 0.00963453 -0.0019153 -0.000262753 -0.00786272 -0.00428754 -0.00887028 -0.00103708 -0.000134457 -0.00356551 -0.00972151 0.00268022 -0.000729961 3.17697e-05 -0.00117439 -0.0162235 0.00184118 0.0197022 -0.000309635 -0.00355262 0.00323304 -0.00312091
internal_weight=781.925 770.478 442.494 440.873 327.985 428.177 313.221 290.107 280.171 21.4546 258.717 202.461 56.2558 48.3988 40.6812 197.415 189.349 31.6014 23.1785 15.6217 186.285 180.152 174.21 14.7639 423.765 12.6954 169.664 88.5787 81.0856 54.2299
internal_count=3290 3241 1861 1853 1380 1800 1318 1222 1181 90 1091 859 232 200 168 838 803 131 97 66 790 765 734 62 1781 53 715 380 335 223
is_linear=0
shrinkage=0.05


Tree=98
num_leaves=31
num_cat=0
split_feature=0 1 0 1 1 0 0 0 1 1 1 1 0 0 1 1 0 0 1 1 1 1 1 0 0 0 1 0 0 0
split_gain=1.19485 0.999496 1.94051 1.46565 1.22782 1.07316 4.99271 1.81893 1.66655 1.34696 1.41305 3.3195 1.58067 1.18008 1.56006 1.34054 5.09587 2.20373 1.70654 0.966505 2.71644 4.62541 2.18239 1.73816 2.51127 1.36867 2.02566 1.50854 1.94975 1.93568
threshold=76.446602496533345 0.17113291529635621 24.601594341874677 0.17067595721844667 0.17139912820596115 47.374329535516935 47.569159464924546 46.826984570549861 0.1701722148278598 0.16914173486915443 0.16640948007575693 0.16558785447715885 33.323296803836939 30.8507592720571 0.16468748479112258 0.15442947971976959 41.057010028218578 45.368958531738649 0.16005568193580041 0.16623177386425481 0.16548553294026555 0.16529256887019012 0.16446764386776841 62.724014084423878 64.405459084866777 62.089655745168123 0.16752126558285063 52.630443220536797 54.000425377589075 50.783401618084255
decision_type=2 2 2 2 2 2 2 2 2 2 2 2 2 2 2 2 2 2 2 2 2 2 2 2 2 2 2 2 2 2
left_child=1 2 -1 5 -3 7 -7 8 9 10 11 13 -12 -4 15 16 -15 -17 -19 20 21 22 23 -8 -25 27 -27 29 -29 -21
right_child=-2 4 3 -5 -6 6 19 -9 -10 -11 12 -13 -14 14 -16 17 -18 18 -20 25 -22 -23 -24 24 -26 26 -28 28 -30 -31
leaf_value=0.057180816320098006 -0.0156404929925575 -0.020225039794605902 0.015583242213305632 0.018758099684434912 -0.00094761345966905611 0.070144625969709579 0.0049096796233235413 -0.02718209144173608 -0.028080894486956522 0.019419521228687394 -0.039811687845290135 0.036334547503347435 -0.0058659640240862542 0.011137347837817693 -0.02883146249862243 -0.002522972879914757 -0.056371838712591084 0.044931115573733055 0.0023304784658228416 0.0009377961151773508 -0.02362362072059665 0.049700083720527345 -0.018334183857956942 -0.031097740425181639 -0.00050668218882216033 0.042283276987344597 0.0082622882850022332 -0.031139681940620497 0.0016522336764492143 0.029582821142005417
leaf_weight=1.5988616198301304 11.427810773253439 8.4793670475482923 9.3590122461318952 12.668469682335852 319.19322636723518 2.7542251050472251 140.9109266102314 6.9642944037914267 5.3893366605043402 8.5849886834621412 4.2787358760833767 6.4074243754148474 17.27507571876049 6.8160303533077222 5.5204374194145194 43.109948560595512 4.7387300133705139 4.827172785997389 4.5825589448213577 13.751982390880586 10.886631369590758 4.9609056264162055 13.831544756889341 8.432372644543646 32.821752339601517 6.1034406125545528 15.453236833214758 5.2109377086162558 34.842260524630547 10.325903251767157
leaf_count=8 49 36 40 53 1344 14 589 29 22 36 20 28 71 29 23 184 22 22 20 57 46 20 57 37 139 25 66 21 141 42
internal_value=0.000408441 0.000646604 0.00219685 0.00199742 -0.00144647 0.00150148 0.0031349 -0.0023349 -0.00090348 0.000364642 -0.00116541 0.00172301 -0.0126047 -0.00108585 -0.00332749 -0.00113015 -0.0165489 0.0022621 0.0241845 0.0025146 0.000702192 0.00202001 0.000813175 0.00226701 -0.00675952 0.00699539 0.0178948 0.00333172 -0.00261401 0.0132223
internal_weight=781.508 770.08 442.407 440.808 327.673 428.14 300.286 127.854 120.889 115.5 106.915 85.3613 21.5538 78.9539 69.5949 64.0744 11.5548 52.5197 9.40973 297.532 211.844 200.958 195.997 182.165 41.2541 85.6878 21.5567 64.1311 40.0532 24.0779
internal_count=3290 3241 1861 1853 1380 1800 1254 546 517 495 459 368 91 340 300 277 51 226 42 1240 888 842 822 765 176 352 91 261 162 99
is_linear=0
shrinkage=0.05


Tree=99
num_leaves=31
num_cat=0
split_feature=0 1 1 0 1 1 1 1 0 1 0 0 0 1 0 1 1 0 0 1 1 0 0 0 0 1 1 1 1 1
split_gain=1.1102 1.82077 2.19267 1.47457 1.26899 1.01922 2.11051 2.23538 1.51911 1.11756 2.33477 3.0916 3.22172 1.46827 1.2437 1.01101 3.8655 2.1587 1.40024 1.27932 2.67033 1.12661 3.18443 1.56056 2.34754 1.48572 2.40555 3.34441 1.49699 1.98254
threshold=72.396917186913569 0.16944135098240451 0.16468748479112258 75.534778849768756 0.1748557673290794 0.17993663029239662 0.17910884032014812 0.17827979573669347 27.250192704436532 0.17616291056592667 49.312611853679279 55.625436882260026 62.389488216682174 0.17590159047005635 42.046478688834249 0.17509279758541499 0.17473206004862119 50.783401618084255 24.601594341874677 0.17439796735442373 0.17406102171310081 58.492174485453411 59.972017688993411 56.835890469910503 56.178331401454336 0.16810978519125933 0.17131631569279995 0.17221260081390879 0.16721104339381779 0.16623177386425481
decision_type=2 2 2 2 2 2 2 2 2 2 2 2 2 2 2 2 2 2 2 2 2 2 2 2 2 2 2 2 2 2
left_child=5 2 3 -2 -3 6 7 9 -7 13 14 -12 -13 15 -11 16 18 -17 -1 20 21 23 -23 24 -20 28 -27 -28 29 -24
right_child=1 4 -4 -5 -6 8 -8 -9 -10 10 11 12 -14 -15 -16 17 -18 -19 19 -21 -22 22 25 -25 -26 26 27 -29 -30 -31
leaf_value=0.033874527064735517 -0.030350876601749361 -0.043565389701867484 0.027066442220764 0.0077653974051776738 -0.011513938254378268 -0.044634324515098404 0.020710924675098448 -0.019916142119802568 -0.0025255773121806158 0.01025329673580708 0.046360631696938603 -0.011859456022989196 0.034727974783867195 -0.021637014229408752 -0.017028472958310076 0.035569280389806064 -0.032873457432123603 -0.0010342923701766782 0.00011225385449430092 0.021150048595157744 -0.025955691412954764 0.021261417635135192 -0.0030076788641052845 -0.011251933337706611 0.021449664693558967 0.024846375839551724 -0.034934221742108328 0.013517145549776656 -0.028346670767384237 0.025300403977726052
leaf_weight=3.3133706748485556 5.1468263268470782 4.6807058900594702 5.7581607699394217 5.0046602040529251 9.0767567306756956 2.1776351034641257 14.138846948742865 12.314527124166487 130.24289761483669 7.7592252194881466 7.5256574004888561 9.0540421903133375 6.2884507328271857 7.0561081916093817 9.0495502501726133 6.6397987604141262 8.3222631812095624 10.239880353212355 325.3517531901598 7.9651576578617087 9.0541185736656171 25.524300515651703 64.190182462334633 28.361858680844307 13.422310858964918 15.427497774362566 5.3801673203706732 10.537046283483503 5.0914777666330329 6.8445065170526496
leaf_count=15 21 20 26 22 37 9 60 51 559 34 31 38 26 29 37 28 34 42 1373 33 37 104 275 116 55 64 22 43 21 28
internal_value=0.00038858 -0.00909831 0.00242026 -0.0115596 -0.0224188 0.000763209 0.00161511 0.00116863 -0.00321805 0.00160693 0.00971247 0.0201111 0.0072354 0.00102508 -0.00443473 0.00131812 0.000933597 0.0133641 0.00147418 0.00126659 0.000955551 0.00144274 0.00538559 1.44369e-05 0.000957647 0.00161509 0.0107768 -0.00285987 -0.00215722 -0.00028007
internal_weight=780.94 29.6671 15.9096 10.1515 13.7575 751.273 618.852 604.713 132.421 592.399 39.6769 22.8682 15.3425 552.722 16.8088 545.666 528.786 16.8797 520.464 517.15 509.185 500.131 132.995 367.136 338.774 107.471 31.3447 15.9172 76.1262 71.0347
internal_count=3290 126 69 43 57 3164 2596 2536 568 2485 166 95 64 2319 71 2290 2220 70 2186 2171 2138 2101 557 1544 1428 453 129 65 324 303
is_linear=0
shrinkage=0.05


end of trees

feature_importances:
ATR=1548
RSI=1452

parameters:
[boosting: gbdt]
[objective: binary]
[metric: binary_logloss]
[tree_learner: serial]
[device_type: cpu]
[data_sample_strategy: bagging]
[data: ]
[valid: ]
[num_iterations: 100]
[learning_rate: 0.05]
[num_leaves: 31]
[num_threads: 0]
[seed: 0]
[deterministic: 0]
[force_col_wise: 0]
[force_row_wise: 0]
[histogram_pool_size: -1]
[max_depth: -1]
[min_data_in_leaf: 20]
[min_sum_hessian_in_leaf: 0.001]
[bagging_fraction: 0.8]
[pos_bagging_fraction: 1]
[neg_bagging_fraction: 1]
[bagging_freq: 5]
[bagging_seed: 3]
[bagging_by_query: 0]
[feature_fraction: 0.9]
[feature_fraction_bynode: 1]
[feature_fraction_seed: 2]
[extra_trees: 0]
[extra_seed: 6]
[early_stopping_round: 0]
[early_stopping_min_delta: 0]
[first_metric_only: 0]
[max_delta_step: 0]
[lambda_l1: 0]
[lambda_l2: 0]
[linear_lambda: 0]
[min_gain_to_split: 0]
[drop_rate: 0.1]
[max_drop: 50]
[skip_drop: 0.5]
[xgboost_dart_mode: 0]
[uniform_drop: 0]
[drop_seed: 4]
[top_rate: 0.2]
[other_rate: 0.1]
[min_data_per_group: 100]
[max_cat_threshold: 32]
[cat_l2: 10]
[cat_smooth: 10]
[max_cat_to_onehot: 4]
[top_k: 20]
[monotone_constraints: ]
[monotone_constraints_method: basic]
[monotone_penalty: 0]
[feature_contri: ]
[forcedsplits_filename: ]
[refit_decay_rate: 0.9]
[cegb_tradeoff: 1]
[cegb_penalty_split: 0]
[cegb_penalty_feature_lazy: ]
[cegb_penalty_feature_coupled: ]
[path_smooth: 0]
[interaction_constraints: ]
[verbosity: -1]
[saved_feature_importance_type: 0]
[use_quantized_grad: 0]
[num_grad_quant_bins: 4]
[quant_train_renew_leaf: 0]
[stochastic_rounding: 1]
[linear_tree: 0]
[max_bin: 255]
[max_bin_by_feature: ]
[min_data_in_bin: 3]
[bin_construct_sample_cnt: 200000]
[data_random_seed: 1]
[is_enable_sparse: 1]
[enable_bundle: 1]
[use_missing: 1]
[zero_as_missing: 0]
[feature_pre_filter: 1]
[pre_partition: 0]
[two_round: 0]
[header: 0]
[label_column: ]
[weight_column: ]
[group_column: ]
[ignore_column: ]
[categorical_feature: ]
[forcedbins_filename: ]
[precise_float_parser: 0]
[parser_config_file: ]
[objective_seed: 5]
[num_class: 1]
[is_unbalance: 0]
[scale_pos_weight: 1]
[sigmoid: 1]
[boost_from_average: 1]
[reg_sqrt: 0]
[alpha: 0.9]
[fair_c: 1]
[poisson_max_delta_step: 0.7]
[tweedie_variance_power: 1.5]
[lambdarank_truncation_level: 30]
[lambdarank_norm: 1]
[label_gain: ]
[lambdarank_position_bias_regularization: 0]
[eval_at: ]
[multi_error_top_k: 1]
[auc_mu_weights: ]
[num_machines: 1]
[local_listen_port: 12400]
[time_out: 120]
[machine_list_filename: ]
[machines: ]
[gpu_platform_id: -1]
[gpu_device_id: -1]
[gpu_use_dp: 0]
[num_gpu: 1]

end of parameters

pandas_categorical:[]
