entry_time,entry_stock_price,entry_value,max_loss,tp1_value,target_value,size,direction,rsi_entry,atr_entry,adx_entry,signal_type,buy_strike,sell_strike,iv,expiry_date,confluences,entry_bar,highest_value,exit_time,exit_value,pnl,result
2023-01-04 13:50:00+00:00,171.74361414219717,55.977469658677684,1.2215816700271347,57.57670055309171,89.12928929784879,1,long,38.263063906229085,0.19971562876960416,22.882713149335313,bos (Long),171.84347195658196,173.0417657291996,0.5,2023-01-11 13:50:00+00:00,"{'Uptrend': False, 'Downtrend': True, 'QQQ Aligned': True, 'High Volume': True, 'Prophet Bullish': True, 'Above SMA20': True, 'Below SMA20': True}",210,57.84859903060892,2023-01-05 12:05:00+00:00,54.569784393276585,-2.707685265401099,loss
2023-01-04 13:20:00+00:00,171.89067787482608,55.074690614602524,2.6498332296578013,53.53116128303854,85.08018213395862,1,short,41.51627393524595,0.19632067440694062,21.60093129110731,bos (Short),171.98883821202955,173.16676225847118,0.5,2023-01-11 13:20:00+00:00,"{'Uptrend': True, 'Downtrend': False, 'QQQ Aligned': True, 'High Volume': True, 'Prophet Bullish': False, 'Above SMA20': True, 'Below SMA20': True}",204,56.33195428569468,2023-01-05 12:20:00+00:00,52.06709427297274,-4.307596341629785,loss
2023-01-04 13:25:00+00:00,171.87987484065764,55.11715670596429,2.9372635040955544,53.571026205085566,85.14627501707889,1,short,41.1774020560888,0.19648045076844173,22.305331517377052,break_and_retest (Short),171.97811506604185,173.1569977706525,0.5,2023-01-11 13:25:00+00:00,"{'Uptrend': False, 'Downtrend': True, 'QQQ Aligned': True, 'High Volume': False, 'Prophet Bullish': False, 'Above SMA20': True, 'Below SMA20': False}",205,56.41830374837468,2023-01-05 12:20:00+00:00,52.15372134313448,-4.263435362829813,loss
2023-01-05 12:45:00+00:00,171.10364270684127,49.051972260442234,1.7522572729370154,47.83415721932173,75.72034769206026,1,short,33.2715580436694,0.17391805671242588,28.32443136837008,bos (Short),171.19060173519748,172.23411007547202,0.5,2023-01-12 12:45:00+00:00,"{'Uptrend': False, 'Downtrend': True, 'QQQ Aligned': True, 'High Volume': True, 'Prophet Bullish': False, 'Above SMA20': True, 'Below SMA20': True}",276,52.344356789307625,2023-01-06 10:25:00+00:00,52.344356789307625,1.9923845288653907,profit
2023-01-05 12:40:00+00:00,170.9464301501425,47.599645350585384,2.4543887362648604,46.45460203410351,73.46498505412515,1,short,23.05515488210264,0.16855030339357333,28.864871827865816,bos (Short),171.0307053018393,172.04200712220074,0.5,2023-01-12 12:40:00+00:00,"{'Uptrend': False, 'Downtrend': True, 'QQQ Aligned': True, 'High Volume': False, 'Prophet Bullish': False, 'Above SMA20': True, 'Below SMA20': True}",275,52.07610783844651,2023-01-06 13:30:00+00:00,52.07610783844651,3.1764624878611274,profit
2023-01-05 13:00:00+00:00,171.16361896686718,51.25102855997516,2.0982830895879445,49.91702795323772,79.13721266467986,1,short,38.1818242879116,0.18208145278191687,23.57173411186712,break_and_retest (Short),171.25465969325813,172.34714840994963,0.5,2023-01-12 13:00:00+00:00,"{'Uptrend': False, 'Downtrend': True, 'QQQ Aligned': True, 'High Volume': False, 'Prophet Bullish': False, 'Above SMA20': True, 'Below SMA20': True}",279,55.20406044081766,2023-01-06 13:30:00+00:00,55.20406044081766,2.6530318808425024,profit
2023-01-05 12:35:00+00:00,171.07042178782982,48.12178530751809,2.349467173954899,46.95134984474138,74.27556661066973,1,short,25.966705712285844,0.1704755271121076,27.875923025092565,bos (Short),171.15565955138587,172.1785127140585,0.5,2023-01-12 12:35:00+00:00,"{'Uptrend': False, 'Downtrend': True, 'QQQ Aligned': True, 'High Volume': False, 'Prophet Bullish': False, 'Above SMA20': True, 'Below SMA20': True}",274,52.90705153845751,2023-01-06 15:00:00+00:00,52.90705153845751,3.4852662309394207,profit
2023-01-05 14:55:00+00:00,171.67514672175514,57.17474558049517,2.431469601273548,58.847412214856504,91.11650226729628,1,long,59.18989817820317,0.20422021243805935,17.135757274858328,bos (Long),171.77725682797416,173.0025781026025,0.5,2023-01-12 14:55:00+00:00,"{'Uptrend': False, 'Downtrend': True, 'QQQ Aligned': True, 'High Volume': True, 'Prophet Bullish': False, 'Above SMA20': True, 'Below SMA20': True}",302,62.114030925069194,2023-01-06 15:50:00+00:00,62.114030925069194,3.6392853445740245,profit
2023-01-06 10:40:00+00:00,171.89370385563663,47.52069930715306,2.0415778515628205,48.54168877970564,75.11207322217514,1,long,62.87606243508057,0.1682181113176291,17.727661406599115,break_and_retest (Long),171.97781291129544,172.98712157920122,0.5,2023-01-13 10:40:00+00:00,"{'Uptrend': False, 'Downtrend': True, 'QQQ Aligned': True, 'High Volume': False, 'Prophet Bullish': False, 'Above SMA20': True, 'Below SMA20': True}",330,52.010993001402575,2023-01-09 09:50:00+00:00,52.010993001402575,3.190293694249516,profit
2023-01-09 11:05:00+00:00,173.57838793355015,52.97528195826625,2.697910065829518,54.2427199386864,84.0184001565597,1,long,79.41524100713508,0.18837963354511675,38.16625166718044,break_and_retest (Long),173.67257775032272,174.8028555515934,0.5,2023-01-16 11:05:00+00:00,"{'Uptrend': True, 'Downtrend': False, 'QQQ Aligned': True, 'High Volume': False, 'Prophet Bullish': False, 'Above SMA20': True, 'Below SMA20': True}",414,52.5580323848299,2023-01-09 12:40:00+00:00,50.20535742682398,-4.069924531442271,loss
2023-01-09 15:05:00+00:00,173.17306960167605,49.075230551994125,1.678971084811053,50.278637834635404,77.7294597805499,1,long,55.9214190408081,0.17391035437230792,17.507832945909595,break_and_retest (Long),173.2600247788622,174.30348690509604,0.5,2023-01-16 15:05:00+00:00,"{'Uptrend': True, 'Downtrend': False, 'QQQ Aligned': True, 'High Volume': False, 'Prophet Bullish': False, 'Above SMA20': True, 'Below SMA20': True}",462,50.18181061921258,2023-01-10 12:55:00+00:00,47.39338246320842,-2.981848088785706,loss
2023-01-09 09:40:00+00:00,172.7963465363182,52.268981571599284,2.2206311677570696,53.64499786963531,82.98263504194709,1,long,65.26005370774521,0.18578817182697444,20.91325300889299,bos (Long),172.88924062223168,174.00396965319354,0.5,2023-01-16 09:40:00+00:00,"{'Uptrend': True, 'Downtrend': False, 'QQQ Aligned': True, 'High Volume': False, 'Prophet Bullish': False, 'Above SMA20': True, 'Below SMA20': True}",397,56.33615272700056,2023-01-11 12:10:00+00:00,56.33615272700056,2.767171155401276,profit
2023-01-09 12:15:00+00:00,173.00408449247476,51.98178414125689,2.6388362304233937,50.759413973878154,80.38160814296853,1,short,46.02556895566517,0.18470804326052156,23.688952909998637,break_and_retest (Short),173.09643851410502,174.20468677366816,0.5,2023-01-16 12:15:00+00:00,"{'Uptrend': True, 'Downtrend': False, 'QQQ Aligned': True, 'High Volume': True, 'Prophet Bullish': True, 'Above SMA20': True, 'Below SMA20': True}",428,57.50639668621808,2023-01-11 13:05:00+00:00,57.50639668621808,4.224612544961194,profit
2023-01-09 12:30:00+00:00,172.9203469931998,51.520221603211,2.7971344228859536,50.31977901239176,79.66237904120194,1,short,43.68096800420596,0.18299475868238863,22.281979186914928,break_and_retest (Short),173.011844372541,174.10981292463532,0.5,2023-01-16 12:30:00+00:00,"{'Uptrend': True, 'Downtrend': False, 'QQQ Aligned': True, 'High Volume': False, 'Prophet Bullish': False, 'Above SMA20': True, 'Below SMA20': True}",431,57.356033936848554,2023-01-11 13:05:00+00:00,57.356033936848554,4.535812333637556,profit
2023-01-09 11:50:00+00:00,173.07957978945797,48.02859212667716,2.459513191884497,46.99258557123743,74.22179113583667,1,short,47.03839668777109,0.17004375079295148,26.578267165605066,bos (Short),173.16460166485444,174.18486416961215,0.5,2023-01-16 11:50:00+00:00,"{'Uptrend': True, 'Downtrend': False, 'QQQ Aligned': True, 'High Volume': False, 'Prophet Bullish': False, 'Above SMA20': True, 'Below SMA20': True}",423,52.96239109918786,2023-01-11 13:10:00+00:00,52.96239109918786,3.633798972510701,profit
2023-01-11 14:30:00+00:00,174.01775435993693,48.56883464900561,2.368455026947416,47.39750254145351,74.96191981387777,1,short,46.38764721972721,0.171999893197067,21.38969992505926,bos (Short),174.10375430653545,175.13575366571786,0.5,2023-01-18 14:30:00+00:00,"{'Uptrend': True, 'Downtrend': False, 'QQQ Aligned': True, 'High Volume': True, 'Prophet Bullish': True, 'Above SMA20': True, 'Below SMA20': True}",613,48.70987202101415,2023-01-11 15:55:00+00:00,45.97700209917018,-3.8918325498354305,loss
2023-01-11 12:25:00+00:00,173.80510989118537,44.868549124263964,2.0375825355994976,45.76383774518907,70.76850886546417,1,long,66.6849899957825,0.15837633019602684,14.362615586985527,bos (Long),173.88429805628337,174.83455603745952,0.5,2023-01-18 12:25:00+00:00,"{'Uptrend': True, 'Downtrend': False, 'QQQ Aligned': True, 'High Volume': False, 'Prophet Bullish': False, 'Above SMA20': True, 'Below SMA20': True}",588,46.72563385332233,2023-01-12 10:45:00+00:00,42.8135552713611,-3.3549938529028607,loss
2023-01-11 11:05:00+00:00,173.3820962416833,50.69608299206891,2.2980738844708455,51.982229302132566,80.385467599663,1,long,58.793886242418786,0.17990956839861066,12.105729395909238,break_and_retest (Long),173.47205102588262,174.55150843627428,0.5,2023-01-18 11:05:00+00:00,"{'Uptrend': True, 'Downtrend': False, 'QQQ Aligned': True, 'High Volume': True, 'Prophet Bullish': True, 'Above SMA20': True, 'Below SMA20': True}",572,54.33261785174196,2023-01-12 12:10:00+00:00,48.38186308205155,-3.614219910017357,loss
2023-01-12 09:35:00+00:00,173.34925569874753,52.446036779711775,1.9038310236456155,51.06544172236825,80.98796927587728,1,short,30.207276716728714,0.18641918179070563,27.618589705768166,bos (Short),173.44246528964288,174.56098038038712,0.5,2023-01-19 09:35:00+00:00,"{'Uptrend': True, 'Downtrend': False, 'QQQ Aligned': True, 'High Volume': True, 'Prophet Bullish': False, 'Above SMA20': True, 'Below SMA20': True}",633,52.725183941793695,2023-01-12 12:10:00+00:00,50.42950509698461,-3.3165316827271623,loss
2023-01-12 15:55:00+00:00,172.70853813649694,50.130616017041454,1.7773681787684126,48.86914083568214,77.391555644914,1,short,44.53954891623536,0.17784291028047378,15.69469600037352,bos (Short),172.79745959163716,173.86451705332001,0.5,2023-01-19 15:55:00+00:00,"{'Uptrend': False, 'Downtrend': True, 'QQQ Aligned': True, 'High Volume': True, 'Prophet Bullish': False, 'Above SMA20': True, 'Below SMA20': True}",709,53.82159857464435,2023-01-13 12:05:00+00:00,53.82159857464435,2.390982557602894,profit
2023-01-12 15:00:00+00:00,172.81916158591395,49.84215029088344,1.677372483051066,50.96333262319812,78.89227469237929,1,long,49.11485818816787,0.1767678091042406,12.68449745004111,bos (Long),172.90754549046608,173.9681523450915,0.5,2023-01-19 15:00:00+00:00,"{'Uptrend': False, 'Downtrend': True, 'QQQ Aligned': True, 'High Volume': True, 'Prophet Bullish': True, 'Above SMA20': True, 'Below SMA20': True}",698,53.27044727953364,2023-01-13 12:10:00+00:00,53.27044727953364,2.1282969886502032,profit
2023-01-12 09:40:00+00:00,173.3091856672538,51.36643304947256,2.7542929711219415,50.044196550370714,79.31011297367093,1,short,29.09237006977601,0.18240357824719852,28.760134880564333,break_and_retest (Short),173.4003874563774,174.49480892586058,0.5,2023-01-19 09:40:00+00:00,"{'Uptrend': True, 'Downtrend': False, 'QQQ Aligned': True, 'High Volume': True, 'Prophet Bullish': False, 'Above SMA20': True, 'Below SMA20': True}",634,52.9957375662363,2023-01-16 09:30:00+00:00,51.36938961766687,-1.2970434318056931,loss
2023-01-13 12:40:00+00:00,173.57966723215503,52.39835465435573,1.910877732369947,51.15991787139664,81.02887443388579,1,short,56.7255811001306,0.18622970798324562,16.32967426461732,bos (Short),173.67278208614667,174.79016033404613,0.5,2023-01-20 12:40:00+00:00,"{'Uptrend': True, 'Downtrend': False, 'QQQ Aligned': True, 'High Volume': False, 'Prophet Bullish': True, 'Above SMA20': True, 'Below SMA20': True}",749,52.939352336766625,2023-01-16 09:55:00+00:00,50.281659677516004,-3.4166949768397243,loss
2023-01-13 10:40:00+00:00,173.32521599184835,48.45028750775202,1.9541885869928137,49.50381932057321,76.60910120578532,1,long,66.29704165865941,0.17159169686668332,19.663915702024237,break_and_retest (Long),173.4110118402817,174.4405620214818,0.5,2023-01-20 10:40:00+00:00,"{'Uptrend': False, 'Downtrend': True, 'QQQ Aligned': True, 'High Volume': True, 'Prophet Bullish': False, 'Above SMA20': True, 'Below SMA20': True}",725,49.90489815462984,2023-01-16 10:35:00+00:00,45.994138324119106,-3.7561491836329166,loss
2023-01-13 10:25:00+00:00,173.30757740390214,49.582005505107624,3.023158318188244,50.68761789377869,78.45909677053824,1,long,66.81701559870854,0.1757810671800367,19.328046055640442,break_and_retest (Long),173.39546793749216,174.45015434057237,0.5,2023-01-20 10:25:00+00:00,"{'Uptrend': False, 'Downtrend': True, 'QQQ Aligned': True, 'High Volume': False, 'Prophet Bullish': True, 'Above SMA20': True, 'Below SMA20': True}",722,51.13415960565706,2023-01-16 10:45:00+00:00,46.53898436335541,-4.343021141752213,loss
2023-01-16 11:00:00+00:00,172.83361969368073,48.36445186301988,1.679577310322152,47.31168483984679,74.74563795929966,1,short,32.147715595739115,0.17129573226703157,25.589808791655493,bos (Short),172.91926755981424,173.94704195341643,0.5,2023-01-23 11:00:00+00:00,"{'Uptrend': False, 'Downtrend': True, 'QQQ Aligned': True, 'High Volume': True, 'Prophet Bullish': False, 'Above SMA20': True, 'Below SMA20': True}",808,48.333807904465345,2023-01-16 14:15:00+00:00,46.51466510339596,-3.1497867596239173,loss
2023-01-16 14:15:00+00:00,172.29985345124976,50.166307971666726,0.9445015028926775,51.43315181822861,79.53333627833909,1,long,36.96551208658269,0.177994696993339,22.076373370865074,break_and_retest (Long),172.38885079974642,173.45681898170645,0.5,2023-01-23 14:15:00+00:00,"{'Uptrend': False, 'Downtrend': True, 'QQQ Aligned': True, 'High Volume': True, 'Prophet Bullish': False, 'Above SMA20': True, 'Below SMA20': True}",847,51.89079394820859,2023-01-17 11:25:00+00:00,51.89079394820859,0.4244859765418638,profit
2023-01-16 12:35:00+00:00,172.46480721266298,47.14268128509565,1.8069978172961854,46.031074935243446,72.75142100685586,1,short,34.740150093118785,0.16679869860584162,28.89051154879586,break_and_retest (Short),172.54820656196588,173.54899875360093,0.5,2023-01-23 12:35:00+00:00,"{'Uptrend': False, 'Downtrend': True, 'QQQ Aligned': True, 'High Volume': True, 'Prophet Bullish': False, 'Above SMA20': True, 'Below SMA20': True}",827,50.60484078118563,2023-01-18 15:45:00+00:00,50.60484078118563,2.1621594960899815,profit
2023-01-17 09:30:00+00:00,172.4847574008337,50.9247807829241,1.8833602362344024,52.099886288957435,80.67103953746764,1,long,51.00665624177533,0.18080253011975284,11.916027398780974,bos (Long),172.57515866589358,173.6599738466121,0.5,2023-01-24 09:30:00+00:00,"{'Uptrend': False, 'Downtrend': True, 'QQQ Aligned': True, 'High Volume': False, 'Prophet Bullish': False, 'Above SMA20': True, 'Below SMA20': True}",869,54.38493652538129,2023-01-18 15:45:00+00:00,54.38493652538129,2.1601557424571896,profit
2023-01-16 10:50:00+00:00,172.7929209098711,48.99012277467326,2.353000775724155,47.908511009243135,75.72028110389891,1,short,28.953641328076387,0.1736123303793127,24.534879807536107,bos (Short),172.87972707506074,173.92140105733662,0.5,2023-01-23 10:50:00+00:00,"{'Uptrend': True, 'Downtrend': False, 'QQQ Aligned': True, 'High Volume': True, 'Prophet Bullish': True, 'Above SMA20': True, 'Below SMA20': True}",806,53.60802054268922,2023-01-19 10:45:00+00:00,53.60802054268922,3.317897768015958,profit
2023-01-16 10:55:00+00:00,172.80339064615964,47.54840849908741,2.1603410740462294,46.53209069267208,73.47499370262467,1,short,29.758277746401916,0.16828201917903254,25.74825348824251,bos (Short),172.88753165574917,173.89722377082336,0.5,2023-01-23 10:55:00+00:00,"{'Uptrend': False, 'Downtrend': True, 'QQQ Aligned': True, 'High Volume': True, 'Prophet Bullish': False, 'Above SMA20': True, 'Below SMA20': True}",807,51.997086833574784,2023-01-19 10:45:00+00:00,51.997086833574784,3.148678334487376,profit
2023-01-17 11:45:00+00:00,172.85982634354522,42.107475649347045,1.9076926562723457,42.896858764974084,66.30150601418914,1,long,63.58748618753394,0.14829502759914134,17.24949233690508,break_and_retest (Long),172.9339738573448,173.82374402293965,0.5,2023-01-24 11:45:00+00:00,"{'Uptrend': False, 'Downtrend': True, 'QQQ Aligned': True, 'High Volume': False, 'Prophet Bullish': True, 'Above SMA20': True, 'Below SMA20': True}",896,45.57357670179447,2023-01-19 10:45:00+00:00,45.57357670179447,2.166101052447428,profit
2023-01-19 11:55:00+00:00,174.0438146622404,49.341476237090426,0.5894624903937,48.13119490759488,76.16187676243953,1,short,63.49577794904606,0.17485694332368756,33.03755156235688,bos (Short),174.13124313390225,175.18038479384438,0.5,2023-01-26 11:55:00+00:00,"{'Uptrend': True, 'Downtrend': False, 'QQQ Aligned': True, 'High Volume': False, 'Prophet Bullish': False, 'Above SMA20': True, 'Below SMA20': True}",1056,50.557631686019924,2023-01-19 13:20:00+00:00,50.557631686019924,-0.08384455107050148,loss
2023-01-19 11:05:00+00:00,173.82135018600383,46.78253810330333,1.7773130480492938,47.86740882169745,73.9693826994419,1,long,60.13831465757681,0.16541554752985488,41.316414705034454,break_and_retest (Long),173.90405795976875,174.8965512449479,0.5,2023-01-26 11:05:00+00:00,"{'Uptrend': True, 'Downtrend': False, 'QQQ Aligned': True, 'High Volume': True, 'Prophet Bullish': True, 'Above SMA20': True, 'Below SMA20': True}",1046,50.06097662547017,2023-01-19 14:00:00+00:00,50.06097662547017,1.9784385221668372,profit
2023-01-19 10:30:00+00:00,173.76844044385427,46.258196660334384,2.4626811738252954,47.2122896056539,73.02885690505406,1,long,66.44180436314431,0.16348655024103784,33.04482793599217,bos (Long),173.8501837189748,174.831103020421,0.5,2023-01-26 10:30:00+00:00,"{'Uptrend': True, 'Downtrend': False, 'QQQ Aligned': True, 'High Volume': False, 'Prophet Bullish': True, 'Above SMA20': True, 'Below SMA20': True}",1039,51.46352147070323,2023-01-20 09:55:00+00:00,51.46352147070323,3.9053248103688434,profit
2023-01-19 10:45:00+00:00,173.89527585311544,47.01226079225664,2.475789571973472,47.99821383608085,74.25527147790113,1,long,67.71379712841306,0.1662591839837849,36.52216532230228,bos (Long),173.97840544510734,174.97596054901004,0.5,2023-01-26 10:45:00+00:00,"{'Uptrend': True, 'Downtrend': False, 'QQQ Aligned': True, 'High Volume': True, 'Prophet Bullish': True, 'Above SMA20': True, 'Below SMA20': True}",1042,51.922248076439054,2023-01-20 10:20:00+00:00,51.52732709903039,3.215066306773747,profit
2023-01-19 14:40:00+00:00,174.56832992617598,43.33156155724091,1.8297774589137177,42.50263078799436,66.90874907782859,1,short,55.08896447812588,0.15271538558327122,37.60533775762169,bos (Short),174.64468761896762,175.56097993246726,0.5,2023-01-26 14:40:00+00:00,"{'Uptrend': True, 'Downtrend': False, 'QQQ Aligned': True, 'High Volume': True, 'Prophet Bullish': True, 'Above SMA20': True, 'Below SMA20': True}",1089,47.00580251766771,2023-01-20 12:00:00+00:00,47.00580251766771,2.3742409604268007,profit
2023-01-20 12:15:00+00:00,175.67424675308658,53.88642654498893,2.2942961146663805,55.32681618737029,85.59546931095188,1,long,73.23677850488119,0.1916667364870823,29.83631377836363,bos (Long),175.77008012133012,176.92008054025263,0.5,2023-01-27 12:15:00+00:00,"{'Uptrend': True, 'Downtrend': False, 'QQQ Aligned': True, 'High Volume': False, 'Prophet Bullish': False, 'Above SMA20': True, 'Below SMA20': True}",1139,54.276394030834474,2023-01-20 13:20:00+00:00,51.57201206752444,-3.6144144774644884,loss
2023-01-20 12:20:00+00:00,175.77808829504343,54.676807277595,2.955577192136417,56.16082606416634,86.89736522317604,1,long,75.91831138762396,0.19461164043348286,31.006167317639353,bos (Long),175.87539411526018,177.04306395786108,0.5,2023-01-27 12:20:00+00:00,"{'Uptrend': True, 'Downtrend': False, 'QQQ Aligned': True, 'High Volume': False, 'Prophet Bullish': False, 'Above SMA20': True, 'Below SMA20': True}",1140,53.848003380272665,2023-01-20 14:15:00+00:00,51.500574784074274,-4.476232493520729,loss
2023-01-20 12:10:00+00:00,175.63594753906546,53.35487515429195,2.626788660708378,54.76603022160786,84.72012749933154,1,long,72.17568229390125,0.1896868485453367,29.06510397309514,bos (Long),175.73079096333814,176.86891205461015,0.5,2023-01-27 12:10:00+00:00,"{'Uptrend': True, 'Downtrend': False, 'QQQ Aligned': True, 'High Volume': True, 'Prophet Bullish': False, 'Above SMA20': True, 'Below SMA20': True}",1138,53.88323378474643,2023-01-20 14:35:00+00:00,50.662895520271604,-3.991979634020349,loss
2023-01-19 14:30:00+00:00,174.6299198368797,43.8096309397955,2.2206855520233404,42.96194981726453,67.65194669945842,1,short,58.93991035501983,0.15446370785710625,39.159976081319435,bos (Short),174.70715169080827,175.6339339379509,0.5,2023-01-26 14:30:00+00:00,"{'Uptrend': True, 'Downtrend': False, 'QQQ Aligned': True, 'High Volume': True, 'Prophet Bullish': True, 'Above SMA20': True, 'Below SMA20': True}",1087,47.501420772904744,2023-01-23 09:30:00+00:00,45.237676277972085,0.12804533817658803,profit
2023-01-20 12:05:00+00:00,175.71331676030206,53.4059602472843,3.6584408083748983,54.819263483315765,84.80288814772582,1,long,77.97483464662736,0.18987319907921066,28.42588571084735,bos (Long),175.80825335984167,176.94749255431694,0.5,2023-01-27 12:05:00+00:00,"{'Uptrend': True, 'Downtrend': False, 'QQQ Aligned': True, 'High Volume': False, 'Prophet Bullish': False, 'Above SMA20': True, 'Below SMA20': True}",1137,53.64622900386898,2023-01-23 09:30:00+00:00,49.73067114450165,-4.975289102782649,loss
2023-01-20 09:55:00+00:00,175.28240793948143,49.32170063770341,2.8117616900717337,50.52187558365943,78.10068346953284,1,long,76.30536339225249,0.17472869458278412,36.59452252856766,break_and_retest (Long),175.36977228677281,176.4181444542695,0.5,2023-01-27 09:55:00+00:00,"{'Uptrend': True, 'Downtrend': False, 'QQQ Aligned': True, 'High Volume': True, 'Prophet Bullish': False, 'Above SMA20': True, 'Below SMA20': True}",1111,51.02865694452748,2023-01-23 09:55:00+00:00,49.331089242340255,-1.2906113953631533,loss
2023-01-20 10:05:00+00:00,175.30255146373304,48.9437582206827,2.773766336596097,50.12469838582247,77.48148210763495,1,long,75.21647433954995,0.1733301702341055,39.19686773600789,break_and_retest (Long),175.3892165488501,176.42919757025473,0.5,2023-01-27 10:05:00+00:00,"{'Uptrend': True, 'Downtrend': False, 'QQQ Aligned': True, 'High Volume': True, 'Prophet Bullish': False, 'Above SMA20': True, 'Below SMA20': True}",1113,50.56764131539234,2023-01-23 10:05:00+00:00,48.955965574609145,-1.287792646073558,loss
2023-01-20 14:35:00+00:00,174.91941773333335,49.859249493030504,2.22737262525294,48.752042418247,77.06685104667069,1,short,38.157113130390165,0.17673470090868237,13.064960617121404,break_and_retest (Short),175.0077850837877,176.0681932892398,0.5,2023-01-27 14:35:00+00:00,"{'Uptrend': True, 'Downtrend': False, 'QQQ Aligned': True, 'High Volume': False, 'Prophet Bullish': False, 'Above SMA20': True, 'Below SMA20': True}",1167,53.50926687788716,2023-01-23 14:35:00+00:00,53.42811203422077,2.2688625411902636,profit
2023-01-24 10:00:00+00:00,175.7117855333333,48.692268101920824,1.370517136887706,49.857653171438905,77.06376038256303,1,long,46.42979574325172,0.1723831986582804,12.261913438490001,break_and_retest (Long),175.79797713266245,176.83227632461214,0.5,2023-01-31 10:00:00+00:00,"{'Uptrend': True, 'Downtrend': False, 'QQQ Aligned': True, 'High Volume': False, 'Prophet Bullish': False, 'Above SMA20': True, 'Below SMA20': True}",1270,49.81094176743438,2023-01-24 12:20:00+00:00,47.27118293431245,-2.7210851676083747,loss
2023-01-23 10:00:00+00:00,175.3550715571097,50.53076709367948,2.691737868641262,51.79255229782748,80.08170259017338,1,long,60.95141733120736,0.17920313399770085,12.357102235109707,bos (Long),175.44467312410856,176.51989192809478,0.5,2023-01-30 10:00:00+00:00,"{'Uptrend': True, 'Downtrend': False, 'QQQ Aligned': True, 'High Volume': False, 'Prophet Bullish': True, 'Above SMA20': True, 'Below SMA20': True}",1191,53.053947392575125,2023-01-24 13:40:00+00:00,47.496913826376954,-4.333853267302525,loss
2023-01-23 11:20:00+00:00,175.1894438614535,49.85066857114788,2.071956590627721,48.62297666325494,76.94964720310661,1,short,46.770044655900364,0.1766906979754397,10.753991346969514,bos (Short),175.27778921044123,176.33793339829387,0.5,2023-01-30 11:20:00+00:00,"{'Uptrend': True, 'Downtrend': False, 'QQQ Aligned': True, 'High Volume': False, 'Prophet Bullish': False, 'Above SMA20': True, 'Below SMA20': True}",1207,52.95828282630133,2023-01-24 13:40:00+00:00,47.503965791454135,-3.646702779693743,loss
2023-01-24 12:30:00+00:00,175.26886198698458,50.88468596389187,2.7436309489991046,49.73196936708593,78.66327160622139,1,short,30.282901454968652,0.18051981502186654,18.538759346945803,break_and_retest (Short),175.3591218944955,176.4422407846267,0.5,2023-01-31 12:30:00+00:00,"{'Uptrend': True, 'Downtrend': False, 'QQQ Aligned': True, 'High Volume': True, 'Prophet Bullish': True, 'Above SMA20': True, 'Below SMA20': True}",1300,50.399100882463095,2023-01-24 13:45:00+00:00,48.13676444051844,-4.047921523373428,loss
2023-01-24 15:50:00+00:00,174.89701523186744,49.539167279831,1.9561720407808778,50.63190492097441,78.36504644785784,1,long,56.667410174998146,0.17555054332150924,18.746586767069534,break_and_retest (Long),174.9847905035282,176.03809376345725,0.5,2023-01-31 15:50:00+00:00,"{'Uptrend': False, 'Downtrend': True, 'QQQ Aligned': True, 'High Volume': True, 'Prophet Bullish': True, 'Above SMA20': True, 'Below SMA20': True}",1340,50.62882204742454,2023-01-25 12:15:00+00:00,47.56028764724561,-3.2788796325853893,loss
2023-01-24 14:10:00+00:00,174.4982170538945,51.18561989185697,1.9837909908899647,49.882798686390025,79.02562014800473,1,short,28.34424659386923,0.18167367695488146,44.178016186138095,bos (Short),174.58905389237194,175.67909595410123,0.5,2023-01-31 14:10:00+00:00,"{'Uptrend': False, 'Downtrend': True, 'QQQ Aligned': True, 'High Volume': False, 'Prophet Bullish': False, 'Above SMA20': True, 'Below SMA20': True}",1320,55.583618866837476,2023-01-26 11:20:00+00:00,55.583618866837476,3.097998974980503,profit
2023-01-24 14:00:00+00:00,174.50014961758794,50.18536526385858,2.2451568257804126,49.0600834333326,77.57637032405954,1,short,24.293944474934165,0.17796226782669936,43.35085209584455,bos (Short),174.58913075150127,175.65690435846147,0.5,2023-01-31 14:00:00+00:00,"{'Uptrend': True, 'Downtrend': False, 'QQQ Aligned': True, 'High Volume': True, 'Prophet Bullish': False, 'Above SMA20': True, 'Below SMA20': True}",1318,54.7817156990719,2023-01-26 12:55:00+00:00,54.7817156990719,3.2963504352133244,profit
2023-01-24 14:05:00+00:00,174.41934900035207,50.10245242400188,2.4134436900435787,48.980479578019846,77.44747584003288,1,short,22.365638636941554,0.17765866840108466,44.714251480857975,break_and_retest (Short),174.5081783345526,175.57413034495912,0.5,2023-01-31 14:05:00+00:00,"{'Uptrend': True, 'Downtrend': False, 'QQQ Aligned': True, 'High Volume': True, 'Prophet Bullish': False, 'Above SMA20': True, 'Below SMA20': True}",1319,55.02490796234618,2023-01-26 12:55:00+00:00,55.02490796234618,3.622455538344295,profit
2023-01-24 14:15:00+00:00,174.35375162139746,51.0543779197609,2.6398131682566515,49.75735037912415,78.82210968532713,1,short,24.606249067999286,0.18119326230662036,43.982143219308576,break_and_retest (Short),174.44434825255078,175.5315078263905,0.5,2023-01-31 14:15:00+00:00,"{'Uptrend': False, 'Downtrend': True, 'QQQ Aligned': True, 'High Volume': True, 'Prophet Bullish': False, 'Above SMA20': True, 'Below SMA20': True}",1321,56.34105114036001,2023-01-26 12:55:00+00:00,56.34105114036001,3.986673220599106,profit
2023-01-24 13:55:00+00:00,174.3486340783309,49.74223528610505,2.9009499022681453,48.63652578066055,76.88653767494124,1,short,10.920973981205023,0.17632719967553306,42.27582812959042,bos (Short),174.43679767816866,175.49476087622185,0.5,2023-01-31 13:55:00+00:00,"{'Uptrend': True, 'Downtrend': False, 'QQQ Aligned': True, 'High Volume': False, 'Prophet Bullish': False, 'Above SMA20': True, 'Below SMA20': True}",1317,55.3978827059544,2023-01-26 13:10:00+00:00,55.3978827059544,4.355647419849352,profit
2023-01-24 15:30:00+00:00,174.92610051905115,50.82173149205671,2.719733095087811,51.97411472508434,80.46298791408476,1,long,58.3824207273768,0.18030242413204492,23.75342910149578,bos (Long),175.01625173111717,176.09806627590945,0.5,2023-01-31 15:30:00+00:00,"{'Uptrend': False, 'Downtrend': True, 'QQQ Aligned': True, 'High Volume': False, 'Prophet Bullish': True, 'Above SMA20': True, 'Below SMA20': True}",1336,54.15669697172654,2023-01-27 15:30:00+00:00,52.56746050004197,0.44572900798525406,profit
2023-01-24 15:35:00+00:00,174.9041886226764,48.67873037701122,2.39090921722223,49.73223480833737,76.95930476423197,1,long,57.20375382955476,0.17236779239689887,22.710600739492783,bos (Long),174.99037251887486,176.02457927325625,0.5,2023-01-31 15:35:00+00:00,"{'Uptrend': False, 'Downtrend': True, 'QQQ Aligned': True, 'High Volume': True, 'Prophet Bullish': True, 'Above SMA20': True, 'Below SMA20': True}",1337,51.97018540113753,2023-01-27 15:35:00+00:00,50.82586316706014,0.8471327900489214,profit
2023-01-24 15:35:00+00:00,174.9041886226764,48.67873037701122,2.39090921722223,49.73223480833737,76.95930476423197,1,long,57.20375382955476,0.17236779239689887,22.710600739492783,break_and_retest (Long),174.99037251887486,176.02457927325625,0.5,2023-01-31 15:35:00+00:00,"{'Uptrend': False, 'Downtrend': True, 'QQQ Aligned': True, 'High Volume': True, 'Prophet Bullish': True, 'Above SMA20': True, 'Below SMA20': True}",1337,51.97018540113753,2023-01-27 15:35:00+00:00,50.82586316706014,0.8471327900489214,profit
2023-01-26 13:50:00+00:00,175.17775289951229,49.1428028573486,2.82359671269964,47.95106223681043,75.85020402620476,1,short,36.64290963459739,0.17407158048373056,26.27044436876428,bos (Short),175.26478868975414,176.30921817265653,0.5,2023-02-02 13:50:00+00:00,"{'Uptrend': True, 'Downtrend': False, 'QQQ Aligned': True, 'High Volume': False, 'Prophet Bullish': True, 'Above SMA20': True, 'Below SMA20': True}",1474,51.041776644072925,2023-01-30 09:30:00+00:00,51.041776644072925,0.5989737867243263,profit
2023-01-26 13:55:00+00:00,175.12961991104353,49.65323259728431,2.7629587583551043,48.43519983086007,76.64313180162098,1,short,34.9999352847405,0.17596237085855113,26.266746332263644,bos (Short),175.2176010964728,176.27337532162412,0.5,2023-02-02 13:55:00+00:00,"{'Uptrend': True, 'Downtrend': False, 'QQQ Aligned': True, 'High Volume': False, 'Prophet Bullish': False, 'Above SMA20': True, 'Below SMA20': True}",1475,51.80899620063231,2023-01-30 09:30:00+00:00,51.80899620063231,0.8557636033479994,profit
2023-01-26 14:00:00+00:00,175.07237886135275,49.47825380975245,2.1743075364240383,48.268718358475354,76.37150184296632,1,short,33.09925737432464,0.17531726286413485,26.38742398098129,bos (Short),175.16003749278482,176.21194106996964,0.5,2023-02-02 14:00:00+00:00,"{'Uptrend': True, 'Downtrend': False, 'QQQ Aligned': True, 'High Volume': False, 'Prophet Bullish': False, 'Above SMA20': True, 'Below SMA20': True}",1476,51.92272312179065,2023-01-30 09:30:00+00:00,51.92272312179065,1.1444693120382012,profit
2023-01-26 14:05:00+00:00,175.13468895565657,48.61517146193461,2.1067985334859287,47.44960771065929,75.03090198661823,1,short,37.10335162971984,0.17212303085013606,26.49948179764768,bos (Short),175.22075047108163,176.25348865618244,0.5,2023-02-02 14:05:00+00:00,"{'Uptrend': True, 'Downtrend': False, 'QQQ Aligned': True, 'High Volume': True, 'Prophet Bullish': False, 'Above SMA20': True, 'Below SMA20': True}",1477,50.72000624321103,2023-01-30 09:30:00+00:00,50.72000624321103,0.8048347812764234,profit
2023-01-26 14:05:00+00:00,175.13468895565657,48.61517146193461,2.1067985334859287,47.44960771065929,75.03090198661823,1,short,37.10335162971984,0.17212303085013606,26.49948179764768,break_and_retest (Short),175.22075047108163,176.25348865618244,0.5,2023-02-02 14:05:00+00:00,"{'Uptrend': True, 'Downtrend': False, 'QQQ Aligned': True, 'High Volume': True, 'Prophet Bullish': False, 'Above SMA20': True, 'Below SMA20': True}",1477,50.72000624321103,2023-01-30 09:30:00+00:00,50.72000624321103,0.8048347812764234,profit
2023-01-27 16:00:00+00:00,175.6325152416924,44.93545376473996,1.569562029472607,45.92210803835556,70.93443854555649,1,long,59.92117380621643,0.15855563693349553,15.159860966090738,bos (Long),175.71179306015915,176.66312688176012,0.5,2023-02-03 16:00:00+00:00,"{'Uptrend': True, 'Downtrend': False, 'QQQ Aligned': True, 'High Volume': True, 'Prophet Bullish': False, 'Above SMA20': True, 'Below SMA20': True}",1579,44.962626228208315,2023-01-30 10:35:00+00:00,43.3347673490415,-2.9006864156984618,loss
2023-01-27 15:55:00+00:00,175.57729538089188,43.94222545029544,1.5894487894558935,44.79027173309626,69.24402187687662,1,long,57.828299287339,0.1549168300466788,13.987043361083916,bos (Long),175.6547537959152,176.58425477619528,0.5,2023-02-03 15:55:00+00:00,"{'Uptrend': True, 'Downtrend': False, 'QQQ Aligned': True, 'High Volume': True, 'Prophet Bullish': True, 'Above SMA20': True, 'Below SMA20': True}",1578,44.194249048065394,2023-01-30 10:40:00+00:00,42.34689406774021,-2.89533138255523,loss
2023-01-30 10:15:00+00:00,175.50939896322006,46.27877473932781,1.7475594495350748,45.22910196850727,71.40272813416294,1,short,50.54153676115837,0.16349487587453096,18.773181413155754,bos (Short),175.59114640115732,176.5721156564045,0.5,2023-02-06 10:15:00+00:00,"{'Uptrend': True, 'Downtrend': False, 'QQQ Aligned': True, 'High Volume': False, 'Prophet Bullish': False, 'Above SMA20': True, 'Below SMA20': True}",1589,49.55621328006883,2023-01-31 11:50:00+00:00,49.55621328006883,1.9774385407410235,profit
2023-01-30 09:30:00+00:00,175.68297008046326,45.64637714523677,1.9933174738313113,46.66541061115344,72.09135473128092,1,long,61.78722211708094,0.16116373718544136,16.403233016946672,bos (Long),175.763551949056,176.73053437216865,0.5,2023-02-06 09:30:00+00:00,"{'Uptrend': True, 'Downtrend': False, 'QQQ Aligned': True, 'High Volume': True, 'Prophet Bullish': True, 'Above SMA20': True, 'Below SMA20': True}",1580,49.34702954805654,2023-02-01 10:35:00+00:00,49.34702954805654,2.4006524028197704,profit
2023-01-30 09:30:00+00:00,175.68297008046326,45.64637714523677,1.9933174738313113,46.66541061115344,72.09135473128092,1,long,61.78722211708094,0.16116373718544136,16.403233016946672,break_and_retest (Long),175.763551949056,176.73053437216865,0.5,2023-02-06 09:30:00+00:00,"{'Uptrend': True, 'Downtrend': False, 'QQQ Aligned': True, 'High Volume': True, 'Prophet Bullish': True, 'Above SMA20': True, 'Below SMA20': True}",1580,49.34702954805654,2023-02-01 10:35:00+00:00,49.34702954805654,2.4006524028197704,profit
2023-01-31 12:20:00+00:00,176.52685173333333,46.85494064229886,1.348180195668128,45.89162998802627,72.38389777052815,1,short,71.98961883823607,0.16557542687133767,37.738364760744496,bos (Short),176.609639446769,177.60309200799702,0.5,2023-02-07 12:20:00+00:00,"{'Uptrend': True, 'Downtrend': False, 'QQQ Aligned': True, 'High Volume': True, 'Prophet Bullish': True, 'Above SMA20': True, 'Below SMA20': True}",1693,49.694657810658384,2023-02-01 13:05:00+00:00,49.694657810658384,1.5397171683595274,profit
2023-02-01 11:00:00+00:00,176.90722403333334,45.82638868011265,2.115095544219116,46.744175974411775,72.28672245166868,1,long,63.875706621311956,0.16177964373659134,15.557231020934504,bos (Long),176.98811385520162,177.95879171762115,0.5,2023-02-08 11:00:00+00:00,"{'Uptrend': True, 'Downtrend': False, 'QQQ Aligned': True, 'High Volume': False, 'Prophet Bullish': True, 'Above SMA20': True, 'Below SMA20': True}",1756,49.96573573474234,2023-02-02 14:20:00+00:00,49.96573573474234,2.8393470546296884,profit
2023-02-01 11:00:00+00:00,176.90722403333334,45.82638868011265,2.115095544219116,46.744175974411775,72.28672245166868,1,long,63.875706621311956,0.16177964373659134,15.557231020934504,break_and_retest (Long),176.98811385520162,177.95879171762115,0.5,2023-02-08 11:00:00+00:00,"{'Uptrend': True, 'Downtrend': False, 'QQQ Aligned': True, 'High Volume': False, 'Prophet Bullish': True, 'Above SMA20': True, 'Below SMA20': True}",1756,49.96573573474234,2023-02-02 14:20:00+00:00,49.96573573474234,2.8393470546296884,profit
2023-02-01 13:50:00+00:00,177.2570757943509,48.40206530927144,2.0969313064805135,47.37602178772127,74.78978585051138,1,short,53.361775046621396,0.17124695745828597,15.173135291838403,bos (Short),177.34269927308003,178.37018101782974,0.5,2023-02-08 13:50:00+00:00,"{'Uptrend': True, 'Downtrend': False, 'QQQ Aligned': True, 'High Volume': False, 'Prophet Bullish': True, 'Above SMA20': True, 'Below SMA20': True}",1790,51.568756048573015,2023-02-06 09:30:00+00:00,50.5914310801152,0.8893657708437572,profit
2023-02-02 12:50:00+00:00,177.54574954825168,51.13636600153455,1.71235337852427,49.860372531461536,78.94031482842574,1,short,51.808492725059835,0.18134670481137613,15.587861864342191,break_and_retest (Short),177.63642290065738,178.72450312952563,0.5,2023-02-09 12:50:00+00:00,"{'Uptrend': True, 'Downtrend': False, 'QQQ Aligned': True, 'High Volume': True, 'Prophet Bullish': False, 'Above SMA20': True, 'Below SMA20': True}",1857,53.21811337887985,2023-02-06 09:30:00+00:00,51.79962489444444,-0.6367411070901057,loss
2023-02-03 14:35:00+00:00,177.83599595216765,45.52551367613598,1.5365675786278032,46.42574216297717,71.78667915369597,1,long,57.01723216468882,0.16064136815669042,17.997131408312914,break_and_retest (Long),177.916316636246,178.88016484518613,0.5,2023-02-10 14:35:00+00:00,"{'Uptrend': True, 'Downtrend': False, 'QQQ Aligned': True, 'High Volume': True, 'Prophet Bullish': False, 'Above SMA20': True, 'Below SMA20': True}",1957,46.25468616392477,2023-02-06 10:30:00+00:00,43.84528534722499,-2.980228328910992,loss
2023-02-03 12:00:00+00:00,177.74652432385645,44.58861312775104,1.5244139830148171,45.451285144502684,70.26734419244374,1,long,48.67803225035757,0.1572098424296278,14.765367056317855,bos (Long),177.82512924507125,178.76838829964902,0.5,2023-02-10 12:00:00+00:00,"{'Uptrend': True, 'Downtrend': False, 'QQQ Aligned': True, 'High Volume': False, 'Prophet Bullish': False, 'Above SMA20': True, 'Below SMA20': True}",1926,45.57800640813483,2023-02-06 10:40:00+00:00,42.96945456127295,-2.9191585664780915,loss
2023-02-03 14:40:00+00:00,177.67911278941185,45.42228751386148,1.05430856996945,46.3191347664355,71.62095117407769,1,long,48.77587801790701,0.16026828157536058,17.367168075477185,break_and_retest (Long),177.75924693019954,178.7208566196517,0.5,2023-02-10 14:40:00+00:00,"{'Uptrend': True, 'Downtrend': False, 'QQQ Aligned': True, 'High Volume': True, 'Prophet Bullish': True, 'Above SMA20': True, 'Below SMA20': True}",1958,46.63900931542195,2023-02-06 10:40:00+00:00,44.0706727305971,-2.6516147832643737,loss
2023-02-06 10:45:00+00:00,177.43393365243156,47.07363148895004,1.7639926291344494,46.106313631662005,72.72149158419536,1,short,36.06030287828093,0.16634500364552843,16.59244021866154,bos (Short),177.51710615425432,178.51517617612748,0.5,2023-02-13 10:45:00+00:00,"{'Uptrend': True, 'Downtrend': False, 'QQQ Aligned': True, 'High Volume': False, 'Prophet Bullish': True, 'Above SMA20': True, 'Below SMA20': True}",1990,47.28007984583508,2023-02-06 15:55:00+00:00,45.134509746722415,-3.239121742227627,loss
2023-02-06 12:20:00+00:00,177.11793760106016,52.98187355415417,1.9750577144947812,54.359785146792696,84.0796100034354,1,long,41.90896880711272,0.18822192612014482,27.39520497427597,bos (Long),177.21204856412024,178.3413801208411,0.5,2023-02-13 12:20:00+00:00,"{'Uptrend': False, 'Downtrend': True, 'QQQ Aligned': True, 'High Volume': True, 'Prophet Bullish': False, 'Above SMA20': True, 'Below SMA20': True}",2009,54.37999360085781,2023-02-07 09:45:00+00:00,50.98507357629999,-3.2967999778541808,loss
2023-02-06 11:00:00+00:00,177.2843087056568,46.542661415788984,2.500274056591344,45.59701433554775,71.89569488440587,1,short,31.40365373957961,0.16439762032709263,20.64725831308973,break_and_retest (Short),177.36650751582033,178.3528932377829,0.5,2023-02-13 11:00:00+00:00,"{'Uptrend': True, 'Downtrend': False, 'QQQ Aligned': True, 'High Volume': True, 'Prophet Bullish': True, 'Above SMA20': True, 'Below SMA20': True}",1993,47.229821407263834,2023-02-07 09:50:00+00:00,43.788283255501035,-4.054378160287949,loss
2023-02-07 10:05:00+00:00,176.49476735546986,46.969852283856675,1.8961603297362686,46.00143581688506,72.56282646607,1,short,27.640475371378912,0.16599962413443745,20.775178000829694,bos (Short),176.57776716753708,177.5737649123437,0.5,2023-02-14 10:05:00+00:00,"{'Uptrend': False, 'Downtrend': True, 'QQQ Aligned': True, 'High Volume': False, 'Prophet Bullish': False, 'Above SMA20': True, 'Below SMA20': True}",2061,51.41982886379224,2023-02-08 10:55:00+00:00,51.41982886379224,3.149976579935566,profit
2023-02-07 10:10:00+00:00,176.37832161757044,47.817208663941024,2.2604431415447124,46.811401185017104,73.88208219790985,1,short,24.21025200413733,0.16912594095906072,22.710394910176156,bos (Short),176.46288458804997,177.47764023380435,0.5,2023-02-14 10:10:00+00:00,"{'Uptrend': False, 'Downtrend': True, 'QQQ Aligned': True, 'High Volume': False, 'Prophet Bullish': False, 'Above SMA20': True, 'Below SMA20': True}",2062,52.76400294490228,2023-02-08 10:55:00+00:00,52.76400294490228,3.646794280961257,profit
2023-02-07 10:10:00+00:00,176.37832161757044,47.817208663941024,2.2604431415447124,46.811401185017104,73.88208219790985,1,short,24.21025200413733,0.16912594095906072,22.710394910176156,break_and_retest (Short),176.46288458804997,177.47764023380435,0.5,2023-02-14 10:10:00+00:00,"{'Uptrend': False, 'Downtrend': True, 'QQQ Aligned': True, 'High Volume': False, 'Prophet Bullish': False, 'Above SMA20': True, 'Below SMA20': True}",2062,52.76400294490228,2023-02-08 10:55:00+00:00,52.76400294490228,3.646794280961257,profit
2023-02-07 10:00:00+00:00,176.45724030585413,49.20223475213596,2.719985611924848,48.016864478910314,75.93906453200466,1,short,24.43663768095557,0.1742356321913848,19.48480649051623,bos (Short),176.5443581219498,177.5897719150981,0.5,2023-02-14 10:00:00+00:00,"{'Uptrend': False, 'Downtrend': True, 'QQQ Aligned': True, 'High Volume': True, 'Prophet Bullish': False, 'Above SMA20': True, 'Below SMA20': True}",2060,54.20108243876792,2023-02-08 12:05:00+00:00,54.20108243876792,3.6988476866319617,profit
2023-02-07 12:30:00+00:00,176.7487163606938,44.02457102226272,1.9233850421877676,44.86985771158906,69.36418497420438,1,long,62.22953061924854,0.15517843905752668,20.565951238889543,break_and_retest (Long),176.82630558022257,177.75737621456773,0.5,2023-02-14 12:30:00+00:00,"{'Uptrend': False, 'Downtrend': True, 'QQQ Aligned': True, 'High Volume': False, 'Prophet Bullish': True, 'Above SMA20': True, 'Below SMA20': True}",2090,47.50998031914495,2023-02-08 12:05:00+00:00,47.50998031914495,2.1854092968822316,profit
2023-02-07 12:05:00+00:00,176.57838792939293,47.1865537119258,2.443777096892788,48.27238920689633,74.59081982274618,1,long,55.81166136386261,0.166794170623021,21.122603524623404,bos (Long),176.66178501470444,177.66255003844256,0.5,2023-02-14 12:05:00+00:00,"{'Uptrend': False, 'Downtrend': True, 'QQQ Aligned': True, 'High Volume': False, 'Prophet Bullish': True, 'Above SMA20': True, 'Below SMA20': True}",2085,51.5938675838591,2023-02-08 12:15:00+00:00,51.5938675838591,3.1073138719333047,profit
2023-02-07 12:20:00+00:00,176.6324176798974,43.02734601975773,2.12877959385699,43.833991765964264,67.7499533023286,1,long,57.2410435246543,0.1515347655909298,20.084827664784,bos (Long),176.70818506269288,177.61739365623845,0.5,2023-02-14 12:20:00+00:00,"{'Uptrend': False, 'Downtrend': True, 'QQQ Aligned': True, 'High Volume': False, 'Prophet Bullish': True, 'Above SMA20': True, 'Below SMA20': True}",2088,46.869038740609945,2023-02-08 12:15:00+00:00,46.869038740609945,2.5416927208522155,profit
2023-02-08 13:05:00+00:00,177.6243977224195,45.86137636621869,1.3444689542370725,44.94613523519106,70.83475343873155,1,short,50.03153994214251,0.16188176991212777,17.764289670603944,break_and_retest (Short),177.70533860737555,178.67662922684832,0.5,2023-02-15 13:05:00+00:00,"{'Uptrend': True, 'Downtrend': False, 'QQQ Aligned': True, 'High Volume': True, 'Prophet Bullish': False, 'Above SMA20': True, 'Below SMA20': True}",2176,46.05306534260104,2023-02-08 15:50:00+00:00,44.28641131751391,-2.874965048704783,loss
2023-02-08 13:10:00+00:00,177.5519398986934,46.16397757780356,1.66752421858601,45.23574756988363,71.30572187970829,1,short,46.42362274195458,0.16299580450006632,17.61236611416077,break_and_retest (Short),177.63343780094343,178.61141262794382,0.5,2023-02-15 13:10:00+00:00,"{'Uptrend': True, 'Downtrend': False, 'QQQ Aligned': True, 'High Volume': False, 'Prophet Bullish': True, 'Above SMA20': True, 'Below SMA20': True}",2177,46.5869005179008,2023-02-08 16:00:00+00:00,44.42380099806662,-3.040176579736939,loss
2023-02-08 12:40:00+00:00,177.65709171208312,45.779203010765194,2.4394363774166266,44.867542995421566,70.70682989425518,1,short,49.47508863390521,0.16157889062829475,19.764324998919978,bos (Short),177.73788115739725,178.70735450116703,0.5,2023-02-15 12:40:00+00:00,"{'Uptrend': True, 'Downtrend': False, 'QQQ Aligned': True, 'High Volume': True, 'Prophet Bullish': True, 'Above SMA20': True, 'Below SMA20': True}",2171,45.86690527282114,2023-02-09 09:50:00+00:00,43.31098925387721,-3.7682137568879837,loss
2023-02-09 11:20:00+00:00,177.27883606751095,49.379399398222255,1.7424445048819592,48.19111297274737,76.2120041590399,1,short,53.28130429401027,0.17485496781131027,16.041480123849027,bos (Short),177.3662635514166,178.41539335828446,0.5,2023-02-16 11:20:00+00:00,"{'Uptrend': False, 'Downtrend': True, 'QQQ Aligned': True, 'High Volume': False, 'Prophet Bullish': False, 'Above SMA20': True, 'Below SMA20': True}",2234,50.42087937854511,2023-02-10 09:30:00+00:00,47.1501580821963,-3.5292413160259555,loss
2023-02-07 12:10:00+00:00,176.6688878306251,45.44942251643564,2.4859691991228274,46.352910289511236,71.67720483351148,1,long,59.55689222663109,0.16040430931101218,20.958984562476182,bos (Long),176.7490899852806,177.71151584114668,0.5,2023-02-14 12:10:00+00:00,"{'Uptrend': False, 'Downtrend': True, 'QQQ Aligned': True, 'High Volume': False, 'Prophet Bullish': True, 'Above SMA20': True, 'Below SMA20': True}",2086,49.38624063348943,2023-02-10 12:10:00+00:00,48.68564722744113,1.9362247110054909,profit
2023-02-07 12:35:00+00:00,176.83289676745653,43.00722598818342,2.28566358656046,43.81211089102328,67.71521847187502,1,long,65.55476541713034,0.15145477559090242,21.307190157441504,break_and_retest (Long),176.90862415525197,177.81735280879738,0.5,2023-02-14 12:35:00+00:00,"{'Uptrend': False, 'Downtrend': True, 'QQQ Aligned': True, 'High Volume': True, 'Prophet Bullish': True, 'Above SMA20': True, 'Below SMA20': True}",2091,46.20426884790529,2023-02-10 12:35:00+00:00,44.84398875351463,0.5367627653312084,profit
2023-02-07 12:45:00+00:00,176.85504243333335,42.16671447209678,2.106314749531471,42.93925513403134,66.3551486327145,1,long,65.94887574854071,0.1483851825113498,22.89484190981255,break_and_retest (Long),176.92923502458902,177.8195461196571,0.5,2023-02-14 12:45:00+00:00,"{'Uptrend': False, 'Downtrend': True, 'QQQ Aligned': True, 'High Volume': False, 'Prophet Bullish': True, 'Above SMA20': True, 'Below SMA20': True}",2093,45.23091347247636,2023-02-10 12:45:00+00:00,44.591579363215594,1.1248648911188155,profit
2023-02-10 09:45:00+00:00,176.7643303170393,46.081025889310105,1.6075240572240759,45.04859870643531,71.09282813195975,1,short,33.647482317386206,0.16272038558592863,26.640053770054124,bos (Short),176.84569050983228,177.82201282334785,0.5,2023-02-17 09:45:00+00:00,"{'Uptrend': False, 'Downtrend': True, 'QQQ Aligned': True, 'High Volume': True, 'Prophet Bullish': False, 'Above SMA20': True, 'Below SMA20': True}",2294,49.417148187150154,2023-02-10 13:30:00+00:00,49.417148187150154,2.0361222978400493,profit
2023-02-09 09:45:00+00:00,177.11049727644803,46.582712355973946,1.6510976022273596,45.63437272450141,71.9585293116917,1,short,40.03752021679909,0.16455149987185816,21.021081129632687,break_and_retest (Short),177.19277302638395,178.1800820256151,0.5,2023-02-16 09:45:00+00:00,"{'Uptrend': True, 'Downtrend': False, 'QQQ Aligned': True, 'High Volume': True, 'Prophet Bullish': False, 'Above SMA20': True, 'Below SMA20': True}",2215,49.68064759993712,2023-02-10 13:55:00+00:00,49.582516721001014,1.6998043650270673,profit
2023-02-09 09:55:00+00:00,176.98970833505956,48.643385922908564,2.399743895898723,47.4896328794024,75.06983757735401,1,short,36.91053539110035,0.17214865274915556,22.9976603001684,break_and_retest (Short),177.07578266143415,178.1086745779291,0.5,2023-02-16 09:55:00+00:00,"{'Uptrend': True, 'Downtrend': False, 'QQQ Aligned': True, 'High Volume': True, 'Prophet Bullish': False, 'Above SMA20': True, 'Below SMA20': True}",2217,53.024282556817354,2023-02-10 15:00:00+00:00,53.024282556817354,3.0808966339087904,profit
2023-02-10 12:25:00+00:00,177.44763250010712,48.75453644896194,1.783259232668719,49.91065666686874,77.14009458947972,1,long,57.013338408542594,0.17253977255757666,18.54927310129245,bos (Long),177.5339023863859,178.56914102173135,0.5,2023-02-17 12:25:00+00:00,"{'Uptrend': False, 'Downtrend': True, 'QQQ Aligned': True, 'High Volume': True, 'Prophet Bullish': True, 'Above SMA20': True, 'Below SMA20': True}",2326,51.9752009604137,2023-02-10 15:15:00+00:00,51.9752009604137,1.9206645114517584,profit
2023-02-10 15:30:00+00:00,178.49854392607855,44.1404456087469,2.1749447464347327,44.98141037405651,69.5323063548958,1,long,78.79947975128638,0.1555436734987113,36.89007038120375,bos (Long),178.5763157628279,179.50957780382018,0.5,2023-02-17 15:30:00+00:00,"{'Uptrend': True, 'Downtrend': False, 'QQQ Aligned': True, 'High Volume': True, 'Prophet Bullish': False, 'Above SMA20': True, 'Below SMA20': True}",2363,45.1121489329307,2023-02-13 12:50:00+00:00,41.832712541998966,-3.6077330667479357,loss
2023-02-13 09:50:00+00:00,178.26444900846678,43.46915989732787,1.6044003172714696,42.65329728994684,67.11300682868278,1,short,53.26872269944653,0.15309663289279715,27.403166975088205,bos (Short),178.3409973249132,179.25957712226997,0.5,2023-02-20 09:50:00+00:00,"{'Uptrend': True, 'Downtrend': False, 'QQQ Aligned': True, 'High Volume': True, 'Prophet Bullish': True, 'Above SMA20': True, 'Below SMA20': True}",2374,45.1096917154591,2023-02-13 13:20:00+00:00,41.703433889926224,-3.065726007401646,loss
2023-02-10 13:50:00+00:00,177.94743672684848,48.77241634297537,2.5316057332528743,49.81057556477761,77.06912644302534,1,long,68.22412597766598,0.1725848913019463,23.490483012360716,break_and_retest (Long),178.03372917249945,179.06923852031113,0.5,2023-02-17 13:50:00+00:00,"{'Uptrend': True, 'Downtrend': False, 'QQQ Aligned': True, 'High Volume': False, 'Prophet Bullish': False, 'Above SMA20': True, 'Below SMA20': True}",2343,52.192769666449685,2023-02-13 13:50:00+00:00,45.94715606478761,-4.125260278187755,loss
2023-02-13 12:50:00+00:00,177.98019739117862,49.74966400592987,2.9437058093943946,48.54789594421094,76.7851506607579,1,short,31.916813476637202,0.1761932853905414,17.952993518968725,break_and_retest (Short),178.06829403387388,179.12545374621712,0.5,2023-02-20 12:50:00+00:00,"{'Uptrend': True, 'Downtrend': False, 'QQQ Aligned': True, 'High Volume': False, 'Prophet Bullish': True, 'Above SMA20': True, 'Below SMA20': True}",2410,49.78419321437848,2023-02-13 14:45:00+00:00,46.724220862431075,-4.325443143498798,loss
2023-02-13 13:35:00+00:00,177.64324923260023,47.61641433541004,2.0608666677479803,46.62702939441722,73.56560107241557,1,short,27.45727572683316,0.16833514763590052,23.793860189512763,bos (Short),177.72741680641818,178.73742769223358,0.5,2023-02-20 13:35:00+00:00,"{'Uptrend': True, 'Downtrend': False, 'QQQ Aligned': True, 'High Volume': True, 'Prophet Bullish': False, 'Above SMA20': True, 'Below SMA20': True}",2419,47.561810476576575,2023-02-13 15:00:00+00:00,45.50196109663986,-3.4144532387701814,loss
2023-02-13 15:05:00+00:00,177.0423019490094,52.16334995322429,2.6350543657909498,50.82920972962013,80.53745983155076,1,short,28.48995237199391,0.18518222097910303,38.527295141749995,break_and_retest (Short),177.13489305949898,178.24598638537358,0.5,2023-02-20 15:05:00+00:00,"{'Uptrend': False, 'Downtrend': True, 'QQQ Aligned': True, 'High Volume': False, 'Prophet Bullish': False, 'Above SMA20': True, 'Below SMA20': True}",2437,57.06400406469362,2023-02-14 14:30:00+00:00,56.94167088015054,3.4783209269262487,profit
2023-02-13 15:20:00+00:00,176.90227845761802,50.297833719298474,2.7713632004344717,49.0602021322757,77.63950094342565,1,short,27.305454845698108,0.17826924794382784,37.791632461761544,break_and_retest (Short),176.99141308158994,178.0610285692529,0.5,2023-02-20 15:20:00+00:00,"{'Uptrend': False, 'Downtrend': True, 'QQQ Aligned': True, 'High Volume': True, 'Prophet Bullish': False, 'Above SMA20': True, 'Below SMA20': True}",2440,55.54258257252334,2023-02-14 14:30:00+00:00,55.42603044831295,3.8281967290144765,profit
2023-02-14 11:05:00+00:00,177.73732246128446,45.09485083191315,1.616824213280161,44.21167086483327,69.6421413552524,1,short,56.52140828565195,0.159065347577386,28.91949494841928,bos (Short),177.81685513507315,178.77124722053748,0.5,2023-02-21 11:05:00+00:00,"{'Uptrend': False, 'Downtrend': True, 'QQQ Aligned': True, 'High Volume': False, 'Prophet Bullish': True, 'Above SMA20': True, 'Below SMA20': True}",2468,48.36716473921619,2023-02-15 11:30:00+00:00,48.36716473921619,1.9723139073030438,profit
2023-02-15 14:00:00+00:00,178.6571545775915,47.09796883149887,0.9980918689457923,46.13675493666857,72.75569671798793,1,short,60.46958676840421,0.1663873753587763,12.538703112882365,bos (Short),178.7403482652709,179.73867251742357,0.5,2023-02-22 14:00:00+00:00,"{'Uptrend': True, 'Downtrend': False, 'QQQ Aligned': True, 'High Volume': False, 'Prophet Bullish': True, 'Above SMA20': True, 'Below SMA20': True}",2582,47.60313052300942,2023-02-16 09:40:00+00:00,45.67875361896007,-2.7192152125387947,loss
2023-02-14 10:00:00+00:00,177.69203973269495,48.05484397630495,2.7601818882363034,49.06302822068011,75.90282510711938,1,long,65.92167448425876,0.1699487009314772,24.691106051743184,bos (Long),177.77701408316068,178.79670628874953,0.5,2023-02-21 10:00:00+00:00,"{'Uptrend': False, 'Downtrend': True, 'QQQ Aligned': True, 'High Volume': True, 'Prophet Bullish': True, 'Above SMA20': True, 'Below SMA20': True}",2455,52.734971577828375,2023-02-17 10:00:00+00:00,51.07821463208008,1.7233706557751318,profit
2023-02-14 10:05:00+00:00,177.80784706666665,49.26087240709259,3.1066082711110212,50.43954894579801,77.96301755163914,1,long,69.14521592212004,0.1743943201842614,26.3747421640062,break_and_retest (Long),177.89504422675878,178.94141014786436,0.5,2023-02-21 10:05:00+00:00,"{'Uptrend': False, 'Downtrend': True, 'QQQ Aligned': True, 'High Volume': False, 'Prophet Bullish': True, 'Above SMA20': True, 'Below SMA20': True}",2456,53.580582132508155,2023-02-17 10:05:00+00:00,51.99439937747604,1.4335269703834512,profit
2023-02-16 10:00:00+00:00,178.21895295897795,51.62261344464077,2.586562742327267,50.32652316682708,79.69383674775743,1,short,36.703985738533255,0.18311847947094287,17.21303380192186,bos (Short),178.3105121987134,179.40922307553907,0.5,2023-02-23 10:00:00+00:00,"{'Uptrend': True, 'Downtrend': False, 'QQQ Aligned': True, 'High Volume': False, 'Prophet Bullish': True, 'Above SMA20': True, 'Below SMA20': True}",2613,54.16073823412001,2023-02-20 10:00:00+00:00,48.77421899248655,-4.148394452154217,loss
2023-02-16 10:00:00+00:00,178.21895295897795,51.62261344464077,2.586562742327267,50.32652316682708,79.69383674775743,1,short,36.703985738533255,0.18311847947094287,17.21303380192186,break_and_retest (Short),178.3105121987134,179.40922307553907,0.5,2023-02-23 10:00:00+00:00,"{'Uptrend': True, 'Downtrend': False, 'QQQ Aligned': True, 'High Volume': False, 'Prophet Bullish': True, 'Above SMA20': True, 'Below SMA20': True}",2613,54.16073823412001,2023-02-20 10:00:00+00:00,48.77421899248655,-4.148394452154217,loss
2023-02-20 12:15:00+00:00,178.37557300955137,48.92522766276024,1.1968621667238324,47.88308302852477,75.60071546417191,1,short,63.67195716952954,0.1731310203123763,16.337378827265756,bos (Short),178.46213851970757,179.50092464158183,0.5,2023-02-27 12:15:00+00:00,"{'Uptrend': False, 'Downtrend': True, 'QQQ Aligned': True, 'High Volume': True, 'Prophet Bullish': False, 'Above SMA20': True, 'Below SMA20': True}",2798,48.95548866087114,2023-02-20 13:15:00+00:00,47.517665406987284,-2.7075622557729586,loss
2023-02-17 14:35:00+00:00,177.88424904134084,48.941870631287586,1.4660281510630355,49.98795656278947,77.34641657607719,1,long,47.393949941802006,0.17321302254187532,10.070013492189284,break_and_retest (Long),177.97085555261177,179.01013368786303,0.5,2023-02-24 14:35:00+00:00,"{'Uptrend': False, 'Downtrend': True, 'QQQ Aligned': True, 'High Volume': True, 'Prophet Bullish': True, 'Above SMA20': True, 'Below SMA20': True}",2747,50.75811063084055,2023-02-20 15:05:00+00:00,49.08322917534707,-1.1586414559405143,loss
2023-02-17 15:50:00+00:00,178.05779927628848,48.861451897944626,1.798343632424654,50.01855085052916,77.30604225876222,1,long,54.03486934648434,0.1729088967455463,11.601245535306926,bos (Long),178.14425372466124,179.1817071051345,0.5,2023-02-24 15:50:00+00:00,"{'Uptrend': False, 'Downtrend': True, 'QQQ Aligned': True, 'High Volume': True, 'Prophet Bullish': True, 'Above SMA20': True, 'Below SMA20': True}",2762,49.91725424613495,2023-02-20 15:55:00+00:00,49.11853882122739,-1.0429130767172368,loss
2023-02-17 15:35:00+00:00,178.16676732641469,48.28087902106855,2.5324209209232365,49.29602468104315,76.2647411436495,1,long,61.34018061507974,0.17076273077115206,11.170842925461987,bos (Long),178.25214869180027,179.2767250764272,0.5,2023-02-24 15:35:00+00:00,"{'Uptrend': False, 'Downtrend': True, 'QQQ Aligned': True, 'High Volume': True, 'Prophet Bullish': True, 'Above SMA20': True, 'Below SMA20': True}",2759,48.86171548171056,2023-02-21 09:45:00+00:00,48.383552907384086,-1.1973261136844642,loss
2023-02-17 15:40:00+00:00,178.19431147842377,48.733719886192745,2.5356005679809073,49.88357592308592,77.09523777341371,1,long,62.39635272007807,0.17243183384725838,11.775445569236206,bos (Long),178.2805273953474,179.31511839843097,0.5,2023-02-24 15:40:00+00:00,"{'Uptrend': False, 'Downtrend': True, 'QQQ Aligned': True, 'High Volume': False, 'Prophet Bullish': True, 'Above SMA20': True, 'Below SMA20': True}",2760,49.19520950135755,2023-02-21 09:45:00+00:00,48.694390471124,-1.3393294150687425,loss
2023-02-20 13:40:00+00:00,178.0347291199234,46.188350251143056,1.7849760070229195,45.15888918579484,71.25638151198025,1,short,48.67051260800434,0.1630674322095147,10.427449071350841,break_and_retest (Short),178.11626283602817,179.09466742928527,0.5,2023-02-27 13:40:00+00:00,"{'Uptrend': False, 'Downtrend': True, 'QQQ Aligned': True, 'High Volume': True, 'Prophet Bullish': False, 'Above SMA20': True, 'Below SMA20': True}",2815,47.06048939995053,2023-02-21 12:40:00+00:00,44.33650624061749,-3.1518440105255676,loss
2023-02-21 10:05:00+00:00,178.22856901911078,49.23682748742148,1.9016446765108839,50.411296196755956,77.91745958180803,1,long,56.181349280882245,0.17428762343287427,11.12971626739842,break_and_retest (Long),178.3157128308272,179.36143857142446,0.5,2023-02-28 10:05:00+00:00,"{'Uptrend': False, 'Downtrend': True, 'QQQ Aligned': True, 'High Volume': True, 'Prophet Bullish': True, 'Above SMA20': True, 'Below SMA20': True}",2851,49.41864275771662,2023-02-21 12:40:00+00:00,46.78820219988691,-3.7486252875345683,loss
2023-02-21 12:30:00+00:00,177.81637757678743,44.9135933858089,1.437440393540335,45.78899193589113,70.79368983865292,1,long,45.109199486852695,0.15839814348816775,18.39801005030955,bos (Long),177.89557664853152,178.8459655094605,0.5,2023-02-28 12:30:00+00:00,"{'Uptrend': False, 'Downtrend': True, 'QQQ Aligned': True, 'High Volume': False, 'Prophet Bullish': True, 'Above SMA20': True, 'Below SMA20': True}",2880,47.53294886368472,2023-02-21 15:50:00+00:00,47.53294886368472,1.3193554778758212,profit
2023-02-20 13:35:00+00:00,177.8781279100481,44.136597098960415,1.509626482729601,43.29260501956976,68.15163658219019,1,short,40.07085500609438,0.15555036986864573,10.26773439636035,bos (Short),177.95590309498243,178.8892053141943,0.5,2023-02-27 13:35:00+00:00,"{'Uptrend': False, 'Downtrend': True, 'QQQ Aligned': True, 'High Volume': True, 'Prophet Bullish': False, 'Above SMA20': True, 'Below SMA20': True}",2814,46.90228579942323,2023-02-22 09:35:00+00:00,46.90228579942323,1.4656887004628174,profit
2023-02-21 13:00:00+00:00,177.83540070716123,48.885818634608995,1.5721187817177835,47.72605889151234,75.44407137154643,1,short,49.56896866850145,0.17300814646827048,16.176619287454802,break_and_retest (Short),177.92190478039535,178.95995365920498,0.5,2023-02-28 13:00:00+00:00,"{'Uptrend': False, 'Downtrend': True, 'QQQ Aligned': True, 'High Volume': True, 'Prophet Bullish': False, 'Above SMA20': True, 'Below SMA20': True}",2886,51.92797889509016,2023-02-22 09:35:00+00:00,51.92797889509016,1.7421602604811681,profit
2023-02-21 14:15:00+00:00,178.26207313333333,49.3965697831171,2.390530849559326,50.46055212165426,78.08303583839734,1,long,62.42493108985268,0.1748762359260958,13.603571008730835,break_and_retest (Long),178.34951125129638,179.39876866685296,0.5,2023-02-28 14:15:00+00:00,"{'Uptrend': False, 'Downtrend': True, 'QQQ Aligned': True, 'High Volume': True, 'Prophet Bullish': True, 'Above SMA20': True, 'Below SMA20': True}",2901,54.326894402505566,2023-02-22 15:10:00+00:00,54.326894402505566,3.630324619388465,profit
2023-02-22 10:05:00+00:00,178.31898029116016,49.31717496415862,2.274562998309669,48.139479424729245,76.11261622292739,1,short,45.15547572630151,0.1745805396540787,20.988764722236215,bos (Short),178.4062705609872,179.45375379891166,0.5,2023-03-01 10:05:00+00:00,"{'Uptrend': True, 'Downtrend': False, 'QQQ Aligned': True, 'High Volume': False, 'Prophet Bullish': False, 'Above SMA20': True, 'Below SMA20': True}",2930,53.86197844591826,2023-02-22 15:30:00+00:00,53.61595273147459,2.9987777673159757,profit
2023-02-21 14:25:00+00:00,178.3890748410686,48.52607344378257,2.3981021544917525,49.550595895517,76.6613581530521,1,long,66.2520794577079,0.17165780468680297,15.605590093218309,break_and_retest (Long),178.474903743412,179.5048505715328,0.5,2023-02-28 14:25:00+00:00,"{'Uptrend': False, 'Downtrend': True, 'QQQ Aligned': True, 'High Volume': False, 'Prophet Bullish': True, 'Above SMA20': True, 'Below SMA20': True}",2903,53.16227242979831,2023-02-22 15:50:00+00:00,53.16227242979831,3.3361989860157353,profit
2023-02-22 09:35:00+00:00,178.7057728434615,45.94402996179439,2.1567413501106785,46.85672132955734,72.45585157026042,1,long,67.1423787715443,0.1621457750422787,10.721518577987032,bos (Long),178.78684573098263,179.75972038123632,0.5,2023-03-01 09:35:00+00:00,"{'Uptrend': True, 'Downtrend': False, 'QQQ Aligned': True, 'High Volume': False, 'Prophet Bullish': True, 'Above SMA20': True, 'Below SMA20': True}",2924,49.93275203734742,2023-02-23 11:45:00+00:00,49.93275203734742,2.688722075553028,profit
2023-02-23 12:10:00+00:00,180.03228656900964,46.96267032547133,2.061417180024435,47.91031681090025,74.09476355846363,1,long,66.58833621202032,0.1658378946477494,21.618202990153048,bos (Long),180.1152055163335,181.11023288422,0.5,2023-03-02 12:10:00+00:00,"{'Uptrend': True, 'Downtrend': False, 'QQQ Aligned': True, 'High Volume': True, 'Prophet Bullish': False, 'Above SMA20': True, 'Below SMA20': True}",3034,46.65044575207228,2023-02-23 12:35:00+00:00,44.88108404406229,-3.381586281409038,loss
2023-02-23 10:35:00+00:00,179.60557752503144,50.87917853929355,1.489496543180671,49.63221663454968,78.53504406466718,1,short,59.22014730398345,0.1803001018745848,20.002087271463733,break_and_retest (Short),179.69572757596873,180.77752818721623,0.5,2023-03-02 10:35:00+00:00,"{'Uptrend': True, 'Downtrend': False, 'QQQ Aligned': True, 'High Volume': True, 'Prophet Bullish': True, 'Above SMA20': True, 'Below SMA20': True}",3015,52.35672202574925,2023-02-23 13:05:00+00:00,49.06636476976252,-3.1128137695310256,loss
2023-02-23 11:00:00+00:00,179.59527101566673,52.78334571494476,1.9035329593912635,54.12995647865168,83.71060861199658,1,long,55.47384488001263,0.18736142311354362,18.39747456977661,break_and_retest (Long),179.6889517272235,180.81312026590476,0.5,2023-03-02 11:00:00+00:00,"{'Uptrend': True, 'Downtrend': False, 'QQQ Aligned': True, 'High Volume': False, 'Prophet Bullish': False, 'Above SMA20': True, 'Below SMA20': True}",3020,54.35497776559225,2023-02-23 13:10:00+00:00,50.616540490747525,-3.466805224197233,loss
2023-02-23 13:35:00+00:00,178.86542828149447,46.15197802817831,2.1077471673245114,45.23157726970854,71.2832687898979,1,short,26.651352129168615,0.1629033109171969,31.698947020108687,break_and_retest (Short),178.94687993695308,179.92429980245626,0.5,2023-03-02 13:35:00+00:00,"{'Uptrend': True, 'Downtrend': False, 'QQQ Aligned': True, 'High Volume': True, 'Prophet Bullish': False, 'Above SMA20': True, 'Below SMA20': True}",3051,50.44532892827994,2023-02-24 11:55:00+00:00,50.44532892827994,2.993350900101629,profit
2023-02-23 15:40:00+00:00,179.2912919099297,47.01440355917956,1.295087953765666,47.96845278796547,74.18820449523064,1,long,48.1551414450524,0.16605594053918016,15.788089774799682,break_and_retest (Long),179.3743198801993,180.37065552343438,0.5,2023-03-02 15:40:00+00:00,"{'Uptrend': True, 'Downtrend': False, 'QQQ Aligned': True, 'High Volume': False, 'Prophet Bullish': False, 'Above SMA20': True, 'Below SMA20': True}",3076,49.90988647475409,2023-02-24 11:55:00+00:00,49.90988647475409,1.5954829155745258,profit
2023-02-23 10:10:00+00:00,179.3641335514602,47.887357414680864,1.7678460930753133,46.896591000061825,73.98202241635525,1,short,47.6691452540215,0.16926492743854887,23.725602971920512,bos (Short),179.4487660151795,180.46435557981079,0.5,2023-03-02 10:10:00+00:00,"{'Uptrend': True, 'Downtrend': False, 'QQQ Aligned': True, 'High Volume': False, 'Prophet Bullish': True, 'Above SMA20': True, 'Below SMA20': True}",3010,51.50583063547872,2023-02-24 12:20:00+00:00,51.50583063547872,2.31847322079786,profit
2023-02-23 15:30:00+00:00,179.4236685031689,47.855313799187854,1.6729480559402532,48.9542676218996,75.64327953102783,1,long,53.71945712359845,0.1691446051861389,17.32781321956547,break_and_retest (Long),179.50824080576197,180.5231084368788,0.5,2023-03-02 15:30:00+00:00,"{'Uptrend': True, 'Downtrend': False, 'QQQ Aligned': True, 'High Volume': False, 'Prophet Bullish': False, 'Above SMA20': True, 'Below SMA20': True}",3074,51.21718894869764,2023-02-24 12:20:00+00:00,51.21718894869764,2.0618751495097856,profit
2023-02-23 15:25:00+00:00,179.49032131829483,49.38677985004869,2.0925420467960123,50.55971770720137,78.14420904905326,1,long,56.613077042901395,0.1747880885393808,17.649397004471652,break_and_retest (Long),179.57771536256453,180.62644389380083,0.5,2023-03-02 15:25:00+00:00,"{'Uptrend': True, 'Downtrend': False, 'QQQ Aligned': True, 'High Volume': False, 'Prophet Bullish': False, 'Above SMA20': True, 'Below SMA20': True}",3073,53.259883003077306,2023-02-24 13:05:00+00:00,53.259883003077306,2.573103153028616,profit
2023-02-23 14:55:00+00:00,179.37057671590824,47.47263716727063,2.4308356942115807,48.55374223637985,75.0196717335169,1,long,56.964140603112725,0.1677382228531505,16.70178874392514,bos (Long),179.4544458273348,180.4608751644537,0.5,2023-03-02 14:55:00+00:00,"{'Uptrend': True, 'Downtrend': False, 'QQQ Aligned': True, 'High Volume': True, 'Prophet Bullish': False, 'Above SMA20': True, 'Below SMA20': True}",3067,51.94774746753616,2023-02-24 13:25:00+00:00,51.94774746753616,3.175110300265527,profit
2023-02-24 13:50:00+00:00,180.7874631900661,46.748522702912574,1.4380206747063866,47.68299068209868,73.73735757134058,1,long,70.27637983892393,0.16502323384024373,44.20826788401638,bos (Long),180.86997480698622,181.8601142100277,0.5,2023-03-03 13:50:00+00:00,"{'Uptrend': True, 'Downtrend': False, 'QQQ Aligned': True, 'High Volume': True, 'Prophet Bullish': False, 'Above SMA20': True, 'Below SMA20': True}",3133,49.737738864858756,2023-02-27 09:55:00+00:00,49.737738864858756,1.6892161619461816,profit
2023-02-24 13:55:00+00:00,180.91550953326524,45.87220849926784,2.0870093993728887,46.769990552073004,72.31284034669969,1,long,74.00734172864952,0.1618033327410263,43.82780977442153,bos (Long),180.99641119963576,181.9672311960819,0.5,2023-03-03 13:55:00+00:00,"{'Uptrend': True, 'Downtrend': False, 'QQQ Aligned': True, 'High Volume': False, 'Prophet Bullish': False, 'Above SMA20': True, 'Below SMA20': True}",3134,50.083881136737816,2023-02-27 10:30:00+00:00,50.083881136737816,2.911672637469974,profit
2023-02-24 13:55:00+00:00,180.91550953326524,45.87220849926784,2.0870093993728887,46.769990552073004,72.31284034669969,1,long,74.00734172864952,0.1618033327410263,43.82780977442153,break_and_retest (Long),180.99641119963576,181.9672311960819,0.5,2023-03-03 13:55:00+00:00,"{'Uptrend': True, 'Downtrend': False, 'QQQ Aligned': True, 'High Volume': False, 'Prophet Bullish': False, 'Above SMA20': True, 'Below SMA20': True}",3134,50.083881136737816,2023-02-27 10:30:00+00:00,50.083881136737816,2.911672637469974,profit
2023-02-24 15:15:00+00:00,181.24890863488807,43.53508286885337,1.1999129013112864,42.7310770718019,67.20791392678024,1,short,65.4838110600198,0.15324233264019788,45.54095160011758,bos (Short),181.32552980120818,182.24498379704937,0.5,2023-03-03 15:15:00+00:00,"{'Uptrend': True, 'Downtrend': False, 'QQQ Aligned': True, 'High Volume': True, 'Prophet Bullish': True, 'Above SMA20': True, 'Below SMA20': True}",3150,46.27306675932304,2023-02-27 10:30:00+00:00,46.27306675932304,1.437983890469664,profit
2023-02-24 13:40:00+00:00,180.8450763,45.45838140825505,2.252208858783895,46.33980791810044,71.64226660543856,1,long,74.76771991251911,0.1602891726373686,44.24125066063659,break_and_retest (Long),180.92522088631867,181.88695592214287,0.5,2023-03-03 13:40:00+00:00,"{'Uptrend': True, 'Downtrend': False, 'QQQ Aligned': True, 'High Volume': False, 'Prophet Bullish': False, 'Above SMA20': True, 'Below SMA20': True}",3131,49.919542865584944,2023-02-27 13:15:00+00:00,49.58295005009405,2.824568641838998,profit
2023-02-27 11:10:00+00:00,181.91945678449648,46.79843042054632,1.9257538661234435,45.868164671999864,72.28017081113643,1,short,64.4970054359737,0.16516510701133905,30.47647475641022,bos (Short),182.00203933800213,182.99302998007016,0.5,2023-03-06 11:10:00+00:00,"{'Uptrend': True, 'Downtrend': False, 'QQQ Aligned': True, 'High Volume': False, 'Prophet Bullish': True, 'Above SMA20': True, 'Below SMA20': True}",3180,50.31273072817385,2023-02-27 15:25:00+00:00,50.31273072817385,2.2143003076275294,profit
2023-02-27 13:25:00+00:00,181.8658866642859,47.402194988511546,1.8307076594058387,48.35786783674693,74.78635938881632,1,long,56.207542355051444,0.1673844144540023,12.753350220052406,bos (Long),181.9495788715129,182.9538853582369,0.5,2023-03-06 13:25:00+00:00,"{'Uptrend': True, 'Downtrend': False, 'QQQ Aligned': True, 'High Volume': True, 'Prophet Bullish': False, 'Above SMA20': True, 'Below SMA20': True}",3207,51.11623278359131,2023-02-27 15:25:00+00:00,51.11623278359131,2.4140377950797616,profit
2023-02-27 13:50:00+00:00,181.9960381043299,44.07633264288762,1.6414242663207048,44.897498878108266,69.39030791764914,1,long,59.08569409449454,0.15519515921496363,12.921075598336959,break_and_retest (Long),182.07363568393737,183.00480663922716,0.5,2023-03-06 13:50:00+00:00,"{'Uptrend': True, 'Downtrend': False, 'QQQ Aligned': True, 'High Volume': False, 'Prophet Bullish': False, 'Above SMA20': True, 'Below SMA20': True}",3212,47.132212933973285,2023-02-27 15:25:00+00:00,47.132212933973285,1.7558802910856641,profit
2023-02-27 13:30:00+00:00,182.02979841486984,49.112609872352884,2.15026589662164,50.254549897425406,77.65980672230138,1,long,64.02420678294223,0.17367233622964817,12.541525772077078,bos (Long),182.11663458298466,183.15866860036255,0.5,2023-03-06 13:30:00+00:00,"{'Uptrend': True, 'Downtrend': False, 'QQQ Aligned': True, 'High Volume': True, 'Prophet Bullish': False, 'Above SMA20': True, 'Below SMA20': True}",3208,53.06152792909257,2023-02-27 15:45:00+00:00,53.06152792909257,2.648918056739686,profit
2023-02-28 09:45:00+00:00,183.2949692930844,45.34321007015715,1.710796351820015,46.20743093251915,71.42771555580624,1,long,73.92929811881737,0.159784267991307,49.09276536833623,bos (Long),183.37486142708005,184.3335670350279,0.5,2023-03-07 09:45:00+00:00,"{'Uptrend': True, 'Downtrend': False, 'QQQ Aligned': True, 'High Volume': False, 'Prophet Bullish': False, 'Above SMA20': True, 'Below SMA20': True}",3242,48.747085402559144,2023-03-01 09:35:00+00:00,48.747085402559144,2.103875332401995,profit
2023-02-27 16:00:00+00:00,183.34936189683697,44.85076045223352,2.142424275187402,45.69536947951324,70.62940523759106,1,long,85.76169263800983,0.15798145065108818,45.5484877057929,break_and_retest (Long),183.42835262216252,184.37624132606905,0.5,2023-03-06 16:00:00+00:00,"{'Uptrend': True, 'Downtrend': False, 'QQQ Aligned': True, 'High Volume': True, 'Prophet Bullish': False, 'Above SMA20': True, 'Below SMA20': True}",3238,49.10301473244883,2023-03-01 10:00:00+00:00,49.10301473244883,2.9522542802153042,profit
2023-02-28 09:35:00+00:00,183.3207215794643,45.46949808669977,2.0980738876370992,46.33858618620097,71.63208273151106,1,long,80.39682178180867,0.1602455276147395,48.42108982026524,break_and_retest (Long),183.40084434327167,184.3623175089601,0.5,2023-03-07 09:35:00+00:00,"{'Uptrend': True, 'Downtrend': False, 'QQQ Aligned': True, 'High Volume': False, 'Prophet Bullish': False, 'Above SMA20': True, 'Below SMA20': True}",3240,49.65837469101999,2023-03-01 10:00:00+00:00,49.65837469101999,2.888876604320221,profit
2023-02-28 09:30:00+00:00,183.3849983225253,45.493018973792594,2.2238379691764436,46.36271217632964,71.66948049609017,1,long,86.29990542559086,0.16032944728037815,47.03798509848226,bos (Long),183.4651630461655,184.42713972984777,0.5,2023-03-07 09:30:00+00:00,"{'Uptrend': True, 'Downtrend': False, 'QQQ Aligned': True, 'High Volume': True, 'Prophet Bullish': False, 'Above SMA20': True, 'Below SMA20': True}",3239,49.81992548501077,2023-03-01 10:30:00+00:00,49.81992548501077,3.0269065112181766,profit
2023-02-28 09:30:00+00:00,183.3849983225253,45.493018973792594,2.2238379691764436,46.36271217632964,71.66948049609017,1,long,86.29990542559086,0.16032944728037815,47.03798509848226,break_and_retest (Long),183.4651630461655,184.42713972984777,0.5,2023-03-07 09:30:00+00:00,"{'Uptrend': True, 'Downtrend': False, 'QQQ Aligned': True, 'High Volume': True, 'Prophet Bullish': False, 'Above SMA20': True, 'Below SMA20': True}",3239,49.81992548501077,2023-03-01 10:30:00+00:00,49.81992548501077,3.0269065112181766,profit
2023-03-01 11:35:00+00:00,184.62817924676003,44.45994329564295,1.1615425062114397,45.37467320873407,70.05666864007061,1,long,57.91312462149298,0.15651262942408745,14.206301164189894,bos (Long),184.70643556147206,185.64551133801658,0.5,2023-03-08 11:35:00+00:00,"{'Uptrend': True, 'Downtrend': False, 'QQQ Aligned': True, 'High Volume': False, 'Prophet Bullish': False, 'Above SMA20': True, 'Below SMA20': True}",3343,44.502369897573026,2023-03-01 13:05:00+00:00,43.170595692747916,-2.5893476028950344,loss
2023-03-01 11:40:00+00:00,184.6076871090556,45.75823946094537,1.2972622818586999,46.72930927843358,72.16370247224195,1,long,56.64925520813125,0.1612589993895077,13.660178472673252,bos (Long),184.68831660875037,185.65587060508742,0.5,2023-03-08 11:40:00+00:00,"{'Uptrend': True, 'Downtrend': False, 'QQQ Aligned': True, 'High Volume': False, 'Prophet Bullish': False, 'Above SMA20': True, 'Below SMA20': True}",3344,45.974134935150005,2023-03-01 15:30:00+00:00,44.26266153133053,-2.795577929614839,loss
2023-03-01 11:30:00+00:00,184.7063231129993,45.572292524898415,1.99594408107437,46.53464652727446,71.86058891365957,1,long,62.88074777417373,0.16057536610087517,14.080040599193667,bos (Long),184.78661079604976,185.75006299265502,0.5,2023-03-08 11:30:00+00:00,"{'Uptrend': True, 'Downtrend': False, 'QQQ Aligned': True, 'High Volume': True, 'Prophet Bullish': False, 'Above SMA20': True, 'Below SMA20': True}",3342,45.488835329049586,2023-03-02 09:30:00+00:00,43.48547831039042,-3.3868142145079956,loss
2023-03-01 10:50:00+00:00,184.5036450111551,44.35134627982134,1.5321439650501816,45.17105447738619,69.80873798555317,1,long,55.711759261189755,0.15612006391974464,13.97865871996635,break_and_retest (Long),184.58170504311497,185.51842542663343,0.5,2023-03-08 10:50:00+00:00,"{'Uptrend': True, 'Downtrend': False, 'QQQ Aligned': True, 'High Volume': True, 'Prophet Bullish': False, 'Above SMA20': True, 'Below SMA20': True}",3334,44.945746912531895,2023-03-02 10:20:00+00:00,42.550788153094224,-3.100558126727118,loss
2023-03-02 10:20:00+00:00,183.94875968714297,47.280294519101545,0.9631563703700365,48.323590948687226,74.64662786442011,1,long,36.98170907071868,0.1668600763322979,22.819491448545666,bos (Long),184.0321897253091,185.0333501833029,0.5,2023-03-09 10:20:00+00:00,"{'Uptrend': True, 'Downtrend': False, 'QQQ Aligned': True, 'High Volume': True, 'Prophet Bullish': False, 'Above SMA20': True, 'Below SMA20': True}",3407,49.21145821065581,2023-03-02 15:30:00+00:00,49.21145821065581,0.6311636915542678,profit
2023-02-28 12:25:00+00:00,183.88020586666667,45.161209875621225,1.930480301469693,44.30705172809578,69.72882335090696,1,short,52.704408085774766,0.15909914472441916,32.47528582809144,bos (Short),183.95975543902887,184.91435030737537,0.5,2023-03-07 12:25:00+00:00,"{'Uptrend': True, 'Downtrend': False, 'QQQ Aligned': True, 'High Volume': True, 'Prophet Bullish': True, 'Above SMA20': True, 'Below SMA20': True}",3274,49.05241966650017,2023-03-03 11:30:00+00:00,49.05241966650017,2.5912097908789464,profit
2023-03-02 10:40:00+00:00,184.0727112992517,48.3469842016054,1.5308798438466198,47.255019354306945,74.59199928141841,1,short,44.74668421183907,0.17077403964629442,20.193572870991662,break_and_retest (Short),184.15809831907484,185.1827425569526,0.5,2023-03-09 10:40:00+00:00,"{'Uptrend': True, 'Downtrend': False, 'QQQ Aligned': True, 'High Volume': False, 'Prophet Bullish': True, 'Above SMA20': True, 'Below SMA20': True}",3411,51.468298089035066,2023-03-03 11:35:00+00:00,51.468298089035066,1.8213138874296646,profit
2023-03-02 11:50:00+00:00,184.12411659476703,50.92686421512448,2.0729309486647196,52.14323288140701,80.59522639850826,1,long,49.82592715374872,0.1802794077868648,14.963237366150736,break_and_retest (Long),184.21425629866047,185.29593274538166,0.5,2023-03-09 11:50:00+00:00,"{'Uptrend': True, 'Downtrend': False, 'QQQ Aligned': True, 'High Volume': False, 'Prophet Bullish': False, 'Above SMA20': True, 'Below SMA20': True}",3425,54.62904923645025,2023-03-06 09:30:00+00:00,52.05799897032857,-0.16886524479591292,loss
2023-03-02 15:50:00+00:00,184.4907805356136,46.49216112330767,1.3558936365855345,47.39608475199786,73.27691158572405,1,long,55.90765726166977,0.16395052948735378,37.06871241365486,bos (Long),184.57275580035727,185.55645897728138,0.5,2023-03-09 15:50:00+00:00,"{'Uptrend': True, 'Downtrend': False, 'QQQ Aligned': True, 'High Volume': True, 'Prophet Bullish': False, 'Above SMA20': True, 'Below SMA20': True}",3473,48.638256382474346,2023-03-06 10:10:00+00:00,46.49785092430111,-1.2943101990065558,loss
2023-03-03 12:40:00+00:00,184.7513736720269,51.55418252688747,2.552642540921809,50.43539548426875,79.67353261173145,1,short,50.29480055738413,0.18257047537969057,19.089700065740317,bos (Short),184.84265890971673,185.93808176199488,0.5,2023-03-10 12:40:00+00:00,"{'Uptrend': True, 'Downtrend': False, 'QQQ Aligned': True, 'High Volume': False, 'Prophet Bullish': True, 'Above SMA20': True, 'Below SMA20': True}",3514,52.73268679380109,2023-03-06 12:40:00+00:00,52.73268679380109,-0.12149573308637973,loss
2023-03-03 13:35:00+00:00,184.64677702400687,46.549912725287705,1.8937173413546375,45.64446245986601,71.88602866505603,1,short,44.85568582237941,0.1641567295178318,16.333479037761613,break_and_retest (Short),184.7288553887658,185.7137957658728,0.5,2023-03-10 13:35:00+00:00,"{'Uptrend': True, 'Downtrend': False, 'QQQ Aligned': True, 'High Volume': False, 'Prophet Bullish': True, 'Above SMA20': True, 'Below SMA20': True}",3525,48.09644835218956,2023-03-06 12:40:00+00:00,48.09644835218956,0.24653562690185704,profit
2023-03-06 11:05:00+00:00,184.8571410333333,47.55829394478363,1.4972516061839798,48.608783351247226,75.0877245017947,1,long,57.0372319274136,0.1678474698033924,16.888296824755663,bos (Long),184.941064768235,185.94814958705535,0.5,2023-03-13 11:05:00+00:00,"{'Uptrend': True, 'Downtrend': False, 'QQQ Aligned': True, 'High Volume': False, 'Prophet Bullish': False, 'Above SMA20': True, 'Below SMA20': True}",3574,48.347077835881436,2023-03-06 12:40:00+00:00,48.347077835881436,-0.5112161089021925,loss
2023-03-06 11:10:00+00:00,184.83650021202416,47.71925008684495,1.2394511699951067,48.777263528850966,75.35005484063359,1,long,55.87196547793733,0.16843910272418516,16.718285974721592,bos (Long),184.92071976338624,185.93135437973135,0.5,2023-03-13 11:10:00+00:00,"{'Uptrend': True, 'Downtrend': False, 'QQQ Aligned': True, 'High Volume': False, 'Prophet Bullish': False, 'Above SMA20': True, 'Below SMA20': True}",3575,48.57598428512349,2023-03-06 12:40:00+00:00,48.57598428512349,-0.4432658017214621,loss
2023-03-09 10:20:00+00:00,186.42623020453527,44.413980464315294,1.0281920664103907,43.60088769481728,68.560964782597,1,short,50.26044596499801,0.15628884548128696,11.430375895538546,bos (Short),186.50437462727592,187.44210770016363,0.5,2023-03-16 10:20:00+00:00,"{'Uptrend': True, 'Downtrend': False, 'QQQ Aligned': True, 'High Volume': False, 'Prophet Bullish': False, 'Above SMA20': True, 'Below SMA20': True}",208,46.66300076195208,2023-03-09 12:20:00+00:00,46.66300076195208,0.9490202976367825,profit
2023-03-09 11:05:00+00:00,186.4159358571354,41.3719251364065,1.0476801564874805,42.07405272052459,64.98107861332491,1,long,50.43861656879122,0.14521972772895156,8.8893844674434,bos (Long),186.48854572099987,187.35986408737358,0.5,2023-03-16 11:05:00+00:00,"{'Uptrend': True, 'Downtrend': False, 'QQQ Aligned': True, 'High Volume': False, 'Prophet Bullish': False, 'Above SMA20': True, 'Below SMA20': True}",217,43.48676506567374,2023-03-09 12:20:00+00:00,43.48676506567374,0.8148399292672337,profit
2023-03-09 11:10:00+00:00,186.38027863851752,40.94659813122289,1.0419891924819638,41.63404237788911,64.29654108247908,1,long,48.66741496060436,0.14367752058701497,8.29228903693902,bos (Long),186.45211739881103,187.3141825223331,0.5,2023-03-16 11:10:00+00:00,"{'Uptrend': True, 'Downtrend': False, 'QQQ Aligned': True, 'High Volume': True, 'Prophet Bullish': False, 'Above SMA20': True, 'Below SMA20': True}",218,43.13396325622402,2023-03-09 12:20:00+00:00,43.13396325622402,0.8873651250011292,profit
2023-03-09 10:15:00+00:00,186.37811722730385,45.713947838331435,1.4251013176093537,44.85056529178087,70.58160631231519,1,short,47.83905913793308,0.16103827147363217,11.910643008603287,bos (Short),186.45863636304065,187.42486599188246,0.5,2023-03-16 10:15:00+00:00,"{'Uptrend': True, 'Downtrend': False, 'QQQ Aligned': True, 'High Volume': True, 'Prophet Bullish': True, 'Above SMA20': True, 'Below SMA20': True}",207,48.76107344789287,2023-03-09 13:45:00+00:00,48.76107344789287,1.7471256095614336,profit
2023-03-09 12:40:00+00:00,187.1187697793625,46.907663361271226,1.1794752554490415,47.91527920658744,74.00154796818103,1,long,67.97798375463447,0.16538192380478997,27.30673274998148,bos (Long),187.2014607412649,188.19375228409365,0.5,2023-03-16 12:40:00+00:00,"{'Uptrend': True, 'Downtrend': False, 'QQQ Aligned': True, 'High Volume': False, 'Prophet Bullish': False, 'Above SMA20': True, 'Below SMA20': True}",236,49.10387708794462,2023-03-09 14:50:00+00:00,49.10387708794462,0.8962137266733918,profit
2023-03-09 12:35:00+00:00,187.17502687274225,47.40777143109076,1.5724114105142135,48.43747213454393,74.81396869732427,1,long,71.71656562225206,0.1672125121015892,26.593193320243984,bos (Long),187.25863312879304,188.26190820140258,0.5,2023-03-16 12:35:00+00:00,"{'Uptrend': True, 'Downtrend': False, 'QQQ Aligned': True, 'High Volume': True, 'Prophet Bullish': False, 'Above SMA20': True, 'Below SMA20': True}",235,50.269596419631256,2023-03-09 15:05:00+00:00,50.269596419631256,1.5618249885404978,profit
2023-03-09 12:45:00+00:00,187.1732275958818,47.48352514731415,1.8111973369959458,48.516654221938694,74.9372014216327,1,long,69.62850529031466,0.1674902932433706,28.60669466400025,break_and_retest (Long),187.25697274250348,188.2619145019637,0.5,2023-03-16 12:45:00+00:00,"{'Uptrend': True, 'Downtrend': False, 'QQQ Aligned': True, 'High Volume': False, 'Prophet Bullish': False, 'Above SMA20': True, 'Below SMA20': True}",237,50.81105872924459,2023-03-09 15:50:00+00:00,50.783935453193244,2.0004103058790976,profit
2023-03-10 10:55:00+00:00,188.47596671875755,44.3867204246006,1.7269630170901777,45.189274643760115,69.82509836102271,1,long,62.45361378338638,0.15612706734934295,21.13168528310404,break_and_retest (Long),188.55403025243223,189.49079265652827,0.5,2023-03-17 10:55:00+00:00,"{'Uptrend': True, 'Downtrend': False, 'QQQ Aligned': True, 'High Volume': True, 'Prophet Bullish': False, 'Above SMA20': True, 'Below SMA20': True}",294,43.85957408107883,2023-03-10 11:55:00+00:00,42.485546974794374,-3.2011734498062223,loss
2023-03-09 15:25:00+00:00,188.19179210701697,48.302814003243114,1.8448641261854775,49.26065537165139,76.17199486800473,1,long,73.59929087470356,0.17045913070369118,31.267775370995114,bos (Long),188.27702167236882,189.29977645659096,0.5,2023-03-16 15:25:00+00:00,"{'Uptrend': True, 'Downtrend': False, 'QQQ Aligned': True, 'High Volume': True, 'Prophet Bullish': False, 'Above SMA20': True, 'Below SMA20': True}",269,49.26082654126549,2023-03-10 12:20:00+00:00,46.286176691196694,-3.31663731204642,loss
2023-03-10 10:10:00+00:00,188.210481956472,43.281387603510616,1.2730532466580087,42.518399474091,66.7970721552492,1,short,57.64636870634861,0.15210939968146459,23.982420511106657,bos (Short),188.28653665631273,189.19919305440152,0.5,2023-03-17 10:10:00+00:00,"{'Uptrend': True, 'Downtrend': False, 'QQQ Aligned': True, 'High Volume': True, 'Prophet Bullish': True, 'Above SMA20': True, 'Below SMA20': True}",285,44.08103082217079,2023-03-10 12:20:00+00:00,41.581201370574114,-3.0001862329365023,loss
2023-03-10 10:05:00+00:00,188.0690008781721,43.977393171223675,1.9053798682706713,43.18818514954404,67.87862487029324,1,short,50.94988900062663,0.15464758420326868,25.672248453640673,bos (Short),188.1463246702737,189.07421017549333,0.5,2023-03-17 10:05:00+00:00,"{'Uptrend': True, 'Downtrend': False, 'QQQ Aligned': True, 'High Volume': True, 'Prophet Bullish': True, 'Above SMA20': True, 'Below SMA20': True}",284,45.19250799004566,2023-03-10 13:05:00+00:00,42.06616592288266,-3.2112272483410136,loss
2023-03-10 15:55:00+00:00,187.4940494108917,47.764652103667444,1.1909543950246544,48.80859260460541,75.39057398694175,1,long,54.50555246227518,0.16850980462502804,26.284746955212448,bos (Long),187.57830431320423,188.5893631409544,0.5,2023-03-17 15:55:00+00:00,"{'Uptrend': True, 'Downtrend': False, 'QQQ Aligned': True, 'High Volume': True, 'Prophet Bullish': False, 'Above SMA20': True, 'Below SMA20': True}",354,48.1035090566985,2023-03-13 10:20:00+00:00,46.480880782249336,-2.5837713214181077,loss
2023-03-10 16:00:00+00:00,187.5178076491111,47.65184177923705,1.5664362678739394,48.690529476990314,75.20675478878978,1,long,55.702628745915796,0.16809526549677362,24.66806864136487,break_and_retest (Long),187.60185528185949,188.61042687484013,0.5,2023-03-17 16:00:00+00:00,"{'Uptrend': True, 'Downtrend': False, 'QQQ Aligned': True, 'High Volume': True, 'Prophet Bullish': False, 'Above SMA20': True, 'Below SMA20': True}",355,47.89744011498883,2023-03-13 12:20:00+00:00,46.039055985251686,-2.9127857939853667,loss
2023-03-10 15:50:00+00:00,187.583628626182,47.143572577814254,2.0260382117112172,48.15901871232441,74.37943071799504,1,long,60.20140644554061,0.1662300751129333,28.025785139355992,bos (Long),187.66674366373846,188.66412411441607,0.5,2023-03-17 15:50:00+00:00,"{'Uptrend': True, 'Downtrend': False, 'QQQ Aligned': True, 'High Volume': False, 'Prophet Bullish': False, 'Above SMA20': True, 'Below SMA20': True}",353,47.13346653886405,2023-03-13 12:25:00+00:00,44.88023544737041,-3.563337130443844,loss
2023-03-10 15:50:00+00:00,187.583628626182,47.143572577814254,2.0260382117112172,48.15901871232441,74.37943071799504,1,long,60.20140644554061,0.1662300751129333,28.025785139355992,break_and_retest (Long),187.66674366373846,188.66412411441607,0.5,2023-03-17 15:50:00+00:00,"{'Uptrend': True, 'Downtrend': False, 'QQQ Aligned': True, 'High Volume': False, 'Prophet Bullish': False, 'Above SMA20': True, 'Below SMA20': True}",353,47.13346653886405,2023-03-13 12:25:00+00:00,44.88023544737041,-3.563337130443844,loss
2023-03-10 13:25:00+00:00,187.4941782666667,46.69389656183131,2.0342173493003415,45.797476018379925,72.10222078888486,1,short,36.90933523445807,0.16458634268668582,15.174769184950419,break_and_retest (Short),187.57647143801003,188.56398949413014,0.5,2023-03-17 13:25:00+00:00,"{'Uptrend': True, 'Downtrend': False, 'QQQ Aligned': True, 'High Volume': True, 'Prophet Bullish': False, 'Above SMA20': True, 'Below SMA20': True}",324,47.14788183969246,2023-03-13 12:30:00+00:00,44.500049211052314,-3.493847350778995,loss
2023-03-10 13:55:00+00:00,187.347822520186,44.93746924639699,1.48291745863132,44.108798418346076,69.37221912678665,1,short,35.55177623137534,0.1581705442006404,22.292241746648386,bos (Short),187.42690779228633,188.37593105749016,0.5,2023-03-17 13:55:00+00:00,"{'Uptrend': True, 'Downtrend': False, 'QQQ Aligned': True, 'High Volume': True, 'Prophet Bullish': False, 'Above SMA20': True, 'Below SMA20': True}",330,45.828796790706306,2023-03-13 12:30:00+00:00,43.413901883655306,-2.82356736274168,loss
2023-03-10 15:40:00+00:00,187.64486351386628,49.36575678042261,2.703013735954457,50.48272889510592,77.99634221954615,1,long,64.85745409943436,0.17438427844181964,31.538276063545563,bos (Long),187.7320556530872,188.77836132373812,0.5,2023-03-17 15:40:00+00:00,"{'Uptrend': True, 'Downtrend': False, 'QQQ Aligned': True, 'High Volume': False, 'Prophet Bullish': False, 'Above SMA20': True, 'Below SMA20': True}",351,49.169084359937,2023-03-13 12:30:00+00:00,46.42637146546175,-4.239385314960859,loss
2023-03-10 13:50:00+00:00,187.25491959589152,45.943997785306514,2.120060929892148,45.07596680402197,70.9369585978072,1,short,27.83781912087298,0.1618506821624375,21.05804566868598,bos (Short),187.33584493697273,188.30694902994736,0.5,2023-03-17 13:50:00+00:00,"{'Uptrend': True, 'Downtrend': False, 'QQQ Aligned': True, 'High Volume': False, 'Prophet Bullish': False, 'Above SMA20': True, 'Below SMA20': True}",329,47.20338123842078,2023-03-13 12:55:00+00:00,43.787254358145226,-3.456743427161288,loss
2023-03-13 13:10:00+00:00,186.79146183333333,41.6856561619161,1.4028914273564936,40.97392487676394,64.32202939561131,1,short,30.97917126932562,0.14634860591462504,33.99898730778691,bos (Short),186.86463613629064,187.7427277717784,0.5,2023-03-20 13:10:00+00:00,"{'Uptrend': False, 'Downtrend': True, 'QQQ Aligned': True, 'High Volume': True, 'Prophet Bullish': False, 'Above SMA20': True, 'Below SMA20': True}",400,41.325540929171346,2023-03-13 14:05:00+00:00,40.20054498519268,-2.7851111767234213,loss
2023-03-13 12:45:00+00:00,186.88849001291075,41.58616091682997,1.893088270108116,40.878324360852254,64.16733205659459,1,short,30.5002032230566,0.14598480155326388,24.95010968136057,break_and_retest (Short),186.96148241368738,187.83739122300696,0.5,2023-03-20 12:45:00+00:00,"{'Uptrend': True, 'Downtrend': False, 'QQQ Aligned': True, 'High Volume': False, 'Prophet Bullish': True, 'Above SMA20': True, 'Below SMA20': True}",395,41.53984661096173,2023-03-13 14:20:00+00:00,39.59682631614828,-3.289334600681687,loss
2023-03-13 12:50:00+00:00,186.8460045371156,41.13896015393044,1.8018555097309061,40.446579764741855,63.473104212235604,1,short,29.32211989282827,0.1443631451086263,27.110849850049835,break_and_retest (Short),186.9181861096699,187.78436498032167,0.5,2023-03-20 12:50:00+00:00,"{'Uptrend': True, 'Downtrend': False, 'QQQ Aligned': True, 'High Volume': True, 'Prophet Bullish': False, 'Above SMA20': True, 'Below SMA20': True}",396,41.206546006646434,2023-03-13 14:20:00+00:00,39.28544906055692,-3.1535110933735195,loss
2023-03-13 12:55:00+00:00,186.7808105470976,42.11698007777535,1.9599036637487828,41.38991132118286,64.99182854429485,1,short,27.562786455390864,0.14791553023315204,29.426684813402744,break_and_retest (Short),186.85476831221416,187.74226149361309,0.5,2023-03-20 12:55:00+00:00,"{'Uptrend': True, 'Downtrend': False, 'QQQ Aligned': True, 'High Volume': False, 'Prophet Bullish': True, 'Above SMA20': True, 'Below SMA20': True}",397,42.36441314877295,2023-03-13 14:55:00+00:00,39.95080246992494,-3.4661776078504145,loss
2023-03-13 15:55:00+00:00,185.98547051008853,46.03386402407246,1.6341671894145051,46.91176186768454,72.51681388834197,1,long,39.42671000207565,0.16222144139567812,29.607319258974517,bos (Long),186.06658123078637,187.03990987916043,0.5,2023-03-20 15:55:00+00:00,"{'Uptrend': False, 'Downtrend': True, 'QQQ Aligned': True, 'High Volume': True, 'Prophet Bullish': True, 'Above SMA20': True, 'Below SMA20': True}",433,49.0425013378171,2023-03-15 11:35:00+00:00,49.0425013378171,1.708637313744643,profit
2023-03-13 15:15:00+00:00,186.0038739465516,46.90526389453905,1.9766040138831755,45.89124113598411,72.35048280666669,1,short,30.265957001287944,0.16541168867549608,36.52651410685887,break_and_retest (Short),186.08657979088935,187.07904992294232,0.5,2023-03-20 15:15:00+00:00,"{'Uptrend': False, 'Downtrend': True, 'QQQ Aligned': True, 'High Volume': True, 'Prophet Bullish': False, 'Above SMA20': True, 'Below SMA20': True}",425,51.286226427579834,2023-03-15 12:20:00+00:00,51.286226427579834,3.080962533040787,profit
2023-03-13 14:20:00+00:00,186.15406404771207,45.90982077388271,1.9718580100697523,44.9407390129571,70.80608231983413,1,short,24.181006472924437,0.16176201084927194,40.78092590480354,bos (Short),186.2349450531367,187.20551711823234,0.5,2023-03-20 14:20:00+00:00,"{'Uptrend': False, 'Downtrend': True, 'QQQ Aligned': True, 'High Volume': False, 'Prophet Bullish': False, 'Above SMA20': True, 'Below SMA20': True}",414,50.31817984166171,2023-03-15 12:25:00+00:00,50.31817984166171,3.108359067779003,profit
2023-03-13 14:35:00+00:00,186.16481094355385,48.043501676925125,1.9841512474820604,46.97875125714703,74.11610083495535,1,short,29.528290308707184,0.16958099638283888,37.901079714136344,bos (Short),186.24960144174526,187.2670874200423,0.5,2023-03-20 14:35:00+00:00,"{'Uptrend': False, 'Downtrend': True, 'QQQ Aligned': True, 'High Volume': False, 'Prophet Bullish': False, 'Above SMA20': True, 'Below SMA20': True}",417,52.60663496187351,2023-03-15 12:25:00+00:00,52.60663496187351,3.2631332849483856,profit
2023-03-14 13:45:00+00:00,186.44487759346435,52.40736499005635,1.5272688067057771,53.55381041814922,82.88112851940926,1,long,51.44173539745086,0.18565141821379294,26.597452901507662,break_and_retest (Long),186.53770330257126,187.65161181185402,0.5,2023-03-21 13:45:00+00:00,"{'Uptrend': False, 'Downtrend': True, 'QQQ Aligned': True, 'High Volume': False, 'Prophet Bullish': False, 'Above SMA20': True, 'Below SMA20': True}",486,56.032720149395786,2023-03-15 12:25:00+00:00,56.032720149395786,2.325355159339435,profit
2023-03-15 13:40:00+00:00,187.74231767331736,49.738582373421835,1.8504751915094815,48.71804806905192,76.83763569392613,1,short,67.57157711495104,0.17575198028503528,34.74030618185372,bos (Short),187.83019366345988,188.88470554517008,0.5,2023-03-22 13:40:00+00:00,"{'Uptrend': True, 'Downtrend': False, 'QQQ Aligned': True, 'High Volume': True, 'Prophet Bullish': True, 'Above SMA20': True, 'Below SMA20': True}",564,53.63896481148083,2023-03-17 10:10:00+00:00,53.63896481148083,2.6003824380589977,profit
2023-03-15 12:20:00+00:00,187.27164336666667,51.0925509560669,3.2419004813305534,52.29491350064384,80.82032958186892,1,long,74.07428149453139,0.18075925256605724,23.30988795552059,bos (Long),187.3620229929497,188.44657850834605,0.5,2023-03-22 12:20:00+00:00,"{'Uptrend': True, 'Downtrend': False, 'QQQ Aligned': True, 'High Volume': True, 'Prophet Bullish': True, 'Above SMA20': True, 'Below SMA20': True}",548,57.0162553138626,2023-03-17 10:15:00+00:00,57.0162553138626,4.6237043577957,profit
2023-03-15 12:30:00+00:00,187.3813631401318,52.63497274193946,3.197666717941914,53.91336976153143,83.34227425268298,1,long,73.3075074544155,0.18645213890533882,27.053414493424246,bos (Long),187.47458920958448,188.5933020430165,0.5,2023-03-22 12:30:00+00:00,"{'Uptrend': True, 'Downtrend': False, 'QQQ Aligned': True, 'High Volume': False, 'Prophet Bullish': True, 'Above SMA20': True, 'Below SMA20': True}",550,59.76877392458468,2023-03-17 13:05:00+00:00,59.76877392458468,5.833801182645222,profit
2023-03-15 12:35:00+00:00,187.4782127914114,53.31505152183387,3.0087085947939727,54.62739225695018,84.4550977753846,1,long,75.44742974654207,0.1889647111839025,28.710214578536686,bos (Long),187.57269514700337,188.7064834141068,0.5,2023-03-22 12:35:00+00:00,"{'Uptrend': True, 'Downtrend': False, 'QQQ Aligned': True, 'High Volume': False, 'Prophet Bullish': True, 'Above SMA20': True, 'Below SMA20': True}",551,60.13879748240788,2023-03-17 13:05:00+00:00,60.13879748240788,5.523745960574009,profit
2023-03-16 13:10:00+00:00,188.26886124878405,46.466170377640196,1.4022183835350788,45.58270273800689,71.74609944112687,1,short,46.60974189228868,0.16372697802424363,18.54876426825001,break_and_retest (Short),188.35072473779618,189.33308660594165,0.5,2023-03-23 13:10:00+00:00,"{'Uptrend': True, 'Downtrend': False, 'QQQ Aligned': True, 'High Volume': True, 'Prophet Bullish': False, 'Above SMA20': True, 'Below SMA20': True}",637,49.41482742312592,2023-03-17 13:05:00+00:00,49.41482742312592,1.6486570454857243,profit
2023-03-15 12:25:00+00:00,187.45254200539625,52.09580344925469,3.4296136839831775,53.346548241165365,82.45848810817857,1,long,77.94357412254733,0.18445575697963718,25.99189445075329,bos (Long),187.54476988388606,188.65150442576387,0.5,2023-03-22 12:25:00+00:00,"{'Uptrend': True, 'Downtrend': False, 'QQQ Aligned': True, 'High Volume': True, 'Prophet Bullish': True, 'Above SMA20': True, 'Below SMA20': True}",549,59.09156472598262,2023-03-17 13:25:00+00:00,59.09156472598262,5.695761276727933,profit
2023-03-15 12:45:00+00:00,187.6361566763281,51.60529722599936,3.1628123761480538,52.83033882992057,81.65333621678506,1,long,78.54016235231794,0.18263631239937886,31.948364653148392,break_and_retest (Long),187.7274748325278,188.82329270692406,0.5,2023-03-22 12:45:00+00:00,"{'Uptrend': True, 'Downtrend': False, 'QQQ Aligned': True, 'High Volume': True, 'Prophet Bullish': False, 'Above SMA20': True, 'Below SMA20': True}",553,57.79787001992221,2023-03-17 13:45:00+00:00,57.78610854691871,4.880811320919354,profit
2023-03-17 10:45:00+00:00,188.55535316794075,47.639829252906594,1.8190403929470094,46.71098977835222,73.5703009780321,1,short,50.2419219650189,0.16801474350420026,13.835908693107552,bos (Short),188.63936053969286,189.64744900071807,0.5,2023-03-24 10:45:00+00:00,"{'Uptrend': True, 'Downtrend': False, 'QQQ Aligned': True, 'High Volume': True, 'Prophet Bullish': False, 'Above SMA20': True, 'Below SMA20': True}",687,51.2861462052037,2023-03-20 09:35:00+00:00,51.2861462052037,2.346316952297106,profit
2023-03-17 10:50:00+00:00,188.63136373134412,47.17971467024817,1.799800001961124,46.269774919429565,72.85457993419827,1,short,54.3178518011435,0.16632644320663428,13.975451928662375,bos (Short),188.71452695294744,189.71248561218724,0.5,2023-03-24 10:50:00+00:00,"{'Uptrend': True, 'Downtrend': False, 'QQQ Aligned': True, 'High Volume': True, 'Prophet Bullish': False, 'Above SMA20': True, 'Below SMA20': True}",688,50.66701874603753,2023-03-20 10:50:00+00:00,50.19132352182522,1.7116088515770513,profit
2023-03-17 14:10:00+00:00,189.14421461708403,45.28291114093668,1.137608973608792,46.116210951845936,71.26701056339144,1,long,56.91736239174455,0.1593753155874936,22.80371250729798,break_and_retest (Long),189.2239022748778,190.18015416840274,0.5,2023-03-24 14:10:00+00:00,"{'Uptrend': True, 'Downtrend': False, 'QQQ Aligned': True, 'High Volume': False, 'Prophet Bullish': False, 'Above SMA20': True, 'Below SMA20': True}",728,47.520382067696055,2023-03-20 11:35:00+00:00,47.520382067696055,0.9374709267593715,profit
2023-03-17 15:15:00+00:00,189.27299755884152,45.18380290859766,1.1936632960783626,46.012726291491646,71.1053966067497,1,long,58.34116756487301,0.1590096543939625,15.593194365310897,bos (Long),189.3525023860385,190.3065603124023,0.5,2023-03-24 15:15:00+00:00,"{'Uptrend': True, 'Downtrend': False, 'QQQ Aligned': True, 'High Volume': True, 'Prophet Bullish': False, 'Above SMA20': True, 'Below SMA20': True}",741,47.645778138156466,2023-03-20 12:45:00+00:00,47.645778138156466,1.1619752295588028,profit
2023-03-20 13:50:00+00:00,189.58409889860656,45.27172127804733,1.3833279470703985,44.440856514479016,69.88613166975178,1,short,44.39868661575282,0.15932082435724657,18.866730999277028,break_and_retest (Short),189.66375931078517,190.61968425692865,0.5,2023-03-27 13:50:00+00:00,"{'Uptrend': True, 'Downtrend': False, 'QQQ Aligned': True, 'High Volume': True, 'Prophet Bullish': True, 'Above SMA20': True, 'Below SMA20': True}",803,44.84210657716708,2023-03-20 14:30:00+00:00,43.7769095587292,-2.7948117193181288,loss
2023-03-20 13:35:00+00:00,189.4958167329487,46.7258866489039,1.9374794585405368,45.73976201523387,72.06461929886859,1,short,37.629417141248524,0.16463630923173608,18.866097583790665,bos (Short),189.57813488756457,190.56595274295498,0.5,2023-03-27 13:35:00+00:00,"{'Uptrend': True, 'Downtrend': False, 'QQQ Aligned': True, 'High Volume': False, 'Prophet Bullish': True, 'Above SMA20': True, 'Below SMA20': True}",800,46.98995369469322,2023-03-20 15:05:00+00:00,44.71681351507719,-3.3090731338267103,loss
2023-03-17 15:05:00+00:00,189.31717180569424,46.55263083085829,2.256538347968217,47.53213505736027,73.39908890251937,1,long,62.44365662566109,0.16400852413937564,16.41869564390064,bos (Long),189.39917606776393,190.3832272126002,0.5,2023-03-24 15:05:00+00:00,"{'Uptrend': True, 'Downtrend': False, 'QQQ Aligned': True, 'High Volume': True, 'Prophet Bullish': False, 'Above SMA20': True, 'Below SMA20': True}",739,48.91627545423945,2023-03-20 16:00:00+00:00,46.508706997564346,-1.3439238332939454,loss
2023-03-20 15:05:00+00:00,188.8288549721474,49.561511248095385,2.269895655339404,48.442958106272144,76.46551194363464,1,short,28.406966846938502,0.17505905007917405,42.224805910144674,break_and_retest (Short),188.916384497187,189.96673879766206,0.5,2023-03-27 15:05:00+00:00,"{'Uptrend': True, 'Downtrend': False, 'QQQ Aligned': True, 'High Volume': True, 'Prophet Bullish': False, 'Above SMA20': True, 'Below SMA20': True}",818,53.683884689204774,2023-03-21 11:40:00+00:00,53.683884689204774,2.822373441109389,profit
2023-03-21 09:40:00+00:00,189.29139298935084,49.12204647898146,1.8024300357084044,50.1077317533007,77.48948416860915,1,long,53.81933957309281,0.17342671391057998,23.522286074874824,bos (Long),189.37810634630614,190.41866662976963,0.5,2023-03-28 09:40:00+00:00,"{'Uptrend': True, 'Downtrend': False, 'QQQ Aligned': True, 'High Volume': False, 'Prophet Bullish': False, 'Above SMA20': True, 'Below SMA20': True}",832,52.62631418870489,2023-03-21 13:20:00+00:00,52.62631418870489,2.204267709723429,profit
2023-03-21 09:45:00+00:00,189.37542363333333,49.357009235182616,1.6763458808579088,50.35203868196682,77.8703466163737,1,long,57.64350315448635,0.1742868048286507,22.82067427767517,bos (Long),189.46256703574764,190.50828786471953,0.5,2023-03-28 09:45:00+00:00,"{'Uptrend': True, 'Downtrend': False, 'QQQ Aligned': True, 'High Volume': True, 'Prophet Bullish': True, 'Above SMA20': True, 'Below SMA20': True}",833,52.607723902860776,2023-03-21 13:20:00+00:00,52.607723902860776,1.9507146676781602,profit
2023-03-20 13:30:00+00:00,189.47237241886413,46.8351282365571,2.6977707885573565,45.84408888207757,72.23410097805684,1,short,36.02141080911371,0.16503672824298174,18.537222323520563,bos (Short),189.5548907829856,190.5451111524435,0.5,2023-03-27 13:30:00+00:00,"{'Uptrend': True, 'Downtrend': False, 'QQQ Aligned': True, 'High Volume': True, 'Prophet Bullish': True, 'Above SMA20': True, 'Below SMA20': True}",799,52.11952470493138,2023-03-21 14:35:00+00:00,52.00215066752752,3.867022430970427,profit
2023-03-20 13:20:00+00:00,189.58650107180017,49.10354935412308,2.8755021494856905,48.011069953687375,75.75302272318929,1,short,40.58416708426976,0.17334787467924412,16.962618242859044,bos (Short),189.67317500913978,190.71326225721523,0.5,2023-03-27 13:20:00+00:00,"{'Uptrend': True, 'Downtrend': False, 'QQQ Aligned': True, 'High Volume': True, 'Prophet Bullish': True, 'Above SMA20': True, 'Below SMA20': True}",797,55.004238608082275,2023-03-21 15:05:00+00:00,55.004238608082275,4.600689253959193,profit
2023-03-21 13:35:00+00:00,190.4471894169362,42.81858904772857,1.7301628090182248,43.55538627980605,67.27564523044839,1,long,71.4677462167356,0.15036444129473484,25.140580114118613,bos (Long),190.52237163758357,191.424558285352,0.5,2023-03-28 13:35:00+00:00,"{'Uptrend': True, 'Downtrend': False, 'QQQ Aligned': True, 'High Volume': True, 'Prophet Bullish': True, 'Above SMA20': True, 'Below SMA20': True}",879,46.17891089974723,2023-03-21 15:25:00+00:00,46.17891089974723,2.0603218520186575,profit
2023-03-22 09:35:00+00:00,191.35008914090824,46.36017411456985,2.0949591600271447,45.49603876078459,71.57336835720642,1,short,54.714984188802,0.16323912099507304,41.89772854337501,bos (Short),191.43170870140577,192.4111434273762,0.5,2023-03-29 09:35:00+00:00,"{'Uptrend': True, 'Downtrend': False, 'QQQ Aligned': True, 'High Volume': False, 'Prophet Bullish': True, 'Above SMA20': True, 'Below SMA20': True}",910,46.24965547360962,2023-03-22 11:45:00+00:00,44.1555071267391,-3.504666987830748,loss
2023-03-22 09:40:00+00:00,191.3125790612047,44.94177410296109,2.0737339484750024,44.1312927891862,69.36923348816572,1,short,52.48609737281667,0.15806504879719133,39.44728594329768,bos (Short),191.3916115856033,192.34000187838646,0.5,2023-03-29 09:40:00+00:00,"{'Uptrend': True, 'Downtrend': False, 'QQQ Aligned': True, 'High Volume': True, 'Prophet Bullish': True, 'Above SMA20': True, 'Below SMA20': True}",911,44.721242118261664,2023-03-22 12:00:00+00:00,42.62884694770576,-3.6129271552553304,loss
2023-03-22 09:50:00+00:00,191.1718539,44.98478357042029,2.1312820626270153,44.17205814330069,69.43639598004177,1,short,45.22510492936416,0.1582260152702141,35.55240250060994,bos (Short),191.2509669076351,192.2003229992564,0.5,2023-03-29 09:50:00+00:00,"{'Uptrend': True, 'Downtrend': False, 'QQQ Aligned': True, 'High Volume': True, 'Prophet Bullish': True, 'Above SMA20': True, 'Below SMA20': True}",913,45.16666556310713,2023-03-23 12:50:00+00:00,42.66863164454017,-3.6161519258801205,loss
2023-03-22 09:45:00+00:00,191.16052366666665,46.377435379241284,2.3658974708002987,45.51171522079035,71.60067993064987,1,short,44.56145567218817,0.16330824152069562,37.38519341122889,bos (Short),191.24217778742698,192.22202723655116,0.5,2023-03-29 09:45:00+00:00,"{'Uptrend': True, 'Downtrend': False, 'QQQ Aligned': True, 'High Volume': False, 'Prophet Bullish': True, 'Above SMA20': True, 'Below SMA20': True}",912,46.59836572201007,2023-03-23 12:55:00+00:00,43.627874491224674,-4.04956088801661,loss
2023-03-22 12:20:00+00:00,190.6207298,44.45913557603151,1.3399228059908168,43.6634797225049,68.62102631205737,1,short,39.006211854547075,0.15632713224480482,15.525646642313506,break_and_retest (Short),190.6988933661224,191.63685615959125,0.5,2023-03-29 12:20:00+00:00,"{'Uptrend': True, 'Downtrend': False, 'QQQ Aligned': True, 'High Volume': False, 'Prophet Bullish': False, 'Above SMA20': True, 'Below SMA20': True}",943,45.70549830989194,2023-03-23 14:10:00+00:00,43.02735998204341,-2.7317755939880994,loss
2023-03-21 13:55:00+00:00,190.70879463333333,45.48006075614415,2.494529984672951,46.40609101240998,71.64405453907237,1,long,80.04355695783188,0.16004621692249654,29.003244690570963,break_and_retest (Long),190.7888177417946,191.74909504332956,0.5,2023-03-28 13:55:00+00:00,"{'Uptrend': True, 'Downtrend': False, 'QQQ Aligned': True, 'High Volume': True, 'Prophet Bullish': True, 'Above SMA20': True, 'Below SMA20': True}",883,48.66330006825843,2023-03-24 12:30:00+00:00,42.95182264978433,-3.828238106359815,loss
2023-03-23 13:10:00+00:00,190.54403931233384,46.831223761177135,1.4061623305657491,45.94480278691317,72.30767574194212,1,short,45.60633978430397,0.1649869343153715,17.739516772561114,bos (Short),190.62653277949153,191.61645438538375,0.5,2023-03-30 13:10:00+00:00,"{'Uptrend': True, 'Downtrend': False, 'QQQ Aligned': True, 'High Volume': False, 'Prophet Bullish': False, 'Above SMA20': True, 'Below SMA20': True}",1032,47.43665268645711,2023-03-24 12:30:00+00:00,45.39123422952161,-2.739989531655527,loss
2023-03-21 13:40:00+00:00,190.46467317630868,43.6141402910068,1.985886386036512,44.3794365895972,68.55831307485336,1,long,72.1565775828231,0.15325588321923225,25.504763499597193,bos (Long),190.5413011179183,191.46083641723368,0.5,2023-03-28 13:40:00+00:00,"{'Uptrend': True, 'Downtrend': False, 'QQQ Aligned': True, 'High Volume': False, 'Prophet Bullish': True, 'Above SMA20': True, 'Below SMA20': True}",880,47.34679140406781,2023-03-24 12:40:00+00:00,41.43252052669115,-3.4816197643156483,loss
2023-03-21 13:40:00+00:00,190.46467317630868,43.6141402910068,1.985886386036512,44.3794365895972,68.55831307485336,1,long,72.1565775828231,0.15325588321923225,25.504763499597193,break_and_retest (Long),190.5413011179183,191.46083641723368,0.5,2023-03-28 13:40:00+00:00,"{'Uptrend': True, 'Downtrend': False, 'QQQ Aligned': True, 'High Volume': False, 'Prophet Bullish': True, 'Above SMA20': True, 'Below SMA20': True}",880,47.34679140406781,2023-03-24 12:40:00+00:00,41.43252052669115,-3.4816197643156483,loss
2023-03-24 15:20:00+00:00,190.4115164576238,52.11951840126368,2.1248422389337804,53.350399754591194,82.45381826660655,1,long,56.61370306222153,0.18441837943456713,20.822382916904786,break_and_retest (Long),190.5037256473411,191.6102359239485,0.5,2023-03-31 15:20:00+00:00,"{'Uptrend': False, 'Downtrend': True, 'QQQ Aligned': True, 'High Volume': True, 'Prophet Bullish': False, 'Above SMA20': True, 'Below SMA20': True}",1137,51.67213625590113,2023-03-27 09:30:00+00:00,49.93950899257908,-3.4800094086846043,loss
2023-03-24 15:10:00+00:00,190.5043263556406,52.039792473685885,2.662039600243105,53.26611050885278,82.32215337447421,1,long,63.11177769178495,0.18412036053586436,20.24065640788883,break_and_retest (Long),190.59638653590852,191.70110869912372,0.5,2023-03-31 15:10:00+00:00,"{'Uptrend': False, 'Downtrend': True, 'QQQ Aligned': True, 'High Volume': False, 'Prophet Bullish': False, 'Above SMA20': True, 'Below SMA20': True}",1135,51.94692885689901,2023-03-27 09:50:00+00:00,49.134507103723365,-4.20528536996252,loss
2023-03-24 13:00:00+00:00,190.09666667527003,43.574782328715315,0.9436789082963557,42.809253154070426,67.24847705575378,1,short,38.434639255706905,0.15312314082704534,28.472411537922483,bos (Short),190.17322824568356,191.09196709064582,0.5,2023-03-31 13:00:00+00:00,"{'Uptrend': False, 'Downtrend': True, 'QQQ Aligned': True, 'High Volume': False, 'Prophet Bullish': False, 'Above SMA20': True, 'Below SMA20': True}",1109,44.75725911278038,2023-03-27 09:55:00+00:00,42.5801522736021,-2.2946300551132124,loss
2023-03-24 13:20:00+00:00,190.20785455568085,45.87496478084766,1.4504340065943992,46.82038382936926,72.28961421183148,1,long,46.259101137961544,0.16150329988716158,22.974205493335525,bos (Long),190.28860620562443,191.2576260049474,0.5,2023-03-31 13:20:00+00:00,"{'Uptrend': False, 'Downtrend': True, 'QQQ Aligned': True, 'High Volume': False, 'Prophet Bullish': False, 'Above SMA20': True, 'Below SMA20': True}",1113,46.793232217237566,2023-03-27 09:55:00+00:00,44.382216450337374,-2.792748330510288,loss
2023-03-24 13:25:00+00:00,190.1268731491392,46.984807480847195,1.1998948754799983,47.9786948155509,74.09143670684188,1,long,42.191122847151405,0.16556253280485872,22.76175338048014,bos (Long),190.20965441554162,191.20302961237078,0.5,2023-03-31 13:25:00+00:00,"{'Uptrend': False, 'Downtrend': True, 'QQQ Aligned': True, 'High Volume': True, 'Prophet Bullish': True, 'Above SMA20': True, 'Below SMA20': True}",1114,48.170379005798196,2023-03-27 09:55:00+00:00,45.757873338303014,-2.5269341425441807,loss
2023-03-24 12:55:00+00:00,190.05702289107788,43.57531468349222,1.2464299995502373,42.80959582618515,67.24939443445675,1,short,35.28260004596979,0.15312620232349797,28.949678354945654,bos (Short),190.13358599223963,191.0523432061806,0.5,2023-03-31 12:55:00+00:00,"{'Uptrend': False, 'Downtrend': True, 'QQQ Aligned': True, 'High Volume': False, 'Prophet Bullish': False, 'Above SMA20': True, 'Below SMA20': True}",1108,44.86895888501793,2023-03-27 10:25:00+00:00,41.957446043354686,-2.917868640137537,loss
2023-03-24 12:25:00+00:00,190.13218383799796,46.03900608589593,2.088601300506838,45.08610079158466,70.99805514284195,1,short,29.945711494717514,0.16210481636736748,19.062954796174957,break_and_retest (Short),190.21323624618165,191.18586514438584,0.5,2023-03-31 12:25:00+00:00,"{'Uptrend': True, 'Downtrend': False, 'QQQ Aligned': True, 'High Volume': False, 'Prophet Bullish': False, 'Above SMA20': True, 'Below SMA20': True}",1102,47.185707555933035,2023-03-27 10:55:00+00:00,43.7775642092135,-3.5614418766824256,loss
2023-03-24 12:30:00+00:00,190.1154160970379,45.72873822501612,2.040364853872852,44.882953928615045,70.59506670358698,1,short,29.31115004727276,0.16097230256243203,21.025038971759624,break_and_retest (Short),190.1959022483191,191.1617360636937,0.5,2023-03-31 12:30:00+00:00,"{'Uptrend': False, 'Downtrend': True, 'QQQ Aligned': True, 'High Volume': False, 'Prophet Bullish': False, 'Above SMA20': True, 'Below SMA20': True}",1103,46.91681299600317,2023-03-27 10:55:00+00:00,43.55187179352686,-3.476866431489266,loss
2023-03-24 12:50:00+00:00,190.00996363694173,44.493028862888174,1.7466763639960519,43.69338152949062,68.67513008603085,1,short,31.411902925417948,0.15646866070584844,28.362167683519854,bos (Short),190.08819796729466,191.02700993152976,0.5,2023-03-31 12:50:00+00:00,"{'Uptrend': False, 'Downtrend': True, 'QQQ Aligned': True, 'High Volume': True, 'Prophet Bullish': False, 'Above SMA20': True, 'Below SMA20': True}",1107,45.94951349436045,2023-03-27 11:00:00+00:00,42.47006913966337,-3.322959723224801,loss
2023-03-27 11:55:00+00:00,189.6492274147526,50.09057272226314,0.9929600398081391,51.22878506727824,79.15153135511744,1,long,42.992799888190596,0.17697343257407436,23.940645467902282,bos (Long),189.73771413103964,190.79955472648408,0.5,2023-04-03 11:55:00+00:00,"{'Uptrend': False, 'Downtrend': True, 'QQQ Aligned': True, 'High Volume': False, 'Prophet Bullish': False, 'Above SMA20': True, 'Below SMA20': True}",1175,50.18370685962933,2023-03-27 13:20:00+00:00,49.03513351234258,-2.355439209920557,loss
2023-03-27 13:05:00+00:00,189.53780790885605,51.372507609775916,1.6452758365700362,50.17219503358468,79.27487033410645,1,short,45.69386840424043,0.18169892346778652,22.310479759439996,break_and_retest (Short),189.62865737058993,190.71885091139666,0.5,2023-04-03 13:05:00+00:00,"{'Uptrend': False, 'Downtrend': True, 'QQQ Aligned': True, 'High Volume': False, 'Prophet Bullish': True, 'Above SMA20': True, 'Below SMA20': True}",1189,51.18847127684328,2023-03-27 14:25:00+00:00,49.6988643313457,-2.9736432784302123,loss
2023-03-27 11:15:00+00:00,189.5974160558314,46.219465935171144,1.702654062468902,45.35224876269349,71.35912673725204,1,short,36.08318825990754,0.1627813480129374,31.77940272363412,bos (Short),189.67880672983785,190.65549481791547,0.5,2023-04-03 11:15:00+00:00,"{'Uptrend': False, 'Downtrend': True, 'QQQ Aligned': True, 'High Volume': True, 'Prophet Bullish': True, 'Above SMA20': True, 'Below SMA20': True}",1167,47.29144594932189,2023-03-27 14:35:00+00:00,44.43788022278775,-3.0815857123833963,loss
2023-03-28 10:05:00+00:00,189.98351026626224,47.087471159373976,1.1930118928809037,46.08822529044819,72.62438892059943,1,short,71.84112663504324,0.16594297310922948,38.985282944613786,bos (Short),190.06648175281686,191.06213959147223,0.5,2023-04-04 10:05:00+00:00,"{'Uptrend': False, 'Downtrend': True, 'QQQ Aligned': True, 'High Volume': False, 'Prophet Bullish': True, 'Above SMA20': True, 'Below SMA20': True}",1232,49.431126266002344,2023-03-28 13:35:00+00:00,49.371653412025836,0.9841822526518598,profit
2023-03-27 15:55:00+00:00,189.5768735017144,46.10045280531558,2.153969787590519,47.05893165098385,72.66233767824954,1,long,65.20619673346789,0.16234709856796425,27.535780774106605,bos (Long),189.6580470509984,190.63212964240617,0.5,2023-04-03 15:55:00+00:00,"{'Uptrend': False, 'Downtrend': True, 'QQQ Aligned': True, 'High Volume': False, 'Prophet Bullish': False, 'Above SMA20': True, 'Below SMA20': True}",1223,50.001579741216766,2023-03-28 13:55:00+00:00,50.001579741216766,2.6011269359011893,profit
2023-03-28 14:55:00+00:00,190.68072341580813,50.18397620032126,1.8043851429303714,49.161617092299025,77.52193493901113,1,short,53.99249513271445,0.1772774677135058,13.214998204266097,bos (Short),190.7693621496649,191.8330269559459,0.5,2023-04-04 14:55:00+00:00,"{'Uptrend': True, 'Downtrend': False, 'QQQ Aligned': True, 'High Volume': False, 'Prophet Bullish': True, 'Above SMA20': True, 'Below SMA20': True}",1290,50.03617926111524,2023-03-29 10:40:00+00:00,48.24652711283789,-3.2374490874833723,loss
2023-03-29 11:50:00+00:00,189.9280011686116,52.84919696679117,1.460960988765443,54.11973368619476,83.65449704598915,1,long,36.1934968704877,0.18713341932109553,18.416522696652578,bos (Long),190.02156787827212,191.1443683941987,0.5,2023-04-05 11:50:00+00:00,"{'Uptrend': True, 'Downtrend': False, 'QQQ Aligned': True, 'High Volume': False, 'Prophet Bullish': False, 'Above SMA20': True, 'Below SMA20': True}",1332,55.74352778551227,2023-03-30 11:15:00+00:00,55.74352778551227,1.5943308187211016,profit
2023-03-27 16:00:00+00:00,189.6747158267138,45.79181672813227,2.4240662207996593,46.73652650565911,72.16066704406488,1,long,68.44294447910141,0.16121654105142877,29.08937521623747,break_and_retest (Long),189.7553240972395,190.7226233435481,0.5,2023-04-03 16:00:00+00:00,"{'Uptrend': False, 'Downtrend': True, 'QQQ Aligned': True, 'High Volume': True, 'Prophet Bullish': False, 'Above SMA20': True, 'Below SMA20': True}",1224,50.8375384979218,2023-03-30 11:30:00+00:00,50.8375384979218,3.7457217697895304,profit
2023-03-28 09:35:00+00:00,189.8899893209974,45.017105964030776,2.51877280174552,45.927911984123064,70.90277498831009,1,long,74.30140748564335,0.15838262422861343,32.96151535221843,break_and_retest (Long),189.9691806331117,190.91947637848338,0.5,2023-04-04 09:35:00+00:00,"{'Uptrend': False, 'Downtrend': True, 'QQQ Aligned': True, 'High Volume': False, 'Prophet Bullish': False, 'Above SMA20': True, 'Below SMA20': True}",1226,49.995484540598305,2023-03-30 12:10:00+00:00,49.995484540598305,3.678378576567529,profit
2023-03-29 11:00:00+00:00,190.1101806945545,52.650218408850016,2.289276753046998,51.39106810425753,81.25728485931823,1,short,36.32156787560105,0.186390433353035,14.046085936557546,bos (Short),190.203375911231,191.32171851134922,0.5,2023-04-05 11:00:00+00:00,"{'Uptrend': True, 'Downtrend': False, 'QQQ Aligned': True, 'High Volume': False, 'Prophet Bullish': True, 'Above SMA20': True, 'Below SMA20': True}",1322,57.22059668202759,2023-03-30 12:10:00+00:00,57.22059668202759,3.270378273177575,profit
2023-03-29 09:50:00+00:00,190.28645213214708,47.64385912669124,2.2028156595273387,46.72392770839618,73.57185003690049,1,short,39.93235047302034,0.16796959739729786,9.905981961208013,break_and_retest (Short),190.37043693084573,191.37825451522951,0.5,2023-04-05 09:50:00+00:00,"{'Uptrend': True, 'Downtrend': False, 'QQQ Aligned': True, 'High Volume': True, 'Prophet Bullish': True, 'Above SMA20': True, 'Below SMA20': True}",1308,51.89285665419321,2023-03-30 13:25:00+00:00,51.89285665419321,2.9489975275019704,profit
2023-03-30 13:45:00+00:00,191.46065203333333,46.0582942909306,1.3389624765421004,46.91023625385849,72.49697713930696,1,long,59.15482694928848,0.16213317388361723,26.558373376313256,break_and_retest (Long),191.54171862027513,192.51451766357684,0.5,2023-04-06 13:45:00+00:00,"{'Uptrend': True, 'Downtrend': False, 'QQQ Aligned': True, 'High Volume': False, 'Prophet Bullish': False, 'Above SMA20': True, 'Below SMA20': True}",1434,46.73563644034146,2023-03-31 15:10:00+00:00,44.64240077912242,-2.7158935118081784,loss
2023-03-30 11:40:00+00:00,191.2711064164926,52.74602237402208,3.233374765203763,54.001777053457054,83.46577358469565,1,long,74.56355825025662,0.1866950329075285,20.15732998520573,bos (Long),191.36445393294636,192.48462413039152,0.5,2023-04-06 11:40:00+00:00,"{'Uptrend': True, 'Downtrend': False, 'QQQ Aligned': True, 'High Volume': True, 'Prophet Bullish': False, 'Above SMA20': True, 'Below SMA20': True}",1409,54.19295759733209,2023-03-31 16:00:00+00:00,52.494756153187545,-1.5512662208345376,loss
2023-03-30 11:50:00+00:00,191.3808278024732,51.4515998356844,2.809912000706717,52.64331993645017,81.34884376764144,1,long,76.77384646374622,0.18191614053289906,23.948115956940978,bos (Long),191.47178587273964,192.56328271593705,0.5,2023-04-06 11:50:00+00:00,"{'Uptrend': True, 'Downtrend': False, 'QQQ Aligned': True, 'High Volume': True, 'Prophet Bullish': False, 'Above SMA20': True, 'Below SMA20': True}",1411,52.47498715584065,2023-03-31 16:00:00+00:00,50.81917580206094,-1.9324240336234582,loss
2023-03-30 11:55:00+00:00,191.24176199675424,51.72812856290012,1.8348140413477552,52.93416078110495,81.80239354554031,1,long,68.58389598534089,0.18294081555877803,24.779177038434305,bos (Long),191.33323240453362,192.4308772978863,0.5,2023-04-06 11:55:00+00:00,"{'Uptrend': True, 'Downtrend': False, 'QQQ Aligned': True, 'High Volume': False, 'Prophet Bullish': False, 'Above SMA20': True, 'Below SMA20': True}",1412,53.25488497156732,2023-03-31 16:00:00+00:00,51.593279011263526,-1.4348495516365916,loss
2023-03-30 13:15:00+00:00,191.4343993689459,47.555372991220246,1.4819326723390347,46.64487497254214,73.43118319179911,1,short,64.06904190649524,0.1676066145021848,25.274536761148692,bos (Short),191.51820267619698,192.5238423632101,0.5,2023-04-06 13:15:00+00:00,"{'Uptrend': True, 'Downtrend': False, 'QQQ Aligned': True, 'High Volume': False, 'Prophet Bullish': True, 'Above SMA20': True, 'Below SMA20': True}",1428,48.33631759804063,2023-03-31 16:00:00+00:00,46.818359602876235,-2.0370133883440102,loss
2023-03-30 15:55:00+00:00,191.2502870333333,50.33150793176604,2.3589239806934685,49.19229942938911,77.65472505752521,1,short,41.971335377632656,0.17779828781588614,16.320886080653096,break_and_retest (Short),191.33918617724126,192.40597590413657,0.5,2023-04-06 15:55:00+00:00,"{'Uptrend': True, 'Downtrend': False, 'QQQ Aligned': True, 'High Volume': False, 'Prophet Bullish': True, 'Above SMA20': True, 'Below SMA20': True}",1460,51.78542879298527,2023-03-31 16:00:00+00:00,50.19346088757399,-1.4380470441920494,loss
2023-03-31 09:30:00+00:00,191.3208180900598,50.30953954676189,2.0695290642265576,49.171815585993336,77.62046008634833,1,short,45.87423980680857,0.17771481252479623,15.594689166083006,break_and_retest (Short),191.4096754963222,192.47596437147098,0.5,2023-04-07 09:30:00+00:00,"{'Uptrend': True, 'Downtrend': False, 'QQQ Aligned': True, 'High Volume': True, 'Prophet Bullish': True, 'Above SMA20': True, 'Below SMA20': True}",1462,51.508718951927875,2023-03-31 16:00:00+00:00,50.0059476311266,-1.6035919156352876,loss
