confidence_score,setup_type_swing,setup_type_scalp,has_3_bar_pattern,has_pop_fade,has_dip_and_rip,has_mean_reversal,volume_spike,atr_ratio,trend_up,trend_down,rr_ratio,rsi,stoch,bb_distance,win
5,0,1,0,0,0,0,0,1.0,1,0,0.6817063175101479,40.99058184121882,11.840169873136869,0.23836650769419315,1
5,0,1,0,0,0,0,0,1.0,1,0,0.6817063175101479,40.99058184121882,11.840169873136869,0.23836650769419315,1
5,0,1,0,0,0,0,0,1.0,1,0,2.0,59.32567998673382,83.92788146121505,0.8934020709180707,0
4,0,1,0,0,0,0,1,1.0,1,0,0.6775713299170941,49.75267701517994,31.561250061974,0.4550763898193677,1
4,0,1,0,0,0,0,0,1.0,1,0,2.0,62.17873913249411,77.36204803105899,0.9944363717836893,0
5,0,1,0,0,0,0,0,1.0,0,1,0.6423049422308866,36.92684136878757,15.562182469068132,-0.002127821355610577,1
5,0,1,0,0,0,0,0,1.0,0,1,0.6450740920854664,36.92684136878757,15.562182469068132,-0.002127821355610577,1
5,0,1,0,1,0,0,1,1.0,0,1,2.0,31.20009358539879,13.834883655320851,0.056506455969516194,1
5,0,1,0,1,0,0,1,1.0,0,1,2.0,31.20009358539879,13.834883655320851,0.056506455969516194,1
4,0,1,0,0,0,0,1,1.0,1,0,0.7844691656105531,74.60589476684098,102.5992587814854,1.2641391047979185,1
4,0,1,0,0,0,0,1,1.0,1,0,2.0,72.07603277993093,99.77628649363322,1.1955369046223374,1
7,0,1,0,0,0,0,0,1.0,1,0,0.7681509939835004,66.91514207059896,77.21744537002502,0.882363520059029,1
7,0,1,0,0,0,0,0,1.0,0,1,2.0,43.76214426942065,12.695080598275416,-0.0035761518210787628,0
6,0,1,0,0,0,0,1,1.0,1,0,0.7545276468439474,68.89274804686248,85.12995077058487,1.1606425713972452,1
6,0,1,0,0,0,0,1,1.0,1,0,2.0,75.26389193038031,99.99160244622311,1.0009724395524953,1
4,0,1,0,0,0,0,0,1.0,1,0,0.8263915214529789,73.02180069721422,85.33512848328039,1.2609750085620182,1
4,0,1,0,0,0,0,0,1.0,0,1,2.0,38.94676258786227,-5.889664578145861,-0.0811011540831292,0
6,0,1,0,0,0,0,1,1.0,1,0,1.0090350225577176,72.81745539787023,90.7416391301293,0.8445690257162631,1
6,0,1,0,0,0,0,1,1.0,0,1,2.0,72.22327448902183,80.66504413106566,0.7225319502765616,1
4,0,1,0,0,0,0,0,1.0,1,0,0.9076414639063062,68.20322015302014,87.2452896489491,1.1767129054762142,1
6,0,1,0,0,0,0,0,1.0,1,0,0.9867785850806432,73.45443880581868,91.46692021861932,0.9529127825924127,1
4,0,1,0,0,0,0,0,1.0,1,0,2.0,70.63705480968036,74.81136855869933,1.1254226230435838,1
6,0,1,0,0,0,0,0,1.0,1,0,2.0,64.42019281840533,83.54073046301968,1.0064649657893585,1
5,0,1,0,0,0,0,0,1.0,1,0,0.9903175476667289,71.9473170409793,83.82485685654045,0.9950050535002516,1
4,0,1,0,0,0,0,1,1.0,1,0,0.9946055283964728,76.65608599279007,93.27506206023224,0.9582276823372392,1
5,0,1,0,0,0,0,0,1.0,1,0,2.0,80.01606072175957,89.32002125819089,1.0088835826241973,1
4,0,1,0,0,0,0,0,1.0,0,1,2.0,74.42589506260114,85.66651165561142,0.8750182193757992,1
5,0,1,0,0,0,0,0,1.0,1,0,1.0293131055415168,63.31541599465927,75.88579791408662,0.9143652964765059,1
5,0,1,1,0,0,0,0,1.0,0,1,2.0,38.88550421950038,13.969465216634967,0.05839074733890724,0
4,0,1,0,0,0,0,0,1.0,1,0,0.9868781748055706,69.96709588208347,97.93179290255019,0.9648036909219848,1
4,0,1,0,0,0,0,0,1.0,0,1,2.0,26.102948228011144,9.271090230006076,0.10154887813964417,0
5,0,1,0,0,0,0,1,1.0,0,1,0.9833104090355422,32.03949371121931,13.51316344808491,0.06713278530560773,1
6,0,1,0,0,0,0,0,1.0,0,1,1.0823592960031463,32.98749869478739,27.88530652684648,-0.05378677292758957,1
6,0,1,0,0,0,0,0,1.0,1,0,2.0,60.86899089745621,97.51912936670614,1.07204541292389,0
5,0,1,0,0,0,0,0,1.0,1,0,2.0,69.57457700960018,92.37549923413704,0.9101923983240318,0
4,0,1,1,0,0,0,1,1.0,0,1,1.041021151669225,34.69506155528423,11.352025189320548,-0.18125220418492505,1
5,0,1,1,0,0,0,1,1.0,0,1,1.0341918373118906,34.69506155528423,11.352025189320548,-0.18125220418492505,1
8,0,1,1,0,0,0,1,1.0,0,1,1.077619763807185,34.69506155528423,11.352025189320548,-0.18125220418492505,1
8,0,1,1,0,0,0,1,1.0,0,1,1.019659989669362,34.69506155528423,11.352025189320548,-0.18125220418492505,1
8,0,1,0,0,0,0,1,1.0,0,1,1.0205519703366466,31.33269202953494,7.43421076402094,-0.08734856327691841,1
7,0,1,0,0,0,0,1,1.0,0,1,1.0397464470762043,31.33269202953494,7.43421076402094,-0.08734856327691841,1
8,0,1,0,0,0,0,1,1.0,0,1,1.0644372539304616,31.33269202953494,7.43421076402094,-0.08734856327691841,1
6,0,1,0,0,0,0,1,1.0,0,1,1.0846962494618007,31.33269202953494,7.43421076402094,-0.08734856327691841,1
7,0,1,0,0,0,0,1,1.0,0,1,0.9569158437659178,31.33269202953494,7.43421076402094,-0.08734856327691841,1
6,0,1,0,0,0,0,1,1.0,0,1,1.0637683889244351,29.008973696518126,19.79826712867927,0.04061107852115158,1
4,0,1,0,0,0,0,1,1.0,0,1,2.0,29.008973696518126,19.79826712867927,0.04061107852115158,1
5,0,1,0,0,0,0,1,1.0,0,1,0.9963414517744926,29.008973696518126,19.79826712867927,0.04061107852115158,1
8,0,1,0,0,0,0,0,1.0,1,0,1.0082130924028099,31.677629990140886,14.092654786421996,0.1372772880702675,1
5,0,1,0,0,0,0,0,1.0,1,0,2.0,31.677629990140886,14.092654786421996,0.1372772880702675,1
7,0,1,0,0,0,0,0,1.0,0,1,1.0088625256722965,27.909325577862788,17.54075041531457,0.08636021337341257,1
8,0,1,0,0,0,0,0,1.0,0,1,2.0,27.909325577862788,17.54075041531457,0.08636021337341257,1
7,0,1,0,0,0,0,0,1.0,0,1,2.0,27.909325577862788,17.54075041531457,0.08636021337341257,1
8,0,1,0,0,0,0,0,1.0,0,1,2.0,27.909325577862788,17.54075041531457,0.08636021337341257,1
6,0,1,0,0,0,0,0,1.0,0,1,2.0,27.909325577862788,17.54075041531457,0.08636021337341257,1
8,0,1,0,0,0,0,0,1.0,0,1,2.0,27.909325577862788,17.54075041531457,0.08636021337341257,1
8,0,1,0,0,0,0,0,1.0,0,1,2.0,27.909325577862788,17.54075041531457,0.08636021337341257,1
7,0,1,0,0,0,0,0,1.0,0,1,2.0,27.909325577862788,17.54075041531457,0.08636021337341257,1
5,0,1,0,0,0,0,0,1.0,0,1,1.0681207467319465,26.864279098869545,12.87019434069088,0.09370197333880137,1
5,0,1,0,0,0,0,0,1.0,0,1,2.0,26.864279098869545,12.87019434069088,0.09370197333880137,1
6,0,1,0,0,0,0,0,1.0,0,1,2.0,24.898080419445094,11.306022221810856,0.09094084024826155,1
5,0,1,0,0,0,0,0,1.0,0,1,1.0363223000101731,24.898080419445094,11.306022221810856,0.09094084024826155,1
8,0,1,0,0,0,0,0,1.0,0,1,2.0,25.44352540596057,8.88520570598659,0.09561621630504501,1
5,0,1,0,0,0,0,0,1.0,1,0,2.0,64.74026612090022,85.7030673904015,1.1964660369478148,0
5,0,1,0,0,0,0,0,1.0,1,0,2.0,65.8091722142521,82.36050716640422,0.9764802074897054,0
7,0,1,0,0,0,0,0,1.0,1,0,2.0,64.3992579515745,79.33313797909307,0.8564002026486347,0
4,0,1,0,0,0,0,1,1.0,1,0,1.0265112991454597,71.69489402016028,79.51349625761075,1.0961893357716774,1
4,0,1,0,0,0,0,1,1.0,1,0,2.0,66.35526500022299,94.14978386554826,1.0088428259131461,1
4,0,1,0,0,0,0,1,1.0,1,0,1.126325542599776,64.14678553342227,91.28750121754506,1.0177771434796887,1
4,0,1,0,0,0,0,1,1.0,1,0,0.9926824006732913,64.14678553342227,91.28750121754506,1.0177771434796887,1
5,0,1,0,0,0,0,0,1.0,1,0,1.075181203520114,63.42771003220347,83.65206353727133,0.9820397558630687,1
5,0,1,0,0,0,0,1,1.0,0,1,2.0,34.0528571328893,17.719444601122312,-0.1468561536634685,0
4,0,1,0,0,0,0,1,1.0,0,1,2.0,36.58877873208313,18.762785988056436,0.11426811693133618,0
4,0,1,0,0,0,0,0,1.0,1,0,2.0,35.645498682369094,11.682206244857305,0.21475770666506763,0
4,0,1,0,0,0,0,0,1.0,1,0,1.0491823864965935,62.343861043972076,80.43822944375701,0.9907342578624646,1
4,0,1,0,0,0,0,0,1.0,1,0,2.0,73.49415353113963,89.1577016101862,0.9743267851101464,1
6,0,1,0,0,0,0,1,1.0,1,0,0.9926648615324418,64.78648206741107,88.1011416380376,0.9219655061867172,1
6,0,1,0,0,0,0,0,1.0,0,1,2.0,65.33963083996373,84.61800827763507,1.0348300722393884,1
5,0,1,0,0,0,0,0,1.0,0,1,1.0796206260657342,23.45916799349206,-1.7221595911549312,-0.29913141006051636,1
5,0,1,0,0,0,0,0,1.0,0,1,1.1847227864882912,21.791074032451334,12.365600343386046,-0.18257267119915796,1
6,0,1,0,0,0,0,0,1.0,0,1,1.1729845751254602,21.791074032451334,12.365600343386046,-0.18257267119915796,1
7,0,1,0,0,0,0,0,1.0,0,1,1.2025217542788964,19.90551560737501,13.800527503586215,-0.04884998536371055,1
5,0,1,0,0,0,0,0,1.0,0,1,2.0,18.863645261014682,6.88620882949403,0.05711077688658119,1
5,0,1,0,0,0,0,1,1.0,0,1,2.0,17.549694032437728,12.014464343039393,0.03931745608896781,1
6,0,1,0,0,0,0,1,1.0,0,1,2.0,17.549694032437728,12.014464343039393,0.03931745608896781,1
7,0,1,0,0,0,0,0,1.0,0,1,2.0,19.00303418953861,15.025359461196608,0.0019758956607599126,1
8,0,1,0,0,0,0,0,1.0,0,1,1.1980258250211646,32.546027483100744,10.61316823852072,-0.09391090253462211,1
6,0,1,0,0,0,0,0,1.0,0,1,1.1836717674175954,32.546027483100744,10.61316823852072,-0.09391090253462211,1
6,0,1,0,0,0,0,0,1.0,0,1,1.100029119717839,32.546027483100744,10.61316823852072,-0.09391090253462211,1
6,0,1,0,0,0,0,0,1.0,0,1,1.1472771549064487,33.98743243563736,2.542154380830986,-0.05552531539297176,1
5,0,1,0,0,0,0,0,1.0,0,1,1.0819892920999563,33.98743243563736,2.542154380830986,-0.05552531539297176,1
5,0,1,0,0,0,0,0,1.0,0,1,1.101494284828146,32.332659952263384,7.174016844386196,-0.044499704427195357,1
6,0,1,0,0,0,0,0,1.0,1,0,1.097901131380003,32.81631784040974,10.278005861651339,0.05889554728375683,1
6,0,1,1,0,0,0,0,1.0,1,0,2.0,57.89461552762999,84.462906552062,0.9750461509539439,0
5,0,1,0,0,0,0,0,1.0,1,0,2.0,62.49517765075508,97.26700125584831,0.9807720082954527,0
5,0,1,0,0,0,0,0,1.0,1,0,2.0,62.49517765075508,97.26700125584831,0.9807720082954527,0
6,0,1,0,0,0,0,1,1.0,1,0,2.0,61.35795370680811,75.9346642610298,1.026800203037672,0
6,0,1,0,0,0,0,1,1.0,1,0,2.0,67.15690743843626,83.91614232925095,1.0978687318173939,0
6,0,1,0,0,0,0,1,1.0,1,0,2.0,67.15690743843626,83.91614232925095,1.0978687318173939,0
8,0,1,0,0,0,0,1,1.0,1,0,2.0,72.01686326275717,81.63285572138771,1.0543145998272394,0
4,0,1,0,0,0,0,1,1.0,1,0,1.1098873764443271,72.24115420990827,90.52545159964691,1.0609952125742916,1
4,0,1,0,1,0,0,0,1.0,0,1,2.0,43.89415550973764,9.44158990872023,0.17942168034987246,0
5,0,1,0,0,0,0,0,1.0,1,0,1.0073969541666197,31.902466662627788,3.3368268264743173,-0.22696042024505375,1
6,0,1,0,0,0,0,0,1.0,1,0,1.0986933913975658,31.902466662627788,3.3368268264743173,-0.22696042024505375,1
5,0,1,0,1,0,0,0,1.0,0,1,1.0303551255790986,36.727413912577354,16.888760214514573,0.12879266272708273,1
5,0,1,0,0,0,0,0,1.0,1,0,2.0,57.87127318905566,86.03829874494717,0.8750984420548217,0
5,0,1,0,0,0,0,0,1.0,1,0,2.0,63.62624260160248,93.77442020203378,0.9364825177172114,0
6,0,1,0,0,0,0,0,1.0,1,0,2.0,63.62624260160248,93.77442020203378,0.9364825177172114,0
6,0,1,0,0,0,0,0,1.0,0,1,1.017249464785601,30.52349293103559,11.005720858216941,0.07881926351092959,1
8,0,1,0,0,0,0,0,1.0,0,1,1.0588757326299012,30.52349293103559,11.005720858216941,0.07881926351092959,1
7,0,1,0,0,0,0,0,1.0,0,1,1.0859587961287795,30.52349293103559,11.005720858216941,0.07881926351092959,1
6,0,1,0,0,0,0,0,1.0,0,1,1.0861485576513226,30.52349293103559,11.005720858216941,0.07881926351092959,1
6,0,1,0,0,0,0,0,1.0,0,1,1.1163796851874852,30.52349293103559,11.005720858216941,0.07881926351092959,1
4,0,1,0,0,0,0,0,1.0,0,1,1.0164838214758298,30.52349293103559,11.005720858216941,0.07881926351092959,1
7,0,1,0,1,0,0,0,1.0,0,1,1.0301842514741548,29.45459979635983,7.229673115453971,0.0981342277991563,1
8,0,1,0,0,0,0,1,1.0,0,1,1.107439045297792,24.532281016870172,5.714151448193093,0.08641758178423782,1
5,0,1,0,0,0,0,1,1.0,0,1,1.1267399301945102,24.532281016870172,5.714151448193093,0.08641758178423782,1
6,0,1,0,0,0,0,1,1.0,0,1,1.0716886950246753,24.532281016870172,5.714151448193093,0.08641758178423782,1
7,0,1,0,0,0,0,1,1.0,0,1,1.0595665511657495,24.532281016870172,5.714151448193093,0.08641758178423782,1
5,0,1,0,0,0,0,1,1.0,0,1,0.976073333003221,24.532281016870172,5.714151448193093,0.08641758178423782,1
5,0,1,0,0,0,0,1,1.0,0,1,1.130665786949303,24.532281016870172,5.714151448193093,0.08641758178423782,1
5,0,1,0,0,0,0,1,1.0,0,1,1.1013127561646239,24.532281016870172,5.714151448193093,0.08641758178423782,1
5,0,1,0,0,0,0,1,1.0,0,1,1.1796853149690365,24.532281016870172,5.714151448193093,0.08641758178423782,1
7,0,1,0,0,0,0,0,1.0,0,1,1.1226778229597423,21.43934605215223,4.125650316272942,0.04065222073439339,1
6,0,1,0,0,0,0,0,1.0,0,1,1.1143270309812232,21.43934605215223,4.125650316272942,0.04065222073439339,1
7,0,1,0,0,0,0,0,1.0,0,1,1.1023392905027782,21.43934605215223,4.125650316272942,0.04065222073439339,1
6,0,1,0,0,0,0,0,1.0,0,1,2.0,21.43934605215223,4.125650316272942,0.04065222073439339,1
8,0,1,0,0,0,0,0,1.0,0,1,2.0,21.43934605215223,4.125650316272942,0.04065222073439339,1
7,0,1,0,0,0,0,0,1.0,0,1,2.0,21.43934605215223,4.125650316272942,0.04065222073439339,1
6,0,1,0,0,0,0,0,1.0,0,1,2.0,21.43934605215223,4.125650316272942,0.04065222073439339,1
6,0,1,0,0,0,0,0,1.0,0,1,2.0,21.43934605215223,4.125650316272942,0.04065222073439339,1
4,0,1,0,0,0,0,0,1.0,0,1,2.0,21.43934605215223,4.125650316272942,0.04065222073439339,1
4,0,1,0,0,0,0,0,1.0,0,1,0.9414219375994639,21.43934605215223,4.125650316272942,0.04065222073439339,1
8,0,1,0,0,0,0,1,1.0,0,1,2.0,21.33670112308485,11.032725794825277,0.1133309883824572,1
6,0,1,0,0,0,0,1,1.0,0,1,2.0,21.33670112308485,11.032725794825277,0.1133309883824572,1
5,0,1,0,0,0,0,1,1.0,0,1,2.0,21.33670112308485,11.032725794825277,0.1133309883824572,1
5,0,1,0,0,0,0,1,1.0,0,1,2.0,21.33670112308485,11.032725794825277,0.1133309883824572,1
7,0,1,0,0,0,0,1,1.0,0,1,2.0,21.33670112308485,11.032725794825277,0.1133309883824572,1
5,0,1,0,0,0,0,1,1.0,0,1,2.0,21.33670112308485,11.032725794825277,0.1133309883824572,1
5,0,1,0,0,0,0,0,1.0,1,0,2.0,26.497792280101336,-1.9756868371599954,0.05585063383494899,1
7,0,1,0,0,0,0,0,1.0,1,0,2.0,26.497792280101336,-1.9756868371599954,0.05585063383494899,1
5,0,1,0,0,0,0,0,1.0,1,0,2.0,26.497792280101336,-1.9756868371599954,0.05585063383494899,1
6,0,1,0,0,0,0,1,1.0,1,0,2.0,63.785313487416914,84.90047426092885,0.9342316183975135,0
7,0,1,0,0,0,0,1,1.0,0,1,1.0742613104098089,34.49917211966897,17.840763660492026,-0.06709794822526065,1
7,0,1,0,0,0,0,1,1.0,0,1,1.0425451333542395,29.69163783806765,12.549573617425002,0.09445981500279221,1
7,0,1,0,0,0,0,1,1.0,0,1,2.0,33.61094106537608,18.25560791035226,-0.08961125079129129,1
7,0,1,0,0,0,0,1,1.0,0,1,2.0,33.61094106537608,18.25560791035226,-0.08961125079129129,1
4,0,1,0,0,0,0,1,1.0,0,1,2.0,33.61094106537608,18.25560791035226,-0.08961125079129129,1
5,0,1,0,0,0,0,1,1.0,0,1,1.0339020939303272,33.61094106537608,18.25560791035226,-0.08961125079129129,1
7,0,1,0,0,0,0,0,1.0,0,1,2.0,30.54022248492626,12.566394794305097,-0.10752409212980313,1
6,0,1,0,0,0,0,0,1.0,0,1,1.0731261898143944,29.818778565112794,22.471710326566722,0.11584837653650652,1
5,0,1,0,0,0,0,0,1.0,0,1,1.0010608506164693,29.818778565112794,22.471710326566722,0.11584837653650652,1
6,0,1,0,0,0,0,0,1.0,0,1,1.017141280162111,29.818778565112794,22.471710326566722,0.11584837653650652,1
6,0,1,0,0,0,0,0,1.0,0,1,1.0403736925368055,29.818778565112794,22.471710326566722,0.11584837653650652,1
7,0,1,0,0,0,0,0,1.0,0,1,2.0,27.653634869904025,16.567129048889967,0.10292953743103908,1
5,0,1,0,0,0,0,0,1.0,0,1,2.0,25.716849589654487,17.12135287119684,0.1256732876617301,1
6,0,1,0,0,0,0,0,1.0,0,1,2.0,30.065346818487697,11.07480900603983,-0.04209905528855516,1
5,0,1,0,0,0,0,0,1.0,0,1,2.0,30.065346818487697,11.07480900603983,-0.04209905528855516,1
6,0,1,0,0,0,0,0,1.0,0,1,2.0,30.065346818487697,11.07480900603983,-0.04209905528855516,1
6,0,1,0,0,0,0,0,1.0,0,1,2.0,30.065346818487697,11.07480900603983,-0.04209905528855516,1
4,0,1,0,0,0,0,0,1.0,0,1,0.9596526051251972,36.68384528226141,10.532694358943438,-0.0218668725086925,1
7,0,1,0,0,0,0,0,1.0,0,1,1.0996990046968456,36.68384528226141,10.532694358943438,-0.0218668725086925,1
8,0,1,0,0,0,0,0,1.0,0,1,1.1548554690493205,36.68384528226141,10.532694358943438,-0.0218668725086925,1
6,0,1,0,0,0,0,0,1.0,0,1,1.0460971537263464,36.68384528226141,10.532694358943438,-0.0218668725086925,1
6,0,1,0,0,0,0,0,1.0,0,1,1.101529661928548,36.68384528226141,10.532694358943438,-0.0218668725086925,1
7,0,1,0,0,0,0,0,1.0,0,1,1.0512459390953806,34.75236427959345,25.103476713457674,0.05780780700776915,1
5,0,1,0,0,0,0,1,1.0,0,1,1.0351549695733335,31.657707347389547,16.4765744412928,-0.020265002626154605,1
4,0,1,0,0,0,0,1,1.0,0,1,2.0,31.657707347389547,16.4765744412928,-0.020265002626154605,1
7,0,1,0,0,0,0,1,1.0,0,1,2.0,31.657707347389547,16.4765744412928,-0.020265002626154605,1
8,0,1,0,0,0,0,1,1.0,0,1,2.0,31.657707347389547,16.4765744412928,-0.020265002626154605,1
6,0,1,0,0,0,0,1,1.0,0,1,2.0,31.657707347389547,16.4765744412928,-0.020265002626154605,1
6,0,1,0,0,0,0,1,1.0,0,1,2.0,36.42996520684377,36.482458262314154,0.20888265260665964,1
7,0,1,0,0,0,0,0,1.0,0,1,2.0,33.114932933526845,11.815275953647685,0.07442358786512077,1
5,0,1,0,0,0,0,1,1.0,1,0,2.0,73.67130478287376,83.99439566119509,0.9908331283329228,0
6,0,1,0,0,0,0,0,1.0,0,1,1.009198714790799,35.57453895904963,17.003636883813662,-0.02673498141904092,1
7,0,1,0,0,0,0,0,1.0,0,1,0.9717802580651682,35.57453895904963,17.003636883813662,-0.02673498141904092,1
7,0,1,0,0,0,0,0,1.0,1,0,2.0,62.14669176911678,86.70529587352412,0.8906121307464768,0
6,0,1,0,0,0,0,0,1.0,1,0,2.0,64.05588792966131,77.76587165628266,0.9699594923415026,0
6,0,1,0,0,0,0,0,1.0,0,1,1.0702391123644865,27.496436894572923,14.136163913670856,0.043733574308937234,1
6,0,1,0,0,0,0,0,1.0,0,1,1.0777629612083266,27.823984507443143,11.21049499841026,0.11171813254353646,1
6,0,1,0,0,0,0,0,1.0,0,1,2.0,37.94849462739263,6.257164607336011,-0.14783074342405755,1
5,0,1,0,0,0,0,0,1.0,0,1,1.0184654783603442,37.94849462739263,6.257164607336011,-0.14783074342405755,1
6,0,1,0,0,0,0,0,1.0,0,1,1.0453765136733684,37.94849462739263,6.257164607336011,-0.14783074342405755,1
5,0,1,0,0,0,0,0,1.0,1,0,2.0,59.45665471914561,80.13560225705429,1.1383652602918708,0
6,0,1,0,0,0,0,0,1.0,1,0,2.0,59.45665471914561,80.13560225705429,1.1383652602918708,0
6,0,1,0,0,0,0,0,1.0,1,0,2.0,62.08975572727721,82.47083916972282,0.9616406800204474,0
9,0,1,0,0,0,0,0,1.0,0,1,0.9942788228025691,34.04060244553828,7.800340330044813,-0.10342781627764719,1
6,0,1,0,0,0,0,0,1.0,0,1,1.0383990807682206,34.04060244553828,7.800340330044813,-0.10342781627764719,1
5,0,1,0,0,0,0,0,1.0,0,1,0.9997801794070598,33.45497894814112,4.865464045805555,-0.02848724127999369,1
9,0,1,0,0,0,0,0,1.0,1,0,2.0,62.784826781173656,88.87359068508182,1.0721487754118535,0
5,0,1,0,0,0,0,0,1.0,1,0,2.0,62.784826781173656,88.87359068508182,1.0721487754118535,0
6,0,1,0,0,0,0,1,1.0,1,0,2.0,69.82502458173728,84.61085498768016,0.9454272360120204,0
4,0,1,0,0,0,0,0,1.0,1,0,0.9929236296078845,64.5270143171891,89.95400592648696,1.2017721051981805,1
6,0,1,0,0,0,0,1,1.0,1,0,1.0174459398694393,72.54209504859043,94.76455476408391,1.0434291034638095,1
4,0,1,0,0,0,0,1,1.0,1,0,2.0,65.66809983974414,85.56123997548742,0.8304815146584422,1
6,0,1,0,0,0,0,0,1.0,1,0,2.0,65.11016904157381,83.8350120213328,1.157861729431312,1
6,0,1,0,0,0,0,0,1.0,1,0,1.1024756603321217,69.4258155938226,92.08639365178624,1.0480027001428807,1
6,0,1,0,0,0,0,0,1.0,0,1,2.0,37.264794041059425,-4.8061810150484146,-0.05931047959714795,0
6,0,1,0,0,0,0,0,1.0,1,0,1.0719129606729167,68.93223020809147,83.68207136586861,1.2200421022810717,1
4,0,1,0,0,0,0,1,1.0,1,0,1.03051779793113,68.38908588835179,92.23647096203085,1.0375284571585883,1
6,0,1,0,0,0,0,0,1.0,1,0,2.0,68.78612165515493,84.72338177571004,0.925098351262353,1
4,0,1,0,0,0,0,0,1.0,1,0,2.0,64.75203489485935,87.60655664806357,1.0588092479870446,1
6,0,1,0,0,0,0,0,1.0,0,1,1.1349409003633157,36.453970233677616,5.462359360531564,-0.08635721251134242,1
7,0,1,0,1,0,0,0,1.0,0,1,1.0892080723986468,36.87299259578496,1.6453438041634803,0.08913733671086836,1
8,0,1,0,1,0,0,0,1.0,0,1,1.0725461329391337,36.87299259578496,1.6453438041634803,0.08913733671086836,1
5,0,1,0,0,0,0,0,1.0,0,1,1.0489993986621053,38.03799451903029,8.350800843273909,0.10128343165042668,1
7,0,1,0,0,0,0,1,1.0,0,1,1.0744935613506532,33.45590806759908,11.205934943898544,-0.17306685856175572,1
6,0,1,0,1,0,0,0,1.0,0,1,2.0,28.22297340721184,-0.521076946674838,-0.28211306769958233,1
7,0,1,0,1,0,0,0,1.0,0,1,2.0,28.22297340721184,-0.521076946674838,-0.28211306769958233,1
8,0,1,0,1,0,0,0,1.0,0,1,2.0,28.22297340721184,-0.521076946674838,-0.28211306769958233,1
5,0,1,0,1,0,0,0,1.0,0,1,1.0560641295435789,28.22297340721184,-0.521076946674838,-0.28211306769958233,1
5,0,1,0,1,0,0,0,1.0,0,1,1.0556848196333737,28.22297340721184,-0.521076946674838,-0.28211306769958233,1
5,0,1,0,0,0,0,0,1.0,0,1,2.0,26.617458779055383,9.78304208455747,-0.12774604090501657,1
7,0,1,0,0,0,0,0,1.0,0,1,1.0932783516035394,26.617458779055383,9.78304208455747,-0.12774604090501657,1
5,0,1,0,0,0,0,0,1.0,0,1,1.097828534879154,26.617458779055383,9.78304208455747,-0.12774604090501657,1
5,0,1,0,1,0,0,0,1.0,0,1,1.0769171510556426,32.772739481126564,10.224533555068314,0.06698137627302393,1
6,0,1,0,1,0,0,0,1.0,0,1,1.1046259259323412,32.772739481126564,10.224533555068314,0.06698137627302393,1
7,0,1,0,0,0,0,0,1.0,0,1,2.0,29.947815333114832,6.7750660353035705,0.06244230991770908,1
5,0,1,1,0,0,0,0,1.0,0,1,2.0,32.501908591459525,24.304131172265397,0.0870197760270046,1
6,0,1,1,0,0,0,0,1.0,0,1,1.0794278995635924,32.501908591459525,24.304131172265397,0.0870197760270046,1
6,0,1,0,0,0,0,0,1.0,1,0,2.0,65.22300795605595,88.0509110230323,1.1306325245612499,0
5,0,1,0,0,0,0,0,1.0,1,0,2.0,67.6964526348151,96.57882080622157,1.1090899561847216,0
6,0,1,0,0,0,0,0,1.0,1,0,2.0,68.83428958553355,86.67978108493286,1.0585551154578956,0
5,0,1,0,0,0,0,0,1.0,1,0,2.0,63.37190378636245,78.43940613740672,0.8845809206015369,0
7,0,1,0,0,0,0,0,1.0,0,1,1.0510877371124747,39.4548801668309,5.401367539373965,-0.16528443599554166,1
4,0,1,0,0,0,0,0,1.0,0,1,1.0645942730501172,37.2799488809476,-5.711515653580018,-0.13567396426921066,1
6,0,1,0,0,0,0,0,1.0,0,1,1.0884303838454275,37.2799488809476,-5.711515653580018,-0.13567396426921066,1
8,0,1,1,0,0,0,1,1.0,0,1,1.0598001249046431,36.94917445385091,7.949205786297196,0.022871556956824288,1
8,0,1,0,0,0,0,0,1.0,1,0,2.0,62.2068526841067,90.6386426480371,0.999135575005588,0
4,0,1,0,0,0,0,1,1.0,1,0,2.0,64.75202501579372,84.36785701326885,1.0893805783210762,0
6,0,1,0,0,0,0,1,1.0,1,0,2.0,64.75202501579372,84.36785701326885,1.0893805783210762,0
7,0,1,0,0,0,0,0,1.0,1,0,2.0,66.80973528392772,88.11820979466843,0.9977887529095508,0
7,0,1,0,0,0,0,0,1.0,1,0,2.0,66.80973528392772,88.11820979466843,0.9977887529095508,0
5,0,1,0,0,0,0,0,1.0,1,0,2.0,66.53493501954644,91.57515401620752,0.9088916999126766,0
4,0,1,0,0,0,0,0,1.0,1,0,1.1198277839469712,64.27797574402462,98.14236597369853,1.0394765349147097,1
4,0,1,0,0,0,0,0,1.0,0,1,2.0,39.16656264804776,25.039663687102944,0.038216781679402935,0
5,0,1,0,0,0,0,0,1.0,0,1,0.9559114481429909,38.360032649195894,3.3631410441597116,-0.0534332719490145,1
9,0,1,0,0,0,0,0,1.0,0,1,1.0147657441144713,33.83878013819904,23.86757207995418,-0.00547792222477089,1
4,0,1,0,0,0,0,1,1.0,0,1,1.0864629683815272,31.63614392110796,14.290862543731953,-0.017098119302111723,1
5,0,1,0,0,0,0,1,1.0,0,1,1.0794720114643106,31.63614392110796,14.290862543731953,-0.017098119302111723,1
6,0,1,0,0,0,0,0,1.0,0,1,1.0364608626116485,35.576639236363846,8.781930870738277,0.11634640170770083,1
5,0,1,0,0,0,0,0,1.0,0,1,2.0,35.576639236363846,8.781930870738277,0.11634640170770083,1
4,0,1,0,0,0,0,0,1.0,0,1,1.029333894911261,35.576639236363846,8.781930870738277,0.11634640170770083,1
7,0,1,0,0,0,0,0,1.0,0,1,0.9923416447379881,35.576639236363846,8.781930870738277,0.11634640170770083,1
6,0,1,0,0,0,0,0,1.0,0,1,1.1133083717804755,32.312960071312546,10.659566951359574,0.013759519097719237,1
7,0,1,0,0,0,0,0,1.0,0,1,1.1164405766484948,32.312960071312546,10.659566951359574,0.013759519097719237,1
5,0,1,0,0,0,0,0,1.0,0,1,1.0701257041815497,32.312960071312546,10.659566951359574,0.013759519097719237,1
6,0,1,0,0,0,0,0,1.0,0,1,1.0305035452099085,32.312960071312546,10.659566951359574,0.013759519097719237,1
8,0,1,0,0,0,0,0,1.0,0,1,1.0202676308936824,32.312960071312546,10.659566951359574,0.013759519097719237,1
4,0,1,0,0,0,0,0,1.0,0,1,2.0,26.7832895024042,11.692587928048733,-0.07397037252817465,1
5,0,1,0,0,0,0,0,1.0,0,1,2.0,26.7832895024042,11.692587928048733,-0.07397037252817465,1
6,0,1,0,0,0,0,0,1.0,0,1,2.0,26.7832895024042,11.692587928048733,-0.07397037252817465,1
4,0,1,0,0,0,0,0,1.0,0,1,2.0,26.7832895024042,11.692587928048733,-0.07397037252817465,1
9,0,1,0,0,0,0,0,1.0,0,1,2.0,26.7832895024042,11.692587928048733,-0.07397037252817465,1
7,0,1,0,0,0,0,0,1.0,0,1,2.0,26.7832895024042,11.692587928048733,-0.07397037252817465,1
4,0,1,0,0,0,0,0,1.0,0,1,1.0379423367578766,26.7832895024042,11.692587928048733,-0.07397037252817465,1
6,0,1,0,0,0,0,0,1.0,0,1,2.0,31.211266756104067,13.582506081032703,0.13197512188676813,1
5,0,1,0,0,0,0,0,1.0,0,1,2.0,31.211266756104067,13.582506081032703,0.13197512188676813,1
6,0,1,0,0,0,0,0,1.0,0,1,2.0,31.211266756104067,13.582506081032703,0.13197512188676813,1
7,0,1,0,0,0,0,0,1.0,1,0,2.0,30.505052113767533,10.666192890392098,0.1512034918892846,1
8,0,1,0,0,0,0,0,1.0,1,0,2.0,30.505052113767533,10.666192890392098,0.1512034918892846,1
4,0,1,0,0,0,0,0,1.0,0,1,2.0,26.225117452461205,12.938884625401725,0.11557535776853615,1
5,0,1,0,0,0,0,0,1.0,0,1,1.069554723839141,30.5561071156593,3.292925737440724,0.08872091101204381,1
4,0,1,0,0,0,0,0,1.0,0,1,0.9960632473913372,29.125221120493194,3.2996448591177043,0.10568614122238398,1
7,0,1,0,0,0,0,0,1.0,0,1,0.9689926637265863,29.125221120493194,3.2996448591177043,0.10568614122238398,1
5,0,1,0,0,0,0,0,1.0,0,1,1.0088215312607134,29.125221120493194,3.2996448591177043,0.10568614122238398,1
6,0,1,0,0,0,0,0,1.0,0,1,1.0024639421710269,29.125221120493194,3.2996448591177043,0.10568614122238398,1
6,0,1,0,0,0,0,0,1.0,0,1,1.0191267259230938,28.322410912146935,6.923441965001817,0.026794440712539763,1
6,0,1,0,0,0,0,0,1.0,0,1,1.0492422622000206,28.322410912146935,6.923441965001817,0.026794440712539763,1
5,0,1,0,0,0,0,0,1.0,0,1,1.0447013930226514,28.322410912146935,6.923441965001817,0.026794440712539763,1
5,0,1,0,0,0,0,0,1.0,0,1,0.9926036446786355,32.45178341530671,2.247751453339814,0.052767896558853236,1
4,0,1,0,0,0,0,0,1.0,0,1,0.9941938407852343,32.45178341530671,2.247751453339814,0.052767896558853236,1
5,0,1,0,0,0,0,0,1.0,0,1,1.019686211907863,29.10699051609234,3.392119683847852,-0.05364060455070255,1
4,0,1,0,0,0,0,0,1.0,0,1,0.9592868844075395,29.10699051609234,3.392119683847852,-0.05364060455070255,1
5,0,1,0,0,0,0,0,1.0,0,1,1.021359614839945,29.10699051609234,3.392119683847852,-0.05364060455070255,1
6,0,1,0,0,0,0,0,1.0,0,1,0.9972287053713138,29.10699051609234,3.392119683847852,-0.05364060455070255,1
5,0,1,0,0,0,0,0,1.0,0,1,2.0,29.10699051609234,3.392119683847852,-0.05364060455070255,1
5,0,1,0,0,0,0,0,1.0,0,1,1.049297115704119,29.10699051609234,3.392119683847852,-0.05364060455070255,1
7,0,1,0,0,0,0,0,1.0,0,1,2.0,28.951201251007106,12.236090512689476,0.01669503390332357,1
6,0,1,0,0,0,0,0,1.0,0,1,0.9756103121543632,27.410428840850813,15.510374287752693,0.01667263262093567,1
4,0,1,0,0,0,0,0,1.0,0,1,2.0,27.410428840850813,15.510374287752693,0.01667263262093567,1
5,0,1,0,0,0,0,0,1.0,0,1,2.0,27.410428840850813,15.510374287752693,0.01667263262093567,1
6,0,1,0,0,0,0,0,1.0,0,1,2.0,27.410428840850813,15.510374287752693,0.01667263262093567,1
6,0,1,0,0,0,0,0,1.0,0,1,2.0,27.410428840850813,15.510374287752693,0.01667263262093567,1
5,0,1,0,0,0,0,0,1.0,0,1,2.0,27.410428840850813,15.510374287752693,0.01667263262093567,1
6,0,1,0,0,0,0,0,1.0,0,1,1.0319858684915304,28.513668046555225,7.861272578259544,0.03874782625866387,1
6,0,1,0,0,0,0,0,1.0,0,1,0.9443421380816225,28.513668046555225,7.861272578259544,0.03874782625866387,1
6,0,1,0,0,0,0,0,1.0,0,1,2.0,28.513668046555225,7.861272578259544,0.03874782625866387,1
6,0,1,0,0,0,0,1,1.0,0,1,1.053178713791375,25.36744659059572,-2.240924606257404,-0.027732391066682315,1
8,0,1,0,0,0,0,1,1.0,0,1,1.014167002315676,25.36744659059572,-2.240924606257404,-0.027732391066682315,1
7,0,1,0,0,0,0,1,1.0,0,1,0.9871139010579781,25.36744659059572,-2.240924606257404,-0.027732391066682315,1
6,0,1,0,0,0,0,1,1.0,0,1,0.9649743642105175,25.36744659059572,-2.240924606257404,-0.027732391066682315,1
5,0,1,0,0,0,0,1,1.0,0,1,2.0,25.36744659059572,-2.240924606257404,-0.027732391066682315,1
4,0,1,0,0,0,0,1,1.0,0,1,2.0,25.36744659059572,-2.240924606257404,-0.027732391066682315,1
5,0,1,0,0,0,0,0,1.0,0,1,2.0,27.786336049993167,15.494834627438955,-0.1906144199489352,1
6,0,1,0,0,0,0,0,1.0,0,1,2.0,27.786336049993167,15.494834627438955,-0.1906144199489352,1
5,0,1,0,0,0,0,0,1.0,0,1,0.9788616043761096,27.786336049993167,15.494834627438955,-0.1906144199489352,1
4,0,1,0,0,0,0,0,1.0,0,1,2.0,27.786336049993167,15.494834627438955,-0.1906144199489352,1
5,0,1,0,0,0,0,0,1.0,0,1,2.0,27.786336049993167,15.494834627438955,-0.1906144199489352,1
6,0,1,0,0,0,0,0,1.0,0,1,2.0,27.786336049993167,15.494834627438955,-0.1906144199489352,1
5,0,1,0,0,0,0,0,1.0,0,1,2.0,27.786336049993167,15.494834627438955,-0.1906144199489352,1
6,0,1,0,0,0,0,0,1.0,0,1,1.0448855437845492,27.786336049993167,15.494834627438955,-0.1906144199489352,1
6,0,1,0,1,0,0,0,1.0,0,1,2.0,36.54829955984865,15.550894895803479,0.05933234486683892,1
6,0,1,0,1,0,0,0,1.0,0,1,2.0,36.54829955984865,15.550894895803479,0.05933234486683892,1
8,0,1,0,0,0,0,0,1.0,1,0,2.0,36.404772283011816,13.764725887146179,-0.12316803364819369,1
6,0,1,0,0,0,0,0,1.0,1,0,2.0,36.404772283011816,13.764725887146179,-0.12316803364819369,1
6,0,1,0,0,0,0,0,1.0,1,0,2.0,61.72512071949406,97.66286122431205,1.004159003628647,0
5,0,1,0,0,0,0,1,1.0,1,0,2.0,66.63407850750886,88.24015489393823,0.9167960686739912,0
7,0,1,0,0,0,0,1,1.0,1,0,2.0,66.63407850750886,88.24015489393823,0.9167960686739912,0
6,0,1,0,0,0,0,0,1.0,1,0,2.0,65.2310522521984,80.94745326791352,0.8261160162517184,0
6,0,1,0,0,0,0,0,1.0,1,0,1.033511589955942,70.94431622878008,88.8385713405511,0.9620845419990912,1
6,0,1,0,0,0,0,1,1.0,1,0,2.0,82.24655527594294,87.78989507124983,0.9736495616047502,1
5,0,1,0,0,0,0,0,1.0,1,0,1.0260260014570115,64.8461312412565,92.96961138766324,1.0714259175380587,1
5,0,1,0,0,0,0,0,1.0,1,0,1.0076453048967662,67.16609536187897,82.37218447625334,1.006229206984102,1
5,0,1,0,0,0,0,0,1.0,1,0,2.0,64.84278353292336,85.22118629643944,0.9080299818882199,1
5,0,1,1,0,0,0,0,1.0,1,0,2.0,65.11144159182541,95.52076941495609,0.8892020840764954,1
5,0,1,0,0,0,0,1,1.0,0,1,1.0909086004593098,29.405838452443476,20.51345438087517,0.12911945320415713,1
8,0,1,0,0,0,0,1,1.0,0,1,1.0615037919469046,28.265225608365853,15.002291800205715,0.14247549166623408,1
7,0,1,0,0,0,0,0,1.0,0,1,0.9817509530654167,26.190233958156796,10.756718499173823,0.10569687333617184,1
6,0,1,0,0,0,0,0,1.0,0,1,0.9747311530169014,26.190233958156796,10.756718499173823,0.10569687333617184,1
6,0,1,0,1,0,0,1,1.0,0,1,0.9520781991822242,24.513297602754832,9.307402102866646,0.12764336563201234,1
8,0,1,0,0,0,0,0,1.0,0,1,2.0,22.6716838101717,4.8859694457521785,-0.0745654670509036,1
5,0,1,0,0,0,0,0,1.0,0,1,2.0,22.6716838101717,4.8859694457521785,-0.0745654670509036,1
7,0,1,0,0,0,0,0,1.0,0,1,2.0,27.30091717808942,27.990885602933243,0.046496973063073176,1
6,0,1,1,1,0,0,0,1.0,0,1,2.0,26.556582959737597,22.26516760621305,0.06905747159823868,1
6,0,1,1,1,0,0,0,1.0,0,1,2.0,26.556582959737597,22.26516760621305,0.06905747159823868,1
7,0,1,0,0,0,0,0,1.0,0,1,1.0090076195565203,27.260813873759403,18.99375998296346,0.08428872513351651,1
7,0,1,1,0,0,0,1,1.0,1,0,2.0,56.38059876202717,91.09962852231108,0.9949790290384807,0
7,0,1,0,0,0,0,0,1.0,0,1,1.0251511837043268,39.39095923362114,10.017760092082915,0.02902874765291522,1
7,0,1,0,0,0,0,1,1.0,1,0,1.0324167033073643,36.94021080535771,24.016746891688378,0.2161188247142237,1
7,0,1,0,0,0,0,0,1.0,1,0,2.0,61.80723035180025,93.56048218343095,1.057020030646597,0
7,0,1,0,0,0,0,0,1.0,1,0,2.0,69.79511690326815,90.74793117990977,1.0663518065305277,0
6,0,1,0,0,0,0,0,1.0,0,1,1.0218153525475462,31.599198186429106,2.32687550720858,-0.21859314893708384,1
5,0,1,0,0,0,0,0,1.0,0,1,1.0246830645736156,31.599198186429106,2.32687550720858,-0.21859314893708384,1
5,0,1,0,0,0,0,0,1.0,0,1,1.056992835100135,31.599198186429106,2.32687550720858,-0.21859314893708384,1
6,0,1,0,0,0,0,0,1.0,0,1,1.1243185793116959,31.599198186429106,2.32687550720858,-0.21859314893708384,1
7,0,1,0,0,0,0,0,1.0,0,1,1.0442101233029428,33.994687899664655,6.35332788097412,-0.02748112197014597,1
5,0,1,0,0,0,0,0,1.0,0,1,1.002112896188575,33.994687899664655,6.35332788097412,-0.02748112197014597,1
6,0,1,0,0,0,0,0,1.0,0,1,1.0702144218736245,33.994687899664655,6.35332788097412,-0.02748112197014597,1
7,0,1,0,0,0,0,0,1.0,0,1,1.0668450825199725,33.994687899664655,6.35332788097412,-0.02748112197014597,1
6,0,1,0,0,0,0,0,1.0,0,1,1.0811641000112358,33.994687899664655,6.35332788097412,-0.02748112197014597,1
6,0,1,0,0,0,0,0,1.0,0,1,1.103200064096502,33.994687899664655,6.35332788097412,-0.02748112197014597,1
5,0,1,0,0,0,0,0,1.0,0,1,1.01074523638146,32.29664852842917,8.619011843491613,-0.08011048354859472,1
5,0,1,0,0,0,0,1,1.0,0,1,2.0,31.26643156624111,10.490737948147629,-0.06488015439894795,1
5,0,1,0,0,0,0,0,1.0,1,0,2.0,62.78954413593795,95.49127843025543,0.9657066874996669,0
5,0,1,0,0,0,0,0,1.0,1,0,2.0,62.78954413593795,95.49127843025543,0.9657066874996669,0
7,0,1,0,0,0,0,0,1.0,1,0,2.0,62.78954413593795,95.49127843025543,0.9657066874996669,0
6,0,1,0,0,0,0,0,1.0,1,0,2.0,62.78954413593795,95.49127843025543,0.9657066874996669,0
7,0,1,0,0,0,0,1,1.0,1,0,2.0,67.59717107111632,95.9272957082109,1.058541109643196,0
6,0,1,0,0,0,0,1,1.0,1,0,2.0,67.59717107111632,95.9272957082109,1.058541109643196,0
6,0,1,0,0,0,0,1,1.0,1,0,2.0,67.59717107111632,95.9272957082109,1.058541109643196,0
6,0,1,0,0,0,0,1,1.0,1,0,2.0,68.28538172567525,93.38624564428244,1.0071489414728054,0
5,0,1,0,0,0,0,1,1.0,1,0,2.0,68.28538172567525,93.38624564428244,1.0071489414728054,0
6,0,1,0,0,0,0,1,1.0,1,0,2.0,68.28538172567525,93.38624564428244,1.0071489414728054,0
7,0,1,0,0,0,0,0,1.0,0,1,1.0805358714199849,37.73610678912863,27.278397911957757,0.204348663672797,1
5,0,1,0,0,0,0,0,1.0,0,1,1.02998756617893,37.73610678912863,27.278397911957757,0.204348663672797,1
7,0,1,0,0,0,0,1,1.0,1,0,2.0,57.45743771974531,91.68814365076685,0.9425764766446746,0
5,0,1,0,0,0,0,1,1.0,1,0,2.0,57.45743771974531,91.68814365076685,0.9425764766446746,0
6,0,1,0,0,0,0,0,1.0,0,1,1.0277186234965752,23.952746891265093,8.190342196643963,0.019193550130091615,1
7,0,1,0,0,0,0,0,1.0,0,1,1.1326676711488737,23.952746891265093,8.190342196643963,0.019193550130091615,1
5,0,1,0,0,0,0,0,1.0,0,1,1.048172310171308,34.24138748326578,14.048738683916602,0.09829677640939169,1
5,0,1,0,1,0,0,0,1.0,0,1,0.9922180885019679,33.254052656951316,16.625452711564076,0.00427088129165214,1
6,0,1,0,0,0,0,0,1.0,0,1,2.0,31.125289984313085,13.688979871584671,0.0353350677602471,1
5,0,1,0,0,0,0,0,1.0,1,0,2.0,60.032273320784405,88.71112808381844,1.0931084780038833,0
5,0,1,0,0,0,0,0,1.0,1,0,2.0,60.032273320784405,88.71112808381844,1.0931084780038833,0
7,0,1,0,0,0,0,0,1.0,1,0,2.0,64.62994782837728,94.73563298047976,1.0197675030323528,0
7,0,1,0,0,0,0,0,1.0,0,1,1.0190097187529576,33.52798279844191,5.302831487361562,0.004788358208576766,1
6,0,1,0,0,0,0,0,1.0,0,1,0.983515259110671,33.52798279844191,5.302831487361562,0.004788358208576766,1
7,0,1,0,0,0,0,1,1.0,0,1,1.0060594780634518,28.22200590431791,16.087929200013768,-0.10495933179881797,1
6,0,1,0,0,0,0,1,1.0,0,1,0.9325561542208126,28.22200590431791,16.087929200013768,-0.10495933179881797,1
7,0,1,0,0,0,0,0,1.0,1,0,2.0,55.07806176508526,104.1383024299647,0.7711591290541465,0
6,0,1,0,0,0,0,0,1.0,1,0,2.0,55.07806176508526,104.1383024299647,0.7711591290541465,0
6,0,1,0,0,0,0,1,1.0,0,1,1.0305044759409066,33.316219398164606,3.8278718839304857,0.07234214817516589,1
6,0,1,0,0,0,0,1,1.0,0,1,1.0177353116842802,33.316219398164606,3.8278718839304857,0.07234214817516589,1
7,0,1,0,1,0,0,0,1.0,0,1,2.0,35.39571190058852,16.316690638913453,-0.17791477233628641,1
6,0,1,0,0,0,0,0,1.0,0,1,1.0028933307580516,33.79159310516121,8.681626764483136,-0.12512952342315029,1
6,0,1,0,0,0,0,0,1.0,0,1,1.0012679136689893,33.79159310516121,8.681626764483136,-0.12512952342315029,1
6,0,1,0,0,0,0,0,1.0,0,1,2.0,33.79159310516121,8.681626764483136,-0.12512952342315029,1
6,0,1,0,0,0,0,0,1.0,0,1,2.0,55.85191413012239,81.8128929658726,0.7323332300162632,0
6,0,1,0,0,0,0,0,1.0,0,1,2.0,55.85191413012239,81.8128929658726,0.7323332300162632,0
6,0,1,0,0,0,0,0,1.0,1,0,2.0,59.98938544120618,88.5706731172796,0.857639328091819,0
6,0,1,0,0,0,0,1,1.0,1,0,2.0,61.689078816978224,84.4072224460528,0.9013041870421217,0
5,0,1,0,0,0,0,0,1.0,1,0,1.1018433306216264,72.91841894313342,87.77987773013689,0.8811627292349247,1
5,0,1,0,0,0,0,1,1.0,0,1,2.0,37.24968206555745,41.79009873243243,0.06245632795594982,0
5,0,1,0,0,0,0,0,1.0,1,0,0.4417748397257777,70.03961627587768,80.09372326443064,0.9863664911234852,1
5,0,1,0,0,0,0,1,1.0,0,1,2.0,45.280083223571204,26.24189018488586,0.3547824660105395,0
4,0,1,0,0,0,0,1,1.0,1,0,0.931099755228584,68.12713467825205,88.88196537170901,0.8960217290427839,1
5,0,1,0,0,0,0,0,1.0,1,0,0.9239724847691434,68.08090158811054,88.71156305958104,0.8361362308799796,1
4,0,1,0,0,0,0,0,1.0,1,0,2.0,71.04469378568864,94.0134397520769,1.0452270036904812,1
5,0,1,0,0,0,0,0,1.0,1,0,2.0,73.86511243146822,87.84992425791289,0.9841040714052613,1
4,0,1,0,0,0,0,0,1.0,1,0,1.0432530269345361,67.29501744822684,89.78634643573055,0.9872590568820925,1
4,0,1,0,0,0,0,0,1.0,1,0,2.0,67.99981117016523,90.54906096822657,1.1167433092253787,1
6,0,1,1,0,0,0,1,1.0,0,1,1.0210968475832745,35.31992408598724,24.940957509601215,0.09225330476005748,1
8,0,1,0,1,0,0,1,1.0,0,1,1.0227234952408377,40.49485950853371,21.647786518170868,-0.020556091331994174,1
9,0,1,0,0,0,0,1,1.0,0,1,1.075251337437408,38.612721755102804,30.449132948378235,-0.0423418488031958,1
5,0,1,0,0,0,0,0,1.0,0,1,1.071881978287806,36.11293152528669,18.447153893771688,-0.08331429689420275,1
8,0,1,0,1,0,0,0,1.0,0,1,2.0,28.163286859466353,2.30294540120635,-0.26595936114119395,1
5,0,1,0,1,0,0,0,1.0,0,1,1.0380911441187461,28.163286859466353,2.30294540120635,-0.26595936114119395,1
6,0,1,0,1,0,0,0,1.0,0,1,2.0,28.163286859466353,2.30294540120635,-0.26595936114119395,1
6,0,1,0,1,0,0,0,1.0,0,1,1.104683453215728,28.163286859466353,2.30294540120635,-0.26595936114119395,1
5,0,1,0,1,0,0,0,1.0,0,1,1.083657655000023,28.163286859466353,2.30294540120635,-0.26595936114119395,1
9,0,1,0,1,0,0,0,1.0,0,1,2.0,32.876131382289955,16.82468257713646,0.09871130140704486,1
5,0,1,0,0,0,0,0,1.0,1,0,2.0,35.68236040423152,16.809952088699085,0.2010371579299708,1
5,0,1,0,0,0,0,0,1.0,0,1,2.0,33.41939166583322,4.769322110741672,0.14897525584851898,1
5,0,1,0,0,0,0,0,1.0,1,0,2.0,61.53437460421739,86.86824637805128,1.1219827851988493,0
6,0,1,0,0,0,0,0,1.0,0,1,2.0,27.305218462197942,7.517112516054297,0.052943577844666405,1
5,0,1,0,0,0,0,0,1.0,0,1,1.075479636756126,27.305218462197942,7.517112516054297,0.052943577844666405,1
5,0,1,0,0,0,0,0,1.0,0,1,1.0165157610400601,27.305218462197942,7.517112516054297,0.052943577844666405,1
5,0,1,0,0,0,0,0,1.0,1,0,2.0,63.4822325891776,92.08292049827045,1.0647874814305813,0
5,0,1,0,0,0,0,0,1.0,1,0,2.0,63.11001509900542,88.35037077868446,1.0879969859311296,0
5,0,1,0,0,0,0,0,1.0,1,0,1.1229916548296075,70.22158531688211,91.14717972967323,1.2259864814449675,1
5,0,1,0,0,0,0,0,1.0,1,0,2.0,72.48693411413137,89.30523423646834,0.9127819835658543,1
4,0,1,0,0,0,0,0,1.0,0,1,1.003608356983305,72.76568516628242,98.5293497240348,1.023471543115929,1
4,0,1,0,0,0,0,0,1.0,0,1,2.0,36.2743473086438,6.621385278472801,-0.11285035839011559,0
4,0,1,0,0,0,0,0,1.0,1,0,1.1753562952277925,63.33555389140867,101.93639920912463,1.066923857367067,1
4,0,1,0,0,0,0,0,1.0,1,0,2.0,68.2258919942545,78.96820370143348,0.9282718738635855,1
4,0,1,0,0,0,0,0,1.0,1,0,1.0896601270800939,69.5813026071281,89.39019248352787,0.9331177608599445,1
4,0,1,0,0,0,0,1,1.0,1,0,2.0,73.66912483284094,86.36972978128462,0.9141517862546933,1
4,0,1,0,0,0,0,0,1.0,1,0,1.161455255444807,65.02299927789007,74.1421325143479,0.9644169605883303,1
5,0,1,0,0,0,0,0,1.0,1,0,1.1927200006139382,64.4230075544962,82.02009484751366,1.1235992097994458,1
5,0,1,0,0,0,0,0,1.0,1,0,1.225287692996729,62.223989709950715,79.98270974025597,1.0963897338209387,1
5,0,1,0,0,0,0,0,1.0,0,1,2.0,37.92418773494774,7.139126093730812,-0.009940163197996052,0
4,0,1,0,0,0,0,1,1.0,1,0,2.0,63.5499327168122,83.61999993665404,0.9298414557622137,1
6,0,1,0,0,0,0,0,1.0,1,0,1.1492971238923857,66.24312515210872,88.57408805997265,1.158999545968763,1
5,0,1,0,0,0,0,0,1.0,1,0,2.0,65.1426627766721,84.72994175081631,1.0486925487275167,1
6,0,1,0,0,0,0,0,1.0,1,0,2.0,67.35399960946421,82.90925754790234,0.9691692864758205,1
4,0,1,0,0,0,0,0,1.0,1,0,1.0810970018139845,68.71857871016401,83.81923304639135,0.973259166755563,1
4,0,1,0,0,0,0,0,1.0,1,0,2.0,73.94970909608439,89.57642924251769,1.0590086186983712,1
4,0,1,0,0,0,0,0,1.0,1,0,1.2723083300258764,72.07411110447045,92.83965293265612,1.1922046431911382,1
4,0,1,0,0,0,0,0,1.0,1,0,2.0,67.4631532850558,92.56473365583618,0.9802657780835226,1
6,0,1,1,0,0,0,1,1.0,0,1,1.097134095246053,28.367216234593883,6.1201664863533844,-0.20469501242197324,1
6,0,1,1,0,0,0,1,1.0,0,1,1.1499250164340051,28.367216234593883,6.1201664863533844,-0.20469501242197324,1
6,0,1,0,0,0,0,0,1.0,1,0,2.0,64.21464434292851,78.28635626538141,1.0626013536060899,0
6,0,1,0,0,0,0,0,1.0,1,0,2.0,64.21464434292851,78.28635626538141,1.0626013536060899,0
4,0,1,0,0,0,0,0,1.0,1,0,1.1971776694768663,80.7370322395107,90.45207680012987,0.9175129162320304,1
4,0,1,0,0,0,0,0,1.0,1,0,2.0,71.92179325912839,88.19445510811282,1.1151394238742647,1
4,0,1,0,0,0,0,0,1.0,1,0,1.2234436797784083,73.93910428572799,93.65642540433069,1.0422983527173835,1
4,0,1,0,0,0,0,1,1.0,0,1,2.0,39.336628077325656,11.342966438934303,0.005653926784242157,0
4,0,1,0,0,0,0,1,1.0,0,1,1.268070121084272,29.90793329744038,8.922155439435992,-0.08653718420645862,1
6,0,1,0,0,0,0,1,1.0,0,1,1.299533997313228,29.90793329744038,8.922155439435992,-0.08653718420645862,1
5,0,1,0,0,0,0,1,1.0,0,1,1.373722168341585,29.90793329744038,8.922155439435992,-0.08653718420645862,1
5,0,1,0,0,0,0,0,1.0,1,0,2.0,60.15856752360598,93.88070143608236,0.9463253940169111,0
6,0,1,0,0,0,0,0,1.0,1,0,2.0,59.882022526595726,96.95394909684103,0.9025149351335342,0
4,0,1,0,0,0,0,1,1.0,1,0,2.0,64.34165469013878,105.34116857879292,0.9371672631537523,0
5,0,1,0,0,0,0,1,1.0,1,0,1.406147426888433,64.85654077931147,78.93240519695462,1.084893828391953,1
7,0,1,0,0,0,0,0,1.0,1,0,1.3626904417744725,67.89856644098889,85.84235272036776,1.1293574192763634,1
4,0,1,0,0,0,0,0,1.0,1,0,1.3066721837318205,68.09901107549693,80.91363316106961,1.0076560599160889,1
5,0,1,0,0,0,0,1,1.0,1,0,2.0,62.90576212379591,81.35193918813619,1.1213707545342853,1
4,0,1,0,0,0,0,0,1.0,0,1,2.0,38.94777341913555,5.5580292534388,-0.05421461246656227,0
7,0,1,0,0,0,0,0,1.0,0,1,2.0,38.94777341913555,5.5580292534388,-0.05421461246656227,0
5,0,1,0,0,0,0,0,1.0,1,0,1.2675744190603064,65.13365569715381,83.43995721004102,0.7964512837295615,1
5,0,1,0,1,0,0,0,1.0,0,1,2.0,31.83811233086375,18.51649490742401,-0.08687620947905436,0
7,0,1,0,1,0,0,0,1.0,0,1,1.389986534945776,27.35199843502224,14.995963715352206,-0.14460956200291836,1
7,0,1,0,1,0,0,0,1.0,0,1,1.357861987736262,27.35199843502224,14.995963715352206,-0.14460956200291836,1
8,0,1,0,1,0,0,0,1.0,0,1,1.3590309211795524,27.35199843502224,14.995963715352206,-0.14460956200291836,1
6,0,1,0,1,0,0,0,1.0,0,1,1.3421499337060454,27.35199843502224,14.995963715352206,-0.14460956200291836,1
7,0,1,0,0,0,0,0,1.0,1,0,2.0,65.2586770778286,89.92201024014376,1.351378836893934,0
8,0,1,0,0,0,0,0,1.0,1,0,2.0,65.2586770778286,89.92201024014376,1.351378836893934,0
6,0,1,0,0,0,0,0,1.0,1,0,2.0,65.2586770778286,89.92201024014376,1.351378836893934,0
7,0,1,0,0,0,0,0,1.0,0,1,1.3580451987300362,28.83100662550349,3.6409724626249718,-0.032015320003264396,1
6,0,1,0,0,0,0,0,1.0,0,1,1.235109466958678,25.486601227547496,4.756036002444733,0.005987439287235658,1
6,0,1,0,0,0,0,0,1.0,0,1,1.3276155887304835,25.486601227547496,4.756036002444733,0.005987439287235658,1
6,0,1,0,0,0,0,0,1.0,1,0,2.0,56.10393957588683,78.99706679984577,0.6521255129201508,0
6,0,1,0,0,0,0,0,1.0,1,0,2.0,56.10393957588683,78.99706679984577,0.6521255129201508,0
7,0,1,0,0,0,0,0,1.0,1,0,2.0,68.25684129708952,91.80353259839049,1.058246609437574,0
7,0,1,0,0,0,0,0,1.0,1,0,2.0,66.61107310623223,81.08566460598203,1.0873569931112508,0
5,0,1,0,0,0,0,0,1.0,0,1,1.244011158667984,24.03899822840637,18.350332373073815,0.052496004337571345,1
5,0,1,0,0,0,0,1,1.0,0,1,2.0,28.119465121132265,7.415307997669241,0.024711424910279858,1
5,0,1,0,0,0,0,1,1.0,0,1,1.2817166943010558,28.021762208772913,15.76418740865952,0.05068312695255595,1
6,0,1,0,0,0,0,0,1.0,0,1,1.3234047783140872,28.6548555216157,13.924997587857522,0.06132912427134349,1
6,0,1,0,0,0,0,1,1.0,0,1,1.300879726129178,30.99640671523744,28.962967382605495,0.12711346977360619,1
6,0,1,0,0,0,0,0,1.0,1,0,2.0,66.4864670302135,93.43370513608352,1.0642518060839687,0
5,0,1,0,0,0,0,0,1.0,1,0,2.0,66.4864670302135,93.43370513608352,1.0642518060839687,0
6,0,1,0,0,0,0,0,1.0,1,0,2.0,66.4864670302135,93.43370513608352,1.0642518060839687,0
7,0,1,0,0,0,0,0,1.0,1,0,1.3607164275529486,65.37109187919138,70.4213971868416,0.8404963553553622,1
6,0,1,0,0,0,0,0,1.0,1,0,1.1474949470566647,67.3907224409235,78.73115919361132,0.8646101957407583,1
7,0,1,0,0,0,0,1,1.0,1,0,2.0,61.36408082273645,86.82848290174319,1.1605723658462301,1
6,0,1,0,0,0,0,0,1.0,1,0,2.0,63.01520361738545,70.11770794003833,1.2320324984643178,1
6,0,1,0,1,0,0,1,1.0,0,1,1.2078993584321946,27.029555470616117,6.0637173104926685,0.02190309083035194,1
4,0,1,0,0,0,0,1,1.0,0,1,1.2137605705098562,20.175394318167122,8.393016382951238,-0.06827538713970865,1
6,0,1,0,0,0,0,1,1.0,0,1,1.3300196360698289,20.175394318167122,8.393016382951238,-0.06827538713970865,1
7,0,1,0,0,0,0,1,1.0,0,1,1.1326010840567107,20.175394318167122,8.393016382951238,-0.06827538713970865,1
5,0,1,0,0,0,0,1,1.0,0,1,1.3639483468575466,20.175394318167122,8.393016382951238,-0.06827538713970865,1
6,0,1,0,0,0,0,1,1.0,0,1,1.3047928981880481,20.175394318167122,8.393016382951238,-0.06827538713970865,1
5,0,1,0,0,0,0,1,1.0,0,1,1.3143740600309743,20.175394318167122,8.393016382951238,-0.06827538713970865,1
7,0,1,0,0,0,0,1,1.0,0,1,1.3359023805948922,20.175394318167122,8.393016382951238,-0.06827538713970865,1
6,0,1,0,0,0,0,1,1.0,0,1,1.2615561681629415,20.175394318167122,8.393016382951238,-0.06827538713970865,1
4,0,1,0,0,0,0,1,1.0,0,1,1.2666487160857076,20.175394318167122,8.393016382951238,-0.06827538713970865,1
4,0,1,0,0,0,0,1,1.0,0,1,1.1591947905468034,20.175394318167122,8.393016382951238,-0.06827538713970865,1
5,0,1,0,0,0,0,1,1.0,0,1,1.265317285221597,28.12378356954501,13.441246741110518,0.20978006366450883,1
6,0,1,0,0,0,0,0,1.0,0,1,1.166627322848796,26.650302170951292,6.368843558840139,0.19854870885573747,1
5,0,1,0,0,0,0,0,1.0,1,0,1.2250763314322406,26.263907264758743,7.563439146897313,0.02660002495347242,1
5,0,1,0,0,0,0,0,1.0,1,0,2.0,26.263907264758743,7.563439146897313,0.02660002495347242,1
6,0,1,0,0,0,0,0,1.0,1,0,2.0,26.263907264758743,7.563439146897313,0.02660002495347242,1
6,0,1,0,0,0,0,0,1.0,1,0,2.0,26.263907264758743,7.563439146897313,0.02660002495347242,1
4,0,1,0,0,0,0,1,1.0,0,1,2.0,30.454200139982518,24.527054778759016,-0.01263092499349992,1
5,0,1,0,0,0,0,1,1.0,0,1,2.0,30.454200139982518,24.527054778759016,-0.01263092499349992,1
7,0,1,0,0,0,0,1,1.0,0,1,2.0,30.454200139982518,24.527054778759016,-0.01263092499349992,1
4,0,1,0,0,0,0,1,1.0,0,1,2.0,30.454200139982518,24.527054778759016,-0.01263092499349992,1
7,0,1,0,0,0,0,1,1.0,0,1,2.0,27.919778777910494,8.32018419308153,-0.10070210372712539,1
6,0,1,0,0,0,0,1,1.0,0,1,2.0,27.919778777910494,8.32018419308153,-0.10070210372712539,1
4,0,1,0,0,0,0,1,1.0,0,1,2.0,27.919778777910494,8.32018419308153,-0.10070210372712539,1
6,0,1,0,1,0,0,0,1.0,0,1,2.0,29.32037400152167,7.530145531552771,0.014895346941573616,1
5,0,1,0,0,0,0,1,1.0,1,0,2.0,66.00784725487759,102.07041999773331,1.1379460695460177,0
5,0,1,0,0,0,0,0,1.0,1,0,2.0,66.03654864731074,80.90427117418871,0.8553033637069505,0
6,0,1,0,0,0,0,0,1.0,1,0,2.0,66.03654864731074,80.90427117418871,0.8553033637069505,0
6,0,1,0,0,0,0,0,1.0,0,1,1.3408081415126176,27.357144831949896,7.858660276961283,-0.21460785346847427,1
7,0,1,0,0,0,0,0,1.0,0,1,1.3578364980661564,27.357144831949896,7.858660276961283,-0.21460785346847427,1
5,0,1,0,0,0,0,0,1.0,0,1,1.3447370859873802,27.357144831949896,7.858660276961283,-0.21460785346847427,1
7,0,1,0,0,0,0,0,1.0,0,1,1.2439425154813588,31.385512590696308,6.939897280588088,-0.02156252378008269,1
6,0,1,0,0,0,0,0,1.0,0,1,1.3597592631670943,31.385512590696308,6.939897280588088,-0.02156252378008269,1
6,0,1,0,0,0,0,0,1.0,0,1,1.426786467630639,31.385512590696308,6.939897280588088,-0.02156252378008269,1
5,0,1,0,0,0,0,0,1.0,0,1,1.4649939307744835,31.385512590696308,6.939897280588088,-0.02156252378008269,1
7,0,1,0,0,0,0,0,1.0,0,1,1.383927278744647,32.85716816942433,2.1475196697136583,0.014854274900961868,1
4,0,1,0,0,0,0,1,1.0,0,1,1.262536844774443,31.51447113906984,16.136304638371442,-0.039315352011263065,1
7,0,1,0,0,0,0,1,1.0,0,1,1.400368147136734,31.51447113906984,16.136304638371442,-0.039315352011263065,1
7,0,1,0,0,0,0,1,1.0,0,1,1.3395201309141735,29.0577361175891,12.026759271186867,-0.03487742263083867,1
6,0,1,0,0,0,0,1,1.0,0,1,1.3593452525495293,29.0577361175891,12.026759271186867,-0.03487742263083867,1
6,0,1,0,0,0,0,0,1.0,0,1,2.0,26.67716016719011,10.71966719425943,0.05347117752905509,1
7,0,1,0,0,0,0,0,1.0,0,1,2.0,26.67716016719011,10.71966719425943,0.05347117752905509,1
5,0,1,0,0,0,0,0,1.0,0,1,2.0,26.67716016719011,10.71966719425943,0.05347117752905509,1
5,0,1,0,0,0,0,0,1.0,0,1,1.3373433101559775,26.67716016719011,10.71966719425943,0.05347117752905509,1
7,0,1,1,1,0,0,0,1.0,0,1,2.0,29.26622642977985,5.368050880629502,0.11265047130195914,1
6,0,1,1,1,0,0,0,1.0,0,1,2.0,29.26622642977985,5.368050880629502,0.11265047130195914,1
6,0,1,1,1,0,0,0,1.0,0,1,2.0,29.26622642977985,5.368050880629502,0.11265047130195914,1
9,0,1,1,1,0,0,0,1.0,0,1,1.4021356427606666,29.26622642977985,5.368050880629502,0.11265047130195914,1
5,0,1,0,1,0,0,0,1.0,0,1,1.2797987590460091,30.134895679911267,15.852000552782085,0.14419214623879514,1
5,0,1,0,1,0,0,0,1.0,0,1,2.0,30.134895679911267,15.852000552782085,0.14419214623879514,1
4,0,1,0,0,0,0,0,1.0,0,1,1.268771684874784,28.53817576738132,16.900113423044456,0.0943935866946692,1
5,0,1,0,0,0,0,0,1.0,0,1,1.311931190380903,28.53817576738132,16.900113423044456,0.0943935866946692,1
8,0,1,0,0,0,0,0,1.0,0,1,1.4257204444686833,28.53817576738132,16.900113423044456,0.0943935866946692,1
5,0,1,0,0,0,0,0,1.0,0,1,1.2047499783792592,28.53817576738132,16.900113423044456,0.0943935866946692,1
7,0,1,0,0,0,0,0,1.0,0,1,2.0,28.53817576738132,16.900113423044456,0.0943935866946692,1
4,0,1,0,0,0,0,0,1.0,0,1,2.0,29.289087506869578,6.397298146633807,-0.13938898868314192,1
7,0,1,0,0,0,0,0,1.0,0,1,2.0,29.289087506869578,6.397298146633807,-0.13938898868314192,1
5,0,1,0,0,0,0,0,1.0,0,1,1.284513883326286,29.289087506869578,6.397298146633807,-0.13938898868314192,1
5,0,1,0,0,0,0,0,1.0,0,1,1.2394077043687035,30.300816204335476,7.38007765272378,-0.04352843910383599,1
7,0,1,0,0,0,0,0,1.0,0,1,2.0,30.300816204335476,7.38007765272378,-0.04352843910383599,1
7,0,1,0,0,0,0,0,1.0,0,1,1.2043869986627045,32.18526529838937,14.295817246989845,-0.06206188031591465,1
6,0,1,0,0,0,0,0,1.0,0,1,2.0,32.18526529838937,14.295817246989845,-0.06206188031591465,1
5,0,1,0,0,0,0,0,1.0,0,1,2.0,32.18526529838937,14.295817246989845,-0.06206188031591465,1
4,0,1,0,0,0,0,1,1.0,0,1,2.0,31.64608251603832,8.522417905467229,-0.007000346542277445,1
5,0,1,0,0,0,0,1,1.0,0,1,2.0,31.64608251603832,8.522417905467229,-0.007000346542277445,1
5,0,1,0,0,0,0,1,1.0,0,1,2.0,31.64608251603832,8.522417905467229,-0.007000346542277445,1
5,0,1,0,0,0,0,1,1.0,0,1,2.0,31.64608251603832,8.522417905467229,-0.007000346542277445,1
9,0,1,0,0,0,0,1,1.0,0,1,2.0,31.64608251603832,8.522417905467229,-0.007000346542277445,1
6,0,1,0,0,0,0,1,1.0,0,1,1.2698601825918066,31.64608251603832,8.522417905467229,-0.007000346542277445,1
7,0,1,0,0,0,0,1,1.0,0,1,1.3282728458331203,35.672499650622115,15.008186239977235,0.02884923917821991,1
8,0,1,0,0,0,0,1,1.0,0,1,2.0,35.672499650622115,15.008186239977235,0.02884923917821991,1
7,0,1,0,0,0,0,0,1.0,0,1,1.2943453707782326,34.07109482785097,12.880957304470444,-0.010404817611274271,1
5,0,1,0,0,0,0,0,1.0,0,1,1.3164964706757625,34.07109482785097,12.880957304470444,-0.010404817611274271,1
7,0,1,0,0,0,0,1,1.0,1,0,2.0,65.96582149816655,100.96483060711402,1.1042501053269609,0
5,0,1,0,0,0,0,1,1.0,1,0,2.0,65.96582149816655,100.96483060711402,1.1042501053269609,0
7,0,1,0,0,0,0,1,1.0,1,0,2.0,65.96582149816655,100.96483060711402,1.1042501053269609,0
6,0,1,0,0,0,0,0,1.0,1,0,2.0,67.82509967099179,85.43839091856917,1.0653561639913758,0
7,0,1,0,0,0,0,0,1.0,1,0,2.0,68.84696717011023,79.91692796632098,0.9629972599253959,0
5,0,1,0,0,0,0,0,1.0,1,0,2.0,68.84696717011023,79.91692796632098,0.9629972599253959,0
5,0,1,0,0,0,0,0,1.0,1,0,2.0,61.881315878632336,92.29712676016375,0.9970355566386516,0
4,0,1,0,1,0,0,1,1.0,0,1,1.3614487970305431,28.27035870403263,11.121859697997447,0.04002240394172208,1
4,0,1,0,0,0,0,0,1.0,0,1,2.0,27.108745005609606,7.229324045298917,-0.17791836727263657,1
4,0,1,0,0,0,0,0,1.0,1,0,1.2391888606285317,61.83496603313223,87.14503509083976,1.0813788484067985,1
5,0,1,0,0,0,0,0,1.0,1,0,1.2789310510889542,72.71809243541588,98.12651662254132,0.984760693631682,1
4,0,1,0,0,0,0,0,1.0,1,0,2.0,72.71809243541588,98.12651662254132,0.984760693631682,1
5,0,1,0,0,0,0,0,1.0,1,0,1.4648684043296314,72.71809243541588,98.12651662254132,0.984760693631682,1
5,0,1,0,0,0,0,0,1.0,1,0,1.5244453497688342,73.74676655573408,92.42561528304098,0.8335162092533721,1
5,0,1,0,0,0,0,0,1.0,1,0,2.0,71.79091827797103,77.62163639406018,1.0157929082485055,1
5,0,1,0,0,0,0,1,1.0,1,0,2.0,74.88284629113572,95.09176356635766,1.137247495201664,1
5,0,1,0,0,0,0,1,1.0,1,0,2.0,63.707572797943556,93.29678309719694,1.062015090222156,1
7,0,1,0,0,0,0,0,1.0,0,1,1.396583957951705,30.499623123909203,0.33751141762305964,-0.2957812969614842,1
7,0,1,0,0,0,0,0,1.0,0,1,1.3210711854169916,32.935404141457155,8.851598648602357,0.06300007504475236,1
7,0,1,0,0,0,0,0,1.0,0,1,1.3575366558144677,29.891117573661546,20.15498619755518,-0.005523716926986775,1
7,0,1,1,0,0,0,0,1.0,1,0,2.0,62.470941493910814,90.51813928326494,0.9237346750413973,0
7,0,1,0,0,0,0,0,1.0,1,0,2.0,66.42261409937231,83.42634035404717,1.0232299541499468,0
7,0,1,0,0,0,0,0,1.0,1,0,2.0,67.81650736941029,79.43699852194582,1.008449744484176,0
7,0,1,0,0,0,0,0,1.0,0,1,1.391775802691201,28.33279614112132,8.440880848709407,-0.06009180070577578,1
4,0,1,0,0,0,0,0,1.0,0,1,1.2074769599654618,28.33279614112132,8.440880848709407,-0.06009180070577578,1
6,0,1,0,0,0,0,1,1.0,0,1,1.3319972623173997,26.160814015869065,13.042654972373814,-0.0079871774429424,1
6,0,1,0,1,0,0,0,1.0,0,1,1.283888807874102,29.741246745622547,6.307671505479812,0.022074781518629502,1
6,0,1,0,0,0,0,0,1.0,1,0,2.0,67.5501763695838,94.98685187755056,1.1578055319330265,0
6,0,1,0,0,0,0,1,1.0,1,0,2.0,63.829997246253576,83.94775041794283,0.8770908650793278,0
7,0,1,0,0,0,0,0,1.0,1,0,2.0,67.52526923801096,84.87519123865688,1.1228673108647445,0
4,0,1,0,0,0,0,0,1.0,1,0,2.0,67.52526923801096,84.87519123865688,1.1228673108647445,0
5,0,1,0,0,0,0,0,1.0,1,0,1.3680087458303847,63.66240758336741,84.20651573667462,0.9368165027407438,1
4,0,1,0,0,0,0,0,1.0,1,0,1.3248401275313855,69.92851607562186,77.92921137598532,1.1417722999771864,1
5,0,1,0,0,0,0,0,1.0,1,0,2.0,66.73281715681148,75.2251302399644,1.1012697908869158,1
4,0,1,0,0,0,0,1,1.0,1,0,2.0,67.0662484634256,88.6482306339855,1.0808049612655783,1
5,0,1,0,0,0,0,0,1.0,1,0,1.372148261686123,66.11732340232209,93.93689353113065,1.2263033261393497,1
5,0,1,0,0,0,0,0,1.0,1,0,2.0,71.8501969801531,89.50947880571718,0.9592405325286072,1
5,0,1,0,0,0,0,0,1.0,1,0,1.3115051664364474,72.78326011906297,91.25771752778674,0.9526018615413685,1
5,0,1,0,0,0,0,0,1.0,0,1,2.0,37.44248265514754,14.148888272187106,-0.031700513686540824,0
6,0,1,0,0,0,0,0,1.0,0,1,1.480932300719647,26.466124813114718,7.488520390117285,-0.18406098063922915,1
7,0,1,0,0,0,0,0,1.0,0,1,1.4969911282038715,26.466124813114718,7.488520390117285,-0.18406098063922915,1
7,0,1,0,0,0,0,0,1.0,0,1,1.466376285571028,26.466124813114718,7.488520390117285,-0.18406098063922915,1
5,0,1,0,1,0,0,0,1.0,0,1,1.3516309041223635,27.73025077317041,13.429940405794598,0.030490327648638512,1
5,0,1,0,0,0,0,0,1.0,0,1,1.4137830680584007,21.055505600258286,-3.977338311636159,-0.1057999081349363,1
6,0,1,0,0,0,0,0,1.0,0,1,1.3516567244003224,21.055505600258286,-3.977338311636159,-0.1057999081349363,1
5,0,1,0,0,0,0,0,1.0,0,1,1.4009470163123774,21.055505600258286,-3.977338311636159,-0.1057999081349363,1
6,0,1,0,0,0,0,0,1.0,0,1,1.3389094219755013,21.055505600258286,-3.977338311636159,-0.1057999081349363,1
6,0,1,0,0,0,0,0,1.0,0,1,1.3572075773508276,21.055505600258286,-3.977338311636159,-0.1057999081349363,1
4,0,1,0,0,0,0,0,1.0,0,1,1.4752101593590228,21.055505600258286,-3.977338311636159,-0.1057999081349363,1
7,0,1,0,0,0,0,0,1.0,0,1,1.411950196784447,21.055505600258286,-3.977338311636159,-0.1057999081349363,1
5,0,1,0,0,0,0,1,1.0,0,1,1.423352406967822,21.18797573079982,11.402618604374892,-0.0035400728839057164,1
6,0,1,0,0,0,0,1,1.0,0,1,1.4271558557781134,21.18797573079982,11.402618604374892,-0.0035400728839057164,1
7,0,1,0,0,0,0,1,1.0,0,1,1.4015247409508806,21.18797573079982,11.402618604374892,-0.0035400728839057164,1
6,0,1,0,0,0,0,1,1.0,0,1,2.0,21.80407400693116,17.13996594647013,0.11083435058875604,1
7,0,1,0,0,0,0,1,1.0,0,1,2.0,21.80407400693116,17.13996594647013,0.11083435058875604,1
5,0,1,0,0,0,0,0,1.0,0,1,2.0,23.261499100793003,19.28691113584721,0.10051716554974112,1
7,0,1,0,0,0,0,0,1.0,0,1,2.0,23.261499100793003,19.28691113584721,0.10051716554974112,1
5,0,1,0,0,0,0,0,1.0,0,1,2.0,23.261499100793003,19.28691113584721,0.10051716554974112,1
5,0,1,0,0,0,0,1,1.0,1,0,2.0,70.58343305317115,92.59557046461872,0.8502601477622296,0
6,0,1,0,0,0,0,1,1.0,1,0,2.0,68.36607948711307,93.62918471882284,0.8775005284694433,0
7,0,1,0,0,0,0,1,1.0,1,0,2.0,68.36607948711307,93.62918471882284,0.8775005284694433,0
6,0,1,0,0,0,0,0,1.0,1,0,2.0,64.42258857261382,90.85293830263836,0.9471022480964908,0
4,0,1,0,0,0,0,0,1.0,1,0,2.0,63.596976334719656,96.00536283494257,0.9184182263605372,0
7,0,1,0,0,0,0,0,1.0,1,0,2.0,63.596976334719656,96.00536283494257,0.9184182263605372,0
6,0,1,0,0,0,0,0,1.0,1,0,2.0,66.39343012584109,89.04334172608634,1.039146868651614,0
5,0,1,0,0,0,0,0,1.0,1,0,2.0,66.39343012584109,89.04334172608634,1.039146868651614,0
6,0,1,0,0,0,0,0,1.0,1,0,2.0,66.39343012584109,89.04334172608634,1.039146868651614,0
5,0,1,0,0,0,0,0,1.0,1,0,1.465793210326176,77.57721026769659,88.19191275838041,1.0283314161260748,1
6,0,1,0,0,0,0,0,1.0,1,0,1.341585681546228,66.81306489017737,86.3859644447691,1.1142029268397033,1
7,0,1,0,0,0,0,0,1.0,1,0,1.3398228654408815,66.81306489017737,86.3859644447691,1.1142029268397033,1
5,0,1,0,0,0,0,0,1.0,1,0,2.0,66.80375085431703,100.66708297507196,1.0022697104197924,1
7,0,1,0,0,0,0,0,1.0,1,0,2.0,62.08990224295574,79.73540600893311,0.9194010592329318,1
6,0,1,0,0,0,0,1,1.0,1,0,2.0,61.66052335738511,87.58020826237471,1.1188938847059655,1
4,0,1,0,0,0,0,1,1.0,0,1,1.371541137514461,32.82968630677999,12.476902099734822,-0.11257795170471198,1
7,0,1,0,0,0,0,1,1.0,0,1,1.3813264251408028,32.82968630677999,12.476902099734822,-0.11257795170471198,1
7,0,1,0,0,0,0,0,1.0,0,1,1.3174757918367987,32.45646887133246,22.380679914149827,0.011461560032328072,1
7,0,1,0,0,0,0,0,1.0,0,1,1.490758101006539,32.45646887133246,22.380679914149827,0.011461560032328072,1
7,0,1,0,0,0,0,0,1.0,1,0,2.0,62.35690468358505,91.28417409059263,0.9004106377187021,0
7,0,1,0,0,0,0,0,1.0,1,0,2.0,67.30072353843514,84.79887616408371,0.9922186427047328,0
7,0,1,0,0,0,0,0,1.0,1,0,2.0,70.19184500997856,94.87126326238545,0.9982859553247199,0
4,0,1,0,0,0,0,1,1.0,1,0,2.0,74.47324367102247,86.07462801524068,1.0610341066277023,0
4,0,1,0,0,0,0,0,1.0,1,0,1.3454585666443537,66.82248735432802,88.5277148744403,0.8598149481269588,1
4,0,1,0,0,0,0,1,1.0,1,0,2.0,65.10963406352676,91.67433879510254,1.1615233933405165,1
5,0,1,0,0,0,0,1,1.0,1,0,1.4381501960141554,65.10963406352676,91.67433879510254,1.1615233933405165,1
5,0,1,0,0,0,0,0,1.0,0,1,2.0,33.604115039529674,7.981669390727432,0.040048438793089836,0
6,0,1,0,0,0,0,1,1.0,1,0,1.4018606094379897,68.14533434869259,84.42221575311031,0.9613184713600826,1
6,0,1,0,0,0,0,1,1.0,0,1,2.0,33.47529880906883,15.32768708235398,-0.049489693169206345,0
6,0,1,0,0,0,0,1,1.0,1,0,1.514663312906453,70.37873588429817,90.99438858239813,0.8364277560222655,1
5,0,1,0,0,0,0,1,1.0,1,0,1.5672659728189888,78.27496609414378,96.28405905307332,1.1344849549600422,1
5,0,1,0,0,0,0,1,1.0,1,0,1.5455185402863236,73.87481330935341,101.46856634031504,0.9404266241239556,1
6,0,1,0,0,0,0,0,1.0,1,0,2.0,73.76874680059845,83.73446667170771,0.8382454300483609,1
5,0,1,0,0,0,0,1,1.0,1,0,2.0,74.91016799817271,90.15356600627344,1.030940807546801,1
5,0,1,0,0,0,0,0,1.0,1,0,2.0,74.75637544172578,88.60647020193458,0.9624394325715483,1
5,0,1,0,0,0,0,0,1.0,1,0,1.657821852806207,73.63235917917154,92.05098077187533,1.0214657221531533,1
5,0,1,0,0,0,0,0,1.0,1,0,1.6938606531422116,73.63235917917154,92.05098077187533,1.0214657221531533,1
5,0,1,0,0,0,0,0,1.0,1,0,2.0,75.77037144374958,93.48024789076568,1.0557757680404611,1
5,0,1,0,0,0,0,0,1.0,1,0,2.0,75.77037144374958,93.48024789076568,1.0557757680404611,1
5,0,1,0,0,0,0,0,1.0,1,0,1.5579281873631143,75.32031478287053,84.71789421291287,0.8601222176508053,1
5,0,1,0,0,0,0,0,1.0,0,1,2.0,31.327331415367894,6.605690980144634,-0.10671752703547802,0
8,0,1,0,0,0,0,0,1.0,0,1,1.8645798879996403,25.033505084891544,13.579580975419756,-0.043453518865847696,1
5,0,1,0,0,0,0,0,1.0,0,1,1.805271138408302,25.033505084891544,13.579580975419756,-0.043453518865847696,1
5,0,1,0,0,0,0,1,1.0,1,0,2.0,62.54327436962823,91.40387537160989,1.0802858661327188,0
8,0,1,0,0,0,0,1,1.0,1,0,2.0,63.95111354810241,96.44445798986752,0.9303406023802082,0
5,0,1,0,0,0,0,0,1.0,1,0,1.659194309901605,78.62433833689835,84.99336059612018,0.8657056376316015,1
5,0,1,0,0,0,0,0,1.0,1,0,1.7142037647899244,70.31460059712946,94.61968778681404,0.971648581052061,1
5,0,1,0,0,0,0,0,1.0,1,0,2.0,67.27125767094549,88.20622310807829,1.1861325191893652,1
5,0,1,0,0,0,0,1,1.0,0,1,2.0,33.885658527845806,12.79546446500122,0.12232291938569632,0
4,0,1,0,0,0,0,0,1.0,0,1,1.591414059443342,25.50541104636207,12.591797089381883,0.037326493520277844,1
7,0,1,0,0,0,0,0,1.0,0,1,1.6055562967314116,33.22643864515902,16.182648570334496,0.1263760963427001,1
7,0,1,0,0,0,0,0,1.0,0,1,1.6028032148499407,30.356202003098005,10.933070983910275,0.053999651125888455,1
5,0,1,0,0,0,0,0,1.0,0,1,1.6029568663772633,30.356202003098005,10.933070983910275,0.053999651125888455,1
7,0,1,0,0,0,0,0,1.0,0,1,2.0,63.84372710688504,95.3788175668537,1.2075118078195775,0
5,0,1,0,0,0,0,0,1.0,0,1,2.0,63.84372710688504,95.3788175668537,1.2075118078195775,0
7,0,1,1,0,0,0,0,1.0,1,0,2.0,67.79334049937265,77.82912975448421,1.126225796668901,0
4,0,1,0,0,0,0,0,1.0,1,0,2.0,70.05602691195834,86.77747841395647,1.106424693248552,0
5,0,1,0,0,0,0,0,1.0,1,0,1.6662560519245895,67.11411908317122,76.53714598437804,0.9882367702752303,1
5,0,1,0,0,0,0,0,1.0,0,1,2.0,23.88355585379699,7.349573668166059,-0.06241088899201619,0
7,0,1,0,0,0,0,0,1.0,1,0,1.7323088356347947,71.46406749393864,83.22733780110022,0.9728694585028783,1
6,0,1,0,0,0,0,0,1.0,1,0,1.5993756941239887,75.09414590905654,93.78450953377454,1.0356582528886165,1
7,0,1,0,0,0,0,1,1.0,1,0,1.5900331834000427,72.91901093087067,86.84416818322217,0.9129527691313924,1
7,0,1,0,0,0,0,1,1.0,1,0,2.0,67.9159033689574,83.19460369636641,1.269793136642495,1
6,0,1,0,0,0,0,0,1.0,1,0,2.0,72.81577476418859,94.09041297323053,1.0722047162008068,1
7,0,1,0,0,0,0,1,1.0,1,0,2.0,67.96325333395365,100.1368509059026,1.1958452876420624,1
5,0,1,0,0,0,0,0,1.0,1,0,1.6930919835591287,74.8716742967411,89.17754307890156,0.9896852703973121,1
5,0,1,0,0,0,0,0,1.0,1,0,2.0,65.1939760626227,84.13571597017034,0.9266768086567774,1
5,0,1,0,0,0,0,0,1.0,0,1,1.8956660123764366,33.08525066310354,5.185599068758174,-0.1366639298695291,1
5,0,1,0,0,0,0,0,1.0,0,1,1.7822481152998697,33.31584483439583,7.201057809563879,0.03790914728570414,1
5,0,1,0,0,0,0,0,1.0,1,0,2.0,66.6681548127226,87.21662214939647,0.9409519147420746,0
5,0,1,0,0,0,0,0,1.0,1,0,2.0,71.18761362421206,101.04086775239328,1.0220639848868598,0
5,0,1,0,0,0,0,0,1.0,1,0,1.8345897099324486,70.40663804166915,97.01270896027847,0.9508365685747413,1
5,0,1,0,0,0,0,0,1.0,1,0,1.8746181190181093,72.204216701306,83.80176084614578,1.2480763307142664,1
5,0,1,0,0,0,0,0,1.0,1,0,2.0,61.167881978668895,68.4760995301563,0.9193897867937234,1
5,0,1,0,0,0,0,0,1.0,1,0,2.0,69.65863750748355,96.52460954724542,1.1060540355616286,1
4,0,1,0,0,0,0,0,1.0,1,0,1.7261658956904606,63.79465606819307,86.58990987555364,0.9085852791170771,1
4,0,1,0,0,0,0,0,1.0,1,0,2.0,65.0837342251404,98.25565895013202,0.998353588759485,1
6,0,1,0,0,0,0,0,1.0,1,0,2.0214429038743815,74.62338993162776,93.20816497007813,1.0734691742541895,1
5,0,1,0,0,0,0,0,1.0,1,0,1.922175937327594,69.52309483992947,93.4796756146295,0.9649086027818076,1
6,0,1,0,0,0,0,0,1.0,1,0,2.0,70.87812501618983,88.91500554229322,1.2653555624051773,1
5,0,1,0,0,0,0,0,1.0,1,0,2.0,73.43946929288387,91.03435216114364,1.195214875578401,1
6,0,1,0,0,0,0,0,1.0,1,0,1.8499605635056109,68.42069762724023,90.77463035898047,1.1555303794941463,1
6,0,1,0,0,0,0,0,1.0,1,0,2.0011815544738347,68.42069762724023,90.77463035898047,1.1555303794941463,1
6,0,1,0,0,0,0,0,1.0,1,0,2.0,76.4446653242959,81.26444133110778,1.1144335981493136,1
6,0,1,0,0,0,0,0,1.0,1,0,2.0,76.4446653242959,81.26444133110778,1.1144335981493136,1
5,0,1,0,0,0,0,1,1.0,1,0,1.859639730686817,69.43007388234318,95.80151492842091,1.2315816704824243,1
5,0,1,0,0,0,0,0,1.0,1,0,2.0,72.66929644550082,90.93726328228348,1.0566016750175817,1
6,0,1,0,0,0,0,1,1.0,1,0,1.8988656906579784,72.2755346838271,76.832321619056,0.8952011182843016,1
6,0,1,0,0,0,0,0,1.0,0,1,2.0,64.79318665099132,89.78840385023297,0.9455104193661398,1
7,0,1,0,0,0,0,1,1.0,0,1,1.9869828786876764,32.08581704069776,22.347667807235673,-0.13271395359032015,1
5,0,1,0,0,0,0,1,1.0,0,1,2.031885763777272,32.08581704069776,22.347667807235673,-0.13271395359032015,1
7,0,1,0,0,0,0,0,1.0,1,0,2.0,71.06530643206803,103.47697322526794,1.0535883841101505,0
5,0,1,0,0,0,0,0,1.0,1,0,2.0,71.06530643206803,103.47697322526794,1.0535883841101505,0
5,0,1,0,0,0,0,0,1.0,1,0,1.9752597924863795,76.01919604926829,92.53437646225748,1.0159324368324416,1
5,0,1,0,0,0,0,0,1.0,1,0,2.0,61.79935926783791,83.43024110663465,0.9467165134130069,1
5,0,1,0,0,0,0,0,1.0,1,0,1.8132893364131482,64.47638810033183,84.10291411283781,0.9824509467219483,1
5,0,1,0,0,0,0,0,1.0,1,0,2.0,75.06875551652708,90.42481028772589,1.134259613712377,1
5,0,1,0,0,0,0,1,1.0,1,0,1.9910396197714197,70.50922012694213,83.02157642868619,1.0232656351993905,1
5,0,1,0,1,0,0,0,1.0,0,1,2.0,33.901612686992465,19.13784411719586,-0.0499549647590419,0
5,0,1,0,0,0,0,0,1.0,0,1,2.0201429920592853,36.67095556830721,15.367818163031899,-0.01810936974012021,1
5,0,1,0,0,0,0,0,1.0,1,0,2.0,73.54695023407352,93.62636578709822,1.0479183756531463,0
6,0,1,0,0,0,0,0,1.0,0,1,2.0058474765603753,17.109041533415038,14.23821700503042,0.12223427509782596,1
5,0,1,0,1,0,0,0,1.0,0,1,1.7697282832624859,35.14301839350273,20.18187819189188,-0.059438588098603515,1
7,0,1,0,0,0,0,0,1.0,0,1,2.0145018815860896,30.39532467187469,11.28416626696407,-0.12050550097464421,1
5,0,1,0,0,0,0,0,1.0,0,1,2.096415483224851,30.39532467187469,11.28416626696407,-0.12050550097464421,1
7,0,1,0,0,0,0,1,1.0,1,0,2.0,70.0694105871267,88.00460702006008,1.109197647127796,0
5,0,1,0,0,0,0,1,1.0,1,0,2.0,70.0694105871267,88.00460702006008,1.109197647127796,0
5,0,1,0,0,0,0,0,1.0,1,0,2.0,71.80669617479961,87.63904639156225,1.0768927877144698,0
6,0,1,0,0,0,0,0,1.0,1,0,2.0,68.87191406358174,86.90246780678983,0.9636088004966307,0
6,0,1,0,0,0,0,1,1.0,1,0,1.9111149682335493,73.46772293949459,95.92654543133445,1.086600235718625,1
6,0,1,0,0,0,0,1,1.0,1,0,2.141916464196655,70.90827711932454,86.80436583636936,1.1248745428643698,1
6,0,1,0,0,0,0,0,1.0,1,0,2.0,65.13896902620336,87.45441558156504,1.052052745251849,1
6,0,1,0,0,0,0,0,1.0,1,0,2.0,69.56700337511157,101.81829390192415,0.9971024125806685,1
8,0,1,0,0,0,0,0,1.0,1,0,2.132818632558612,79.27209973204587,94.26571878195736,1.0871189625038278,1
5,0,1,0,0,0,0,0,1.0,1,0,2.1532941499382203,69.13781195480833,87.10613680945951,1.0942713327400182,1
8,0,1,0,0,0,0,0,1.0,1,0,2.0,65.5249616756245,89.1249697766557,1.0301959368458256,1
5,0,1,0,0,0,0,0,1.0,1,0,2.0,72.8243046931186,84.38804662894339,1.1198642469418603,1
5,0,1,0,0,0,0,1,1.0,1,0,2.1560846786063,70.35665294909906,94.44376606325145,1.001261935361687,1
5,0,1,0,0,0,0,1,1.0,1,0,2.0,71.32909071332878,95.89263527543872,1.131501413294342,1
6,0,1,0,0,0,0,0,1.0,0,1,2.159335316618937,36.384881647551104,4.113405573055282,-0.050869789099967574,1
5,0,1,0,0,0,0,0,1.0,0,1,2.079099436504596,36.384881647551104,4.113405573055282,-0.050869789099967574,1
5,0,1,0,0,0,0,0,1.0,1,0,2.0,71.55645453672479,100.19846531054063,1.1362830385115368,0
6,0,1,0,0,0,0,1,1.0,1,0,2.0,73.19131998529731,96.96132492749274,1.089521112358642,0
7,0,1,0,0,0,0,1,1.0,0,1,2.242781280607838,30.999849249775025,18.24949657291197,-0.03264168734903283,1
7,0,1,0,0,0,0,1,1.0,0,1,2.1007916962718047,30.999849249775025,18.24949657291197,-0.03264168734903283,1
6,0,1,0,0,0,0,0,1.0,0,1,1.9654466943784956,30.51262166078216,12.464540397367662,-0.08318886078792899,1
6,0,1,0,0,0,0,0,1.0,0,1,2.0521576372279915,30.51262166078216,12.464540397367662,-0.08318886078792899,1
6,0,1,0,0,0,0,0,1.0,0,1,2.020456880686708,30.084276143882335,15.16726274720014,-0.011809361346050146,1
8,0,1,0,0,0,0,0,1.0,0,1,2.1430851027019293,33.16542885270607,22.521266409513018,0.027162064933599624,1
5,0,1,0,0,0,0,0,1.0,0,1,2.084019083427518,33.16542885270607,22.521266409513018,0.027162064933599624,1
7,0,1,0,0,0,0,1,1.0,0,1,2.282279758967626,29.599101442826395,4.133075425006823,-0.14578961250104241,1
7,0,1,0,0,0,0,1,1.0,0,1,2.129941423015087,26.36845654856863,9.668249167600177,-0.17382705895741132,1
6,0,1,0,0,0,0,1,1.0,0,1,2.02357985795116,26.36845654856863,9.668249167600177,-0.17382705895741132,1
5,0,1,0,0,0,0,1,1.0,0,1,2.0747276915136723,26.36845654856863,9.668249167600177,-0.17382705895741132,1
7,0,1,0,0,0,0,0,1.0,0,1,1.9483909716217302,31.8903588480716,10.78166536871425,-0.05036875065282616,1
6,0,1,0,0,0,0,0,1.0,0,1,2.2019299593848842,31.339497959158408,14.92838861745293,-0.07151613596680277,1
7,0,1,0,0,0,0,0,1.0,0,1,2.2781233520224378,31.339497959158408,14.92838861745293,-0.07151613596680277,1
10,0,1,0,0,0,0,0,1.0,0,1,2.1203530166358386,31.339497959158408,14.92838861745293,-0.07151613596680277,1
5,0,1,0,0,0,0,0,1.0,0,1,2.0337278352174555,34.377918378910124,18.691803541291225,0.04607770845711896,1
7,0,1,0,0,0,0,0,1.0,0,1,2.1637609185966005,34.377918378910124,18.691803541291225,0.04607770845711896,1
7,0,1,0,0,0,0,1,1.0,0,1,2.1171622690256227,32.59146305203848,14.811061857397583,0.021504957528618508,1
5,0,1,0,0,0,0,1,1.0,1,0,2.0,73.66122997625985,92.10819696732472,1.033234918928179,0
7,0,1,0,0,0,0,1,1.0,1,0,2.0,73.66122997625985,92.10819696732472,1.033234918928179,0
7,0,1,0,0,0,0,1,1.0,1,0,2.0,73.66122997625985,92.10819696732472,1.033234918928179,0
7,0,1,0,0,0,0,0,1.0,1,0,2.0,70.62105741753871,94.62348896915888,0.9374164050955375,0
6,0,1,0,0,0,0,0,1.0,0,1,2.0,65.161794227265,80.72342573644023,0.8611105815819575,0
7,0,1,0,0,0,0,0,1.0,1,0,2.0,67.45152411196625,92.49315769356808,0.9161878665645843,0
10,0,1,0,0,0,0,0,1.0,1,0,2.0,67.45152411196625,92.49315769356808,0.9161878665645843,0
5,0,1,0,0,0,0,0,1.0,1,0,2.0,69.25292427218307,86.77667622819733,0.9560150650774746,0
7,0,1,0,0,0,0,0,1.0,1,0,2.0,70.69843662643446,86.7274027431075,0.9715935522848094,0
6,0,1,0,0,0,0,0,1.0,1,0,2.0,70.69843662643446,86.7274027431075,0.9715935522848094,0
7,0,1,0,0,0,0,0,1.0,1,0,2.0,70.69843662643446,86.7274027431075,0.9715935522848094,0
8,0,1,0,0,0,0,1,1.0,1,0,2.0,66.1507771838579,91.88188006151753,0.9489107571378493,0
6,0,1,0,0,0,0,1,1.0,1,0,2.0,66.1507771838579,91.88188006151753,0.9489107571378493,0
5,0,1,0,0,0,0,1,1.0,1,0,2.0,66.1507771838579,91.88188006151753,0.9489107571378493,0
6,0,1,0,0,0,0,1,1.0,1,0,2.0,66.1507771838579,91.88188006151753,0.9489107571378493,0
6,0,1,0,0,0,0,1,1.0,1,0,2.0,66.1507771838579,91.88188006151753,0.9489107571378493,0
7,0,1,0,0,0,0,0,1.0,1,0,2.0,66.26515341665544,76.22298149575654,0.8917739688193299,0
7,0,1,0,0,0,0,0,1.0,1,0,2.0,70.8330856316209,89.32230562639496,1.0665263833136525,0
6,0,1,0,0,0,0,0,1.0,1,0,2.106856178702565,69.83229018024758,95.64303088995526,1.0669561058536012,1
7,0,1,0,0,0,0,0,1.0,1,0,2.133377526471741,69.83229018024758,95.64303088995526,1.0669561058536012,1
5,0,1,0,0,0,0,0,1.0,1,0,2.061330390474781,63.782045253728405,53.929187499836466,1.1772008903909814,1
7,0,1,0,0,0,0,0,1.0,1,0,1.94275873921834,71.38793844717118,56.910540900542706,1.1311555372987052,1
6,0,1,0,0,0,0,0,1.0,1,0,2.0562548556065234,71.38793844717118,56.910540900542706,1.1311555372987052,1
6,0,1,0,0,0,0,1,1.0,1,0,2.0059862880457793,72.71326482800296,58.57773478782808,0.9419156920068521,1
7,0,1,0,0,0,0,1,1.0,1,0,2.0,72.71326482800296,58.57773478782808,0.9419156920068521,1
5,0,1,0,0,0,0,1,1.0,1,0,2.1802130110248625,72.71326482800296,58.57773478782808,0.9419156920068521,1
6,0,1,0,0,0,0,0,1.0,1,0,2.0,75.46934532023744,97.37777687746721,0.8913566033412493,1
6,0,1,0,0,0,0,0,1.0,1,0,2.1570390160858515,66.43187429563568,103.83667416950952,1.1227992913410456,1
5,0,1,0,0,0,0,0,1.0,1,0,2.0,66.43187429563568,103.83667416950952,1.1227992913410456,1
6,0,1,0,0,0,0,0,1.0,1,0,2.0,74.0681120634531,91.49319935266331,1.1273647868509933,1
7,0,1,0,0,0,0,1,1.0,1,0,2.0,73.686435396957,92.20753466850181,0.9568157922593928,1
6,0,1,0,0,0,0,0,1.0,1,0,2.0,67.50722009539001,88.92025197186841,0.8347203552933249,1
5,0,1,0,0,0,0,0,1.0,1,0,2.0,67.50722009539001,88.92025197186841,0.8347203552933249,1
6,0,1,0,0,0,0,0,1.0,1,0,2.0,74.36883898393572,94.00725019227308,1.0283840924276044,1
5,0,1,0,0,0,0,0,1.0,1,0,2.3708331463541032,73.21444552740516,93.88329992789109,1.218368903489901,1
5,0,1,0,0,0,0,0,1.0,1,0,2.2245086108562666,73.21444552740516,93.88329992789109,1.218368903489901,1
5,0,1,0,0,0,0,0,1.0,1,0,2.0,66.16945054308295,81.79615463164313,1.040647156645547,1
5,0,1,0,0,0,0,0,1.0,1,0,2.0,69.45660217656884,84.30673246009853,1.0760223444294796,1
5,0,1,0,0,0,0,1,1.0,1,0,2.2542831299250663,72.165056861681,95.61493308714006,1.0504021101200505,1
5,0,1,0,0,0,0,1,1.0,1,0,2.2013962956478537,73.24720507061112,86.89663450792371,0.9256093466191537,1
5,0,1,0,0,0,0,0,1.0,1,0,2.0,78.2899570207999,85.09412586136418,1.0369248589522846,1
5,0,1,0,0,0,0,1,1.0,1,0,2.0,68.8765210282911,91.94426545551869,0.8380374874558866,1
6,0,1,0,1,0,0,0,1.0,0,1,2.3456617435335767,34.673464566276664,12.273227912508709,0.11547887069077406,1
5,0,1,0,1,0,0,0,1.0,0,1,2.3213245717050195,30.210612026301064,-4.345405127063144,0.012332660909666544,1
6,0,1,0,1,0,0,0,1.0,0,1,2.0143152709129244,30.210612026301064,-4.345405127063144,0.012332660909666544,1
7,0,1,0,0,0,0,0,1.0,0,1,2.131664436257235,29.60781202315991,6.500639522262046,0.053511580890569635,1
6,0,1,0,0,0,0,0,1.0,0,1,2.3382751602968184,18.67766660057451,0.5561507086051749,-0.0026247596524575784,1
6,0,1,0,0,0,0,1,1.0,0,1,2.2604280324582215,29.136983799775308,16.64812680694957,0.18806856838919475,1
6,0,1,0,0,0,0,0,1.0,0,1,2.0,26.01104246571677,2.390999876669949,0.0657826664428362,1
5,0,1,0,0,0,0,0,1.0,0,1,2.0,32.619704951055894,3.7954431800613957,-0.051139114206665615,1
6,0,1,0,0,0,0,0,1.0,0,1,2.0,29.79589445783074,13.324428741069955,-0.09621861360544519,1
7,0,1,0,0,0,0,0,1.0,0,1,2.0,29.79589445783074,13.324428741069955,-0.09621861360544519,1
6,0,1,0,0,0,0,1,1.0,0,1,2.0,38.587386446409795,11.937278389262811,-0.046245903612395486,1
6,0,1,0,0,0,0,0,1.0,0,1,2.0,32.418972263451366,5.105412627126616,-0.10509100800912992,1
6,0,1,0,0,0,0,0,1.0,0,1,2.2051658016190157,29.98642431160269,14.013837678946759,-0.14782159958569224,1
5,0,1,0,0,0,0,0,1.0,0,1,2.2052066796119174,28.39431801296027,7.720820983801115,-0.09841159363033995,1
5,0,1,0,0,0,0,0,1.0,0,1,2.1189167682100303,28.39431801296027,7.720820983801115,-0.09841159363033995,1
5,0,1,0,0,0,0,0,1.0,0,1,2.1835581075799433,24.42396200809121,6.040871037565275,-0.03379687747453993,1
7,0,1,0,0,0,0,1,1.0,0,1,2.42935703445521,31.137332239779752,6.266517979282892,0.01281875484226493,1
6,0,1,0,0,0,0,1,1.0,0,1,2.416120258979346,31.137332239779752,6.266517979282892,0.01281875484226493,1
6,0,1,0,0,0,0,0,1.0,0,1,2.3358045482606986,34.60038970722782,4.580224681515453,-0.03618919402944185,1
6,0,1,0,0,0,0,0,1.0,0,1,2.1729499437377284,34.60038970722782,4.580224681515453,-0.03618919402944185,1
6,0,1,0,0,0,0,1,1.0,0,1,2.1689840902995137,31.08597531501202,12.063527908003174,0.015783251894870537,1
6,0,1,0,0,0,0,1,1.0,0,1,2.0,31.08597531501202,12.063527908003174,0.015783251894870537,1
5,0,1,0,0,0,0,1,1.0,0,1,2.2645221526604282,31.08597531501202,12.063527908003174,0.015783251894870537,1
6,0,1,0,0,0,0,1,1.0,0,1,2.1943557654271335,31.08597531501202,12.063527908003174,0.015783251894870537,1
6,0,1,0,0,0,0,0,1.0,1,0,2.0,65.66499916417928,79.49162440579155,1.0502076786823924,0
6,0,1,0,0,0,0,0,1.0,1,0,2.0,65.66499916417928,79.49162440579155,1.0502076786823924,0
5,0,1,0,0,0,0,0,1.0,1,0,2.0,65.66499916417928,79.49162440579155,1.0502076786823924,0
6,0,1,0,0,0,0,0,1.0,1,0,2.0,65.66499916417928,79.49162440579155,1.0502076786823924,0
6,0,1,0,0,0,0,1,1.0,1,0,2.0,64.83241144972983,81.42244502486916,0.962806306297534,0
7,0,1,0,0,0,0,0,1.0,1,0,2.0,68.71305729936415,90.13606419130237,1.0286245414977617,0
6,0,1,0,0,0,0,1,1.0,1,0,2.0,63.710177042638,82.64855176137384,1.0227840590809834,0
5,0,1,0,0,0,0,0,1.0,1,0,2.0,71.10646018864833,90.89062329290613,0.9800592894775575,0
5,0,1,0,0,0,0,0,1.0,1,0,2.0,70.03549520397911,85.33599549412156,0.8825147964861807,0
5,0,1,0,0,0,0,0,1.0,1,0,2.0,70.03549520397911,85.33599549412156,0.8825147964861807,0
7,0,1,0,0,0,0,0,1.0,0,1,2.1871375422530597,41.97699044360941,22.029398288058108,0.08183873375208127,1
7,0,1,0,0,0,0,0,1.0,1,0,2.0,61.507662310386856,90.96968194139146,0.9371897604611378,0
5,0,1,0,0,0,0,0,1.0,1,0,2.191966723401604,72.54425628436456,87.17493395911968,1.0003540731728457,1
6,0,1,0,0,0,0,0,1.0,1,0,2.184953459583776,77.30524272589503,80.5988024417365,0.9736265569818441,1
5,0,1,0,0,0,0,0,1.0,1,0,2.339969753058808,77.30524272589503,80.5988024417365,0.9736265569818441,1
5,0,1,0,0,0,0,1,1.0,1,0,2.0,69.26157310191253,82.7487897437645,0.988944872390996,1
6,0,1,0,0,0,0,1,1.0,1,0,2.0,77.73257229602882,82.72560296215264,1.1566505028028762,1
5,0,1,0,0,0,0,1,1.0,1,0,2.0,70.17425849480509,83.13363019953546,0.8467927077368433,1
5,0,1,0,0,0,0,0,1.0,0,1,2.4130227683125822,31.284974218884898,23.188362150440945,0.055710065932974825,1
5,0,1,0,0,0,0,0,1.0,0,1,2.3853071162667914,28.56529026965231,17.408890907759325,0.006713753705885318,1
5,0,1,0,0,0,0,0,1.0,0,1,2.2888315858034987,28.56529026965231,17.408890907759325,0.006713753705885318,1
6,0,1,0,0,0,0,0,1.0,0,1,2.258189758018379,20.38010877625257,8.256010516762817,-0.09304921908033234,1
5,0,1,0,0,0,0,0,1.0,0,1,2.202277140331201,20.38010877625257,8.256010516762817,-0.09304921908033234,1
6,0,1,0,0,0,0,0,1.0,0,1,2.277955841267023,20.38010877625257,8.256010516762817,-0.09304921908033234,1
6,0,1,0,0,0,0,0,1.0,1,0,2.0,69.86170426446279,90.18044337835303,0.9436733489595155,0
5,0,1,0,0,0,0,0,1.0,1,0,2.0,69.86170426446279,90.18044337835303,0.9436733489595155,0
6,0,1,1,0,0,0,1,1.0,1,0,2.0,66.36077030626544,78.71982067759923,0.8428850613235884,0
5,0,1,0,0,0,0,1,1.0,1,0,2.0,64.8883187258411,77.1861645165545,1.0317162238186268,0
5,0,1,0,0,0,0,1,1.0,1,0,2.0,64.8883187258411,77.1861645165545,1.0317162238186268,0
5,0,1,0,0,0,0,0,1.0,1,0,2.0,66.39521081289043,87.60239910306868,1.2026691564508205,0
7,0,1,0,0,0,0,1,1.0,0,1,2.4492656517167144,22.42371909648581,13.95541642182003,-0.2023356594767149,1
7,0,1,0,0,0,0,1,1.0,0,1,2.4060475382681608,22.42371909648581,13.95541642182003,-0.2023356594767149,1
6,0,1,0,0,0,0,1,1.0,0,1,2.380228266657031,19.430924796653642,2.4011297364559336,-0.18144824529352407,1
6,0,1,0,0,0,0,1,1.0,0,1,2.1405308032836263,19.430924796653642,2.4011297364559336,-0.18144824529352407,1
5,0,1,0,0,0,0,1,1.0,0,1,2.22520820354422,19.430924796653642,2.4011297364559336,-0.18144824529352407,1
6,0,1,0,0,0,0,1,1.0,1,0,2.0,74.67577057905835,92.17787619438612,1.0115953913786693,0
5,0,1,0,0,0,0,0,1.0,1,0,2.0,75.5676084709374,88.9926432452989,0.9737217189036731,0
6,0,1,0,0,0,0,0,1.0,1,0,2.0,78.30108666583195,88.14038563322651,0.955140625246761,0
7,0,1,0,0,0,0,0,1.0,1,0,2.0,78.30108666583195,88.14038563322651,0.955140625246761,0
7,0,1,0,0,0,0,1,1.0,1,0,2.0,77.27510287958756,99.21670652891656,0.9665429681779464,0
7,0,1,0,0,0,0,0,1.0,1,0,2.5141411042871966,81.19635498534421,88.0221728813484,0.9599861071555259,1
7,0,1,0,0,0,0,0,1.0,0,1,2.0,29.644730969042755,10.944977392903606,-0.12224895953276683,0
5,0,1,0,0,0,0,0,1.0,1,0,2.2482410707078535,65.7786155406125,93.33823880204199,0.9528324473634007,1
5,0,1,0,0,0,0,0,1.0,0,1,2.0,23.495578469360225,5.3932826531743485,0.01164813901985437,0
7,0,1,0,0,0,0,0,1.0,0,1,2.1505680609942637,30.412378655476033,2.0483902995372385,-0.250491804048726,1
5,0,1,0,0,0,0,0,1.0,0,1,2.339836986911289,37.02560548386973,13.747120131491528,-0.10986304565592522,1
6,0,1,0,0,0,0,0,1.0,0,1,2.231591789660703,37.02560548386973,13.747120131491528,-0.10986304565592522,1
6,0,1,0,0,0,0,0,1.0,0,1,2.1372523773776346,37.02560548386973,13.747120131491528,-0.10986304565592522,1
8,0,1,0,0,0,0,0,1.0,0,1,2.13886337929664,29.025241741693222,12.483317440155023,-0.1395963426339881,1
6,0,1,0,1,0,0,1,1.0,0,1,2.405668856417873,33.10416298922635,20.68446693392989,0.1865908220708958,1
6,0,1,0,1,0,0,1,1.0,0,1,2.3212754538940166,33.10416298922635,20.68446693392989,0.1865908220708958,1
5,0,1,0,0,0,0,0,1.0,0,1,2.244214713739723,32.952101067635226,17.12981756811716,-0.07538953785929027,1
5,0,1,0,0,0,0,0,1.0,0,1,2.190050879489031,32.952101067635226,17.12981756811716,-0.07538953785929027,1
6,0,1,0,0,0,0,0,1.0,0,1,2.1527134812904785,32.952101067635226,17.12981756811716,-0.07538953785929027,1
6,0,1,0,0,0,0,0,1.0,0,1,2.247462731213774,32.952101067635226,17.12981756811716,-0.07538953785929027,1
6,0,1,0,0,0,0,0,1.0,0,1,2.3791088579036046,29.876382364012656,17.326075461281075,-0.003483485895641055,1
8,0,1,0,0,0,0,0,1.0,0,1,2.2965965259605663,29.876382364012656,17.326075461281075,-0.003483485895641055,1
6,0,1,0,0,0,0,0,1.0,0,1,2.3265065193848153,29.876382364012656,17.326075461281075,-0.003483485895641055,1
6,0,1,0,0,0,0,0,1.0,0,1,2.359785382698882,27.67467575817639,10.463940492560775,0.004111475414374735,1
5,0,1,0,0,0,0,0,1.0,0,1,2.158045115434234,27.67467575817639,10.463940492560775,0.004111475414374735,1
5,0,1,0,0,0,0,0,1.0,0,1,2.346598018591295,27.67467575817639,10.463940492560775,0.004111475414374735,1
6,0,1,0,0,0,0,0,1.0,1,0,2.0,73.37490400478836,91.93030734931011,0.964238226627875,0
5,0,1,0,0,0,0,0,1.0,1,0,2.0,73.37490400478836,91.93030734931011,0.964238226627875,0
5,0,1,0,0,0,0,0,1.0,1,0,2.0,73.90313411384952,88.11558140485329,0.9135107049807892,0
6,0,1,0,0,0,0,0,1.0,1,0,2.0,76.33081221380915,89.82494033540921,0.9295093988714163,0
8,0,1,0,0,0,0,0,1.0,1,0,2.0,76.33081221380915,89.82494033540921,0.9295093988714163,0
6,0,1,0,0,0,0,0,1.0,1,0,2.0,76.33081221380915,89.82494033540921,0.9295093988714163,0
5,0,1,0,0,0,0,0,1.0,1,0,2.0,76.33081221380915,89.82494033540921,0.9295093988714163,0
6,0,1,0,0,0,0,0,1.0,1,0,2.0,76.67314489866222,90.2645425625078,0.8935804287358143,0
6,0,1,0,0,0,0,1,1.0,1,0,2.0,77.61588964752563,89.60550127114878,0.8793286215774329,0
5,0,1,0,0,0,0,1,1.0,1,0,2.0,77.61588964752563,89.60550127114878,0.8793286215774329,0
6,0,1,0,0,0,0,1,1.0,1,0,2.0,77.61588964752563,89.60550127114878,0.8793286215774329,0
6,0,1,0,0,0,0,1,1.0,1,0,2.0,77.61588964752563,89.60550127114878,0.8793286215774329,0
8,0,1,1,0,0,0,1,1.0,1,0,2.0,75.30816468241521,97.27681148508246,0.8797465062335142,0
5,0,1,0,0,0,0,0,1.0,1,0,2.0,71.03720525604598,94.16094488360159,1.0870062302422137,0
6,0,1,0,0,0,0,0,1.0,1,0,2.0,71.03720525604598,94.16094488360159,1.0870062302422137,0
6,0,1,0,0,0,0,0,1.0,1,0,2.0,71.03720525604598,94.16094488360159,1.0870062302422137,0
7,0,1,0,0,0,0,0,1.0,1,0,2.0,67.35006719836423,80.47992260388791,1.02777485567333,0
6,0,1,0,0,0,0,0,1.0,1,0,2.1611879224209014,74.5513301732784,88.74544109640453,0.9816017032531469,1
6,0,1,0,0,0,0,0,1.0,0,1,2.0,32.77357459395827,4.1099250129839,0.13785236598784043,0
7,0,1,0,0,0,0,0,1.0,0,1,2.131753331802616,30.450392661762606,13.650527637314468,-0.12550558843416626,1
8,0,1,0,0,0,0,0,1.0,0,1,2.321911218927943,30.450392661762606,13.650527637314468,-0.12550558843416626,1
6,0,1,0,0,0,0,0,1.0,0,1,2.291198425641961,30.450392661762606,13.650527637314468,-0.12550558843416626,1
6,0,1,0,0,0,0,0,1.0,0,1,2.342716058959284,30.450392661762606,13.650527637314468,-0.12550558843416626,1
7,0,1,0,0,0,0,0,1.0,0,1,2.374397763716681,30.450392661762606,13.650527637314468,-0.12550558843416626,1
5,0,1,0,0,0,0,0,1.0,0,1,2.1288183781874026,30.450392661762606,13.650527637314468,-0.12550558843416626,1
7,0,1,0,0,0,0,1,1.0,1,0,2.0,64.63950819130224,92.35306185680916,1.077782783436,0
8,0,1,0,0,0,0,1,1.0,1,0,2.0,64.63950819130224,92.35306185680916,1.077782783436,0
6,0,1,0,0,0,0,1,1.0,1,0,2.0,64.63950819130224,92.35306185680916,1.077782783436,0
7,0,1,0,0,0,0,1,1.0,1,0,2.0,64.63950819130224,92.35306185680916,1.077782783436,0
5,0,1,0,0,0,0,1,1.0,1,0,2.0,64.63950819130224,92.35306185680916,1.077782783436,0
6,0,1,0,0,0,0,0,1.0,1,0,2.0,64.66718155259716,94.65778192168199,1.0492240250201685,0
6,0,1,0,0,0,0,0,1.0,1,0,2.282509464773973,74.38350509638987,90.67116134773623,0.8580936019828133,1
6,0,1,0,0,0,0,0,1.0,1,0,2.135744797377202,73.71219016774437,92.19088590607312,1.159802663372406,1
5,0,1,0,0,0,0,0,1.0,1,0,2.094312975410999,73.71219016774437,92.19088590607312,1.159802663372406,1
5,0,1,0,0,0,0,0,1.0,1,0,2.114059050930578,61.84150067095182,95.72362977869389,1.036440947720598,1
7,0,1,0,0,0,0,0,1.0,1,0,2.201818673181312,61.12129155667665,82.51741603244378,0.931480071463094,1
6,0,1,0,0,0,0,1,1.0,1,0,2.0,71.30719456765105,94.54871059077969,0.969653545375807,1
6,0,1,0,0,0,0,1,1.0,1,0,2.0,74.64955395374162,94.84837841376633,0.9124896072176978,1
5,0,1,0,0,0,0,0,1.0,1,0,2.0,76.58298139758351,89.31375501888844,0.9267997720061799,1
5,0,1,0,0,0,0,0,1.0,1,0,2.0,79.19083450756358,81.05751532975592,0.9561839119241988,1
7,0,1,0,0,0,0,0,1.0,1,0,2.0,79.19083450756358,81.05751532975592,0.9561839119241988,1
5,0,1,0,0,0,0,0,1.0,1,0,2.238980243376322,79.19083450756358,81.05751532975592,0.9561839119241988,1
5,0,1,0,0,0,0,0,1.0,1,0,2.0,62.695793557218074,68.25717171846172,0.7685754588022,1
5,0,1,0,0,0,0,0,1.0,1,0,2.5215486848189372,79.8711757776838,91.59003044016804,0.9567142318815718,1
5,0,1,0,0,0,0,1,1.0,1,0,2.407037981711629,71.94633956414711,86.35560559966646,1.0347555784142128,1
5,0,1,0,0,0,0,0,1.0,1,0,2.3215183138337085,78.18988745075401,89.84718082229573,0.9417223464640566,1
5,0,1,0,0,0,0,0,1.0,1,0,2.0,84.3607271059695,86.12411875272554,0.8957875589143475,1
5,0,1,0,0,0,0,0,1.0,1,0,2.0,91.02424158686443,90.77067773815517,0.9143319330214988,1
5,0,1,0,0,0,0,1,1.0,1,0,2.0,93.00037077891409,98.448866908451,1.0016595875727856,1
6,0,1,0,0,0,0,0,1.0,1,0,2.2571707680270263,70.56647513973485,81.62796488931693,1.2024392486436595,1
5,0,1,0,0,0,0,1,1.0,1,0,2.5457369410117137,71.09452891052712,91.7293455330355,1.0554809595441341,1
6,0,1,0,0,0,0,0,1.0,1,0,2.0,75.18231807557756,89.36322281230267,1.1407030170670136,1
5,0,1,0,0,0,0,0,1.0,1,0,2.3838484474598776,70.95791612775335,97.51006952636804,0.9275191758985916,1
5,0,1,0,0,0,0,0,1.0,0,1,2.0,31.274669923024106,5.644243885339538,0.0462452869969058,0
5,0,1,0,0,0,0,1,1.0,0,1,2.0,26.73664905396167,1.8469928784490712,0.08592937499719379,0
5,0,1,0,0,0,0,0,1.0,1,0,2.404431010984338,70.44408494723665,87.66789882317009,0.8777505518301463,1
5,0,1,0,0,0,0,0,1.0,0,1,2.0,22.476059242854248,9.638583576041636,-0.00373055051538833,0
6,0,1,0,0,0,0,0,1.0,0,1,2.3253335935141917,31.233272179083173,18.29691393251156,-0.07738319860485625,1
6,0,1,0,0,0,0,0,1.0,0,1,2.3444157188351604,24.385164012209415,7.233309701972131,-0.3526042720926093,1
6,0,1,0,0,0,0,0,1.0,0,1,2.3711961082749364,24.385164012209415,7.233309701972131,-0.3526042720926093,1
5,0,1,0,0,0,0,0,1.0,0,1,2.5502033193602567,24.385164012209415,7.233309701972131,-0.3526042720926093,1
5,0,1,0,0,0,0,0,1.0,0,1,2.363228138703592,33.45311295243987,4.96736275054409,-0.05003499003020122,1
9,0,1,0,0,0,0,0,1.0,0,1,2.3495536945352913,29.836825415464176,2.362999861239016,-0.021140834161084716,1
6,0,1,0,0,0,0,0,1.0,0,1,2.4257409037362896,29.836825415464176,2.362999861239016,-0.021140834161084716,1
6,0,1,0,0,0,0,0,1.0,1,0,2.0,63.60797554411708,92.2562564640866,1.05584118028316,0
9,0,1,0,0,0,0,1,1.0,1,0,2.0,71.00885466592678,95.06298137293447,1.0632138976736938,0
5,0,1,0,0,0,0,0,1.0,1,0,2.0,65.60026815981504,93.03749551087715,0.9260934128819023,0
6,0,1,0,0,0,0,0,1.0,1,0,2.0,69.2495329458285,86.266259352456,1.1139604816434387,0
6,0,1,0,0,0,0,0,1.0,1,0,2.0,69.2495329458285,86.266259352456,1.1139604816434387,0
6,0,1,0,0,0,0,0,1.0,1,0,2.0,69.2495329458285,86.266259352456,1.1139604816434387,0
5,0,1,0,0,0,0,0,1.0,1,0,2.0,69.2495329458285,86.266259352456,1.1139604816434387,0
5,0,1,0,0,0,0,0,1.0,1,0,2.601363941386548,71.46262373546745,93.41954390195606,1.0815855003809005,1
5,0,1,0,0,0,0,0,1.0,1,0,2.573289269342587,68.49935714223366,90.06542189886855,1.1721888401521545,1
5,0,1,0,0,0,0,0,1.0,1,0,2.1991969038088546,65.87574006959233,93.84935081242806,1.0108307713299503,1
5,0,1,0,0,0,0,0,1.0,1,0,2.0,67.24340139200693,84.94259495779468,1.0199819312715173,1
5,0,1,0,0,0,0,1,1.0,1,0,2.0,67.80766115145954,83.23423749788776,1.0061346064423236,1
5,0,1,0,0,0,0,1,1.0,1,0,2.0,69.5937443891478,86.47447399083768,1.152946996745336,1
5,0,1,0,0,0,0,1,1.0,1,0,2.2982453388895343,69.5937443891478,86.47447399083768,1.152946996745336,1
7,0,1,0,0,0,0,0,1.0,1,0,2.344042255687117,67.68663884604163,83.41781723847191,0.8706850145002554,1
5,0,1,0,0,0,0,0,1.0,0,1,2.5064015955490304,65.92230850503151,89.91448534946603,0.9728527281874761,1
5,0,1,0,0,0,0,0,1.0,0,1,2.4597468085748626,65.92230850503151,89.91448534946603,0.9728527281874761,1
5,0,1,0,0,0,0,1,1.0,1,0,2.0,69.62411030072896,86.93121390810742,1.0863815503471879,1
6,0,1,0,0,0,0,1,1.0,1,0,2.381883321073636,69.62411030072896,86.93121390810742,1.0863815503471879,1
5,0,1,0,0,0,0,0,1.0,1,0,2.647931741064865,62.31625542320243,84.04104127668042,0.8619490953220211,1
5,0,1,0,0,0,0,0,1.0,0,1,2.0,41.315608998667535,14.351118826257904,-0.05730669648347288,0
6,0,1,0,0,0,0,0,1.0,0,1,2.0,36.0723635398165,1.9247832498799435,-0.23166121275687343,0
5,0,1,0,0,0,0,0,1.0,0,1,2.0,37.14220155675553,17.785323529620243,-0.06072728892253522,0
5,0,1,0,0,0,0,0,1.0,0,1,2.0,34.408734830769504,5.421260455261368,-0.019528988826408893,0
7,0,1,0,1,0,0,0,1.0,0,1,1.7960987526177723,31.845000952671242,14.520876691339641,-0.005766754342271809,1
7,0,1,0,0,0,0,0,1.0,0,1,2.0,27.72931681239878,20.33676322068668,-0.12884642807807106,0
8,0,1,0,0,0,0,0,1.0,0,1,2.081566907810671,27.72931681239878,20.33676322068668,-0.12884642807807106,1
5,0,1,0,0,0,0,0,1.0,0,1,2.331018549318982,30.296483681529907,10.578446808790613,-0.0075486634259555535,1
8,0,1,0,0,0,0,0,1.0,1,0,2.0,67.20634822197505,93.62064483426657,1.1526152336305673,0
5,0,1,0,0,0,0,0,1.0,1,0,2.0,67.20634822197505,93.62064483426657,1.1526152336305673,0
7,0,1,0,0,0,0,0,1.0,1,0,2.0,70.96608566265657,93.66563445307702,0.992565861034098,0
9,0,1,0,0,0,0,0,1.0,0,1,2.3109814535867303,29.373052443279377,9.985846944382875,-0.0995330964064104,1
6,0,1,0,0,0,0,0,1.0,0,1,2.327857703926192,29.373052443279377,9.985846944382875,-0.0995330964064104,1
6,0,1,0,0,0,0,0,1.0,0,1,2.526113530809176,29.373052443279377,9.985846944382875,-0.0995330964064104,1
8,0,1,0,0,0,0,0,1.0,0,1,2.5468043890383,29.373052443279377,9.985846944382875,-0.0995330964064104,1
6,0,1,0,0,0,0,0,1.0,0,1,2.5337941309444556,29.373052443279377,9.985846944382875,-0.0995330964064104,1
7,0,1,0,0,0,0,0,1.0,0,1,2.5824734616738345,29.373052443279377,9.985846944382875,-0.0995330964064104,1
5,0,1,0,0,0,0,1,1.0,0,1,2.5164533349460347,28.719356609555973,7.52371693170328,-0.024234914853255077,1
6,0,1,0,1,0,0,0,1.0,0,1,2.6183840058139607,36.132233513228925,13.988262444053381,-0.011650241676234558,1
5,0,1,0,0,0,0,0,1.0,0,1,2.6314117976380142,32.460266986509,12.69154025988656,-0.14137015800846536,1
6,0,1,0,0,0,0,0,1.0,0,1,2.5446576685620736,32.460266986509,12.69154025988656,-0.14137015800846536,1
7,0,1,0,0,0,0,0,1.0,0,1,2.5238084487288046,32.460266986509,12.69154025988656,-0.14137015800846536,1
7,0,1,0,0,0,0,0,1.0,0,1,2.458650314427046,28.401689317794677,10.050134380246913,-0.21477983757737137,1
5,0,1,0,0,0,0,0,1.0,0,1,2.483666261390882,28.401689317794677,10.050134380246913,-0.21477983757737137,1
6,0,1,0,0,0,0,0,1.0,0,1,2.454493583863555,29.031342366734336,3.604220882799603,-0.055037782644000784,1
7,0,1,0,0,0,0,0,1.0,0,1,2.4930563780543418,29.031342366734336,3.604220882799603,-0.055037782644000784,1
8,0,1,0,0,0,0,1,1.0,0,1,2.5458260371223957,27.650688617713598,9.689319015425545,0.019727285102332567,1
6,0,1,0,0,0,0,0,1.0,0,1,2.4234591242821013,34.94823553490939,7.780052983083392,0.03932581690016448,1
5,0,1,0,0,0,0,0,1.0,0,1,2.5065963095206243,35.71915552479045,9.91972126489136,0.14075613948225818,1
6,0,1,0,0,0,0,0,1.0,0,1,2.4381306173873027,35.71915552479045,9.91972126489136,0.14075613948225818,1
5,0,1,0,0,0,0,0,1.0,0,1,2.8104896592917843,32.50066163681399,10.253210892491321,0.09392618101019096,1
7,0,1,0,0,0,0,0,1.0,0,1,2.4507817385547117,36.81957693965113,19.16382727092097,0.08010633460751294,1
7,0,1,0,0,0,0,0,1.0,0,1,2.456354657038051,36.212719203525715,-3.891477696939383,-0.14778805167642978,1
6,0,1,0,0,0,0,0,1.0,0,1,2.551808992868544,36.212719203525715,-3.891477696939383,-0.14778805167642978,1
6,0,1,0,0,0,0,0,1.0,0,1,2.5317897884789824,36.212719203525715,-3.891477696939383,-0.14778805167642978,1
5,0,1,0,0,0,0,0,1.0,0,1,2.4730881123292874,36.212719203525715,-3.891477696939383,-0.14778805167642978,1
6,0,1,0,0,0,0,0,1.0,0,1,2.8139623370591407,36.212719203525715,-3.891477696939383,-0.14778805167642978,1
6,0,1,0,0,0,0,0,1.0,0,1,2.4839153193911576,33.626188403677034,18.929682937702086,0.06438293414322148,1
8,0,1,0,0,0,0,1,1.0,0,1,2.6390150004003137,32.985661748233255,23.988096261992702,0.0926414534309866,1
5,0,1,0,0,0,0,1,1.0,0,1,2.727021031643376,32.985661748233255,23.988096261992702,0.0926414534309866,1
7,0,1,0,0,0,0,1,1.0,0,1,2.5639688459448458,32.985661748233255,23.988096261992702,0.0926414534309866,1
6,0,1,0,0,0,0,0,1.0,0,1,2.496458262223713,30.226347010973242,21.712349170597527,0.02649247484628035,1
6,0,1,0,0,0,0,0,1.0,0,1,2.0,27.16870582589881,10.82730806594283,-0.022708459528660463,1
5,0,1,0,0,0,0,0,1.0,0,1,2.39315921745544,27.16870582589881,10.82730806594283,-0.022708459528660463,1
9,0,1,0,0,0,0,0,1.0,0,1,2.0,37.88365626253156,29.981058560348128,0.1811697135369005,1
6,0,1,0,0,0,0,0,1.0,0,1,2.0,37.88365626253156,29.981058560348128,0.1811697135369005,1
6,0,1,0,0,0,0,0,1.0,0,1,2.0,37.88365626253156,29.981058560348128,0.1811697135369005,1
5,0,1,0,1,0,0,1,1.0,0,1,2.0,38.94256535170524,13.930693566940981,-0.15945620418359685,1
8,0,1,0,1,0,0,1,1.0,0,1,2.0,38.94256535170524,13.930693566940981,-0.15945620418359685,1
7,0,1,0,1,0,0,1,1.0,0,1,2.0,38.94256535170524,13.930693566940981,-0.15945620418359685,1
6,0,1,0,0,0,0,0,1.0,0,1,2.0,38.63507282152728,14.380775706433056,-0.03916305762208194,1
5,0,1,0,0,0,0,1,1.0,0,1,2.0,35.44991740999869,5.572337743683883,0.021288608976711535,1
7,0,1,0,0,0,0,1,1.0,0,1,2.0,35.44991740999869,5.572337743683883,0.021288608976711535,1
6,0,1,0,0,0,0,1,1.0,0,1,2.5051914516938125,35.44991740999869,5.572337743683883,0.021288608976711535,1
6,0,1,0,0,0,0,0,1.0,0,1,2.0,31.206784934235756,12.395241132764506,0.0036772836066578636,1
7,0,1,0,0,0,0,0,1.0,0,1,2.0,31.206784934235756,12.395241132764506,0.0036772836066578636,1
5,0,1,0,0,0,0,0,1.0,0,1,2.0,31.206784934235756,12.395241132764506,0.0036772836066578636,1
5,0,1,0,0,0,0,1,1.0,0,1,2.4973379035132925,26.20168962364724,2.962148400464908,-0.03305538049321916,1
6,0,1,0,0,0,0,1,1.0,0,1,2.0,26.20168962364724,2.962148400464908,-0.03305538049321916,1
7,0,1,0,0,0,0,1,1.0,0,1,2.0,26.20168962364724,2.962148400464908,-0.03305538049321916,1
8,0,1,0,0,0,0,1,1.0,0,1,2.0,26.20168962364724,2.962148400464908,-0.03305538049321916,1
5,0,1,0,0,0,0,1,1.0,0,1,2.4872116464586496,26.20168962364724,2.962148400464908,-0.03305538049321916,1
7,0,1,0,0,0,0,0,1.0,0,1,2.3942322771711035,26.64038696928793,17.970258174550334,0.03601977373198701,1
5,0,1,0,0,0,0,0,1.0,0,1,2.4833687158339472,26.64038696928793,17.970258174550334,0.03601977373198701,1
5,0,1,0,0,0,0,0,1.0,0,1,2.653600725837382,26.64038696928793,17.970258174550334,0.03601977373198701,1
6,0,1,0,0,0,0,0,1.0,0,1,2.0,26.64038696928793,17.970258174550334,0.03601977373198701,1
5,0,1,0,0,0,0,0,1.0,0,1,2.0,26.64038696928793,17.970258174550334,0.03601977373198701,1
6,0,1,0,0,0,0,0,1.0,0,1,2.0,26.64038696928793,17.970258174550334,0.03601977373198701,1
7,0,1,0,1,0,0,0,1.0,0,1,2.4667325840957353,25.92700080684301,17.718669827659618,0.03198489809080589,1
7,0,1,0,1,0,0,0,1.0,0,1,2.0,25.92700080684301,17.718669827659618,0.03198489809080589,1
7,0,1,0,1,0,0,0,1.0,0,1,2.0,25.92700080684301,17.718669827659618,0.03198489809080589,1
5,0,1,0,1,0,0,0,1.0,0,1,2.0,25.92700080684301,17.718669827659618,0.03198489809080589,1
5,0,1,0,1,0,0,0,1.0,0,1,2.49343559821203,25.92700080684301,17.718669827659618,0.03198489809080589,1
5,0,1,0,1,0,0,0,1.0,0,1,2.433004357666837,23.358501303546134,10.362258950528156,-0.0059082458816826465,1
6,0,1,0,1,0,0,0,1.0,0,1,2.0,23.358501303546134,10.362258950528156,-0.0059082458816826465,1
6,0,1,0,1,0,0,0,1.0,0,1,2.0,23.358501303546134,10.362258950528156,-0.0059082458816826465,1
6,0,1,0,1,0,0,0,1.0,0,1,2.0,23.358501303546134,10.362258950528156,-0.0059082458816826465,1
5,0,1,0,1,0,0,0,1.0,0,1,2.0,23.358501303546134,10.362258950528156,-0.0059082458816826465,1
8,0,1,0,1,0,0,0,1.0,0,1,2.0,23.358501303546134,10.362258950528156,-0.0059082458816826465,1
5,0,1,0,1,0,0,0,1.0,0,1,2.0,23.358501303546134,10.362258950528156,-0.0059082458816826465,1
7,0,1,0,1,0,0,0,1.0,0,1,2.0,23.358501303546134,10.362258950528156,-0.0059082458816826465,1
6,0,1,0,1,0,0,0,1.0,0,1,2.0,23.358501303546134,10.362258950528156,-0.0059082458816826465,1
5,0,1,0,1,0,0,0,1.0,0,1,2.49386373162984,23.358501303546134,10.362258950528156,-0.0059082458816826465,1
6,0,1,0,0,0,0,1,1.0,0,1,2.42191936501006,20.487965715045505,16.288788184364726,0.01382637599312628,1
6,0,1,0,0,0,0,1,1.0,0,1,2.0,20.487965715045505,16.288788184364726,0.01382637599312628,1
5,0,1,0,0,0,0,1,1.0,0,1,2.582155842160252,20.487965715045505,16.288788184364726,0.01382637599312628,1
5,0,1,0,0,0,0,0,1.0,0,1,2.0,30.552221896771613,11.279974564372353,0.0237447156215103,1
5,0,1,0,0,0,0,0,1.0,0,1,2.457878163000526,30.552221896771613,11.279974564372353,0.0237447156215103,1
8,0,1,0,0,0,0,1,1.0,0,1,2.394382831205492,29.591267891354974,12.09291713720821,-0.1609082395173282,1
5,0,1,0,0,0,0,0,1.0,0,1,2.5878520946349495,26.853197181578352,-0.06573986839696111,-0.12500596246263881,1
6,0,1,0,0,0,0,0,1.0,0,1,2.425407610651264,26.302061442576957,9.553148603939395,0.024737386446738827,1
6,0,1,0,0,0,0,0,1.0,0,1,2.0,26.302061442576957,9.553148603939395,0.024737386446738827,1
6,0,1,0,0,0,0,0,1.0,0,1,2.4107498957970663,24.75584282026726,3.7711036099686575,0.04060042683549695,1
8,0,1,0,0,0,0,0,1.0,0,1,2.498702291853267,24.75584282026726,3.7711036099686575,0.04060042683549695,1
6,0,1,0,0,0,0,0,1.0,0,1,2.6948055728393787,24.75584282026726,3.7711036099686575,0.04060042683549695,1
5,0,1,0,0,0,0,0,1.0,0,1,2.3878879236247474,24.75584282026726,3.7711036099686575,0.04060042683549695,1
5,0,1,0,0,0,0,0,1.0,0,1,2.49926457616006,36.300384301835514,2.9955157828814283,-0.030619905757727682,1
5,0,1,0,0,0,0,0,1.0,0,1,2.5144330759910645,36.300384301835514,2.9955157828814283,-0.030619905757727682,1
5,0,1,0,0,0,0,1,1.0,0,1,2.0,36.89690142083207,13.429444766315347,0.03391402578414621,1
7,0,1,0,0,0,0,0,1.0,0,1,2.476744324727425,34.98649466166283,7.624305177200406,0.03295247319425477,1
6,0,1,0,1,0,0,0,1.0,0,1,2.5106109947501065,34.35940673348394,25.83507739622494,0.17036027999726336,1
5,0,1,0,1,0,0,0,1.0,0,1,2.0,34.35940673348394,25.83507739622494,0.17036027999726336,1
7,0,1,0,0,0,0,0,1.0,0,1,2.0,29.820460158407883,9.133035360497761,0.04336357530941332,1
5,0,1,0,0,0,0,0,1.0,0,1,2.0,29.820460158407883,9.133035360497761,0.04336357530941332,1
5,0,1,0,0,0,0,0,1.0,0,1,2.0,29.820460158407883,9.133035360497761,0.04336357530941332,1
9,0,1,0,0,0,0,0,1.0,0,1,2.397701031616825,29.820460158407883,9.133035360497761,0.04336357530941332,1
6,0,1,0,0,0,0,0,1.0,0,1,2.5957704619577187,29.820460158407883,9.133035360497761,0.04336357530941332,1
7,0,1,0,0,0,0,1,1.0,0,1,2.0,33.55553736288459,15.402479830385936,-0.0063411782683297,1
5,0,1,0,0,0,0,1,1.0,0,1,2.0,33.55553736288459,15.402479830385936,-0.0063411782683297,1
6,0,1,0,0,0,0,1,1.0,0,1,2.4661732486831855,33.55553736288459,15.402479830385936,-0.0063411782683297,1
6,0,1,0,0,0,0,1,1.0,0,1,2.4741513207377226,33.55553736288459,15.402479830385936,-0.0063411782683297,1
5,0,1,0,0,0,0,1,1.0,0,1,2.680450090163255,33.1098132643925,18.493018291491065,0.07677769413725338,1
5,0,1,0,0,0,0,1,1.0,0,1,2.0,33.1098132643925,18.493018291491065,0.07677769413725338,1
7,0,1,0,0,0,0,1,1.0,0,1,2.3286490644446873,33.1098132643925,18.493018291491065,0.07677769413725338,1
7,0,1,0,0,0,0,1,1.0,0,1,2.3245347557067264,33.1098132643925,18.493018291491065,0.07677769413725338,1
5,0,1,0,0,0,0,0,1.0,1,0,2.0,76.75015026644355,89.15745092360625,1.1211184048037626,0
9,0,1,0,0,0,0,0,1.0,1,0,2.0,76.75015026644355,89.15745092360625,1.1211184048037626,0
6,0,1,0,0,0,0,0,1.0,1,0,2.0,76.75015026644355,89.15745092360625,1.1211184048037626,0
6,0,1,0,0,0,0,0,1.0,1,0,2.0,76.75015026644355,89.15745092360625,1.1211184048037626,0
7,0,1,0,0,0,0,0,1.0,1,0,2.0,76.75015026644355,89.15745092360625,1.1211184048037626,0
7,0,1,0,0,0,0,0,1.0,1,0,2.0,76.75015026644355,89.15745092360625,1.1211184048037626,0
6,0,1,0,0,0,0,0,1.0,1,0,2.0,78.69485630387975,96.98360647821555,1.0840199153366425,0
6,0,1,0,0,0,0,0,1.0,1,0,2.0,78.69485630387975,96.98360647821555,1.0840199153366425,0
7,0,1,0,0,0,0,0,1.0,1,0,2.0,77.22830560664994,94.14827300667983,1.024240068935937,0
6,0,1,0,0,0,0,1,1.0,1,0,2.0,79.29429154608826,93.71989120344908,1.023577818332993,0
5,0,1,0,0,0,0,1,1.0,1,0,2.0,79.29429154608826,93.71989120344908,1.023577818332993,0
8,0,1,0,0,0,0,1,1.0,1,0,2.0,79.29429154608826,93.71989120344908,1.023577818332993,0
5,0,1,0,0,0,0,1,1.0,1,0,2.0,79.29429154608826,93.71989120344908,1.023577818332993,0
6,0,1,0,0,0,0,1,1.0,1,0,2.0,79.29429154608826,93.71989120344908,1.023577818332993,0
5,0,1,0,0,0,0,1,1.0,1,0,2.0,79.29429154608826,93.71989120344908,1.023577818332993,0
6,0,1,0,0,0,0,0,1.0,1,0,2.0,67.94182285213527,81.1325785782072,1.0984149715006621,0
8,0,1,0,0,0,0,0,1.0,1,0,2.0,73.38817388986314,92.35792099733541,1.2240859665629178,0
5,0,1,0,0,0,0,0,1.0,1,0,2.0,73.38817388986314,92.35792099733541,1.2240859665629178,0
5,0,1,0,0,0,0,0,1.0,1,0,2.3890613403339813,73.38817388986314,92.35792099733541,1.2240859665629178,1
6,0,1,0,0,0,0,0,1.0,1,0,2.0,75.11062809335722,93.99860444655324,1.1343588994838831,0
5,0,1,0,0,0,0,0,1.0,1,0,2.0,75.11062809335722,93.99860444655324,1.1343588994838831,0
5,0,1,0,0,0,0,0,1.0,1,0,2.0,75.11062809335722,93.99860444655324,1.1343588994838831,0
5,0,1,0,0,0,0,0,1.0,1,0,2.0,76.7938278397308,90.30950525556008,0.9806203229878683,0
5,0,1,0,0,0,0,1,1.0,1,0,2.0,71.42774325855194,93.80177365275371,1.0808882572304033,1
6,0,1,0,0,0,0,0,1.0,1,0,2.373129306985036,66.85813190826534,90.74562836277968,0.9052899801031798,1
5,0,1,0,0,0,0,0,1.0,1,0,2.6166856121380717,73.68834819439641,87.96830267108668,1.1346725296739473,1
5,0,1,0,0,0,0,0,1.0,1,0,2.435916013532368,83.95567744929483,93.97826340478791,1.1816294747868643,1
5,0,1,0,0,0,0,0,1.0,0,1,2.0,22.850582183741835,-0.8441419545836202,-0.23270192189299777,0
5,0,1,0,0,0,0,0,1.0,0,1,2.0,31.647505287881714,21.269263757236807,-0.0026700320293605267,0
6,0,1,0,0,0,0,1,1.0,0,1,2.0,60.74048004302683,86.07927881272848,0.9646495816676991,1
5,0,1,0,0,0,0,1,1.0,1,0,2.3180609735140836,70.82692530082461,95.1795217626168,1.09584599375487,1
7,0,1,0,0,0,0,0,1.0,1,0,2.525654673205802,71.35741692681624,96.0285120633121,1.046978864929082,1
5,0,1,0,0,0,0,0,1.0,1,0,2.763036051416041,71.35741692681624,96.0285120633121,1.046978864929082,1
5,0,1,0,0,0,0,1,1.0,1,0,2.5011433876319353,66.4574843986278,82.22627208176901,0.8102419701965086,1
6,0,1,0,0,0,0,0,1.0,1,0,2.4800437229317454,72.13881985461298,78.9706470558542,1.0358542382127305,1
5,0,1,0,0,0,0,0,1.0,1,0,2.812568925993493,70.17622968736022,74.0010015251878,0.9834079133675212,1
5,0,1,0,0,0,0,0,1.0,1,0,2.465496283649149,72.04320893621977,81.2665181723856,1.0433236784666178,1
5,0,1,0,0,0,0,0,1.0,1,0,2.5065314585077787,71.7118056746499,87.02630098495241,0.8658102108098285,1
5,0,1,0,0,0,0,0,1.0,1,0,2.0,69.69704515911843,89.10956190093584,1.186382345756546,1
7,0,1,0,0,0,0,0,1.0,1,0,2.0,69.69704515911843,89.10956190093584,1.186382345756546,1
5,0,1,0,0,0,0,0,1.0,1,0,2.0,69.69704515911843,89.10956190093584,1.186382345756546,1
5,0,1,0,0,0,0,0,1.0,1,0,2.0,67.65269887466015,88.64700423980419,0.9441298264436832,1
6,0,1,0,0,0,0,0,1.0,1,0,2.0,68.543797780929,84.10346206833238,1.149553492318809,1
5,0,1,0,0,0,0,1,1.0,1,0,2.0,67.26381597213393,91.32205484490336,0.9436080807267331,1
5,0,1,0,0,0,0,1,1.0,1,0,2.0,67.26381597213393,91.32205484490336,0.9436080807267331,1
5,0,1,0,0,0,0,0,1.0,1,0,2.0,73.46451293823884,87.15012296619213,1.218915453369318,1
6,0,1,0,0,0,0,1,1.0,1,0,2.7258544961411206,75.96467947233097,92.75904084870749,1.005634336288926,1
5,0,1,0,0,0,0,0,1.0,1,0,2.380635529225601,79.91161557993584,98.49745016494347,1.0598965734429178,1
6,0,1,0,0,0,0,1,1.0,1,0,2.0,62.6147187839081,86.22554628312253,1.0559525953155096,1
5,0,1,0,0,0,0,0,1.0,0,1,2.765855449190697,32.355419464688254,6.559219572095556,-0.0489067126027476,1
5,0,1,0,0,0,0,0,1.0,0,1,2.760374153049855,33.79237209540781,15.505950136831386,0.0007208201180332294,1
5,0,1,0,0,0,0,0,1.0,0,1,2.6531061571574908,33.79237209540781,15.505950136831386,0.0007208201180332294,1
5,0,1,0,0,0,0,0,1.0,1,0,2.0,71.4197093694046,87.5747122542475,0.9318095346018224,0
5,0,1,0,0,0,0,0,1.0,1,0,2.0,71.4197093694046,87.5747122542475,0.9318095346018224,0
5,0,1,0,0,0,0,0,1.0,1,0,2.0,71.4197093694046,87.5747122542475,0.9318095346018224,0
5,0,1,0,0,0,0,1,1.0,0,1,2.0,29.9170411859091,2.6400977688693144,-0.16474050505303908,0
8,0,1,0,1,0,0,0,1.0,0,1,2.687404017455926,28.98290929624413,6.586303770423579,-0.026397670294845507,1
8,0,1,0,0,0,0,0,1.0,0,1,2.6431294286417857,26.411131564617378,0.957473121348089,-0.031103497089333323,1
7,0,1,0,0,0,0,0,1.0,0,1,2.611901115288095,23.603414283422282,9.523939021712392,-0.04648627498847583,1
5,0,1,0,0,0,0,0,1.0,0,1,2.6138481677842886,23.603414283422282,9.523939021712392,-0.04648627498847583,1
9,0,1,0,0,0,0,1,1.0,0,1,2.673731094817659,23.669952971214528,3.322551444232944,0.056316136161600375,1
6,0,1,0,0,0,0,1,1.0,0,1,2.67517817383261,23.669952971214528,3.322551444232944,0.056316136161600375,1
6,0,1,0,0,0,0,1,1.0,0,1,2.6819298635117828,23.669952971214528,3.322551444232944,0.056316136161600375,1
5,0,1,0,0,0,0,1,1.0,0,1,2.5512666768117187,23.669952971214528,3.322551444232944,0.056316136161600375,1
7,0,1,0,0,0,0,1,1.0,0,1,2.734500724228086,33.92774222987909,17.420560617370477,-0.10252946727971024,1
5,0,1,0,0,0,0,1,1.0,0,1,2.507177083106135,33.92774222987909,17.420560617370477,-0.10252946727971024,1
8,0,1,0,0,0,0,1,1.0,0,1,2.6359346591778166,33.92774222987909,17.420560617370477,-0.10252946727971024,1
6,0,1,0,0,0,0,0,1.0,0,1,2.497598304178164,33.69831534076542,5.505298021053625,-0.0702453371663332,1
6,0,1,0,0,0,0,0,1.0,0,1,2.663689103180331,33.69831534076542,5.505298021053625,-0.0702453371663332,1
9,0,1,0,0,0,0,0,1.0,0,1,2.8459521376891947,33.69831534076542,5.505298021053625,-0.0702453371663332,1
5,0,1,0,0,0,0,0,1.0,0,1,2.8396771710437005,33.69831534076542,5.505298021053625,-0.0702453371663332,1
5,0,1,0,0,0,0,0,1.0,0,1,2.5496700649701527,33.69831534076542,5.505298021053625,-0.0702453371663332,1
5,0,1,0,0,0,0,0,1.0,0,1,2.711967311597542,33.69831534076542,5.505298021053625,-0.0702453371663332,1
6,0,1,0,0,0,0,0,1.0,0,1,2.8412342866305242,33.69831534076542,5.505298021053625,-0.0702453371663332,1
5,0,1,0,1,0,0,0,1.0,0,1,2.3247784746183013,38.23392853464452,14.50814384465055,0.029177414210067355,1
5,0,1,0,0,0,0,1,1.0,0,1,2.6217102254949345,33.7362669311854,12.302448512914696,0.004977618008765818,1
6,0,1,0,0,0,0,1,1.0,0,1,2.4597877166497737,33.7362669311854,12.302448512914696,0.004977618008765818,1
7,0,1,0,0,0,0,1,1.0,0,1,2.688549044979052,32.60538663433071,10.803840390618513,0.02450973752559949,1
6,0,1,0,0,0,0,1,1.0,0,1,2.6297749888925823,32.60538663433071,10.803840390618513,0.02450973752559949,1
8,0,1,0,0,0,0,0,1.0,0,1,2.0,26.495145522338717,7.371345852766714,-0.13595894518132026,1
8,0,1,0,0,0,0,0,1.0,0,1,2.0,25.74715949634792,9.914486437231606,-0.0643216924385796,1
5,0,1,0,0,0,0,0,1.0,0,1,2.6083057241583223,26.599261704637883,7.904727418673815,0.03345762410371542,1
7,0,1,1,0,0,0,1,1.0,0,1,2.0,30.383658329439513,13.850318994654938,-0.231427205129235,1
5,0,1,1,0,0,0,1,1.0,0,1,2.0,30.383658329439513,13.850318994654938,-0.231427205129235,1
6,0,1,1,0,0,0,1,1.0,0,1,2.538484013090428,30.383658329439513,13.850318994654938,-0.231427205129235,1
7,0,1,1,0,0,0,1,1.0,0,1,2.6342493897804196,30.383658329439513,13.850318994654938,-0.231427205129235,1
6,0,1,0,0,0,0,1,1.0,0,1,2.698988440352025,28.008390561442027,13.182951950193193,-0.17992501992949797,1
5,0,1,0,0,0,0,0,1.0,0,1,2.5124710012724116,22.365846364414708,0.8252200749896186,-0.24571131090041617,1
5,0,1,0,0,0,0,0,1.0,0,1,2.5493399097478444,22.365846364414708,0.8252200749896186,-0.24571131090041617,1
5,0,1,0,0,0,0,0,1.0,0,1,2.5401188096086798,22.365846364414708,0.8252200749896186,-0.24571131090041617,1
7,0,1,0,0,0,0,0,1.0,0,1,2.0,22.365846364414708,0.8252200749896186,-0.24571131090041617,1
9,0,1,0,0,0,0,0,1.0,0,1,2.0,22.365846364414708,0.8252200749896186,-0.24571131090041617,1
6,0,1,0,0,0,0,0,1.0,0,1,2.0,22.365846364414708,0.8252200749896186,-0.24571131090041617,1
6,0,1,0,0,0,0,0,1.0,0,1,2.0,22.365846364414708,0.8252200749896186,-0.24571131090041617,1
5,0,1,0,0,0,0,0,1.0,0,1,2.0,22.365846364414708,0.8252200749896186,-0.24571131090041617,1
5,0,1,0,0,0,0,0,1.0,0,1,2.0,22.365846364414708,0.8252200749896186,-0.24571131090041617,1
8,0,1,0,0,0,0,0,1.0,0,1,2.0,22.365846364414708,0.8252200749896186,-0.24571131090041617,1
5,0,1,0,0,0,0,0,1.0,0,1,2.554624331086662,22.365846364414708,0.8252200749896186,-0.24571131090041617,1
7,0,1,0,0,0,0,0,1.0,0,1,2.632683661179286,22.365846364414708,0.8252200749896186,-0.24571131090041617,1
7,0,1,0,0,0,0,1,1.0,0,1,2.566903126924488,21.42141242064183,8.449161333468489,-0.129783658777498,1
6,0,1,0,0,0,0,0,1.0,0,1,2.564688327622954,24.265039727075532,9.772692760791267,0.042393053501320124,1
6,0,1,0,0,0,0,0,1.0,0,1,2.0,24.265039727075532,9.772692760791267,0.042393053501320124,1
6,0,1,0,0,0,0,0,1.0,0,1,2.0,24.265039727075532,9.772692760791267,0.042393053501320124,1
9,0,1,0,0,0,0,0,1.0,0,1,2.0,24.265039727075532,9.772692760791267,0.042393053501320124,1
5,0,1,0,0,0,0,0,1.0,0,1,2.0,24.265039727075532,9.772692760791267,0.042393053501320124,1
5,0,1,0,0,0,0,0,1.0,0,1,2.0,24.265039727075532,9.772692760791267,0.042393053501320124,1
5,0,1,0,0,0,0,0,1.0,0,1,2.0,24.265039727075532,9.772692760791267,0.042393053501320124,1
6,0,1,0,0,0,0,0,1.0,0,1,2.0,24.265039727075532,9.772692760791267,0.042393053501320124,1
7,0,1,0,0,0,0,0,1.0,0,1,2.2958796324986825,24.265039727075532,9.772692760791267,0.042393053501320124,1
5,0,1,0,0,0,0,1,1.0,0,1,2.0,22.513023247386926,2.989945794561735,0.05676068287362932,1
5,0,1,0,0,0,0,0,1.0,0,1,2.0,20.884771511976282,4.4817424350265345,0.06294429825000741,1
6,0,1,0,0,0,0,0,1.0,0,1,2.0,20.884771511976282,4.4817424350265345,0.06294429825000741,1
10,0,1,0,0,0,0,0,1.0,0,1,2.298654711405033,20.884771511976282,4.4817424350265345,0.06294429825000741,1
5,0,1,0,0,0,0,0,1.0,0,1,2.318386049143688,20.884771511976282,4.4817424350265345,0.06294429825000741,1
6,0,1,0,0,0,0,0,1.0,0,1,2.3753299392098146,20.884771511976282,4.4817424350265345,0.06294429825000741,1
7,0,1,0,0,0,0,0,1.0,0,1,2.0,19.693675286429,7.449707255965818,0.07923301388457675,1
6,0,1,0,0,0,0,0,1.0,0,1,2.0,19.693675286429,7.449707255965818,0.07923301388457675,1
6,0,1,0,0,0,0,0,1.0,0,1,2.306747640579201,19.693675286429,7.449707255965818,0.07923301388457675,1
7,0,1,0,0,0,0,0,1.0,0,1,2.4047848318273335,19.693675286429,7.449707255965818,0.07923301388457675,1
5,0,1,0,0,0,0,0,1.0,0,1,2.48437592543996,20.65857278978153,12.840555821096308,0.14195175775514046,1
5,0,1,0,0,0,0,0,1.0,0,1,2.0,17.46633272571465,4.233833872182138,0.07421478295313412,1
6,0,1,0,0,0,0,0,1.0,0,1,2.0,31.88006259753044,4.015819295306075,-0.17575607098542498,1
6,0,1,0,0,0,0,1,1.0,0,1,2.7756999909914133,34.399008206912924,11.076255648562983,-0.1400104794393398,1
6,0,1,0,0,0,0,1,1.0,0,1,2.0,34.399008206912924,11.076255648562983,-0.1400104794393398,1
7,0,1,0,0,0,0,1,1.0,0,1,2.0,34.399008206912924,11.076255648562983,-0.1400104794393398,1
7,0,1,0,0,0,0,1,1.0,0,1,2.573390330554919,34.399008206912924,11.076255648562983,-0.1400104794393398,1
6,0,1,0,0,0,0,1,1.0,0,1,2.848998285892071,33.369366611794575,9.907171273879243,-0.017027279360782282,1
5,0,1,0,0,0,0,1,1.0,0,1,2.0,33.369366611794575,9.907171273879243,-0.017027279360782282,1
7,0,1,0,0,0,0,1,1.0,0,1,2.0,33.369366611794575,9.907171273879243,-0.017027279360782282,1
6,0,1,0,0,0,0,0,1.0,1,0,2.0,71.71240625832702,82.95373865517489,1.0368551116019873,0
6,0,1,0,0,0,0,0,1.0,0,1,2.0,68.98799013208269,98.43935871528153,0.9381984125451618,0
7,0,1,0,0,0,0,0,1.0,0,1,2.0,68.98799013208269,98.43935871528153,0.9381984125451618,0
6,0,1,0,0,0,0,0,1.0,1,0,2.0,65.84616222196257,97.70813097119395,0.9753875325991668,0
7,0,1,0,0,0,0,0,1.0,1,0,2.0,65.84616222196257,97.70813097119395,0.9753875325991668,0
5,0,1,0,0,0,0,0,1.0,1,0,2.0,65.84616222196257,97.70813097119395,0.9753875325991668,0
10,0,1,0,0,0,0,0,1.0,1,0,2.0,73.21029285059892,83.6456805097099,1.0156074059864966,0
6,0,1,0,0,0,0,0,1.0,1,0,2.0,73.21029285059892,83.6456805097099,1.0156074059864966,0
5,0,1,0,0,0,0,0,1.0,1,0,2.0,68.92655036055602,90.88675188378694,0.9069724366474513,0
6,0,1,0,0,0,0,0,1.0,1,0,2.0,63.85410980581498,84.58566339339154,1.3187571115322558,0
7,0,1,0,0,0,0,0,1.0,1,0,2.0,63.85410980581498,84.58566339339154,1.3187571115322558,0
5,0,1,0,0,0,0,0,1.0,1,0,2.0,67.0449430077847,89.84809479402075,1.204786320354419,0
7,0,1,0,0,0,0,0,1.0,1,0,2.0,67.0449430077847,89.84809479402075,1.204786320354419,0
5,0,1,0,0,0,0,0,1.0,1,0,2.0,67.0449430077847,89.84809479402075,1.204786320354419,0
5,0,1,0,0,0,0,0,1.0,1,0,2.0,66.06700212993084,88.48170274128819,1.0679214055923814,0
6,0,1,0,0,0,0,0,1.0,1,0,2.4910955706792137,66.06700212993084,88.48170274128819,1.0679214055923814,1
6,0,1,0,0,0,0,0,1.0,1,0,2.596166605080931,68.18478112388303,81.67178601306145,1.0563548860124827,1
5,0,1,0,0,0,0,0,1.0,1,0,2.543008729706426,73.86732878888931,88.69688882045938,1.0418315687881323,1
5,0,1,0,0,0,0,0,1.0,1,0,2.601788471250798,73.86732878888931,88.69688882045938,1.0418315687881323,1
5,0,1,0,0,0,0,0,1.0,1,0,2.5860402056481524,79.26312154991518,98.4665654540977,1.1276571046139021,1
6,0,1,0,0,0,0,0,1.0,1,0,2.496915065186731,69.04058324476816,94.25396714455685,1.003411769387394,1
6,0,1,0,0,0,0,0,1.0,1,0,2.0,66.16778331309823,95.99384342885728,1.0402518975552644,1
6,0,1,0,0,0,0,0,1.0,1,0,2.0,64.21581561101684,96.06717322882419,0.8811306086059305,1
5,0,1,0,0,0,0,0,1.0,1,0,2.0,70.74439823250586,94.44071955778372,1.1854147533152908,1
5,0,1,0,0,0,0,0,1.0,1,0,2.0,70.74439823250586,94.44071955778372,1.1854147533152908,1
5,0,1,0,0,0,0,0,1.0,0,1,2.0,64.46599672149156,82.50490917476296,0.8791548764236615,1
5,0,1,0,0,0,0,0,1.0,1,0,2.61523847818078,65.49254491749241,88.37182466766811,1.0852459535099992,1
5,0,1,0,0,0,0,0,1.0,1,0,2.514131971668711,68.65772515176941,102.3200868592872,1.0957029676924779,1
6,0,1,0,0,0,0,0,1.0,1,0,2.0,71.38571318153356,87.6422773118698,1.1022331652212065,1
5,0,1,0,0,0,0,0,1.0,1,0,2.671448671656229,69.21334788996893,82.3298859572885,1.015730636388654,1
5,0,1,0,0,0,0,0,1.0,1,0,2.0,69.21334788996893,82.3298859572885,1.015730636388654,1
5,0,1,0,0,0,0,0,1.0,1,0,2.6295754601421515,78.11348874150156,93.82045081039473,1.0490588858435044,1
5,0,1,0,0,0,0,0,1.0,1,0,2.574714933059709,78.11348874150156,93.82045081039473,1.0490588858435044,1
5,0,1,0,0,0,0,0,1.0,1,0,2.0,78.11348874150156,93.82045081039473,1.0490588858435044,1
6,0,1,0,0,0,0,1,1.0,1,0,3.001959406270495,88.71601187656525,96.85953401000582,1.0056200339194898,1
5,0,1,0,0,0,0,0,1.0,1,0,2.5871962415815135,90.49883784300171,95.57944293813482,1.0445250830743267,1
5,0,1,0,0,0,0,0,1.0,1,0,2.0,91.43182744236586,96.98714806375551,1.0149744216619367,1
5,0,1,0,0,0,0,0,1.0,1,0,2.0,83.8746849988326,87.3408010630169,0.9409096364268311,1
5,0,1,0,0,0,0,0,1.0,1,0,2.0,83.8746849988326,87.3408010630169,0.9409096364268311,1
6,0,1,0,0,0,0,0,1.0,1,0,2.0,69.85247072239761,82.03866028470048,1.0789393904808502,1
5,0,1,0,0,0,0,0,1.0,1,0,2.0,72.26636706969632,86.56705146433556,0.9945252555746936,1
8,0,1,0,0,0,0,1,1.0,1,0,2.7713235055359067,67.6766412345734,87.32705959203034,1.0653172966473659,1
6,0,1,0,0,0,0,1,1.0,1,0,2.5572084372400696,67.6766412345734,87.32705959203034,1.0653172966473659,1
6,0,1,0,0,0,0,0,1.0,0,1,2.0,37.56782511390811,22.815978110561673,-0.04644094916277881,0
8,0,1,0,0,0,0,1,1.0,0,1,2.0,33.309965121978166,9.276559440129514,-0.16178248172243068,0
6,0,1,0,0,0,0,1,1.0,0,1,2.566409464005445,32.987504600310984,5.3040281523259045,0.023891272690324095,1
8,0,1,1,1,0,0,1,1.0,0,1,2.8776695055683863,34.78026366668418,18.247878969795167,0.13240723969072837,1
5,0,1,0,0,0,0,1,1.0,0,1,2.7553126825678285,35.9158989409172,20.438109664761416,-0.028772594911964464,1
5,0,1,0,0,0,0,1,1.0,0,1,2.7948378017945514,35.9158989409172,20.438109664761416,-0.028772594911964464,1
7,0,1,0,0,0,0,0,1.0,0,1,2.518657027718206,31.339203446296565,8.777604382869768,-0.13395151872960376,1
6,0,1,0,0,0,0,1,1.0,0,1,2.8050201656578913,29.30236831666734,-1.4765362416390206,-0.11845184192885139,1
7,0,1,0,0,0,0,0,1.0,0,1,2.5581976708978895,27.363061875203798,5.298620176244622,0.06210236971652718,1
7,0,1,0,0,0,0,0,1.0,0,1,2.5537588206491684,27.363061875203798,5.298620176244622,0.06210236971652718,1
5,0,1,0,0,0,0,0,1.0,0,1,2.769213039026636,27.363061875203798,5.298620176244622,0.06210236971652718,1
6,0,1,0,0,0,0,0,1.0,0,1,3.132000609512168,27.363061875203798,5.298620176244622,0.06210236971652718,1
6,0,1,0,0,0,0,0,1.0,0,1,2.592081246734019,27.363061875203798,5.298620176244622,0.06210236971652718,1
5,0,1,0,0,0,0,0,1.0,0,1,2.6481220062173763,27.363061875203798,5.298620176244622,0.06210236971652718,1
6,0,1,0,0,0,0,0,1.0,0,1,2.5903182281705597,27.363061875203798,5.298620176244622,0.06210236971652718,1
6,0,1,0,0,0,0,0,1.0,0,1,2.7767160745579105,27.363061875203798,5.298620176244622,0.06210236971652718,1
6,0,1,0,0,0,0,1,1.0,0,1,2.4477614657756246,26.259979820684975,18.29615315886012,0.12514709285823197,1
6,0,1,0,0,0,0,1,1.0,0,1,2.7954162772300424,26.259979820684975,18.29615315886012,0.12514709285823197,1
5,0,1,0,0,0,0,0,1.0,0,1,2.517813063065028,26.35626437360203,20.416382058019106,0.18528656397634793,1
5,0,1,0,0,0,0,1,1.0,0,1,2.7493619351662164,36.19124925785463,12.27437013410045,0.1021241988901326,1
6,0,1,0,0,0,0,1,1.0,0,1,2.7346744114775112,36.19124925785463,12.27437013410045,0.1021241988901326,1
5,0,1,0,1,0,0,0,1.0,0,1,3.1008685559808074,35.081488586508826,10.31527271894539,-0.012970808258695538,1
6,0,1,0,1,0,0,0,1.0,0,1,2.758880109369438,35.081488586508826,10.31527271894539,-0.012970808258695538,1
5,0,1,0,1,0,0,0,1.0,0,1,2.8210468576616106,35.081488586508826,10.31527271894539,-0.012970808258695538,1
5,0,1,0,1,0,0,0,1.0,0,1,2.616318870387217,35.081488586508826,10.31527271894539,-0.012970808258695538,1
5,0,1,0,0,0,0,0,1.0,0,1,2.550711817322311,31.357209999721903,12.368063363676855,-0.06660040323835172,1
5,0,1,0,0,0,0,0,1.0,0,1,2.450791438345328,31.357209999721903,12.368063363676855,-0.06660040323835172,1
5,0,1,0,0,0,0,0,1.0,0,1,2.578871900948734,31.357209999721903,12.368063363676855,-0.06660040323835172,1
8,0,1,0,0,0,0,0,1.0,0,1,2.7180360101649863,31.357209999721903,12.368063363676855,-0.06660040323835172,1
6,0,1,0,0,0,0,0,1.0,0,1,2.7490424131030076,31.357209999721903,12.368063363676855,-0.06660040323835172,1
6,0,1,0,1,0,0,0,1.0,0,1,2.828154588990091,32.84805552487332,16.321398332486503,0.18013113273822007,1
7,0,1,0,1,0,0,0,1.0,0,1,2.7892968534537053,32.84805552487332,16.321398332486503,0.18013113273822007,1
5,0,1,0,1,0,0,0,1.0,0,1,2.756084159667932,32.84805552487332,16.321398332486503,0.18013113273822007,1
6,0,1,0,1,0,0,0,1.0,0,1,2.6594606489881047,29.142355802022607,17.457381817194705,0.11325569174543172,1
7,0,1,0,0,0,0,0,1.0,0,1,2.562596770964381,29.71413312864162,7.863744144769085,0.09668310740599831,1
7,0,1,0,0,0,0,0,1.0,0,1,2.8201240000647583,29.71413312864162,7.863744144769085,0.09668310740599831,1
6,0,1,0,0,0,0,0,1.0,0,1,2.8994594331965304,29.71413312864162,7.863744144769085,0.09668310740599831,1
6,0,1,0,0,0,0,0,1.0,0,1,2.6520144558729193,38.481110413539206,9.997539454311374,0.012474505154797071,1
6,0,1,0,0,0,0,0,1.0,1,0,2.0,69.6651999154546,85.83970780635832,1.0977799736301608,0
7,0,1,0,0,0,0,0,1.0,1,0,2.0,67.34515482130735,90.94313681021202,0.9233843039220416,0
7,0,1,0,0,0,0,0,1.0,1,0,2.0,67.34515482130735,90.94313681021202,0.9233843039220416,0
6,0,1,0,0,0,0,0,1.0,1,0,2.0,67.34515482130735,90.94313681021202,0.9233843039220416,0
6,0,1,0,0,0,0,0,1.0,1,0,2.0,70.51105485548172,87.81210848823744,0.9942853109013495,0
5,0,1,0,0,0,0,0,1.0,1,0,2.0,70.8660840021164,99.13630862270045,1.0005235366635896,0
6,0,1,0,0,0,0,0,1.0,1,0,2.0,70.8660840021164,99.13630862270045,1.0005235366635896,0
7,0,1,0,0,0,0,0,1.0,1,0,2.0,70.8660840021164,99.13630862270045,1.0005235366635896,0
5,0,1,0,0,0,0,0,1.0,1,0,2.0,70.8660840021164,99.13630862270045,1.0005235366635896,0
5,0,1,0,0,0,0,0,1.0,1,0,2.0,72.85989351575822,84.6790077000098,0.9377152270381762,0
5,0,1,0,0,0,0,0,1.0,1,0,2.0,72.85989351575822,84.6790077000098,0.9377152270381762,0
5,0,1,0,0,0,0,0,1.0,1,0,2.0,72.85989351575822,84.6790077000098,0.9377152270381762,0
5,0,1,0,0,0,0,0,1.0,1,0,2.0,72.85989351575822,84.6790077000098,0.9377152270381762,0
8,0,1,0,0,0,0,0,1.0,1,0,2.0,72.85989351575822,84.6790077000098,0.9377152270381762,0
6,0,1,0,0,0,0,0,1.0,1,0,2.0,72.85989351575822,84.6790077000098,0.9377152270381762,0
6,0,1,0,0,0,0,1,1.0,1,0,2.0,75.41431661080584,85.93672789788025,1.0376105748519355,0
6,0,1,0,0,0,0,1,1.0,1,0,2.0,75.41431661080584,85.93672789788025,1.0376105748519355,0
5,0,1,0,0,0,0,1,1.0,1,0,2.0,75.41431661080584,85.93672789788025,1.0376105748519355,0
5,0,1,0,0,0,0,0,1.0,1,0,2.0,68.39428318807032,88.07724090330997,0.9041124737525782,0
5,0,1,0,0,0,0,0,1.0,1,0,2.0,68.39428318807032,88.07724090330997,0.9041124737525782,0
6,0,1,0,0,0,0,0,1.0,1,0,2.0,66.11755152372416,84.63213969482936,1.0620621151068634,0
5,0,1,0,0,0,0,0,1.0,1,0,2.0,66.11755152372416,84.63213969482936,1.0620621151068634,0
6,0,1,0,0,0,0,0,1.0,1,0,2.0,66.11755152372416,84.63213969482936,1.0620621151068634,0
6,0,1,0,0,0,0,0,1.0,1,0,2.0,66.11755152372416,84.63213969482936,1.0620621151068634,0
6,0,1,0,0,0,0,0,1.0,1,0,2.0,66.11755152372416,84.63213969482936,1.0620621151068634,0
7,0,1,0,0,0,0,0,1.0,1,0,2.0,66.69650292237291,87.15948264546223,1.0257486977647299,0
6,0,1,0,0,0,0,1,1.0,0,1,2.8889744195568294,24.554713842349074,0.01034816190762556,-0.13931838510090086,1
6,0,1,0,0,0,0,0,1.0,0,1,2.0,26.394759177730208,10.800500845466802,0.1282987728437457,1
6,0,1,0,0,0,0,0,1.0,0,1,2.6361264844492713,26.394759177730208,10.800500845466802,0.1282987728437457,1
7,0,1,0,0,0,0,0,1.0,0,1,2.8402946394922073,26.394759177730208,10.800500845466802,0.1282987728437457,1
7,0,1,0,0,0,0,0,1.0,0,1,2.747584668770879,26.394759177730208,10.800500845466802,0.1282987728437457,1
8,0,1,0,0,0,0,0,1.0,0,1,2.0,34.293952363295105,11.3287563204005,-0.1193541493067734,1
9,0,1,0,0,0,0,0,1.0,0,1,2.5852010146016475,34.293952363295105,11.3287563204005,-0.1193541493067734,1
5,0,1,0,0,0,0,0,1.0,0,1,2.0,36.98219207764758,14.882293107355588,0.0663589078366163,1
8,0,1,0,0,0,0,0,1.0,0,1,2.754684534551781,36.98219207764758,14.882293107355588,0.0663589078366163,1
5,0,1,0,0,0,0,0,1.0,0,1,2.0,20.020060613790932,8.090146691516745,-0.09700203612368719,1
6,0,1,0,0,0,0,0,1.0,0,1,2.678223958524334,20.020060613790932,8.090146691516745,-0.09700203612368719,1
6,0,1,0,0,0,0,0,1.0,0,1,2.7688350262998678,20.020060613790932,8.090146691516745,-0.09700203612368719,1
7,0,1,0,0,0,0,0,1.0,0,1,2.41735404675391,20.020060613790932,8.090146691516745,-0.09700203612368719,1
6,0,1,0,0,0,0,0,1.0,0,1,2.5732342894379627,20.020060613790932,8.090146691516745,-0.09700203612368719,1
6,0,1,0,0,0,0,0,1.0,0,1,2.7290007995723293,20.020060613790932,8.090146691516745,-0.09700203612368719,1
5,0,1,0,0,0,0,0,1.0,0,1,2.7258744462847773,20.020060613790932,8.090146691516745,-0.09700203612368719,1
6,0,1,0,0,0,0,0,1.0,0,1,2.747948685731242,20.020060613790932,8.090146691516745,-0.09700203612368719,1
7,0,1,0,0,0,0,1,1.0,0,1,2.0,19.582038504332232,6.627917893249486,-0.03288033117202831,1
6,0,1,0,1,0,0,0,1.0,0,1,2.0,32.521707014098865,46.264855274047235,-0.2555071422202182,1
8,0,1,0,1,0,0,0,1.0,0,1,2.6134900450577288,32.521707014098865,46.264855274047235,-0.2555071422202182,1
7,0,1,0,1,0,0,0,1.0,0,1,2.755085099825126,32.521707014098865,46.264855274047235,-0.2555071422202182,1
7,0,1,0,0,0,0,0,1.0,0,1,2.0,28.45479885456001,45.45458619189936,-0.24681225563164974,1
6,0,1,0,0,0,0,0,1.0,0,1,2.0,28.45479885456001,45.45458619189936,-0.24681225563164974,1
5,0,1,0,0,0,0,0,1.0,0,1,2.0,28.45479885456001,45.45458619189936,-0.24681225563164974,1
6,0,1,0,0,0,0,0,1.0,0,1,2.0,28.45479885456001,45.45458619189936,-0.24681225563164974,1
6,0,1,0,0,0,0,0,1.0,0,1,2.949666991550796,28.45479885456001,45.45458619189936,-0.24681225563164974,1
5,0,1,0,0,0,0,0,1.0,0,1,2.5487520705816653,28.45479885456001,45.45458619189936,-0.24681225563164974,1
8,0,1,0,0,0,0,0,1.0,0,1,2.4047000104390013,27.88706728670364,45.41905352350345,-0.12119365202984078,1
5,0,1,0,0,0,0,0,1.0,0,1,2.778401861739432,27.320389652616527,45.1516019512758,-0.036970205933419306,1
7,0,1,0,0,0,0,0,1.0,0,1,2.7013226972198687,25.46545501506091,14.173296480986728,-0.02335639901656239,1
7,0,1,0,0,0,0,0,1.0,0,1,2.7768312864705322,28.03468664871008,2.7580720454616636,-0.22821394203609652,1
7,0,1,0,0,0,0,0,1.0,0,1,2.6769590467982343,29.196926070061096,3.9811405427998072,-0.05964645866419759,1
7,0,1,0,0,0,0,0,1.0,0,1,2.4902937366425295,29.196926070061096,3.9811405427998072,-0.05964645866419759,1
6,0,1,0,0,0,0,0,1.0,0,1,2.703413336292123,29.196926070061096,3.9811405427998072,-0.05964645866419759,1
8,0,1,0,0,0,0,0,1.0,0,1,2.6519042446919587,30.078458981622504,6.7273766758057585,0.0036202873048319538,1
5,0,1,0,0,0,0,0,1.0,0,1,2.5381300221758156,30.078458981622504,6.7273766758057585,0.0036202873048319538,1
6,0,1,0,0,0,0,0,1.0,0,1,2.5565116826021574,30.078458981622504,6.7273766758057585,0.0036202873048319538,1
6,0,1,0,0,0,0,0,1.0,0,1,2.722785170889689,30.75467282808448,9.419921217913913,0.12320272445259628,1
6,0,1,0,0,0,0,0,1.0,0,1,2.623692733688687,30.75467282808448,9.419921217913913,0.12320272445259628,1
6,0,1,0,0,0,0,0,1.0,0,1,2.6989310783164417,30.75467282808448,9.419921217913913,0.12320272445259628,1
5,0,1,0,0,0,0,0,1.0,0,1,2.806145918160898,30.75467282808448,9.419921217913913,0.12320272445259628,1
7,0,1,0,0,0,0,0,1.0,0,1,2.7587528088880173,30.75467282808448,9.419921217913913,0.12320272445259628,1
6,0,1,1,0,0,0,0,1.0,0,1,2.7270991830133,29.30381407709531,7.653026269747314,-0.11199098384500354,1
7,0,1,1,0,0,0,0,1.0,0,1,2.652676802818423,29.30381407709531,7.653026269747314,-0.11199098384500354,1
5,0,1,1,0,0,0,0,1.0,0,1,2.851071252955352,29.30381407709531,7.653026269747314,-0.11199098384500354,1
6,0,1,1,0,0,0,0,1.0,0,1,0.09546755049479505,29.30381407709531,7.653026269747314,-0.11199098384500354,1
9,0,1,0,0,0,0,1,1.0,0,1,2.0,31.89545891663515,13.972614780812304,-0.15065527147749866,1
6,0,1,0,0,0,0,1,1.0,0,1,2.0,31.89545891663515,13.972614780812304,-0.15065527147749866,1
7,0,1,0,0,0,0,1,1.0,0,1,2.0,31.89545891663515,13.972614780812304,-0.15065527147749866,1
7,0,1,0,0,0,0,1,1.0,0,1,2.0,31.89545891663515,13.972614780812304,-0.15065527147749866,1
6,0,1,0,0,0,0,1,1.0,0,1,2.0,31.89545891663515,13.972614780812304,-0.15065527147749866,1
6,0,1,0,0,0,0,1,1.0,0,1,0.5080592117834039,31.89545891663515,13.972614780812304,-0.15065527147749866,1
8,0,1,0,0,0,0,0,1.0,0,1,2.0,36.82923278951738,9.266050041673658,0.06929083376302987,1
6,0,1,1,0,0,0,1,1.0,0,1,2.0,37.80400676628544,14.74539651105713,0.15541712353913037,1
6,0,1,0,0,0,0,1,1.0,1,0,2.0,41.26185128666473,19.924965751599146,0.19931873884667406,1
6,0,1,0,0,0,0,1,1.0,1,0,2.0,38.37370927807623,15.426128751259402,0.11116992618048882,1
6,0,1,0,0,0,0,1,1.0,1,0,2.0,38.37370927807623,15.426128751259402,0.11116992618048882,1
6,0,1,0,0,0,0,1,1.0,1,0,2.0,38.37370927807623,15.426128751259402,0.11116992618048882,1
5,0,1,0,0,0,0,1,1.0,1,0,2.0,38.37370927807623,15.426128751259402,0.11116992618048882,1
7,0,1,0,0,0,0,0,1.0,0,1,2.0,37.41919289286939,5.525619977588002,0.09306846131641264,1
8,0,1,0,0,0,0,0,1.0,0,1,0.4792428398937326,37.41919289286939,5.525619977588002,0.09306846131641264,1
6,0,1,0,0,0,0,0,1.0,0,1,1.9610482252262524,37.41919289286939,5.525619977588002,0.09306846131641264,1
7,0,1,0,0,0,0,0,1.0,0,1,2.0,34.82390799617987,11.781924184451274,-0.08709647306099601,1
5,0,1,0,0,0,0,0,1.0,0,1,1.7452436656068249,34.82390799617987,11.781924184451274,-0.08709647306099601,1
8,0,1,0,0,0,0,0,1.0,0,1,2.0,30.10411061287688,14.477676145244004,-0.2353448602986994,1
6,0,1,0,0,0,0,0,1.0,0,1,1.8826149179611964,30.10411061287688,14.477676145244004,-0.2353448602986994,1
6,0,1,0,0,0,0,1,1.0,0,1,2.0,35.63169892818436,11.97387692372245,-0.13138573898716538,1
5,0,1,0,0,0,0,1,1.0,0,1,2.0,35.63169892818436,11.97387692372245,-0.13138573898716538,1
5,0,1,0,0,0,0,1,1.0,0,1,1.9163865767187176,35.63169892818436,11.97387692372245,-0.13138573898716538,1
7,0,1,0,0,0,0,1,1.0,0,1,2.0,30.07240097004781,-2.342672978795592,-0.2189950910618604,1
8,0,1,0,0,0,0,1,1.0,0,1,2.0,30.07240097004781,-2.342672978795592,-0.2189950910618604,1
5,0,1,0,0,0,0,1,1.0,0,1,2.0,30.07240097004781,-2.342672978795592,-0.2189950910618604,1
5,0,1,0,0,0,0,1,1.0,0,1,1.9920650815919199,30.07240097004781,-2.342672978795592,-0.2189950910618604,1
7,0,1,0,0,0,0,1,1.0,0,1,2.0,27.858253154524817,8.986906005501346,-0.044165973702455584,1
7,0,1,0,0,0,0,1,1.0,0,1,2.0,27.858253154524817,8.986906005501346,-0.044165973702455584,1
8,0,1,0,0,0,0,1,1.0,0,1,2.159329090150756,27.858253154524817,8.986906005501346,-0.044165973702455584,1
7,0,1,0,0,0,0,0,1.0,0,1,2.0,34.71377042871501,25.322190260578054,0.23499642316987943,1
8,0,1,0,1,0,0,0,1.0,0,1,2.0,40.14093336552486,15.01791570915363,-0.009978491147907711,1
5,0,1,0,1,0,0,0,1.0,0,1,2.0,40.14093336552486,15.01791570915363,-0.009978491147907711,1
6,0,1,0,1,0,0,0,1.0,0,1,2.0,40.14093336552486,15.01791570915363,-0.009978491147907711,1
7,0,1,0,1,0,0,0,1.0,0,1,2.6904893487148263,40.14093336552486,15.01791570915363,-0.009978491147907711,1
6,0,1,1,0,0,0,0,1.0,0,1,2.0,39.231447032560155,21.355402841337572,-0.005257276111232134,1
6,0,1,1,0,0,0,0,1.0,0,1,2.0,39.231447032560155,21.355402841337572,-0.005257276111232134,1
7,0,1,1,0,0,0,0,1.0,0,1,2.0,39.231447032560155,21.355402841337572,-0.005257276111232134,1
6,0,1,0,1,0,0,1,1.0,0,1,2.0,39.13262133876963,28.09163414482105,0.12718407948283936,1
6,0,1,0,0,0,0,1,1.0,0,1,2.0,36.896248767865494,19.675738225258964,0.06730740791578108,1
5,0,1,0,0,0,0,1,1.0,0,1,2.0,36.896248767865494,19.675738225258964,0.06730740791578108,1
6,0,1,0,0,0,0,0,1.0,0,1,2.0,29.17540987872222,10.707677763824675,-0.1896127707261492,1
7,0,1,0,0,0,0,0,1.0,0,1,2.0,29.17540987872222,10.707677763824675,-0.1896127707261492,1
5,0,1,0,0,0,0,0,1.0,0,1,2.0,29.17540987872222,10.707677763824675,-0.1896127707261492,1
6,0,1,0,0,0,0,0,1.0,0,1,2.0,29.17540987872222,10.707677763824675,-0.1896127707261492,1
6,0,1,0,0,0,0,0,1.0,0,1,2.709685950908734,29.17540987872222,10.707677763824675,-0.1896127707261492,1
6,0,1,0,1,0,0,0,1.0,0,1,2.0,25.41365833297131,5.410855357013311,-0.13813993285880988,1
9,0,1,0,1,0,0,0,1.0,0,1,2.6983568311940873,25.41365833297131,5.410855357013311,-0.13813993285880988,1
7,0,1,0,1,0,0,0,1.0,0,1,2.620472665703238,25.41365833297131,5.410855357013311,-0.13813993285880988,1
8,0,1,0,1,0,0,0,1.0,0,1,2.650438698374942,25.41365833297131,5.410855357013311,-0.13813993285880988,1
9,0,1,0,1,0,0,0,1.0,0,1,2.5902956480635972,25.41365833297131,5.410855357013311,-0.13813993285880988,1
6,0,1,0,1,0,0,0,1.0,0,1,2.735380673539209,25.41365833297131,5.410855357013311,-0.13813993285880988,1
8,0,1,0,0,0,0,0,1.0,0,1,2.0,26.882742641904372,9.258378132617416,0.09443598450596968,1
5,0,1,0,0,0,0,0,1.0,0,1,2.0,26.882742641904372,9.258378132617416,0.09443598450596968,1
6,0,1,0,0,0,0,0,1.0,0,1,2.0,26.882742641904372,9.258378132617416,0.09443598450596968,1
6,0,1,0,0,0,0,0,1.0,0,1,2.0,29.15624038292877,2.2904282135316505,0.12485665589577566,1
6,0,1,0,0,0,0,0,1.0,0,1,2.866315726889499,29.15624038292877,2.2904282135316505,0.12485665589577566,1
5,0,1,0,0,0,0,0,1.0,0,1,2.0,33.77523531978116,16.231476642516533,0.1412698834202719,1
5,0,1,0,1,0,0,1,1.0,0,1,2.0,32.595753310443214,14.676029613963873,-0.012752336698121603,1
5,0,1,0,0,0,0,0,1.0,0,1,2.6497292165969717,30.886192054358418,8.825638289111799,-0.027901663760487975,1
8,0,1,0,0,0,0,0,1.0,0,1,2.0,34.952252549846534,7.106579121548978,0.03524432187138071,1
7,0,1,0,1,0,0,1,1.0,0,1,2.0,37.66006417962834,24.025137178494923,0.17009989825507493,1
8,0,1,0,1,0,0,0,1.0,0,1,2.885512693782815,34.93164502696975,11.353318323413188,0.012763741328247882,1
7,0,1,0,0,0,0,1,1.0,0,1,2.818191073038874,31.1220478362538,13.06550460018708,-0.014050363597857773,1
6,0,1,0,0,0,0,1,1.0,0,1,2.812418948584974,31.1220478362538,13.06550460018708,-0.014050363597857773,1
6,0,1,0,0,0,0,0,1.0,0,1,2.0,25.143791755425596,-1.3038297100893235,-0.12136601967805852,1
6,0,1,0,0,0,0,1,1.0,1,0,2.0,69.67752343508556,85.74305812575058,0.8943640832244808,0
7,0,1,0,0,0,0,0,1.0,1,0,2.0,71.81764567685912,89.82381999473196,0.9206301382873859,0
8,0,1,0,0,0,0,0,1.0,1,0,2.0,69.90883077192248,97.25356900664305,0.9615409939527629,0
5,0,1,0,0,0,0,0,1.0,0,1,2.0,66.68228662353047,90.49595088727968,0.9469393234229418,0
6,0,1,0,0,0,0,0,1.0,1,0,2.0,68.74753524806431,92.9576361637629,1.0398393655629956,0
9,0,1,0,0,0,0,1,1.0,1,0,2.0,68.61068529794869,91.59808013985264,1.1110263388294224,0
9,0,1,0,0,0,0,1,1.0,1,0,2.0,68.61068529794869,91.59808013985264,1.1110263388294224,0
8,0,1,0,0,0,0,0,1.0,1,0,2.0,65.13366987036187,92.85976122363023,0.9250234706491262,0
6,0,1,0,0,0,0,0,1.0,1,0,2.0,65.13366987036187,92.85976122363023,0.9250234706491262,0
7,0,1,0,0,0,0,0,1.0,1,0,2.0,62.31099234084006,80.37964733124048,0.9542081853147475,0
5,0,1,0,0,0,0,0,1.0,1,0,2.502752533965221,62.31099234084006,80.37964733124048,0.9542081853147475,1
5,0,1,0,0,0,0,0,1.0,0,1,2.0,28.020901960097632,4.9644061887397966,0.049710594387344605,0
6,0,1,0,0,0,0,0,1.0,1,0,2.602428047941447,77.95502865232567,94.78614693921851,1.0801011878344495,1
5,0,1,0,0,0,0,0,1.0,0,1,2.7335750437864856,71.08074157545043,89.47683727759656,0.8214068474320916,1
5,0,1,0,0,0,0,0,1.0,1,0,2.814413935444161,65.22969790612882,84.911329515717,0.9671452558918192,1
6,0,1,0,0,0,0,0,1.0,1,0,2.0,61.32547574930848,82.21341379404501,0.9361856998373742,1
5,0,1,0,0,0,0,0,1.0,1,0,2.0,67.92797946089158,96.55359965485394,1.1373346640319164,1
5,0,1,0,0,0,0,0,1.0,1,0,2.0,67.92797946089158,96.55359965485394,1.1373346640319164,1
5,0,1,0,0,0,0,0,1.0,1,0,2.6803289601493034,67.92797946089158,96.55359965485394,1.1373346640319164,1
5,0,1,1,0,0,0,0,1.0,1,0,2.7157138778502072,99.02263105074798,99.68982239317447,0.776621706024857,1
5,0,1,1,0,0,0,0,1.0,1,0,5.5743600650609055,99.02263105074798,99.68982239317447,0.776621706024857,1
5,0,1,1,0,0,0,0,1.0,1,0,3.1502906438002447,99.02263105074798,99.68982239317447,0.776621706024857,1
5,0,1,1,0,0,0,0,1.0,1,0,6.466386058326818,99.02263105074798,99.68982239317447,0.776621706024857,1
5,0,1,1,0,0,0,0,1.0,1,0,2.910479234090342,99.02263105074798,99.68982239317447,0.776621706024857,1
5,0,1,1,0,0,0,0,1.0,1,0,5.974141585764359,99.02263105074798,99.68982239317447,0.776621706024857,1
5,0,1,1,0,0,0,0,1.0,1,0,2.533194765504627,99.02263105074798,99.68982239317447,0.776621706024857,1
5,0,1,1,0,0,0,0,1.0,1,0,5.199715571298912,99.02263105074798,99.68982239317447,0.776621706024857,1
5,0,1,1,0,0,0,0,1.0,1,0,2.6165180013229654,99.02263105074798,99.68982239317447,0.776621706024857,1
5,0,1,1,0,0,0,0,1.0,1,0,5.370747476399687,99.02263105074798,99.68982239317447,0.776621706024857,1
5,0,1,1,0,0,0,0,1.0,1,0,2.734137833167403,99.02263105074798,99.68982239317447,0.776621706024857,1
5,0,1,1,0,0,0,0,1.0,1,0,5.6121776575540965,99.02263105074798,99.68982239317447,0.776621706024857,1
5,0,1,1,0,0,0,0,1.0,1,0,2.0,99.02263105074798,99.68982239317447,0.776621706024857,1
5,0,1,1,0,0,0,0,1.0,1,0,2.862838240158547,99.02263105074798,99.68982239317447,0.776621706024857,1
5,0,1,1,0,0,0,0,1.0,1,0,5.876352177167572,99.02263105074798,99.68982239317447,0.776621706024857,1
5,0,1,0,0,0,0,1,1.0,1,0,2.648529010453027,70.11135781239948,92.49196383317866,0.9586331282166722,1
5,0,1,0,0,0,0,1,1.0,1,0,2.0,70.70714583093076,96.08768783237421,0.9092119561670094,1
5,0,1,0,0,0,0,1,1.0,1,0,2.6981303326106088,67.92181897613403,83.88196863225535,1.0289234710661466,1
5,0,1,0,0,0,0,0,1.0,1,0,2.659315403186654,68.2429046203941,90.83838038379717,1.0833827581416238,1
5,0,1,0,0,0,0,0,1.0,0,1,2.0,34.144072709543735,2.706044462883376,-0.020999938608574156,0
7,0,1,0,0,0,0,0,1.0,0,1,2.648423999193404,28.155416675991304,9.779519865378075,0.06642252395904641,1
5,0,1,0,0,0,0,0,1.0,0,1,2.751447222998803,28.155416675991304,9.779519865378075,0.06642252395904641,1
6,0,1,0,0,0,0,0,1.0,0,1,2.708591935807999,21.473379673805255,2.418851258503822,-0.09135832342647016,1
7,0,1,0,0,0,0,0,1.0,0,1,2.817567420493462,21.473379673805255,2.418851258503822,-0.09135832342647016,1
7,0,1,0,0,0,0,0,1.0,0,1,2.871228567011891,21.473379673805255,2.418851258503822,-0.09135832342647016,1
6,0,1,0,0,0,0,0,1.0,0,1,2.882920488757103,21.473379673805255,2.418851258503822,-0.09135832342647016,1
8,0,1,0,0,0,0,0,1.0,0,1,2.620014489244894,21.473379673805255,2.418851258503822,-0.09135832342647016,1
7,0,1,0,0,0,0,0,1.0,0,1,2.844086076234457,21.473379673805255,2.418851258503822,-0.09135832342647016,1
6,0,1,0,0,0,0,0,1.0,0,1,2.8506912331797594,21.473379673805255,2.418851258503822,-0.09135832342647016,1
5,0,1,0,0,0,0,0,1.0,0,1,2.8141592646873166,21.473379673805255,2.418851258503822,-0.09135832342647016,1
5,0,1,0,0,0,0,0,1.0,0,1,2.0,18.075080904955286,2.491404950635792,0.048957188511960834,0
7,0,1,0,0,0,0,0,1.0,0,1,2.6833588075193533,18.075080904955286,2.491404950635792,0.048957188511960834,1
7,0,1,0,0,0,0,0,1.0,0,1,2.847274629207921,18.075080904955286,2.491404950635792,0.048957188511960834,1
5,0,1,0,0,0,0,0,1.0,0,1,2.869019420373561,18.075080904955286,2.491404950635792,0.048957188511960834,1
6,0,1,0,0,0,0,0,1.0,0,1,2.987974430800231,18.075080904955286,2.491404950635792,0.048957188511960834,1
7,0,1,0,0,0,0,0,1.0,0,1,2.8531167604698506,18.075080904955286,2.491404950635792,0.048957188511960834,1
5,0,1,0,0,0,0,0,1.0,0,1,2.655806440646646,18.075080904955286,2.491404950635792,0.048957188511960834,1
6,0,1,0,0,0,0,0,1.0,0,1,2.689567612223058,18.075080904955286,2.491404950635792,0.048957188511960834,1
7,0,1,0,0,0,0,0,1.0,0,1,2.659726463017181,18.075080904955286,2.491404950635792,0.048957188511960834,1
7,0,1,0,0,0,0,0,1.0,0,1,2.7809961578987625,15.301447982807716,4.0262051576789455,-0.014095202833879505,1
5,0,1,0,0,0,0,0,1.0,0,1,2.772667719628617,15.301447982807716,4.0262051576789455,-0.014095202833879505,1
6,0,1,0,0,0,0,0,1.0,0,1,2.804362842664208,15.301447982807716,4.0262051576789455,-0.014095202833879505,1
5,0,1,0,0,0,0,0,1.0,0,1,3.0373994823236714,15.301447982807716,4.0262051576789455,-0.014095202833879505,1
5,0,1,0,0,0,0,0,1.0,0,1,2.865910968643416,15.301447982807716,4.0262051576789455,-0.014095202833879505,1
5,0,1,0,0,0,0,0,1.0,0,1,2.6652925352939296,15.301447982807716,4.0262051576789455,-0.014095202833879505,1
6,0,1,0,0,0,0,0,1.0,0,1,2.9000647246396802,15.301447982807716,4.0262051576789455,-0.014095202833879505,1
7,0,1,0,0,0,0,1,1.0,0,1,2.784578635366754,18.43759621448487,-2.7237313921423736,0.06015030141696277,1
7,0,1,0,0,0,0,1,1.0,0,1,2.5304131645057684,18.43759621448487,-2.7237313921423736,0.06015030141696277,1
6,0,1,0,0,0,0,1,1.0,0,1,2.80841187884512,18.43759621448487,-2.7237313921423736,0.06015030141696277,1
7,0,1,0,0,0,0,1,1.0,0,1,2.868365133288369,18.43759621448487,-2.7237313921423736,0.06015030141696277,1
5,0,1,0,0,0,0,0,1.0,0,1,2.881973173230279,18.1791428361406,9.439274776805632,0.09460259065520087,1
6,0,1,0,0,0,0,0,1.0,0,1,2.759607274458495,17.504406792010315,6.7574558111518295,0.10639167907170971,1
7,0,1,0,0,0,0,0,1.0,0,1,2.855283023037565,17.504406792010315,6.7574558111518295,0.10639167907170971,1
7,0,1,0,0,0,0,0,1.0,0,1,3.0707213757134615,17.504406792010315,6.7574558111518295,0.10639167907170971,1
6,0,1,0,0,0,0,1,1.0,1,0,2.0,65.13526983102068,87.56442348526447,0.8675588294212437,0
7,0,1,0,0,0,0,1,1.0,1,0,2.0,65.13526983102068,87.56442348526447,0.8675588294212437,0
5,0,1,0,0,0,0,1,1.0,1,0,2.0,65.13526983102068,87.56442348526447,0.8675588294212437,0
7,0,1,0,0,0,0,1,1.0,1,0,2.0,65.13526983102068,87.56442348526447,0.8675588294212437,0
7,0,1,0,0,0,0,1,1.0,1,0,2.0,65.13526983102068,87.56442348526447,0.8675588294212437,0
7,0,1,0,0,0,0,0,1.0,1,0,2.0,64.83666757119605,94.6806171583382,1.0318133837788397,0
6,0,1,0,0,0,0,0,1.0,1,0,2.0,64.83666757119605,94.6806171583382,1.0318133837788397,0
7,0,1,0,0,0,0,0,1.0,1,0,2.0,64.83666757119605,94.6806171583382,1.0318133837788397,0
7,0,1,0,0,0,0,0,1.0,0,1,2.9522287370956133,27.55990001134495,10.666882270226015,0.11769428623449947,1
5,0,1,0,1,0,0,0,1.0,0,1,2.699021797884897,30.612407491085108,17.426570024230553,0.10459417072589441,1
6,0,1,0,1,0,0,0,1.0,0,1,2.57879625518449,30.612407491085108,17.426570024230553,0.10459417072589441,1
5,0,1,0,1,0,0,0,1.0,0,1,2.647840623363222,30.612407491085108,17.426570024230553,0.10459417072589441,1
7,0,1,0,1,0,0,0,1.0,0,1,2.735143686783208,30.612407491085108,17.426570024230553,0.10459417072589441,1
7,0,1,0,1,0,0,0,1.0,0,1,3.0122688300813194,30.612407491085108,17.426570024230553,0.10459417072589441,1
8,0,1,0,1,0,0,0,1.0,0,1,2.9634806653273458,30.612407491085108,17.426570024230553,0.10459417072589441,1
8,0,1,0,0,0,0,0,1.0,0,1,2.9970314935733273,28.241447592969436,17.029740929996223,0.04828532778839328,1
6,0,1,0,0,0,0,0,1.0,0,1,2.992931689843314,28.241447592969436,17.029740929996223,0.04828532778839328,1
6,0,1,0,0,0,0,0,1.0,0,1,2.6578503494862358,36.65611953007204,15.010248504047972,0.06230403717263178,1
9,0,1,0,0,0,0,0,1.0,1,0,2.882500850603691,37.824053837824486,10.241509203735458,-0.001638195208546089,1
7,0,1,0,0,0,0,0,1.0,1,0,2.0,37.824053837824486,10.241509203735458,-0.001638195208546089,1
5,0,1,0,0,0,0,0,1.0,1,0,2.0,37.824053837824486,10.241509203735458,-0.001638195208546089,1
6,0,1,0,0,0,0,0,1.0,0,1,2.833034376529889,37.70289556240941,8.582716283030251,-0.021129372314492644,1
8,0,1,0,0,0,0,0,1.0,0,1,2.8057727946761504,37.70289556240941,8.582716283030251,-0.021129372314492644,1
8,0,1,0,0,0,0,0,1.0,0,1,2.897231010502109,37.70289556240941,8.582716283030251,-0.021129372314492644,1
6,0,1,0,0,0,0,0,1.0,0,1,2.0,35.963136410902536,12.41645228796798,-0.02530243575398636,1
7,0,1,0,0,0,0,0,1.0,0,1,2.0,34.67490378183214,15.247723277954615,-0.012190845894531456,1
8,0,1,0,0,0,0,0,1.0,0,1,2.0,34.67490378183214,15.247723277954615,-0.012190845894531456,1
5,0,1,0,0,0,0,0,1.0,0,1,2.8126926745031184,34.67490378183214,15.247723277954615,-0.012190845894531456,1
6,0,1,0,0,0,0,1,1.0,0,1,2.0,35.81460982438594,9.411319561285515,0.12928910822824538,1
7,0,1,0,0,0,0,1,1.0,0,1,2.0,35.81460982438594,9.411319561285515,0.12928910822824538,1
6,0,1,0,0,0,0,1,1.0,0,1,2.0,35.81460982438594,9.411319561285515,0.12928910822824538,1
5,0,1,0,0,0,0,1,1.0,0,1,2.0,35.81460982438594,9.411319561285515,0.12928910822824538,1
7,0,1,0,0,0,0,1,1.0,0,1,2.0,33.728576390290996,8.270464253646244,0.09580005169227845,1
5,0,1,0,0,0,0,1,1.0,0,1,2.0,32.355629368275615,18.284760315102645,0.08538197069981517,1
7,0,1,0,0,0,0,1,1.0,0,1,2.9875040756060454,32.355629368275615,18.284760315102645,0.08538197069981517,1
7,0,1,0,0,0,0,0,1.0,0,1,2.0,27.569144667483158,4.8552263076140605,0.03682846230159215,1
7,0,1,0,0,0,0,0,1.0,0,1,2.0,27.569144667483158,4.8552263076140605,0.03682846230159215,1
5,0,1,0,0,0,0,0,1.0,0,1,2.0,27.569144667483158,4.8552263076140605,0.03682846230159215,1
6,0,1,0,0,0,0,0,1.0,0,1,2.0,27.569144667483158,4.8552263076140605,0.03682846230159215,1
7,0,1,0,0,0,0,0,1.0,0,1,2.0,27.569144667483158,4.8552263076140605,0.03682846230159215,1
6,0,1,0,0,0,0,0,1.0,0,1,2.0,27.569144667483158,4.8552263076140605,0.03682846230159215,1
7,0,1,0,0,0,0,0,1.0,0,1,2.0,27.569144667483158,4.8552263076140605,0.03682846230159215,1
7,0,1,0,0,0,0,0,1.0,0,1,2.0,34.80311581108208,23.79094255420359,-0.05960325486929672,1
6,0,1,0,0,0,0,0,1.0,0,1,2.0,34.80311581108208,23.79094255420359,-0.05960325486929672,1
5,0,1,0,0,0,0,0,1.0,0,1,2.0,34.80311581108208,23.79094255420359,-0.05960325486929672,1
6,0,1,0,0,0,0,0,1.0,0,1,2.0,34.80311581108208,23.79094255420359,-0.05960325486929672,1
5,0,1,0,0,0,0,0,1.0,0,1,2.0,34.44720352651734,16.124287449909787,-0.025221309621585405,1
5,0,1,0,0,0,0,1,1.0,0,1,2.0,31.424961587500945,28.780958797685877,-0.09541148409725739,1
5,0,1,0,0,0,0,1,1.0,0,1,2.0,31.424961587500945,28.780958797685877,-0.09541148409725739,1
7,0,1,0,0,0,0,0,1.0,0,1,2.0,33.305894101631736,9.833244274701732,-0.019095841168413695,1
6,0,1,0,0,0,0,0,1.0,0,1,2.0,32.85936335133931,10.742996130306514,0.03706869381339792,1
5,0,1,0,0,0,0,0,1.0,0,1,2.5552246190647256,32.85936335133931,10.742996130306514,0.03706869381339792,1
5,0,1,0,0,0,0,0,1.0,0,1,2.0,31.860872272620938,6.376324770445004,0.058397787850787385,1
5,0,1,0,0,0,0,0,1.0,0,1,2.0,31.860872272620938,6.376324770445004,0.058397787850787385,1
7,0,1,0,0,0,0,0,1.0,0,1,2.0,31.860872272620938,6.376324770445004,0.058397787850787385,1
8,0,1,0,0,0,0,0,1.0,0,1,2.0,31.860872272620938,6.376324770445004,0.058397787850787385,1
7,0,1,0,0,0,0,0,1.0,0,1,2.0,31.914141738692166,12.56551678314553,0.10181558837253721,1
8,0,1,0,0,0,0,0,1.0,0,1,2.0,31.914141738692166,12.56551678314553,0.10181558837253721,1
6,0,1,0,0,0,0,0,1.0,0,1,2.5685441695833364,31.914141738692166,12.56551678314553,0.10181558837253721,1
6,0,1,0,0,0,0,0,1.0,0,1,2.0,39.06412732761589,26.151731531428485,-0.03930172417905071,1
6,0,1,1,0,0,0,0,1.0,0,1,2.0,36.2878471276041,21.242628288010376,-0.055306368712585006,1
9,0,1,1,0,0,0,0,1.0,0,1,2.0,36.2878471276041,21.242628288010376,-0.055306368712585006,1
6,0,1,0,0,0,0,0,1.0,1,0,2.0,38.25770788109152,9.336946611298746,-0.14172686233680196,1
8,0,1,0,0,0,0,0,1.0,1,0,2.0,38.25770788109152,9.336946611298746,-0.14172686233680196,1
8,0,1,0,0,0,0,0,1.0,1,0,2.0,38.25770788109152,9.336946611298746,-0.14172686233680196,1
5,0,1,0,0,0,0,1,1.0,0,1,2.0,33.33411079477803,5.144873127784928,-0.1613185708420016,1
7,0,1,0,0,0,0,1,1.0,0,1,2.0,27.86169300041442,-3.2932056136674923,-0.13125467944781133,1
8,0,1,0,0,0,0,1,1.0,0,1,2.656892374737357,27.86169300041442,-3.2932056136674923,-0.13125467944781133,1
8,0,1,0,0,0,0,1,1.0,0,1,2.759807380764069,27.86169300041442,-3.2932056136674923,-0.13125467944781133,1
7,0,1,0,0,0,0,1,1.0,0,1,2.8468179467468233,27.86169300041442,-3.2932056136674923,-0.13125467944781133,1
5,0,1,0,0,0,0,1,1.0,0,1,2.698114809160261,27.86169300041442,-3.2932056136674923,-0.13125467944781133,1
7,0,1,0,0,0,0,0,1.0,0,1,2.7270075115629484,27.606015151688112,13.894715727105357,-0.022601301669075882,1
6,0,1,0,0,0,0,0,1.0,0,1,2.656602255322464,27.606015151688112,13.894715727105357,-0.022601301669075882,1
7,0,1,1,1,0,0,0,1.0,0,1,2.4980442674756715,25.44038887731419,9.122368856885275,0.08358135406618455,1
6,0,1,1,1,0,0,0,1.0,0,1,2.6990682565556563,25.44038887731419,9.122368856885275,0.08358135406618455,1
7,0,1,0,0,0,0,0,1.0,0,1,2.7568365469192853,23.817915180066862,11.80398024502672,-0.20502680966598216,1
7,0,1,0,0,0,0,0,1.0,0,1,2.68711229453455,23.817915180066862,11.80398024502672,-0.20502680966598216,1
8,0,1,0,0,0,0,0,1.0,0,1,2.6228367965318595,23.817915180066862,11.80398024502672,-0.20502680966598216,1
7,0,1,0,0,0,0,0,1.0,0,1,2.7237291308436538,23.817915180066862,11.80398024502672,-0.20502680966598216,1
5,0,1,0,0,0,0,0,1.0,0,1,2.0,29.058310928311926,7.711831992698966,0.12323697570450673,1
8,0,1,0,0,0,0,0,1.0,1,0,2.0,68.32369529637995,78.01712376743451,0.9899731535017439,0
7,0,1,0,0,0,0,0,1.0,1,0,2.0,67.82122646802998,78.7410905159727,0.9527932747967942,0
7,0,1,0,0,0,0,0,1.0,1,0,2.0,70.44527777275523,87.41739914393001,1.3573503862042395,0
7,0,1,0,0,0,0,0,1.0,1,0,2.0,70.44527777275523,87.41739914393001,1.3573503862042395,0
7,0,1,0,0,0,0,1,1.0,1,0,2.0,67.2163584522164,87.37886099527864,0.9690883818778565,0
7,0,1,0,0,0,0,0,1.0,1,0,2.0,68.2890093303434,83.23831892135496,0.9981237971465265,0
6,0,1,0,0,0,0,0,1.0,1,0,2.0,68.2890093303434,83.23831892135496,0.9981237971465265,0
6,0,1,0,0,0,0,0,1.0,1,0,2.0,68.2890093303434,83.23831892135496,0.9981237971465265,0
8,0,1,0,0,0,0,0,1.0,1,0,2.0,72.98483353714155,86.87273153355909,0.9134707558811298,0
8,0,1,0,0,0,0,0,1.0,1,0,2.0,72.98483353714155,86.87273153355909,0.9134707558811298,0
7,0,1,0,0,0,0,0,1.0,1,0,2.0,72.98483353714155,86.87273153355909,0.9134707558811298,0
5,0,1,0,0,0,0,0,1.0,1,0,2.0,72.98483353714155,86.87273153355909,0.9134707558811298,0
6,0,1,0,0,0,0,0,1.0,1,0,2.0,76.51285534656168,92.74080528667184,1.0365848530500155,0
6,0,1,0,0,0,0,0,1.0,1,0,2.7311819578788152,79.77703334952314,93.69885776735828,1.06569582386531,1
7,0,1,0,0,0,0,0,1.0,1,0,2.7794326303294024,83.40482222185359,89.15255646236163,1.1437593432366233,1
6,0,1,0,0,0,0,1,1.0,1,0,2.0,73.19883741965144,92.38603018576217,0.9081789593045048,1
7,0,1,0,0,0,0,0,1.0,1,0,2.0,67.43554885207813,81.7938366098132,0.9699140677690816,1
6,0,1,0,0,0,0,0,1.0,1,0,2.951220760559862,64.76507398276283,86.27212552557845,1.13045962427666,1
5,0,1,0,0,0,0,0,1.0,1,0,2.755595642513281,60.52728785910653,92.67664790658091,1.0074375464978615,1
5,0,1,0,0,0,0,0,1.0,1,0,2.7525987355253942,63.63304392894167,91.44758336209426,1.0670641214685814,1
5,0,1,0,0,0,0,0,1.0,1,0,2.7113688900167925,65.5326638390256,94.98105893388254,1.0649382128738147,1
6,0,1,0,0,0,0,0,1.0,1,0,2.873727815450779,69.70496179346046,99.4097832981819,1.1378876543308465,1
7,0,1,0,0,0,0,1,1.0,1,0,2.764872041494964,73.45064997685232,88.96220176125631,1.0797926743944852,1
6,0,1,0,0,0,0,0,1.0,1,0,2.0,77.53286249634556,83.37874930632962,0.932541422287357,1
7,0,1,0,0,0,0,0,1.0,0,1,2.0,32.605920433180614,1.2448696941976714,0.031823199069340884,0
6,0,1,0,0,0,0,0,1.0,1,0,2.876493502152797,70.56616472751773,81.99069484113448,1.031103698735089,1
5,0,1,0,0,0,0,0,1.0,1,0,2.0,62.753315553315616,92.93925895532922,1.122147889450998,1
5,0,1,0,0,0,0,0,1.0,1,0,2.0,62.753315553315616,92.93925895532922,1.122147889450998,1
5,0,1,0,0,0,0,0,1.0,1,0,2.8842276231495676,62.753315553315616,92.93925895532922,1.122147889450998,1
5,0,1,0,0,0,0,0,1.0,1,0,2.0,69.5822342064792,79.22346694190426,1.2099179459404474,1
6,0,1,0,0,0,0,0,1.0,1,0,2.0,69.5822342064792,79.22346694190426,1.2099179459404474,1
6,0,1,0,0,0,0,0,1.0,1,0,2.0,62.18110543562667,82.48937551249232,0.9721356309014084,1
5,0,1,0,0,0,0,1,1.0,0,1,2.0,64.7182623161327,100.08743243760084,1.188914510991205,1
6,0,1,0,0,0,0,0,1.0,1,0,2.814807762429369,71.13747937820776,87.11846717646783,0.9419970041884953,1
5,0,1,0,0,0,0,0,1.0,1,0,2.6999710765301947,71.87765190204223,89.50027338242407,0.9065064657590075,1
5,0,1,0,0,0,0,0,1.0,1,0,2.0,72.88874171967295,90.43471412312002,1.1539422914497925,1
6,0,1,0,0,0,0,0,1.0,1,0,2.0,72.88874171967295,90.43471412312002,1.1539422914497925,1
5,0,1,0,0,0,0,0,1.0,1,0,2.7028719274525415,80.5793295233174,89.95314845702406,0.9202347446164374,1
5,0,1,0,0,0,0,0,1.0,1,0,2.0,76.51261211419563,93.61500046497187,0.9773162631819075,1
5,0,1,0,0,0,0,0,1.0,1,0,2.858815765098285,79.8388437431019,93.37956888856708,1.0868097251502136,1
5,0,1,1,0,0,0,0,1.0,1,0,2.0,70.18276919618764,91.81442967268768,1.0341934508639221,1
6,0,1,0,0,0,0,0,1.0,1,0,3.1117513834134205,61.44150084808923,87.87990182986479,0.9537336113470171,1
5,0,1,0,0,0,0,1,1.0,1,0,3.1605496664202657,64.58731623577327,85.35910135664332,1.1046231973879086,1
5,0,1,0,0,0,0,0,1.0,1,0,2.939424765430022,73.65612596085204,95.43412372953883,0.8727794877562327,1
6,0,1,0,0,0,0,0,1.0,1,0,2.0,63.41930316688486,89.19262705972054,1.146344533148492,1
5,0,1,0,0,0,0,0,1.0,1,0,2.0,72.80932989577622,94.60553621826651,1.0008795134621218,1
5,0,1,0,0,0,0,0,1.0,1,0,3.0349392401762953,71.30496762305224,90.1544797558172,0.8544662024715106,1
5,0,1,0,0,0,0,0,1.0,1,0,3.050656492933313,68.10590118468359,88.61187547798076,1.1439073051128825,1
5,0,1,0,0,0,0,0,1.0,1,0,2.0,71.71862668519994,91.15070685186726,1.0892165028855199,1
5,0,1,0,0,0,0,1,1.0,1,0,2.0,74.5658448363184,91.13413188461227,1.0187752117971696,1
5,0,1,0,0,0,0,0,1.0,1,0,2.0,63.12744790492854,90.07031663748963,0.9830051003943551,1
5,0,1,0,0,0,0,0,1.0,1,0,3.039265722907207,72.47908996824167,95.71612363415866,1.1566853656251435,1
5,0,1,0,0,0,0,1,1.0,1,0,2.0,66.11473786740282,93.91233917657837,1.1103639539976426,1
5,0,1,0,0,0,0,0,1.0,1,0,2.7825626822389817,68.67992714841576,87.14177350208007,1.1235259146079775,1
6,0,1,0,0,0,0,1,1.0,1,0,3.3187053941553035,70.24171138895488,85.61351585947116,0.8649890278452798,1
5,0,1,0,0,0,0,0,1.0,1,0,2.0,72.18087895575285,87.89496676286069,0.8584852026195118,1
6,0,1,0,0,0,0,0,1.0,1,0,2.0,67.31612807230913,91.09292202830825,0.9425132308630548,1
5,0,1,0,0,0,0,0,1.0,1,0,3.056260352412766,78.9646911118076,92.90967851660673,1.1668073398261067,1
5,0,1,0,0,0,0,0,1.0,0,1,2.0,21.851237305873084,11.266302993109973,-0.03148140243099157,0
6,0,1,0,0,0,0,0,1.0,1,0,3.36075729551371,74.44168241742442,96.39391124885383,1.0473409944398595,1
6,0,1,0,0,0,0,0,1.0,1,0,3.388443245586149,85.20172586445207,85.86998721941035,0.8962246125711318,1
6,0,1,0,0,0,0,0,1.0,0,1,2.0,29.443177857408216,2.0543840320697404,-0.2561681347088171,0
6,0,1,0,0,0,0,0,1.0,1,0,2.919331187543005,71.91280277198346,88.82192966696985,1.038375421855238,1
6,0,1,0,0,0,0,0,1.0,1,0,2.0,69.7818540660714,87.47753592616573,1.049673000108325,1
5,0,1,0,0,0,0,0,1.0,1,0,3.185242593544997,74.28437073873727,88.74883741783069,0.945354093152547,1
6,0,1,0,0,0,0,1,1.0,1,0,2.0,69.67260878036683,77.70221877765225,1.238683525795444,1
5,0,1,0,0,0,0,0,1.0,1,0,2.0,78.98423864521924,87.7729161893016,1.0789349895979263,1
6,0,1,0,0,0,0,0,1.0,1,0,3.331371384836236,78.98423864521924,87.7729161893016,1.0789349895979263,1
5,0,1,0,0,0,0,0,1.0,1,0,3.3444442701361163,79.5351477015233,86.92797217078974,1.0041520527087286,1
5,0,1,0,0,0,0,0,1.0,1,0,3.140949158048367,84.60905743191203,103.56906761489596,1.0635359768500485,1
6,0,1,0,0,0,0,0,1.0,1,0,2.0,71.77486023113613,100.85430600503281,1.3431144629076637,1
5,0,1,0,0,0,0,0,1.0,1,0,2.0,71.77486023113613,100.85430600503281,1.3431144629076637,1
5,0,1,0,0,0,0,0,1.0,1,0,2.0,65.09888979231722,85.18065624542835,1.214132732248984,1
5,0,1,0,0,0,0,0,1.0,1,0,3.316259828347165,70.05989655432055,88.73603704549727,1.0203016171361237,1
5,0,1,0,0,0,0,0,1.0,1,0,3.506447960453375,70.76258214983635,83.94926178044176,1.3219876069532364,1
5,0,1,0,0,0,0,0,1.0,1,0,2.0,75.72986309067176,87.24655768265474,0.9400116938024647,1
5,0,1,0,0,0,0,1,1.0,1,0,2.0,81.12501250162805,91.63764812756695,0.8772337040455909,1
5,0,1,0,0,0,0,1,1.0,1,0,3.437112416389908,75.49952599153437,87.70975581005663,1.0098843374596247,1
5,0,1,0,0,0,0,0,1.0,1,0,3.6191979958004885,68.72854499938659,92.32545996339867,1.0580414059982002,1
5,0,1,0,0,0,0,0,1.0,1,0,3.7103975898286428,70.51029724636248,90.33936166271313,0.9579820022092667,1
5,0,1,0,0,0,0,0,1.0,1,0,2.0,73.73415071767947,97.00821553664652,1.075246567380427,1
6,0,1,0,0,0,0,0,1.0,1,0,3.2527186940708104,73.73415071767947,97.00821553664652,1.075246567380427,1
5,0,1,0,0,0,0,1,1.0,1,0,2.0,72.91748297138895,99.56281096441188,1.009098480491809,1
5,0,1,0,0,0,0,0,1.0,1,0,2.0,73.85201786060514,96.09832597132352,0.9722263189350856,1
6,0,1,0,0,0,0,1,1.0,1,0,3.568220212400514,67.55492853734523,89.75295753955807,0.9723470778280193,1
5,0,1,0,0,0,0,0,1.0,1,0,3.589987628721096,77.09796749501203,100.85712143922028,1.1080985969079118,1
5,0,1,0,0,0,0,0,1.0,1,0,3.529242029802229,71.61046003568114,91.49934925215874,0.8504361038316659,1
6,0,1,0,0,0,0,0,1.0,1,0,3.397006828235448,68.05647843809619,81.6448998909814,0.9128094396697838,1
6,0,1,0,0,0,0,0,1.0,1,0,2.0,69.52406669617669,84.01949464348681,1.1032374513929382,1
6,0,1,0,0,0,0,0,1.0,1,0,2.0,76.57330601061585,83.0951856497541,1.1177181013621045,1
5,0,1,0,0,0,0,1,1.0,1,0,2.0,80.31829187021408,99.9002726771795,1.0319359282318221,1
5,0,1,0,0,0,0,0,1.0,1,0,2.0,65.24532012012115,97.19679426621424,1.1641485581380095,1
6,0,1,0,0,0,0,0,1.0,1,0,2.0,66.1244384847719,90.1339536767789,1.0275955976768238,1
6,0,1,0,0,0,0,0,1.0,0,1,3.2880904097716948,27.843314269578173,10.617816170620774,-0.09996782147903507,1
6,0,1,0,0,0,0,0,1.0,1,0,2.0,71.95187838126768,87.5644851218149,1.075184318239719,0
7,0,1,0,0,0,0,0,1.0,0,1,3.3586698548823124,27.570509896505015,-0.6403911290695928,0.12166994045428217,1
6,0,1,0,0,0,0,0,1.0,0,1,3.6086860899765227,30.390597713219947,-2.460899988348688,-0.039938513363585865,1
5,0,1,0,0,0,0,0,1.0,0,1,3.4202488000420406,30.390597713219947,-2.460899988348688,-0.039938513363585865,1
7,0,1,0,0,0,0,0,1.0,0,1,3.4017300712825116,30.390597713219947,-2.460899988348688,-0.039938513363585865,1
7,0,1,0,0,0,0,0,1.0,0,1,3.6334576662331353,30.390597713219947,-2.460899988348688,-0.039938513363585865,1
9,0,1,0,0,0,0,0,1.0,0,1,3.3356743647889204,30.390597713219947,-2.460899988348688,-0.039938513363585865,1
6,0,1,0,0,0,0,0,1.0,0,1,3.580094881762681,30.390597713219947,-2.460899988348688,-0.039938513363585865,1
6,0,1,0,0,0,0,0,1.0,0,1,3.2552181472151025,30.390597713219947,-2.460899988348688,-0.039938513363585865,1
6,0,1,0,0,0,0,0,1.0,0,1,3.223122789741747,30.390597713219947,-2.460899988348688,-0.039938513363585865,1
5,0,1,0,0,0,0,0,1.0,0,1,3.656100112249001,29.39141161202096,13.985506576618935,0.004221298193794193,1
6,0,1,0,0,0,0,0,1.0,0,1,3.3863180372742927,29.39141161202096,13.985506576618935,0.004221298193794193,1
5,0,1,0,0,0,0,0,1.0,0,1,3.3867130393873084,26.98105672315924,9.618539722225645,-0.006776458916155372,1
6,0,1,0,0,0,0,0,1.0,0,1,3.486786611185222,26.98105672315924,9.618539722225645,-0.006776458916155372,1
6,0,1,0,0,0,0,0,1.0,0,1,3.545997921114468,26.98105672315924,9.618539722225645,-0.006776458916155372,1
5,0,1,0,0,0,0,0,1.0,0,1,3.4031755444119396,26.98105672315924,9.618539722225645,-0.006776458916155372,1
7,0,1,0,0,0,0,0,1.0,0,1,3.211034489560586,26.98105672315924,9.618539722225645,-0.006776458916155372,1
5,0,1,0,0,0,0,0,1.0,0,1,3.3580383915672214,26.98105672315924,9.618539722225645,-0.006776458916155372,1
8,0,1,0,1,0,0,0,1.0,0,1,3.3915688369577905,25.16436924673914,13.888537094061844,0.005779648499513612,1
8,0,1,0,1,0,0,0,1.0,0,1,3.3479417875034363,25.16436924673914,13.888537094061844,0.005779648499513612,1
10,0,1,0,1,0,0,0,1.0,0,1,3.43091878947717,25.16436924673914,13.888537094061844,0.005779648499513612,1
6,0,1,0,1,0,0,0,1.0,0,1,3.1328865341148653,25.16436924673914,13.888537094061844,0.005779648499513612,1
5,0,1,0,1,0,0,0,1.0,0,1,3.454421422407336,25.16436924673914,13.888537094061844,0.005779648499513612,1
7,0,1,0,1,0,0,0,1.0,0,1,3.591375653307201,25.16436924673914,13.888537094061844,0.005779648499513612,1
7,0,1,0,1,0,0,1,1.0,0,1,3.533553281956818,24.865372468966,10.591473445112563,0.05230376100090709,1
6,0,1,0,1,0,0,1,1.0,0,1,3.439439662048929,24.865372468966,10.591473445112563,0.05230376100090709,1
7,0,1,0,1,0,0,1,1.0,0,1,3.376087240079565,24.865372468966,10.591473445112563,0.05230376100090709,1
5,0,1,0,1,0,0,1,1.0,0,1,3.3099579429481834,24.865372468966,10.591473445112563,0.05230376100090709,1
7,0,1,0,1,0,0,1,1.0,0,1,3.38855004410747,24.865372468966,10.591473445112563,0.05230376100090709,1
6,0,1,0,1,0,0,1,1.0,0,1,3.6864546555251057,24.865372468966,10.591473445112563,0.05230376100090709,1
5,0,1,0,1,0,0,1,1.0,0,1,3.7741837533296567,24.865372468966,10.591473445112563,0.05230376100090709,1
6,0,1,0,1,0,0,1,1.0,0,1,3.5214529411090485,24.865372468966,10.591473445112563,0.05230376100090709,1
6,0,1,0,0,0,0,0,1.0,0,1,3.2692292547787014,23.162588495426192,2.861379077446237,0.037936503065132195,1
7,0,1,0,0,0,0,0,1.0,0,1,3.152964124035451,23.162588495426192,2.861379077446237,0.037936503065132195,1
8,0,1,0,0,0,0,0,1.0,0,1,3.2001762564945038,23.162588495426192,2.861379077446237,0.037936503065132195,1
8,0,1,0,0,0,0,0,1.0,0,1,3.497317786343504,23.162588495426192,2.861379077446237,0.037936503065132195,1
7,0,1,0,0,0,0,0,1.0,0,1,3.2621735341425713,23.162588495426192,2.861379077446237,0.037936503065132195,1
7,0,1,0,0,0,0,0,1.0,0,1,3.4625978693217543,30.673010271527446,9.408712251872577,-0.06666837186471555,1
6,0,1,0,0,0,0,0,1.0,0,1,3.582596525848299,30.673010271527446,9.408712251872577,-0.06666837186471555,1
9,0,1,0,0,0,0,0,1.0,0,1,3.670029420140771,30.673010271527446,9.408712251872577,-0.06666837186471555,1
5,0,1,0,0,0,0,0,1.0,0,1,3.7844429750469186,30.673010271527446,9.408712251872577,-0.06666837186471555,1
6,0,1,1,0,0,0,0,1.0,0,1,3.721713067451323,26.71573970543598,1.4738744939119668,-0.09145165596314907,1
5,0,1,1,0,0,0,0,1.0,0,1,3.3784607964479263,26.71573970543598,1.4738744939119668,-0.09145165596314907,1
6,0,1,1,0,0,0,0,1.0,0,1,3.398499284912006,26.71573970543598,1.4738744939119668,-0.09145165596314907,1
6,0,1,1,0,0,0,0,1.0,0,1,3.592978150623299,26.71573970543598,1.4738744939119668,-0.09145165596314907,1
6,0,1,0,0,0,0,0,1.0,0,1,3.3227572691696143,22.85530899477459,16.27845534648564,0.09420491171659713,1
5,0,1,0,0,0,0,0,1.0,0,1,3.2713343712382863,20.718406574203982,9.297547338879879,0.07948795703185596,1
5,0,1,0,0,0,0,0,1.0,0,1,3.352806464757404,20.718406574203982,9.297547338879879,0.07948795703185596,1
7,0,1,0,0,0,0,0,1.0,0,1,3.3859173078494638,25.942307596532657,8.07518180123799,0.15703892731822336,1
6,0,1,0,0,0,0,0,1.0,0,1,3.418105808763985,21.874704651384093,9.212635375410937,0.09450275018738907,1
7,0,1,1,0,0,0,0,1.0,0,1,2.0,19.541424316590735,2.596016909545965,0.012476591234666715,1
7,0,1,0,0,0,0,0,1.0,0,1,2.0,28.38681403614376,16.02366631187459,-0.0013004789597642077,1
9,0,1,0,0,0,0,0,1.0,0,1,2.0,28.38681403614376,16.02366631187459,-0.0013004789597642077,1
6,0,1,0,0,0,0,0,1.0,0,1,2.0,25.33109804288671,11.514177010585934,-0.06932706844552133,1
5,0,1,0,0,0,0,0,1.0,0,1,2.0,25.33109804288671,11.514177010585934,-0.06932706844552133,1
7,0,1,0,0,0,0,0,1.0,0,1,2.0,25.33109804288671,11.514177010585934,-0.06932706844552133,1
6,0,1,0,0,0,0,0,1.0,0,1,2.0,25.33109804288671,11.514177010585934,-0.06932706844552133,1
6,0,1,0,0,0,0,0,1.0,0,1,2.0,25.33109804288671,11.514177010585934,-0.06932706844552133,1
6,0,1,0,0,0,0,0,1.0,0,1,2.0,25.33109804288671,11.514177010585934,-0.06932706844552133,1
6,0,1,0,0,0,0,0,1.0,0,1,2.0,24.17569647689787,4.252427670903891,-0.052978192241445336,1
5,0,1,0,0,0,0,0,1.0,0,1,2.0,21.565251767691677,0.5296254625396296,-0.08456732196566319,1
6,0,1,0,0,0,0,0,1.0,0,1,2.0,21.565251767691677,0.5296254625396296,-0.08456732196566319,1
5,0,1,0,0,0,0,0,1.0,0,1,2.0,21.565251767691677,0.5296254625396296,-0.08456732196566319,1
6,0,1,0,0,0,0,0,1.0,0,1,2.0,21.565251767691677,0.5296254625396296,-0.08456732196566319,1
5,0,1,0,0,0,0,0,1.0,0,1,2.0,21.565251767691677,0.5296254625396296,-0.08456732196566319,1
7,0,1,0,0,0,0,0,1.0,0,1,2.0,21.565251767691677,0.5296254625396296,-0.08456732196566319,1
5,0,1,0,0,0,0,0,1.0,0,1,2.0,21.565251767691677,0.5296254625396296,-0.08456732196566319,1
7,0,1,0,0,0,0,0,1.0,0,1,3.278429936222187,21.565251767691677,0.5296254625396296,-0.08456732196566319,1
8,0,1,0,0,0,0,0,1.0,0,1,2.0,32.5498020013309,19.127878004757545,0.0897107948985127,1
7,0,1,0,0,0,0,0,1.0,0,1,2.0,31.723750026494898,24.22497226723596,0.08645989750631204,1
7,0,1,0,0,0,0,0,1.0,0,1,3.4651208706134295,31.723750026494898,24.22497226723596,0.08645989750631204,1
7,0,1,0,0,0,0,0,1.0,0,1,2.0,27.603503662351528,10.485771157713339,-0.08848350903401962,1
6,0,1,0,0,0,0,0,1.0,0,1,2.0,27.603503662351528,10.485771157713339,-0.08848350903401962,1
7,0,1,0,0,0,0,0,1.0,0,1,2.0,27.603503662351528,10.485771157713339,-0.08848350903401962,1
8,0,1,0,0,0,0,0,1.0,0,1,2.0,27.603503662351528,10.485771157713339,-0.08848350903401962,1
10,0,1,0,0,0,0,0,1.0,0,1,2.0,27.603503662351528,10.485771157713339,-0.08848350903401962,1
5,0,1,0,0,0,0,0,1.0,0,1,2.0,27.603503662351528,10.485771157713339,-0.08848350903401962,1
6,0,1,0,0,0,0,0,1.0,0,1,2.0,27.603503662351528,10.485771157713339,-0.08848350903401962,1
7,0,1,0,0,0,0,0,1.0,0,1,2.0,27.603503662351528,10.485771157713339,-0.08848350903401962,1
6,0,1,0,0,0,0,0,1.0,0,1,2.0,27.603503662351528,10.485771157713339,-0.08848350903401962,1
5,0,1,0,0,0,0,0,1.0,0,1,2.0,27.603503662351528,10.485771157713339,-0.08848350903401962,1
5,0,1,0,0,0,0,0,1.0,0,1,2.0,27.603503662351528,10.485771157713339,-0.08848350903401962,1
6,0,1,0,0,0,0,0,1.0,0,1,2.0,27.603503662351528,10.485771157713339,-0.08848350903401962,1
7,0,1,0,0,0,0,0,1.0,0,1,2.0,25.827552307273137,14.64187873928812,-0.09252299347538732,1
6,0,1,0,0,0,0,1,1.0,0,1,2.0,23.671991491031733,2.6814805491810767,-0.09185061353783515,1
8,0,1,0,0,0,0,1,1.0,0,1,2.0,23.671991491031733,2.6814805491810767,-0.09185061353783515,1
8,0,1,0,0,0,0,1,1.0,0,1,2.0,23.671991491031733,2.6814805491810767,-0.09185061353783515,1
7,0,1,0,0,0,0,1,1.0,0,1,2.0,23.671991491031733,2.6814805491810767,-0.09185061353783515,1
7,0,1,0,0,0,0,1,1.0,0,1,2.0,25.64238780777832,8.57960289552899,0.09240236736603244,1
6,0,1,0,0,0,0,1,1.0,0,1,2.0,25.64238780777832,8.57960289552899,0.09240236736603244,1
9,0,1,0,0,0,0,1,1.0,0,1,2.0,25.64238780777832,8.57960289552899,0.09240236736603244,1
5,0,1,0,0,0,0,1,1.0,0,1,2.0,25.64238780777832,8.57960289552899,0.09240236736603244,1
6,0,1,0,0,0,0,0,1.0,0,1,2.0,28.190952518479463,-0.23844820364801148,0.10606627259010051,1
5,0,1,0,0,0,0,0,1.0,0,1,2.0,28.190952518479463,-0.23844820364801148,0.10606627259010051,1
6,0,1,0,0,0,0,0,1.0,0,1,2.0,28.190952518479463,-0.23844820364801148,0.10606627259010051,1
6,0,1,0,0,0,0,0,1.0,0,1,2.0,28.190952518479463,-0.23844820364801148,0.10606627259010051,1
7,0,1,0,0,0,0,0,1.0,0,1,3.0593978898602825,27.130812793252176,0.45952100510630534,-0.20831640077692776,1
7,0,1,0,0,0,0,0,1.0,0,1,2.0,27.130812793252176,0.45952100510630534,-0.20831640077692776,1
5,0,1,0,0,0,0,0,1.0,0,1,2.0,27.130812793252176,0.45952100510630534,-0.20831640077692776,1
6,0,1,0,0,0,0,0,1.0,0,1,2.0,27.130812793252176,0.45952100510630534,-0.20831640077692776,1
5,0,1,0,0,0,0,0,1.0,0,1,2.0,27.130812793252176,0.45952100510630534,-0.20831640077692776,1
6,0,1,0,0,0,0,0,1.0,0,1,3.1824175275218787,30.03064283053503,-2.388579914473243,-0.12944489593646663,1
6,0,1,0,0,0,0,0,1.0,0,1,3.5044416855158893,30.03064283053503,-2.388579914473243,-0.12944489593646663,1
6,0,1,0,0,0,0,0,1.0,0,1,2.0,30.03064283053503,-2.388579914473243,-0.12944489593646663,1
6,0,1,0,0,0,0,1,1.0,0,1,3.5334334989204157,31.05377007528527,3.1568684800433697,-0.1219192238357123,1
6,0,1,0,0,0,0,1,1.0,0,1,3.5619838868869502,31.05377007528527,3.1568684800433697,-0.1219192238357123,1
6,0,1,0,0,0,0,1,1.0,0,1,3.3799654470363594,31.05377007528527,3.1568684800433697,-0.1219192238357123,1
6,0,1,0,0,0,0,1,1.0,0,1,3.379688920105591,31.05377007528527,3.1568684800433697,-0.1219192238357123,1
5,0,1,0,1,0,0,0,1.0,0,1,3.713734850184497,27.807804546293937,14.829515320409147,0.0060594407427517405,1
5,0,1,0,1,0,0,0,1.0,0,1,3.390086804990199,27.807804546293937,14.829515320409147,0.0060594407427517405,1
5,0,1,0,1,0,0,0,1.0,0,1,3.6516675818018762,27.807804546293937,14.829515320409147,0.0060594407427517405,1
5,0,1,0,0,0,0,1,1.0,0,1,3.3016053702261052,28.8386298720836,9.412265724614414,0.08381460154180471,1
7,0,1,0,0,0,0,1,1.0,0,1,3.313639843476849,25.73359517304735,10.824031921456774,-0.0013886120750106162,1
6,0,1,0,0,0,0,0,1.0,0,1,3.2454410613064915,25.175631867664436,16.80124718682362,-0.00020022135077944178,1
7,0,1,0,0,0,0,0,1.0,0,1,2.0,24.746674779790382,15.41116789841659,0.03878258528621758,1
6,0,1,0,0,0,0,0,1.0,0,1,3.2249203859523656,20.097437355540066,5.899378927684381,-0.04237825403985331,1
7,0,1,0,0,0,0,0,1.0,0,1,3.212360332002331,20.097437355540066,5.899378927684381,-0.04237825403985331,1
5,0,1,0,0,0,0,0,1.0,0,1,3.2254043487723894,20.097437355540066,5.899378927684381,-0.04237825403985331,1
6,0,1,0,0,0,0,0,1.0,0,1,3.5922112337323626,20.097437355540066,5.899378927684381,-0.04237825403985331,1
6,0,1,0,0,0,0,0,1.0,0,1,3.6976837591251672,20.097437355540066,5.899378927684381,-0.04237825403985331,1
7,0,1,0,0,0,0,0,1.0,0,1,3.619444848512393,20.097437355540066,5.899378927684381,-0.04237825403985331,1
7,0,1,0,0,0,0,0,1.0,0,1,2.0,20.097437355540066,5.899378927684381,-0.04237825403985331,1
7,0,1,0,0,0,0,1,1.0,1,0,2.0,65.47089415903717,83.00962983931898,1.113386190688122,0
6,0,1,0,0,0,0,0,1.0,1,0,2.0,70.22766840173317,90.34685814340227,1.1336104422619473,0
6,0,1,0,0,0,0,0,1.0,1,0,2.0,70.22766840173317,90.34685814340227,1.1336104422619473,0
5,0,1,0,0,0,0,0,1.0,1,0,2.0,70.22766840173317,90.34685814340227,1.1336104422619473,0
6,0,1,0,0,0,0,0,1.0,1,0,2.0,70.22766840173317,90.34685814340227,1.1336104422619473,0
6,0,1,0,0,0,0,0,1.0,1,0,2.0,70.22766840173317,90.34685814340227,1.1336104422619473,0
7,0,1,0,0,0,0,0,1.0,1,0,2.0,70.22766840173317,90.34685814340227,1.1336104422619473,0
5,0,1,0,0,0,0,1,1.0,1,0,2.0,73.46936011407283,91.41619430716483,0.9703440328040294,0
7,0,1,0,0,0,0,1,1.0,1,0,2.0,73.46936011407283,91.41619430716483,0.9703440328040294,0
5,0,1,0,0,0,0,0,1.0,1,0,2.0,69.4424204251972,90.06246331143808,0.9165442940790064,0
5,0,1,0,0,0,0,0,1.0,1,0,2.0,69.4424204251972,90.06246331143808,0.9165442940790064,0
5,0,1,0,0,0,0,0,1.0,1,0,2.0,64.78237913918036,87.23845413614443,1.1743073148081487,0
6,0,1,0,0,0,0,0,1.0,1,0,2.0,64.78237913918036,87.23845413614443,1.1743073148081487,0
6,0,1,0,0,0,0,0,1.0,1,0,2.0,64.78237913918036,87.23845413614443,1.1743073148081487,0
6,0,1,0,0,0,0,0,1.0,1,0,2.0,64.78237913918036,87.23845413614443,1.1743073148081487,0
6,0,1,0,0,0,0,0,1.0,1,0,2.0,64.78237913918036,87.23845413614443,1.1743073148081487,0
6,0,1,0,0,0,0,0,1.0,1,0,2.0,63.81530985195627,95.61411452438116,1.0923994476794847,0
6,0,1,0,0,0,0,0,1.0,1,0,2.0,66.87411273964094,97.8926327419608,1.135165160513758,0
7,0,1,0,0,0,0,0,1.0,1,0,2.0,61.928165177356874,85.1765786026248,1.059473717406088,0
6,0,1,0,0,0,0,0,1.0,1,0,3.6892672424227606,67.75055719121335,93.65267677755651,0.910127015233067,1
5,0,1,0,0,0,0,0,1.0,1,0,3.5037552506073046,76.48367691510703,90.99583610931865,1.008961743962823,1
5,0,1,0,0,0,0,0,1.0,1,0,3.459232152535832,80.76037595291488,92.3657804997022,0.9052555035966743,1
6,0,1,0,0,0,0,0,1.0,1,0,2.0,71.47549368889791,87.61029249942814,1.1124211350054785,1
5,0,1,0,0,0,0,0,1.0,1,0,2.0,75.50269458539874,94.1035320954976,1.038517075453802,1
5,0,1,0,0,0,0,0,1.0,1,0,2.0,82.04573928733434,102.37735385943596,1.0467220983936838,1
5,0,1,0,1,0,0,0,1.0,0,1,3.3022463747156032,38.39849770469605,11.463290247860474,0.03580705654821282,1
6,0,1,0,0,0,0,0,1.0,0,1,3.388949678186133,28.64124662379058,1.8716868538595182,-0.16853253201170487,1
7,0,1,0,0,0,0,0,1.0,0,1,3.402634532705712,28.64124662379058,1.8716868538595182,-0.16853253201170487,1
6,0,1,0,0,0,0,0,1.0,0,1,3.3876502198482283,28.64124662379058,1.8716868538595182,-0.16853253201170487,1
5,0,1,0,0,0,0,0,1.0,0,1,3.351430912382315,28.64124662379058,1.8716868538595182,-0.16853253201170487,1
6,0,1,0,0,0,0,0,1.0,0,1,3.377398815028807,28.64124662379058,1.8716868538595182,-0.16853253201170487,1
6,0,1,0,0,0,0,1,1.0,1,0,2.0,64.94668146041383,88.41580406726762,0.9828613314061987,0
7,0,1,0,0,0,0,0,1.0,1,0,2.0,73.31004231886438,82.04477892844835,1.1729933250932993,0
6,0,1,0,0,0,0,0,1.0,1,0,2.0,73.31004231886438,82.04477892844835,1.1729933250932993,0
5,0,1,0,0,0,0,0,1.0,1,0,2.0,73.31004231886438,82.04477892844835,1.1729933250932993,0
6,0,1,0,0,0,0,0,1.0,1,0,2.0,73.31004231886438,82.04477892844835,1.1729933250932993,0
5,0,1,0,0,0,0,0,1.0,1,0,2.0,77.81599650284271,95.35949895476698,1.0369394110278416,0
5,0,1,0,0,0,0,0,1.0,1,0,3.4653087514929766,81.77466793918069,92.36470474916902,1.0128989029673419,1
5,0,1,0,0,0,0,0,1.0,1,0,3.2796666795950613,76.74780087324089,99.29053662502989,0.9277754146584649,1
5,0,1,0,0,0,0,0,1.0,1,0,3.5467751956374913,71.07674496540125,109.13110040931589,1.1113254520923268,1
5,0,1,0,0,0,0,0,1.0,1,0,3.3140526237909045,66.38926442909231,85.89683754115234,1.1679171689643568,1
5,0,1,0,0,0,0,0,1.0,1,0,2.0,64.44696901162686,90.37867908612169,1.020810970640913,1
5,0,1,0,0,0,0,0,1.0,1,0,3.279419163150647,64.35218163404991,86.12877009425063,0.9384763247274344,1
5,0,1,0,0,0,0,0,1.0,1,0,3.4515083871197185,64.35218163404991,86.12877009425063,0.9384763247274344,1
5,0,1,0,0,0,0,0,1.0,1,0,2.0,65.590989191181,87.41291693846422,1.0087519991758485,1
5,0,1,0,0,0,0,0,1.0,1,0,3.103299386392063,69.40885685541947,91.12757947045432,0.9393811016250219,1
5,0,1,0,0,0,0,0,1.0,1,0,2.0,70.55466738293308,82.4232509886831,0.8681158599119303,1
6,0,1,0,0,0,0,0,1.0,1,0,3.299787091206883,73.56407473667791,78.0303004324931,0.8630257169760035,1
5,0,1,0,0,0,0,0,1.0,1,0,3.084514003751168,78.28512772957087,95.92062139756973,0.9979933407568847,1
5,0,1,0,0,0,0,0,1.0,1,0,2.0,78.28512772957087,95.92062139756973,0.9979933407568847,1
5,0,1,0,0,0,0,1,1.0,1,0,3.3140615814905705,67.11454737717833,88.47796369306896,1.1104555980014015,1
5,0,1,0,0,0,0,0,1.0,1,0,3.699065300351249,72.81317100938276,52.531769825717326,1.0704091752351328,1
6,0,1,0,0,0,0,1,1.0,1,0,3.746209485520192,74.57943529353558,52.84740789260241,0.9423542872177102,1
5,0,1,0,0,0,0,0,1.0,1,0,2.0,77.3158307979173,89.83100699553306,0.9210287902349875,1
5,0,1,0,0,0,0,0,1.0,1,0,2.0,77.29246157451102,85.92443617780617,0.8387156487086549,1
5,0,1,0,0,0,0,0,1.0,0,1,2.0,63.76045305153961,90.12086218251588,1.0026699310025937,1
6,0,1,0,0,0,0,0,1.0,1,0,2.0,70.351969325824,96.86438185632531,1.0401658979084096,1
5,0,1,0,0,0,0,0,1.0,1,0,2.0,72.72567672160245,80.76792034087029,1.052219244163364,1
5,0,1,0,0,0,0,0,1.0,1,0,2.0,72.93794028857604,83.23250132693248,0.8396110499814069,1
5,0,1,0,0,0,0,0,1.0,1,0,2.0,74.53896735599565,94.49180428183543,1.0185409021551008,1
6,0,1,0,0,0,0,0,1.0,1,0,2.0,70.65840241775783,79.28552420882352,0.9178581883312079,1
5,0,1,0,0,0,0,0,1.0,1,0,3.3278441331679622,63.84116110834995,95.26408570488043,1.0754619758848396,1
5,0,1,0,0,0,0,0,1.0,1,0,3.5070533186302146,77.01267711156169,85.99571082664829,0.9428670364401804,1
5,0,1,0,0,0,0,0,1.0,0,1,2.0,20.05189070328764,12.046086614438183,0.01304914088209531,0
5,0,1,0,0,0,0,0,1.0,1,0,2.0,64.8078836684372,79.8872483197236,0.8713701295166411,1
5,0,1,0,0,0,0,0,1.0,1,0,3.68692986253894,76.86017098896772,101.31983443894289,1.0273495368861945,1
5,0,1,0,0,0,0,1,1.0,1,0,3.8175678489371565,69.20604333873084,93.4733391411612,1.0393634797534232,1
6,0,1,0,0,0,0,1,1.0,1,0,3.9575016063540915,60.89586591576809,77.86987742778415,1.0503182976395768,1
6,0,1,0,0,0,0,0,1.0,1,0,4.181220465393894,66.98239066236474,82.23399778353445,1.1426019097485904,1
5,0,1,0,0,0,0,0,1.0,1,0,3.634115175115912,66.98239066236474,82.23399778353445,1.1426019097485904,1
5,0,1,0,0,0,0,0,1.0,1,0,2.0,70.45729059958629,90.71669175152618,1.1507349974839203,1
5,0,1,0,0,0,0,0,1.0,1,0,2.0,68.4519479078908,82.54026128741454,0.910052432618158,1
5,0,1,0,0,0,0,0,1.0,1,0,3.596647407078982,70.48516286028064,89.25390923000913,0.9279327928604627,1
6,0,1,0,0,0,0,1,1.0,1,0,2.0,75.36830740142209,96.00754929991466,0.9654415278200704,1
6,0,1,0,0,0,0,1,1.0,1,0,2.0,75.36830740142209,96.00754929991466,0.9654415278200704,1
5,0,1,0,0,0,0,0,1.0,1,0,2.0,78.93304124735562,96.78708180103038,1.0013644980692176,1
5,0,1,0,0,0,0,0,1.0,1,0,3.624247613778027,78.93304124735562,96.78708180103038,1.0013644980692176,1
5,0,1,0,0,0,0,1,1.0,1,0,2.0,71.352690492768,89.99138529945306,1.0715473923471113,1
5,0,1,0,0,0,0,1,1.0,1,0,3.2168939083822052,71.352690492768,89.99138529945306,1.0715473923471113,1
8,0,1,0,0,0,0,0,1.0,1,0,3.494143086612017,71.59214283867472,99.61539538069388,1.0509811344303062,1
5,0,1,0,0,0,0,0,1.0,1,0,2.0,67.48011275080381,81.07716708439587,1.0078086706121017,1
5,0,1,0,0,0,0,0,1.0,1,0,2.0,65.36693176836134,87.94989224560815,0.9334911384654077,1
6,0,1,0,0,0,0,0,1.0,1,0,3.5312559190702073,71.78061249398132,88.87947271041067,1.1019479059081712,1
5,0,1,0,0,0,0,0,1.0,1,0,3.605815065806519,64.29309653269571,95.33544747589112,1.0892673233719496,1
5,0,1,0,0,0,0,0,1.0,1,0,3.7062009562507456,65.8536258037127,81.10401702494798,1.0945986863706172,1
5,0,1,0,0,0,0,0,1.0,1,0,3.8287794057783775,65.8536258037127,81.10401702494798,1.0945986863706172,1
6,0,1,0,0,0,0,1,1.0,1,0,3.778102615654218,62.98709054325626,88.52036112085366,1.0056903158394894,1
5,0,1,0,0,0,0,1,1.0,1,0,3.7973048330371424,62.98709054325626,88.52036112085366,1.0056903158394894,1
8,0,1,1,0,0,0,0,1.0,1,0,2.0,63.5359222932095,82.60923575852416,0.9783897869911319,1
5,0,1,1,0,0,0,0,1.0,1,0,3.3644488979855964,66.03146950214517,86.36292891597861,0.8580629523288792,1
6,0,1,0,0,0,0,0,1.0,1,0,3.681365599731259,76.36905607311391,94.22965189844732,1.0630417584447156,1
6,0,1,0,0,0,0,1,1.0,1,0,2.0,78.44908299135143,92.76224525899846,0.8726152597651223,1
5,0,1,0,0,0,0,0,1.0,1,0,2.0,75.11383734285606,96.96365435594159,1.0095677207680398,1
5,0,1,0,0,0,0,0,1.0,1,0,2.0,75.12454392716128,85.41280000947735,0.9991959417674818,1
5,0,1,0,0,0,0,0,1.0,1,0,2.0,72.38889785346007,86.55073183423495,1.0739653520180408,1
6,0,1,0,0,0,0,0,1.0,1,0,2.0,72.38889785346007,86.55073183423495,1.0739653520180408,1
5,0,1,0,0,0,0,0,1.0,1,0,2.0,72.38889785346007,86.55073183423495,1.0739653520180408,1
5,0,1,0,0,0,0,0,1.0,1,0,2.0,61.79978126920942,79.22066222433905,1.002632786649469,1
7,0,1,0,0,0,0,0,1.0,1,0,3.7594817713960933,63.599687097203415,85.42744937737938,0.9298850512282206,1
5,0,1,0,0,0,0,0,1.0,1,0,3.5359080827629796,72.62124783655737,79.6136471356146,1.0793322143686372,1
6,0,1,0,0,0,0,0,1.0,1,0,3.8374867354783655,69.19049624504527,93.09953241387875,0.8860658090028583,1
6,0,1,0,0,0,0,0,1.0,1,0,2.0,74.97242610205453,92.6365192159698,0.810862314458527,1
6,0,1,0,0,0,0,0,1.0,1,0,3.5267159486887474,61.144297035029965,77.9859294335943,0.953952834146575,1
7,0,1,0,0,0,0,0,1.0,1,0,2.0,64.48100280852395,84.41550115499676,1.0470840604890659,1
7,0,1,0,0,0,0,0,1.0,1,0,3.4535985863080523,70.11854689814692,86.79421600913487,1.2265296735453408,1
5,0,1,0,0,0,0,0,1.0,1,0,2.0,74.8250107974337,91.91042695021565,1.114267980560862,1
6,0,1,0,0,0,0,0,1.0,1,0,2.0,66.66419632700428,88.57473130485157,0.9331822692325978,1
6,0,1,0,0,0,0,0,1.0,1,0,4.152809182224045,66.7527861326202,83.40310134610432,0.8845130163860755,1
5,0,1,0,0,0,0,0,1.0,1,0,3.6994881749128856,73.31914390333438,86.2370556890603,1.0998618584195035,1
6,0,1,0,0,0,0,0,1.0,1,0,2.0,70.70861766334832,89.3639870540528,0.9688086310660192,1
5,0,1,0,0,0,0,0,1.0,1,0,3.477935513224038,72.08407435045449,90.01830312522966,0.9185634821281585,1
7,0,1,0,0,0,0,0,1.0,1,0,2.0,74.61943681380255,84.8471931481028,0.9617329017415162,1
6,0,1,0,0,0,0,0,1.0,1,0,2.0,69.78319111024513,103.80011249439538,0.9713077141544626,1
5,0,1,0,0,0,0,0,1.0,1,0,3.630087257134363,72.58265993571374,91.58041848490295,1.065438764977099,1
5,0,1,0,0,0,0,0,1.0,0,1,2.0,30.532499711566814,16.325080233054674,0.06856375946748447,0
5,0,1,0,0,0,0,0,1.0,0,1,2.0,29.200502049348827,12.45708159491743,-0.3178438663417518,0
6,0,1,0,0,0,0,0,1.0,0,1,4.078650682055135,34.718455068411075,11.766919979824797,0.07635798867936275,1
8,0,1,0,0,0,0,1,1.0,0,1,3.892531431161035,30.848177865112632,6.283229734757491,0.05222420718023914,1
6,0,1,0,0,0,0,1,1.0,0,1,4.136975940407242,30.848177865112632,6.283229734757491,0.05222420718023914,1
8,0,1,0,0,0,0,1,1.0,0,1,3.9787723216034814,30.848177865112632,6.283229734757491,0.05222420718023914,1
8,0,1,0,0,0,0,0,1.0,0,1,3.882175357303233,35.66202546970068,21.522966749036534,-0.13931917724137913,1
8,0,1,0,0,0,0,0,1.0,1,0,2.0,67.64275151724463,89.5456887477154,0.8722578815404257,0
8,0,1,0,0,0,0,0,1.0,1,0,2.0,74.93014781577975,95.58466767370635,1.0852693587254059,0
6,0,1,0,0,0,0,0,1.0,1,0,2.0,74.93014781577975,95.58466767370635,1.0852693587254059,0
8,0,1,0,0,0,0,0,1.0,1,0,2.0,74.93014781577975,95.58466767370635,1.0852693587254059,0
6,0,1,0,0,0,0,0,1.0,1,0,2.0,75.54020197581895,87.39050089478097,1.023391316551204,0
5,0,1,0,0,0,0,1,1.0,1,0,2.0,65.7030187563513,89.60223014653691,1.1457162559363252,1
5,0,1,0,0,0,0,0,1.0,1,0,3.763755719915731,64.92272431257314,88.20829284369664,1.081400521334801,1
5,0,1,0,0,0,0,1,1.0,1,0,3.7929392483266375,70.67959319696803,88.41642239997304,0.9615237423097811,1
6,0,1,0,0,0,0,0,1.0,1,0,3.525378151541355,73.7126055508235,84.44264956229108,1.0706337290508738,1
5,0,1,0,0,0,0,1,1.0,1,0,3.552808014642123,69.48779557388664,83.23806674131559,1.2606489171183803,1
5,0,1,0,0,0,0,0,1.0,1,0,2.0,70.37692238760167,92.51834483746606,0.971693881644007,1
5,0,1,0,0,0,0,0,1.0,1,0,3.6731729049250617,67.46738438252514,98.41426553234369,1.0003208249763818,1
5,0,1,0,0,0,0,1,1.0,1,0,3.7430557575832224,65.64447017906522,72.1397981671197,0.8663551665437513,1
5,0,1,0,0,0,0,0,1.0,1,0,2.0,70.68770155296671,81.22656390386274,1.012286895707408,1
6,0,1,0,0,0,0,0,1.0,1,0,2.0,64.92602198935128,82.9873901867513,1.0370297127279269,1
5,0,1,0,0,0,0,1,1.0,1,0,2.0,71.94567761030812,96.75822359493775,1.042997292423271,1
5,0,1,0,0,0,0,0,1.0,1,0,3.8203626703441813,71.2645104905074,84.93737556542192,0.8426623644417652,1
5,0,1,0,0,0,0,0,1.0,1,0,2.0,74.78440580911487,86.61159893475153,1.0093455308811072,1
5,0,1,0,0,0,0,1,1.0,1,0,2.0,79.24597725900409,89.27082172454733,1.0597816921064875,1
5,0,1,0,0,0,0,0,1.0,1,0,3.5742011843772685,71.30560857457775,84.87486617834159,0.995534928900671,1
5,0,1,0,0,0,0,0,1.0,1,0,3.937044520349723,77.99902910045182,96.34801426310757,0.9883683134529476,1
5,0,1,0,0,0,0,1,1.0,1,0,2.0,81.99769858211545,96.72926779479933,1.0011738199643432,1
5,0,1,0,0,0,0,1,1.0,1,0,3.6797696243839733,70.40127746254822,85.8420066098893,1.1739393013412776,1
5,0,1,0,0,0,0,0,1.0,1,0,2.0,61.20113156824898,98.32344238412055,0.9926075604111845,1
5,0,1,0,0,0,0,0,1.0,0,1,2.0,35.44404958886618,1.5530858932626497,-0.1632484464599322,0
6,0,1,0,0,0,0,1,1.0,0,1,3.9650161854609354,34.90374908999681,16.69005951152577,-0.04629858784998371,1
6,0,1,0,0,0,0,0,1.0,0,1,3.8587130969541263,34.51536989966384,15.804551998567396,0.08669361497058657,1
5,0,1,0,0,0,0,1,1.0,0,1,3.7878834076787538,26.1590478774759,4.6374102002830915,-0.11423949209044879,1
6,0,1,0,0,0,0,1,1.0,0,1,3.771814113175808,26.1590478774759,4.6374102002830915,-0.11423949209044879,1
6,0,1,0,0,0,0,1,1.0,0,1,3.8551968882050756,26.1590478774759,4.6374102002830915,-0.11423949209044879,1
5,0,1,0,0,0,0,1,1.0,0,1,2.0,29.046560304346357,20.32071499654151,-0.020498556871505882,0
5,0,1,0,0,0,0,1,1.0,0,1,4.016609334533313,29.046560304346357,20.32071499654151,-0.020498556871505882,1
6,0,1,0,0,0,0,0,1.0,0,1,3.702373562267938,27.341394376748895,17.261185780488855,-0.028187043442654266,1
6,0,1,0,0,0,0,0,1.0,0,1,3.811731044100698,22.959271200219746,9.780120747358614,-0.22851019374058265,1
8,0,1,0,0,0,0,0,1.0,0,1,4.025001313926163,22.959271200219746,9.780120747358614,-0.22851019374058265,1
6,0,1,0,0,0,0,0,1.0,0,1,4.1670729097481605,22.959271200219746,9.780120747358614,-0.22851019374058265,1
7,0,1,0,0,0,0,0,1.0,0,1,4.086690725213536,22.959271200219746,9.780120747358614,-0.22851019374058265,1
5,0,1,0,0,0,0,0,1.0,0,1,3.895915454467365,22.959271200219746,9.780120747358614,-0.22851019374058265,1
5,0,1,0,0,0,0,0,1.0,0,1,4.005455024038287,33.046789208650964,13.786546917815103,-0.06569514350425254,1
6,0,1,0,0,0,0,0,1.0,0,1,3.9123472758857893,39.22950777032539,14.663543720286903,-0.04260960209458285,1
5,0,1,0,0,0,0,0,1.0,0,1,3.905496809122005,35.388172330603794,22.935169289375736,-0.0844505406127592,1
5,0,1,0,1,0,0,0,1.0,0,1,3.8290854852252307,34.58778620431025,16.458634380234482,-0.03308479017099545,1
6,0,1,1,1,0,0,0,1.0,0,1,2.0,29.110621049087513,20.027483949486367,-0.08678085285299375,1
6,0,1,1,1,0,0,0,1.0,0,1,2.0,29.110621049087513,20.027483949486367,-0.08678085285299375,1
6,0,1,1,1,0,0,0,1.0,0,1,3.8771436461791007,29.110621049087513,20.027483949486367,-0.08678085285299375,1
6,0,1,0,0,0,0,1,1.0,0,1,2.0,29.62635126997729,13.565413824514232,0.023750999420678678,1
7,0,1,0,1,0,0,0,1.0,0,1,3.8335247494775615,31.14810062164358,12.422997031234122,0.09737284436995522,1
6,0,1,0,1,0,0,0,1.0,0,1,2.0,36.282033380270256,6.781175717079314,0.06575042544528291,1
5,0,1,0,0,0,0,0,1.0,0,1,2.0,35.1177125053145,13.941379262932202,0.05068485307714869,1
5,0,1,0,0,0,0,0,1.0,0,1,2.0,36.763893656957684,23.14813819115234,0.02811230062658387,1
6,0,1,0,0,0,0,0,1.0,0,1,2.0,31.277558589485395,-1.5649712611756854,-0.11648809629603867,1
7,0,1,0,0,0,0,0,1.0,0,1,3.9759383478125834,31.277558589485395,-1.5649712611756854,-0.11648809629603867,1
7,0,1,0,0,0,0,0,1.0,1,0,2.0,74.06916797464176,98.67996976625393,1.101753646498517,0
7,0,1,0,0,0,0,1,1.0,1,0,2.0,68.8133216548523,90.36044609873986,0.9728899860621171,0
6,0,1,0,0,0,0,0,1.0,1,0,2.0,64.29316790153806,82.00434094458535,0.9703264573505603,0
5,0,1,1,0,0,0,1,1.0,1,0,2.0,77.47783998608242,83.28417817135986,0.8915060718401485,0
5,0,1,1,0,0,0,1,1.0,1,0,2.0,71.11567015582818,82.90375807542438,0.9114527402248499,0
6,0,1,0,0,0,0,0,1.0,1,0,2.0,82.01895422163575,92.78437006400299,1.1206072547032602,0
5,0,1,0,0,0,0,0,1.0,1,0,2.0,82.01895422163575,92.78437006400299,1.1206072547032602,0
6,0,1,0,0,0,0,0,1.0,1,0,3.904494996573719,82.84265080607325,96.79696123086217,0.8734939741700057,1
5,0,1,1,0,0,0,1,1.0,1,0,2.0,79.06844068243771,91.69634723199945,0.8254726205340592,0
8,0,1,0,0,0,0,0,1.0,1,0,2.0,79.8667615435507,94.94983006253993,0.8223348556641732,0
6,0,1,0,0,0,0,0,1.0,1,0,2.0,79.8667615435507,94.94983006253993,0.8223348556641732,0
6,0,1,0,0,0,0,1,1.0,1,0,2.0,70.95256887311905,87.54924113454803,0.9569425515698123,0
7,0,1,0,0,0,0,1,1.0,1,0,2.0,70.95256887311905,87.54924113454803,0.9569425515698123,0
6,0,1,0,0,0,0,0,1.0,0,1,3.5086574823025263,98.97269531382321,99.4945824312715,0.7491841609377109,1
6,0,1,0,0,0,0,0,1.0,0,1,7.201981147884033,98.97269531382321,99.4945824312715,0.7491841609377109,1
5,0,1,0,0,0,0,0,1.0,0,1,4.277422738051484,98.97269531382321,99.4945824312715,0.7491841609377109,1
5,0,1,0,0,0,0,0,1.0,0,1,8.779972988631993,98.97269531382321,99.4945824312715,0.7491841609377109,1
5,0,1,0,0,0,0,0,1.0,0,1,3.8867321538621016,98.97269531382321,99.4945824312715,0.7491841609377109,1
5,0,1,0,0,0,0,0,1.0,0,1,7.978029157927399,98.97269531382321,99.4945824312715,0.7491841609377109,1
5,0,1,0,0,0,0,0,1.0,0,1,3.946277178639895,98.97269531382321,99.4945824312715,0.7491841609377109,1
5,0,1,0,0,0,0,0,1.0,0,1,8.100253156155574,98.97269531382321,99.4945824312715,0.7491841609377109,1
5,0,1,0,0,0,0,0,1.0,0,1,4.416051851939335,98.97269531382321,99.4945824312715,0.7491841609377109,1
5,0,1,0,0,0,0,0,1.0,0,1,9.0645274855596,98.97269531382321,99.4945824312715,0.7491841609377109,1
5,0,1,0,0,0,0,0,1.0,0,1,3.5434666776213897,98.97269531382321,99.4945824312715,0.7491841609377109,1
5,0,1,0,0,0,0,0,1.0,0,1,7.273431601433281,98.97269531382321,99.4945824312715,0.7491841609377109,1
6,0,1,0,0,0,0,0,1.0,0,1,2.0,98.97269531382321,99.4945824312715,0.7491841609377109,1
5,0,1,0,0,0,0,0,1.0,0,1,3.838007147862276,98.97269531382321,99.4945824312715,0.7491841609377109,1
5,0,1,0,0,0,0,0,1.0,0,1,7.878014671927818,98.97269531382321,99.4945824312715,0.7491841609377109,1
8,0,1,0,0,0,0,0,1.0,0,1,3.7593470982775,98.97269531382321,99.4945824312715,0.7491841609377109,1
8,0,1,0,0,0,0,0,1.0,0,1,7.7165545701484435,98.97269531382321,99.4945824312715,0.7491841609377109,1
5,0,1,0,0,0,0,0,1.0,0,1,3.7816407443279383,98.97269531382321,99.4945824312715,0.7491841609377109,1
5,0,1,0,0,0,0,0,1.0,0,1,7.762315212041507,98.97269531382321,99.4945824312715,0.7491841609377109,1
6,0,1,0,0,0,0,0,1.0,0,1,4.046824616150312,98.97269531382321,99.4945824312715,0.7491841609377109,1
6,0,1,0,0,0,0,0,1.0,0,1,8.30664000157167,98.97269531382321,99.4945824312715,0.7491841609377109,1
5,0,1,0,0,0,0,1,1.0,1,0,3.8579883131954116,67.78410789878593,91.79925991296761,1.0916848663522407,1
5,0,1,0,0,0,0,0,1.0,1,0,3.578727642771887,74.9513803098368,92.4895728154563,0.8314937935167177,1
5,0,1,0,0,0,0,0,1.0,1,0,3.7839359077450476,76.65438274219733,90.63455530912317,1.1770502851893019,1
6,0,1,0,0,0,0,0,1.0,1,0,3.9756319144944055,64.84290238493777,87.86829924207049,1.019051240067145,1
5,0,1,0,0,0,0,0,1.0,1,0,2.0,70.04378840301528,98.41957909695384,1.0669526490069845,1
5,0,1,0,0,0,0,0,1.0,1,0,2.0,72.86644259582866,96.89216780181908,0.8402137391128544,1
5,0,1,0,0,0,0,1,1.0,1,0,2.0,68.56138814115738,96.7040888988138,0.9900307293641605,1
6,0,1,0,0,0,0,1,1.0,1,0,4.248675360690898,68.56138814115738,96.7040888988138,0.9900307293641605,1
5,0,1,0,0,0,0,1,1.0,1,0,3.667694975454493,68.56138814115738,96.7040888988138,0.9900307293641605,1
6,0,1,0,0,0,0,1,1.0,1,0,2.0,67.09009012762513,86.0883299711567,1.0936801108040772,1
5,0,1,0,0,0,0,1,1.0,1,0,3.8610761792491415,67.09009012762513,86.0883299711567,1.0936801108040772,1
6,0,1,0,0,0,0,0,1.0,1,0,2.0,64.37254230432671,90.93306369210372,1.0279789643075299,1
5,0,1,0,0,0,0,0,1.0,1,0,2.0,65.56971619684576,82.22546216001973,1.0190830402218183,1
6,0,1,0,0,0,0,0,1.0,1,0,3.743470331768769,63.29411885753131,81.09531822785034,0.9756661369318667,1
5,0,1,0,0,0,0,0,1.0,1,0,2.0,72.45441750145345,96.62248445903563,1.058128802481159,1
6,0,1,0,0,0,0,0,1.0,1,0,3.9526673440703575,72.45441750145345,96.62248445903563,1.058128802481159,1
6,0,1,0,0,0,0,0,1.0,1,0,3.249402960251292,72.45441750145345,96.62248445903563,1.058128802481159,1
5,0,1,0,0,0,0,1,1.0,1,0,3.8049935616934873,64.90177504231295,91.8775498272,1.0320052029482223,1
5,0,1,0,0,0,0,0,1.0,1,0,4.263727398387958,65.48615824850962,90.14698389930079,0.9912998023952363,1
5,0,1,0,0,0,0,0,1.0,1,0,3.7050706081790232,67.25194834212931,77.71436207308827,0.8964388667828049,1
5,0,1,0,0,0,0,0,1.0,1,0,3.9751439029998124,72.87176411075485,95.82033145771092,1.0856554769981117,1
5,0,1,0,0,0,0,1,1.0,1,0,3.830544148805076,71.42516254749172,79.5502409143306,0.8319792889953515,1
6,0,1,0,0,0,0,1,1.0,1,0,2.0,78.86578717593585,97.81769762549025,1.0524532674002332,1
5,0,1,0,0,0,0,0,1.0,1,0,3.7381712924106334,74.63685080514301,98.3144767388397,0.9101970634605648,1
6,0,1,0,0,0,0,0,1.0,1,0,3.9528498186163343,76.90879209884056,99.46868323770084,1.0580706415159031,1
6,0,1,0,0,0,0,0,1.0,1,0,2.0,65.85100005795948,82.71860318466999,1.0641309603031064,1
6,0,1,0,0,0,0,0,1.0,1,0,2.0,65.85100005795948,82.71860318466999,1.0641309603031064,1
5,0,1,0,0,0,0,0,1.0,1,0,2.0,71.20829890878802,92.05784749484539,1.2487837330597285,1
5,0,1,0,0,0,0,0,1.0,1,0,2.0,73.74842259526582,90.40299487843843,1.181855901870235,1
5,0,1,0,0,0,0,0,1.0,1,0,3.782162434671347,74.73660369007408,95.4427052035296,1.0917986237673616,1
5,0,1,0,0,0,0,0,1.0,1,0,2.0,75.97541122249609,89.98330091422999,1.0431309014365842,1
5,0,1,0,0,0,0,0,1.0,1,0,2.0,75.9479561466102,96.56229787181817,0.9677349277754397,1
5,0,1,0,0,0,0,0,1.0,1,0,2.0,70.73110570052148,84.91087432786007,1.1929921840409066,1
5,0,1,0,0,0,0,0,1.0,1,0,2.0,78.78359817682285,92.58175443696925,0.980485086001837,1
6,0,1,0,0,0,0,0,1.0,1,0,2.0,85.81724528775004,96.16043974277541,0.8702704420411154,1
5,0,1,0,0,0,0,1,1.0,1,0,2.0,77.10093383636053,83.2808896331838,1.0801504605442287,1
6,0,1,0,0,0,0,0,1.0,1,0,4.082820018152223,72.67144231839102,88.36194032169794,0.9850502249821478,1
6,0,1,0,0,0,0,0,1.0,1,0,2.0,63.17919522728461,92.81129680041846,0.9619209459634681,1
5,0,1,0,0,0,0,0,1.0,1,0,4.11702909984978,73.60154714464142,87.66054584891552,0.8748619618539207,1
5,0,1,0,0,0,0,1,1.0,1,0,2.0,70.77800156422606,82.12346499993775,0.8708794622957917,1
6,0,1,0,0,0,0,1,1.0,0,1,4.426920246605578,68.16780091522729,90.345008962887,1.013218811879235,1
6,0,1,0,0,0,0,0,1.0,1,0,4.218814472913983,68.92549594809488,82.63249429677072,1.0809894895270653,1
6,0,1,0,0,0,0,0,1.0,1,0,4.044592115365322,68.92549594809488,82.63249429677072,1.0809894895270653,1
6,0,1,0,0,0,0,1,1.0,1,0,4.129186680140679,69.41128003534463,93.2931829012138,0.926100370578378,1
6,0,1,0,0,0,0,0,1.0,1,0,2.0,73.05511074013043,92.96363647383023,1.1207003189337306,1
6,0,1,0,0,0,0,0,1.0,1,0,2.0,75.11441857656209,79.97229453431846,1.0017217355551606,1
6,0,1,0,0,0,0,1,1.0,1,0,2.0,78.25329220408315,86.27237696849585,1.039762056731883,1
6,0,1,0,0,0,0,0,1.0,1,0,2.0,80.75647443877133,92.92784846865784,1.0535379275708803,1
5,0,1,0,0,0,0,0,1.0,1,0,4.3271552041392845,85.4959671332277,98.65714505017807,1.1567355867757967,1
5,0,1,0,0,0,0,1,1.0,1,0,4.162301132649323,86.57785158881032,97.20765674262192,0.9789402345006516,1
5,0,1,0,0,0,0,0,1.0,0,1,2.0,29.160249653112558,-0.6442649571269141,-0.030758288570814758,0
7,0,1,0,0,0,0,0,1.0,1,0,4.6169887407928,75.90535224278966,96.51812879214114,0.9523356416280189,1
5,0,1,0,0,0,0,0,1.0,1,0,2.0,79.51203837173692,95.54162400333273,1.0144135475535314,1
6,0,1,0,0,0,0,0,1.0,1,0,4.327254248413723,79.51203837173692,95.54162400333273,1.0144135475535314,1
6,0,1,0,0,0,0,1,1.0,1,0,4.162193224136811,70.81094879690173,94.95834919989291,1.0118575677018617,1
5,0,1,0,0,0,0,1,1.0,1,0,3.954609583096614,64.21243115518458,79.85500854788185,1.056579216978375,1
7,0,1,0,0,0,0,0,1.0,1,0,2.0,72.07189439237114,89.18003604165308,1.094312876274481,1
6,0,1,0,0,0,0,0,1.0,1,0,2.0,64.46219612023901,76.49532586210402,1.2191344902128463,1
5,0,1,0,0,0,0,0,1.0,1,0,3.99025518178718,64.71969374010808,89.41468086010448,0.9766148305483602,1
6,0,1,0,0,0,0,0,1.0,1,0,2.0,79.92287711423609,95.38102005543894,1.0736620720210992,1
6,0,1,0,0,0,0,1,1.0,1,0,4.208416637289719,82.59578760317254,92.85606304259039,1.0248870262173944,1
5,0,1,0,0,0,0,0,1.0,1,0,4.2363900811892234,84.77884558195024,91.47144298223695,0.9638178632797519,1
5,0,1,0,0,0,0,0,1.0,1,0,4.173234796141691,82.58060030713864,92.09583477010837,0.8775405215756688,1
5,0,1,0,0,0,0,0,1.0,1,0,2.0,73.84317005481422,96.31004821045106,1.183068282726106,1
7,0,1,0,0,0,0,0,1.0,1,0,4.2758897900222745,73.84317005481422,96.31004821045106,1.183068282726106,1
5,0,1,0,0,0,0,0,1.0,1,0,2.0,69.29437700470524,84.81806275128166,0.9717119062331689,1
6,0,1,0,0,0,0,0,1.0,1,0,2.0,75.70143119206232,103.31654744642047,1.0080169929282528,1
5,0,1,1,0,0,0,0,1.0,1,0,2.0,74.79882168590957,84.39535763122818,0.8768753445747984,1
5,0,1,0,0,0,0,0,1.0,1,0,2.0,62.85108346055037,82.15508629362346,1.0793846196181178,1
6,0,1,0,0,0,0,0,1.0,1,0,4.423747600487415,65.47903532345649,97.99412566351594,1.0900744187398401,1
7,0,1,0,0,0,0,0,1.0,1,0,2.0,66.31250107292036,82.45953804392435,0.9792299279555549,1
5,0,1,0,0,0,0,1,1.0,1,0,4.267936001510444,72.64309986817256,98.3559294235105,1.2041722388852842,1
5,0,1,0,0,0,0,1,1.0,1,0,4.260175289080293,83.43541662780906,87.65239213894122,1.0087365586867587,1
6,0,1,0,0,0,0,0,1.0,1,0,2.0,87.21651296855642,93.72485946844314,0.9537213957173961,1
5,0,1,0,0,0,0,0,1.0,1,0,4.062744554396213,87.21651296855642,93.72485946844314,0.9537213957173961,1
5,0,1,0,0,0,0,1,1.0,1,0,2.0,68.93816201261224,92.14584408991371,1.1144909319807605,1
5,0,1,0,0,0,0,0,1.0,1,0,3.9616729939559443,76.5336744818699,90.43826213735677,1.0878859675251111,1
7,0,1,0,0,0,0,0,1.0,1,0,4.113444407775617,75.31834940218565,87.97340018770166,1.1467949704297742,1
6,0,1,0,0,0,0,1,1.0,1,0,3.991216544610265,63.823431426371194,95.71470792237763,1.0323850285472789,1
5,0,1,0,0,0,0,0,1.0,1,0,2.0,68.84158924029632,90.72628217300695,1.1037076786335291,1
5,0,1,0,0,0,0,1,1.0,1,0,2.0,72.14638057530037,93.00550865509022,1.1779865639033205,1
5,0,1,0,0,0,0,1,1.0,1,0,2.433249466645222,72.14638057530037,93.00550865509022,1.1779865639033205,1
6,0,1,0,0,0,0,0,1.0,1,0,4.004321392740941,78.43195843210086,89.1763825662596,1.0500205722903677,1
5,0,1,0,0,0,0,0,1.0,1,0,4.34305450972851,81.01228422969811,91.4585176565106,0.988990555376027,1
5,0,1,0,0,0,0,0,1.0,1,0,2.0,67.90823981505191,87.80929001184066,1.098972857825701,1
7,0,1,0,0,0,0,0,1.0,1,0,2.0,70.42494123179544,82.68741614362264,0.960164803213894,1
6,0,1,0,0,0,0,0,1.0,1,0,2.0,68.44486067174887,84.20631381946656,1.0507358504523765,1
5,0,1,0,0,0,0,1,1.0,1,0,4.172464325748326,66.09553223622729,90.40009149363361,1.2430660096768393,1
5,0,1,0,0,0,0,0,1.0,1,0,2.0,65.71084306569276,83.21724164308762,1.0546133155572186,1
6,0,1,0,0,0,0,0,1.0,1,0,2.0,76.29986441675445,96.71987513108105,1.0224514448916102,1
5,0,1,0,0,0,0,0,1.0,1,0,2.0,76.29986441675445,96.71987513108105,1.0224514448916102,1
5,0,1,0,0,0,0,0,1.0,1,0,4.174352347037832,70.57438301308889,88.57881415849405,1.0261598320262717,1
5,0,1,0,0,0,0,0,1.0,1,0,2.0,76.08482634047924,89.26518018984667,0.962700782034553,1
6,0,1,0,0,0,0,1,1.0,1,0,4.132112765460262,60.409803915983,97.01719546512714,1.0178995703090252,1
5,0,1,0,0,0,0,0,1.0,1,0,2.0,66.32163031229362,88.36491383695062,1.0676253926839947,1
5,0,1,0,0,0,0,0,1.0,1,0,4.647157334075292,68.84165884662313,82.68881434275718,1.075296467728626,1
5,0,1,1,0,0,0,0,1.0,1,0,4.300054313897861,72.13582615618664,94.97696340801022,1.2040512598724016,1
6,0,1,0,0,0,0,0,1.0,1,0,4.577295717097628,75.47607726708216,79.55125750090171,1.0800072345563119,1
6,0,1,0,0,0,0,0,1.0,1,0,2.0,72.17478096353491,91.3966909021982,0.9664453550293599,1
5,0,1,0,0,0,0,0,1.0,1,0,2.0,71.30075816941324,92.01104842937264,1.0500903784177538,1
5,0,1,0,0,0,0,0,1.0,1,0,4.49308331403509,59.21040043705783,74.58718016518436,0.9747322139168365,1
5,0,1,0,0,0,0,1,1.0,1,0,4.449066774616353,64.29241393285318,90.94901344132425,1.1522285392666045,1
5,0,1,0,0,0,0,0,1.0,1,0,2.0,66.95344898287394,83.04386422557918,1.1473362547566661,1
5,0,1,0,0,0,0,1,1.0,1,0,4.345544907523227,68.18166964435146,94.91129830523678,1.1515686180073308,1
6,0,1,0,0,0,0,0,1.0,1,0,2.0,65.52763279826584,83.95455285032892,1.027778592666957,1
6,0,1,0,0,0,0,0,1.0,1,0,4.311448107820386,66.17082508813291,92.61580577384576,1.0467990577653559,1
5,0,1,0,0,0,0,0,1.0,1,0,2.0,79.66400569782508,97.85510620251044,1.0368654124036774,1
5,0,1,0,0,0,0,0,1.0,1,0,2.0,79.66400569782508,97.85510620251044,1.0368654124036774,1
5,0,1,0,0,0,0,0,1.0,1,0,2.0,71.21636142477394,95.47697800050224,1.1510428868073959,1
6,0,1,0,0,0,0,0,1.0,1,0,2.0,76.50109609792855,93.47521493614587,0.9569322534216355,1
5,0,1,0,0,0,0,0,1.0,1,0,4.548597935774001,71.24007930329206,97.54325129732939,1.0340747950812799,1
5,0,1,0,0,0,0,0,1.0,1,0,4.574023243174627,73.81805607792668,102.52877446532285,1.0586441638694915,1
6,0,1,0,0,0,0,1,1.0,1,0,4.881602459098587,78.06698733469108,95.69463501959484,0.889106465750818,1
5,0,1,0,0,0,0,0,1.0,1,0,4.3684861562925486,69.04159271026327,88.52686852791861,0.927359804581085,1
5,0,1,0,0,0,0,0,1.0,1,0,4.884459162647029,73.07776059852398,91.4174709858803,1.0466620155070168,1
5,0,1,0,0,0,0,0,1.0,1,0,4.661965514400178,73.07776059852398,91.4174709858803,1.0466620155070168,1
5,0,1,0,0,0,0,0,1.0,1,0,4.566527473555947,63.917587915605274,88.19502681559499,0.9659640815224911,1
5,0,1,0,0,0,0,0,1.0,1,0,4.432175924376628,66.7952004667822,86.77733098464384,0.9377212345542555,1
5,0,1,0,0,0,0,0,1.0,1,0,2.0,61.66106391699564,88.45561479422564,0.9350936696730602,1
5,0,1,0,0,0,0,0,1.0,1,0,2.0,66.00559497300206,92.04244859233367,1.2162509463841682,1
6,0,1,1,0,0,0,1,1.0,1,0,2.0,66.1892701687736,89.45435865966786,1.140746251171503,1
5,0,1,1,0,0,0,0,1.0,1,0,4.699754055040721,69.01372966553068,89.13080892648317,1.101639950205084,1
5,0,1,0,0,0,0,0,1.0,1,0,2.0,74.31736569997496,86.32839885278071,1.1081584525160484,1
5,0,1,0,0,0,0,0,1.0,1,0,2.0,74.14700046780995,90.6615349588179,0.9327203315464411,1
5,0,1,0,0,0,0,0,1.0,1,0,2.0,74.14700046780995,90.6615349588179,0.9327203315464411,1
5,0,1,0,0,0,0,0,1.0,1,0,2.0,84.16864020074851,88.2709975412464,1.0155906489849738,1
6,0,1,0,0,0,0,0,1.0,1,0,4.516940001849324,84.16864020074851,88.2709975412464,1.0155906489849738,1
5,0,1,0,0,0,0,0,1.0,1,0,2.0,64.78810769388501,87.8098212475489,1.1832437907712,1
5,0,1,0,0,0,0,1,1.0,1,0,4.450132132942293,70.39343318073836,76.24802790053651,1.1503668953010047,1
5,0,1,0,0,0,0,0,1.0,1,0,4.817954292207721,65.26359068045872,86.69894188565111,1.030400508426055,1
5,0,1,0,0,0,0,1,1.0,1,0,4.72374153481583,63.354952312506754,86.22925493923962,0.8914486252520113,1
5,0,1,0,0,0,0,0,1.0,1,0,2.0,66.71999304248536,75.89421782799766,0.9214063370426187,1
5,0,1,0,0,0,0,0,1.0,1,0,4.873013184334746,66.71999304248536,75.89421782799766,0.9214063370426187,1
6,0,1,0,0,0,0,0,1.0,1,0,2.0,73.84323867424057,92.12053025927034,0.9473492413592871,1
6,0,1,0,0,0,0,1,1.0,1,0,4.595420852041189,64.93834403635955,84.3709902212432,1.0195177631204775,1
5,0,1,0,0,0,0,1,1.0,1,0,2.0,70.77226359162387,87.0569530655572,1.0175833480012577,1
5,0,1,0,0,0,0,1,1.0,1,0,2.0,70.77226359162387,87.0569530655572,1.0175833480012577,1
5,0,1,0,0,0,0,0,1.0,1,0,2.0,73.01345914922527,82.5984102264371,0.9947766206278471,1
6,0,1,0,0,0,0,0,1.0,1,0,4.353640300476879,77.31617888299007,90.62519126571986,1.1044005696510077,1
5,0,1,0,0,0,0,0,1.0,1,0,2.0,75.76597046133416,98.8082651652722,0.8755104195604518,1
5,0,1,0,0,0,0,0,1.0,1,0,4.518763882269369,73.89512862342596,92.80963671046374,1.356963027644421,1
5,0,1,0,0,0,0,0,1.0,0,1,2.0,17.861093423689937,5.2287721038238315,-0.17215317859607088,0
6,0,1,0,0,0,0,0,1.0,0,1,2.0,28.5164326315993,15.538696783409115,-0.11032797095405308,0
5,0,1,0,0,0,0,0,1.0,1,0,4.683186505782945,82.43588961105138,98.57679444850417,1.0433885109078793,1
5,0,1,0,0,0,0,0,1.0,0,1,2.0,38.396643040616524,22.17004856380484,0.032900822901070714,0
6,0,1,0,0,0,0,0,1.0,1,0,4.620148743857701,37.39559141821029,7.550429503850482,0.03552514854374466,1
5,0,1,0,0,0,0,0,1.0,0,1,4.905002156704431,36.77690304335737,18.295599384070925,0.0634868411264356,1
6,0,1,0,0,0,0,0,1.0,0,1,4.470250419506952,34.256700631038214,10.737514596207681,-0.003594999881641831,1
5,0,1,0,0,0,0,0,1.0,0,1,4.755410959371582,31.91923735053325,15.179188801110882,0.03860528659575652,1
6,0,1,0,0,0,0,0,1.0,0,1,4.695313682682427,31.91923735053325,15.179188801110882,0.03860528659575652,1
5,0,1,0,0,0,0,0,1.0,0,1,4.4544352866480645,31.91923735053325,15.179188801110882,0.03860528659575652,1
5,0,1,0,0,0,0,0,1.0,0,1,4.871832944277713,26.415247998304153,8.224796783016105,-0.09665083565215246,1
5,0,1,0,0,0,0,0,1.0,0,1,4.603204526773386,26.415247998304153,8.224796783016105,-0.09665083565215246,1
6,0,1,0,0,0,0,0,1.0,0,1,4.770448537481426,26.415247998304153,8.224796783016105,-0.09665083565215246,1
6,0,1,0,0,0,0,0,1.0,0,1,4.947522747160044,26.415247998304153,8.224796783016105,-0.09665083565215246,1
6,0,1,0,0,0,0,0,1.0,0,1,4.818948696911139,26.415247998304153,8.224796783016105,-0.09665083565215246,1
5,0,1,0,0,0,0,0,1.0,0,1,5.022651365960103,26.415247998304153,8.224796783016105,-0.09665083565215246,1
6,0,1,0,0,0,0,0,1.0,0,1,4.683997048793272,26.415247998304153,8.224796783016105,-0.09665083565215246,1
9,0,1,0,0,0,0,0,1.0,0,1,5.0520125359416,25.603884039341963,5.7496614634134415,0.04929656713970429,1
6,0,1,0,0,0,0,0,1.0,0,1,4.766983790472433,25.603884039341963,5.7496614634134415,0.04929656713970429,1
7,0,1,0,0,0,0,0,1.0,0,1,4.79023762808385,24.539403888196702,2.9751344407013693,0.07801556503863923,1
8,0,1,0,0,0,0,0,1.0,0,1,4.560848469044316,24.539403888196702,2.9751344407013693,0.07801556503863923,1
8,0,1,0,0,0,0,0,1.0,0,1,4.999261807065692,34.50509715464199,11.500785422008395,-0.1374705910378083,1
6,0,1,0,0,0,0,0,1.0,0,1,4.912047849976955,34.50509715464199,11.500785422008395,-0.1374705910378083,1
8,0,1,0,0,0,0,0,1.0,0,1,4.655606235515753,34.50509715464199,11.500785422008395,-0.1374705910378083,1
6,0,1,0,0,0,0,0,1.0,0,1,2.0,31.876400946972083,5.807849553181165,-0.15951073511017305,0
7,0,1,0,0,0,0,0,1.0,0,1,4.359503467007924,31.876400946972083,5.807849553181165,-0.15951073511017305,1
6,0,1,0,0,0,0,0,1.0,0,1,4.833021922608398,30.622886522484137,11.441884322352806,-0.10235112498029038,1
5,0,1,0,0,0,0,0,1.0,0,1,4.671909459362615,30.622886522484137,11.441884322352806,-0.10235112498029038,1
6,0,1,0,0,0,0,0,1.0,0,1,4.639205476371883,26.32535392660651,2.6189928828049776,-0.1013505722430636,1
7,0,1,0,0,0,0,0,1.0,0,1,4.88517616602133,26.32535392660651,2.6189928828049776,-0.1013505722430636,1
6,0,1,0,0,0,0,0,1.0,0,1,4.871236049917446,25.47577829462277,14.435516420807042,-0.03035535837548146,1
6,0,1,0,0,0,0,0,1.0,0,1,4.420514095661582,25.47577829462277,14.435516420807042,-0.03035535837548146,1
5,0,1,0,0,0,0,0,1.0,0,1,4.786331871905117,25.47577829462277,14.435516420807042,-0.03035535837548146,1
5,0,1,0,0,0,0,0,1.0,0,1,4.6422412979559375,25.47577829462277,14.435516420807042,-0.03035535837548146,1
6,0,1,0,0,0,0,0,1.0,0,1,4.523601192730053,32.47017242083656,22.887602461035645,0.20900089509285236,1
5,0,1,0,0,0,0,0,1.0,0,1,5.150688726610929,32.47017242083656,22.887602461035645,0.20900089509285236,1
6,0,1,0,0,0,0,0,1.0,1,0,2.0,74.32662555392798,85.30053394860899,0.9926668758637696,0
6,0,1,0,0,0,0,0,1.0,1,0,2.0,74.32662555392798,85.30053394860899,0.9926668758637696,0
5,0,1,0,0,0,0,0,1.0,1,0,2.0,74.32662555392798,85.30053394860899,0.9926668758637696,0
5,0,1,0,0,0,0,0,1.0,1,0,2.0,76.09265883701167,94.5103770105674,1.0128472934693336,0
6,0,1,0,0,0,0,0,1.0,1,0,2.0,76.20691287073443,92.45224371215097,0.9679596906806018,0
5,0,1,0,0,0,0,0,1.0,1,0,2.0,76.20691287073443,92.45224371215097,0.9679596906806018,0
7,0,1,0,0,0,0,0,1.0,1,0,2.0,76.32160392264726,87.02956785629154,0.9376941816306517,0
6,0,1,0,0,0,0,0,1.0,1,0,2.0,79.40963518618497,88.77005886485559,1.0091520180502598,0
6,0,1,0,0,0,0,0,1.0,1,0,2.0,79.40963518618497,88.77005886485559,1.0091520180502598,0
7,0,1,0,0,0,0,0,1.0,1,0,2.0,79.40963518618497,88.77005886485559,1.0091520180502598,0
5,0,1,0,0,0,0,0,1.0,1,0,2.0,79.40963518618497,88.77005886485559,1.0091520180502598,0
8,0,1,0,0,0,0,0,1.0,1,0,2.0,83.23641168758347,98.97001603995228,1.0981792432052329,0
6,0,1,0,0,0,0,0,1.0,1,0,2.0,83.23641168758347,98.97001603995228,1.0981792432052329,0
8,0,1,0,0,0,0,0,1.0,1,0,2.0,83.23641168758347,98.97001603995228,1.0981792432052329,0
7,0,1,0,0,0,0,0,1.0,1,0,2.0,83.23641168758347,98.97001603995228,1.0981792432052329,0
8,0,1,0,0,0,0,0,1.0,1,0,2.0,83.23641168758347,98.97001603995228,1.0981792432052329,0
9,0,1,0,0,0,0,0,1.0,1,0,2.0,83.69173387057154,94.4092942327395,1.02272641948702,0
6,0,1,0,0,0,0,0,1.0,1,0,2.0,83.69173387057154,94.4092942327395,1.02272641948702,0
5,0,1,0,0,0,0,1,1.0,1,0,2.0,77.28544814857088,90.64196735508789,1.0598382621809348,0
5,0,1,0,0,0,0,1,1.0,1,0,2.0,77.28544814857088,90.64196735508789,1.0598382621809348,0
6,0,1,0,0,0,0,1,1.0,1,0,2.0,77.28544814857088,90.64196735508789,1.0598382621809348,0
5,0,1,0,0,0,0,1,1.0,1,0,2.0,77.28544814857088,90.64196735508789,1.0598382621809348,0
6,0,1,0,0,0,0,1,1.0,1,0,2.0,77.28544814857088,90.64196735508789,1.0598382621809348,0
6,0,1,0,0,0,0,1,1.0,1,0,2.0,77.28544814857088,90.64196735508789,1.0598382621809348,0
5,0,1,0,0,0,0,1,1.0,1,0,2.0,77.28544814857088,90.64196735508789,1.0598382621809348,0
6,0,1,0,0,0,0,1,1.0,1,0,2.0,77.28544814857088,90.64196735508789,1.0598382621809348,0
6,0,1,0,0,0,0,1,1.0,1,0,2.0,77.28544814857088,90.64196735508789,1.0598382621809348,0
5,0,1,0,0,0,0,1,1.0,1,0,2.0,77.28544814857088,90.64196735508789,1.0598382621809348,0
6,0,1,0,0,0,0,1,1.0,1,0,2.0,78.34560432942438,90.51247230163825,1.0062906524234871,0
6,0,1,0,0,0,0,0,1.0,1,0,2.0,79.38820119499185,90.51956380120176,0.968212189104204,0
5,0,1,0,0,0,0,0,1.0,1,0,2.0,79.38820119499185,90.51956380120176,0.968212189104204,0
5,0,1,0,0,0,0,0,1.0,1,0,5.118423915209133,68.66401825973634,89.08823788714085,0.9387311790281746,1
6,0,1,0,0,0,0,1,1.0,1,0,4.589236846248374,72.5553784668898,83.6335486119193,1.1307761551228581,1
5,0,1,0,0,0,0,0,1.0,1,0,4.540912314144086,69.84727292838608,82.19187383629999,1.0597504803679993,1
5,0,1,0,0,0,0,0,1.0,1,0,4.145080335203362,72.24029812450667,90.13792679835211,0.9818695667754127,1
5,0,1,0,0,0,0,0,1.0,1,0,4.9208828813793,72.24029812450667,90.13792679835211,0.9818695667754127,1
5,0,1,0,0,0,0,0,1.0,1,0,2.0,78.30274558472166,88.89774677886271,1.03860900603009,1
5,0,1,0,0,0,0,0,1.0,1,0,4.5785053986597335,73.63998196985193,93.1418790688204,1.1301212648528567,1
6,0,1,0,0,0,0,0,1.0,1,0,2.0,72.00023278431303,81.53502565863135,0.9304512041838942,1
5,0,1,0,0,0,0,0,1.0,1,0,4.935194087483742,72.00023278431303,81.53502565863135,0.9304512041838942,1
5,0,1,0,0,0,0,0,1.0,1,0,4.914230837282913,78.39681137057337,89.32302685943276,1.0601329646279685,1
5,0,1,0,0,0,0,1,1.0,1,0,2.0,78.36862785853232,85.21447667984128,1.0917402719760656,1
5,0,1,0,0,0,0,0,1.0,1,0,2.0,82.3388669055146,92.51379361938436,1.1739209871174168,1
5,0,1,0,0,0,0,0,1.0,1,0,2.0,82.3388669055146,92.51379361938436,1.1739209871174168,1
5,0,1,0,0,0,0,0,1.0,1,0,2.0,75.09797224090072,91.87425484276652,1.0013876348683477,1
5,0,1,0,0,0,0,0,1.0,1,0,2.0,74.19492986722406,82.67278225747563,1.1205749088007613,1
5,0,1,0,0,0,0,1,1.0,1,0,2.0,66.65310476180042,91.41832198170268,0.9440228227249773,1
6,0,1,0,0,0,0,0,1.0,1,0,4.565329093715486,69.47978318141135,88.33760380710287,0.968926034083765,1
5,0,1,0,0,0,0,1,1.0,1,0,4.963092065372957,81.66099272439357,85.01312425940331,0.8606464912506828,1
5,0,1,0,0,0,0,0,1.0,1,0,5.241321121229593,68.93156724448077,81.63878134413521,1.0533285575106766,1
6,0,1,0,0,0,0,0,1.0,1,0,2.0,64.67498516076581,86.32773315958696,0.8857388892639705,1
5,0,1,0,0,0,0,1,1.0,1,0,2.0,69.46835205421156,94.43400619281779,0.9807661576999279,1
5,0,1,0,0,0,0,0,1.0,1,0,2.0,74.59391360134637,85.50316641049486,0.9732405021391873,1
6,0,1,0,0,0,0,0,1.0,1,0,4.756700326885176,76.5086569460107,93.39357905419774,0.9790892810932121,1
5,0,1,0,0,0,0,0,1.0,1,0,5.067717086866548,78.10803562006308,94.67735633874558,0.9867630583691653,1
5,0,1,0,0,0,0,1,1.0,0,1,2.0,33.07945470789383,29.19510693568778,0.08541225085485891,0
6,0,1,0,0,0,0,0,1.0,0,1,2.0,31.021764703166355,14.766176557423876,-0.15665587886617585,0
8,0,1,0,0,0,0,0,1.0,1,0,4.533035206872387,32.75539760918569,-8.839778683067157,-0.22441820961391643,1
6,0,1,0,0,0,0,0,1.0,1,0,4.716887438450504,32.75539760918569,-8.839778683067157,-0.22441820961391643,1
8,0,1,0,0,0,0,0,1.0,0,1,4.80932081932809,34.67916320508334,3.95431740268464,-0.04170946129674656,1
8,0,1,0,0,0,0,0,1.0,1,0,2.0,69.6861628743212,92.88268708092143,1.0467230007743922,0
8,0,1,0,0,0,0,0,1.0,1,0,2.0,68.73879820089654,85.52615866491304,1.0490992806568633,0
6,0,1,0,0,0,0,0,1.0,1,0,2.0,68.73879820089654,85.52615866491304,1.0490992806568633,0
5,0,1,0,0,0,0,0,1.0,0,1,4.830965048102727,33.64170965624042,5.969228608928229,-0.12611166581570862,1
5,0,1,0,0,0,0,0,1.0,0,1,4.492504576066772,29.310299059542757,10.135205018478992,-0.017981338045663653,1
8,0,1,0,0,0,0,0,1.0,0,1,5.180611451090402,29.310299059542757,10.135205018478992,-0.017981338045663653,1
5,0,1,0,0,0,0,1,1.0,0,1,4.990879819909808,29.166882012796435,5.135948714101049,0.03499772573868114,1
6,0,1,0,0,0,0,0,1.0,0,1,4.418708231892503,26.845034178323758,12.099254335578427,0.005828721260510453,1
6,0,1,0,0,0,0,0,1.0,0,1,5.391104463720936,26.845034178323758,12.099254335578427,0.005828721260510453,1
10,0,1,0,0,0,0,0,1.0,0,1,5.3150952975463115,26.845034178323758,12.099254335578427,0.005828721260510453,1
7,0,1,0,0,0,0,1,1.0,0,1,5.444817423965543,34.59509360593644,10.66297051189774,-0.041739609041171445,1
5,0,1,0,0,0,0,1,1.0,0,1,5.138969709509631,34.59509360593644,10.66297051189774,-0.041739609041171445,1
6,0,1,0,0,0,0,1,1.0,0,1,5.127927014286628,34.59509360593644,10.66297051189774,-0.041739609041171445,1
7,0,1,0,0,0,0,0,1.0,1,0,2.0,70.18125095155875,84.35001353390648,0.9459411636872396,0
5,0,1,0,0,0,0,0,1.0,1,0,2.0,72.04499075290981,90.91321465886419,0.9157625784681722,0
6,0,1,0,0,0,0,0,1.0,1,0,2.0,72.04499075290981,90.91321465886419,0.9157625784681722,0
6,0,1,0,0,0,0,0,1.0,1,0,2.0,73.68572844906433,97.2392974166285,0.9231231964532806,0
10,0,1,0,0,0,0,0,1.0,1,0,2.0,73.68572844906433,97.2392974166285,0.9231231964532806,0
6,0,1,0,0,0,0,0,1.0,1,0,2.0,67.46256190290111,84.89541105165007,0.8800295475333196,0
5,0,1,0,0,0,0,0,1.0,1,0,2.0,68.35427109123093,87.40664858572418,0.8909171850622104,0
5,0,1,0,0,0,0,0,1.0,1,0,2.0,70.34607575075238,88.77701382793848,0.9523939279338174,0
8,0,1,0,0,0,0,0,1.0,1,0,2.0,70.34607575075238,88.77701382793848,0.9523939279338174,0
5,0,1,0,0,0,0,0,1.0,1,0,2.0,70.30589920145223,92.07965016371884,0.9104400314125753,0
5,0,1,0,0,0,0,0,1.0,1,0,4.5136944969042885,79.64465226488586,86.75813461616768,0.9503230308549437,1
5,0,1,0,0,0,0,0,1.0,1,0,4.395308620020723,79.3712846821885,92.05634012530338,0.9061861796481241,1
6,0,1,0,0,0,0,0,1.0,1,0,4.977198956762304,67.1647377970288,92.65237439922447,1.014961228595937,1
5,0,1,0,0,0,0,1,1.0,1,0,4.885588224392522,69.79510959240292,92.34692378547638,0.9285576940575135,1
5,0,1,0,0,0,0,0,1.0,1,0,4.8031584401490965,77.22231201834576,102.01898071955333,1.1006722150307038,1
5,0,1,0,0,0,0,0,1.0,1,0,5.00241912990069,70.61736617793208,92.37101422558402,1.0404108042621012,1
5,0,1,0,0,0,0,1,1.0,1,0,2.0,68.87061044381818,91.29665342824272,1.0173855490937223,1
5,0,1,0,0,0,0,0,1.0,1,0,2.0,67.85898986942479,89.64137683401532,0.9428626538024447,1
6,0,1,0,0,0,0,1,1.0,1,0,4.613155697126876,68.1115681123466,90.43185815458644,0.9121121551444329,1
6,0,1,0,0,0,0,0,1.0,1,0,2.0,74.16881960871947,87.08361561056607,1.0365525043639685,1
5,0,1,0,0,0,0,0,1.0,1,0,2.0,77.24467135107524,93.36263327603935,1.046149910717539,1
5,0,1,0,0,0,0,0,1.0,1,0,2.0,75.30681732234166,90.7786563129954,1.0611953780429213,1
5,0,1,0,0,0,0,0,1.0,1,0,2.0,75.06171456444058,91.86136100193777,1.1305196502649133,1
6,0,1,0,0,0,0,1,1.0,1,0,2.0,61.90331148426578,98.4208318886518,1.0911179906997532,1
5,0,1,0,0,0,0,0,1.0,1,0,5.130806066080935,98.98147137583162,99.62238952630335,0.9323133996867253,1
5,0,1,0,0,0,0,0,1.0,1,0,10.531654556692446,98.98147137583162,99.62238952630335,0.9323133996867253,1
5,0,1,0,0,0,0,0,1.0,1,0,4.633969029319556,98.98147137583162,99.62238952630335,0.9323133996867253,1
5,0,1,0,0,0,0,0,1.0,1,0,9.511831165445368,98.98147137583162,99.62238952630335,0.9323133996867253,1
6,0,1,0,0,0,0,0,1.0,1,0,4.763571899216915,98.98147137583162,99.62238952630335,0.9323133996867253,1
6,0,1,0,0,0,0,0,1.0,1,0,9.777858108918968,98.98147137583162,99.62238952630335,0.9323133996867253,1
6,0,1,0,0,0,0,0,1.0,1,0,5.362460278709034,98.98147137583162,99.62238952630335,0.9323133996867253,1
6,0,1,0,0,0,0,0,1.0,1,0,11.007155308929024,98.98147137583162,99.62238952630335,0.9323133996867253,1
5,0,1,0,0,0,0,0,1.0,1,0,5.215853837389321,98.98147137583162,99.62238952630335,0.9323133996867253,1
5,0,1,0,0,0,0,0,1.0,1,0,10.706226297799136,98.98147137583162,99.62238952630335,0.9323133996867253,1
6,0,1,0,0,0,0,0,1.0,1,0,5.144682448373509,72.72871095869569,87.03154229201826,1.0825816392033876,1
5,0,1,0,0,0,0,1,1.0,1,0,5.260765641427102,68.36348294237096,83.47413149065564,0.9002182146856538,1
5,0,1,0,1,0,0,0,1.0,0,1,2.0,31.410624381781588,0.08022355463977925,-0.09453901811054458,0
6,0,1,0,0,0,0,0,1.0,1,0,2.0,70.85878606367092,90.88249020000079,1.1189043579996634,1
5,0,1,0,0,0,0,0,1.0,1,0,5.139449407522822,70.85878606367092,90.88249020000079,1.1189043579996634,1
5,0,1,0,0,0,0,1,1.0,1,0,4.8131398737974935,64.05724084701316,91.82834412208588,1.0650178721591763,1
5,0,1,0,0,0,0,1,1.0,1,0,5.0213752329701125,64.05724084701316,91.82834412208588,1.0650178721591763,1
5,0,1,0,0,0,0,0,1.0,1,0,4.895180463135074,67.54189660478592,96.54569197516562,1.1561301394842332,1
6,0,1,0,0,0,0,0,1.0,1,0,4.994920775383798,70.11568692025071,87.66624964181779,1.1465046299666268,1
5,0,1,1,0,0,0,0,1.0,1,0,4.987064422302681,66.79485298939036,94.0466239854857,1.0246446616413158,1
7,0,1,0,0,0,0,0,1.0,1,0,4.964701960793376,71.21759805926881,83.73960949543442,1.1887183133307755,1
5,0,1,0,0,0,0,0,1.0,1,0,2.0,77.42695842926773,84.5931857102934,1.0788071781502995,1
5,0,1,0,0,0,0,0,1.0,1,0,4.741323383507529,80.80981111369935,98.01519398289989,1.0868254130524262,1
6,0,1,0,0,0,0,0,1.0,1,0,5.21642658881657,67.68732429170431,92.85252944486446,0.8907729163926894,1
5,0,1,0,0,0,0,1,1.0,1,0,5.20675415006642,64.11391885127762,87.73743677100238,0.9766350580830077,1
5,0,1,0,0,0,0,0,1.0,1,0,5.23101529064944,66.64436864097657,88.35566955072909,1.008967739525873,1
5,0,1,0,0,0,0,0,1.0,1,0,5.057854216209092,66.64436864097657,88.35566955072909,1.008967739525873,1
5,0,1,0,0,0,0,0,1.0,1,0,4.932716845237127,59.48063275493116,83.82846655661369,0.8457266101720446,1
5,0,1,0,0,0,0,0,1.0,1,0,2.0,71.22744488913344,93.20263290464064,1.1882823864316916,1
5,0,1,0,0,0,0,0,1.0,1,0,2.0,71.22744488913344,93.20263290464064,1.1882823864316916,1
5,0,1,0,0,0,0,0,1.0,1,0,4.842179687139138,70.73301479850882,104.97049194053868,0.974988459756574,1
5,0,1,0,0,0,0,0,1.0,1,0,2.0,65.29004301456534,96.40705067287483,0.965784294930582,1
5,0,1,0,0,0,0,1,1.0,1,0,2.0,65.93964947680956,89.05744054703436,1.2085707190587818,1
6,0,1,0,0,0,0,1,1.0,1,0,2.0,65.93964947680956,89.05744054703436,1.2085707190587818,1
5,0,1,0,0,0,0,1,1.0,1,0,4.9728686264922946,65.93964947680956,89.05744054703436,1.2085707190587818,1
7,0,1,0,0,0,0,0,1.0,1,0,2.0,69.7748160300136,97.45327563266804,0.9113274630909829,1
5,0,1,0,0,0,0,1,1.0,1,0,2.0,72.15190043979672,97.91456180603319,1.015845394272281,1
6,0,1,0,0,0,0,1,1.0,1,0,2.0,72.1246183976163,89.47491516404968,0.9140601654022708,1
5,0,1,0,0,0,0,0,1.0,1,0,2.0,69.02437060608483,84.62022104073169,0.9395366210217718,1
5,0,1,0,0,0,0,0,1.0,1,0,2.0,71.77134772012036,78.8327891641902,0.9673584843476392,1
5,0,1,0,0,0,0,1,1.0,1,0,2.0,76.39930578046281,94.30725394872813,1.0829499136688125,1
5,0,1,0,0,0,0,0,1.0,1,0,2.0,68.70952872759148,95.23107843208842,1.0225626609086755,1
5,0,1,0,0,0,0,0,1.0,1,0,2.0,76.65149974785187,97.50519329554659,0.9831303804090484,1
