timestamp,Open,High,Low,Close,Volume
2023-01-02 09:30:00,86.08699555,86.4564403180907,86.08699555,86.4564403180907,766500.0
2023-01-02 09:35:00,86.4564403180907,86.4564403180907,85.91153514342702,85.91153514342702,760900.0
2023-01-02 09:40:00,85.91153514342702,86.60823622467011,85.91153514342702,86.60823622467011,550200.0
2023-01-02 09:45:00,86.60823622467011,87.31207989917274,86.60823622467011,87.31207989917274,620900.0
2023-01-02 09:50:00,87.31207989917274,87.31207989917274,85.74310077977466,85.74310077977466,1091300.0
2023-01-02 09:55:00,85.74310077977466,85.74860292938567,85.74310077977466,85.74860292938567,1337700.0
2023-01-02 10:00:00,85.74860292938567,87.30237812055948,85.74860292938567,87.30237812055948,302400.0
2023-01-02 10:05:00,87.30237812055948,87.30237812055948,86.58210071163771,86.58210071163771,229599.99999999997
2023-01-02 10:10:00,86.58210071163771,86.58210071163771,85.49117250604223,85.49117250604223,168700.0
2023-01-02 10:15:00,85.49117250604223,86.38217876546797,85.49117250604223,86.38217876546797,597800.0
2023-01-02 10:20:00,86.38217876546797,86.38217876546797,85.5594229467377,85.5594229467377,104300.0
2023-01-02 10:25:00,85.5594229467377,85.57683583051877,85.5594229467377,85.57683583051877,855400.0
2023-01-02 10:30:00,85.57683583051877,86.21487359348028,85.57683583051877,86.21487359348028,970899.9999999999
2023-01-02 10:35:00,86.21487359348028,86.21487359348028,84.37854250478694,84.37854250478694,1263500.0
2023-01-02 10:40:00,84.37854250478694,84.56104180274205,84.37854250478694,84.56104180274205,1092700.0
2023-01-02 10:45:00,84.56104180274205,85.51592444898547,84.56104180274205,85.51592444898547,1057700.0
2023-01-02 10:50:00,85.51592444898547,85.51592444898547,85.12488370424454,85.12488370424454,308700.0
2023-01-02 10:55:00,85.12488370424454,86.27451489085325,85.12488370424454,86.27451489085325,1165500.0
2023-01-02 11:00:00,86.27451489085325,86.27451489085325,85.25854588948863,85.25854588948863,548100.0
2023-01-02 11:05:00,85.25854588948863,85.25854588948863,84.83054839162472,84.83054839162472,908600.0
2023-01-02 11:10:00,84.83054839162472,87.33193422622146,84.83054839162472,87.33193422622146,96600.0
2023-01-02 11:15:00,87.33193422622146,87.33193422622146,85.8430714263099,85.8430714263099,221900.0
2023-01-02 11:20:00,85.8430714263099,86.10634010405933,85.8430714263099,86.10634010405933,1084300.0
2023-01-02 11:25:00,86.10634010405933,86.10634010405933,84.82517469063458,84.82517469063458,632800.0
2023-01-02 11:30:00,84.82517469063458,85.55804923361292,84.82517469063458,85.55804923361292,1306200.0
2023-01-02 11:35:00,85.55804923361292,86.14921547646392,85.55804923361292,86.14921547646392,345800.0
2023-01-02 11:40:00,86.14921547646392,86.14921547646392,84.98672611622045,84.98672611622045,823900.0
2023-01-02 11:45:00,84.98672611622045,86.3654212072892,84.98672611622045,86.3654212072892,1111600.0
2023-01-02 11:50:00,86.3654212072892,86.3654212072892,85.64627333912176,85.64627333912176,850500.0
2023-01-02 11:55:00,85.64627333912176,85.89462670945669,85.64627333912176,85.89462670945669,660100.0
2023-01-02 12:00:00,85.89462670945669,85.89462670945669,85.65112902346885,85.65112902346885,1265600.0
2023-01-02 12:05:00,85.65112902346885,87.81854733725203,85.65112902346885,87.81854733725203,250599.99999999997
2023-01-02 12:10:00,87.81854733725203,87.81854733725203,86.1393611740449,86.1393611740449,1349600.0
2023-01-02 12:15:00,86.1393611740449,86.1393611740449,85.28569600197417,85.28569600197417,685300.0
2023-01-02 12:20:00,85.28569600197417,86.96209211160645,85.28569600197417,86.96209211160645,274400.0
2023-01-02 12:25:00,86.96209211160645,86.96209211160645,85.11882129798076,85.11882129798076,200200.0
2023-01-02 12:30:00,85.11882129798076,86.31170849294746,85.11882129798076,86.31170849294746,968799.9999999999
2023-01-02 12:35:00,86.31170849294746,86.31170849294746,84.49402586233566,84.49402586233566,436100.0
2023-01-02 12:40:00,84.49402586233566,84.99894505816103,84.49402586233566,84.99894505816103,713300.0
2023-01-02 12:45:00,84.99894505816103,86.29391882235252,84.99894505816103,86.29391882235252,772100.0
2023-01-02 12:50:00,86.29391882235252,86.75965833716512,86.29391882235252,86.75965833716512,605500.0
2023-01-02 12:55:00,86.75965833716512,86.75965833716512,86.23280217769721,86.23280217769721,869400.0
2023-01-02 13:00:00,86.23280217769721,86.23280217769721,85.97849542001467,85.97849542001467,1206800.0
2023-01-02 13:05:00,85.97849542001467,85.97849542001467,85.7348004477123,85.7348004477123,781200.0
2023-01-02 13:10:00,85.7348004477123,85.7348004477123,84.79315968328852,84.79315968328852,1026899.9999999999
2023-01-02 13:15:00,84.79315968328852,85.46527454084152,84.79315968328852,85.46527454084152,602000.0
2023-01-02 13:20:00,85.46527454084152,85.67116706131449,85.46527454084152,85.67116706131449,1342600.0
2023-01-02 13:25:00,85.67116706131449,87.03508338344167,85.67116706131449,87.03508338344167,918399.9999999999
2023-01-02 13:30:00,87.03508338344167,87.03508338344167,86.4976339644237,86.4976339644237,486499.99999999994
2023-01-02 13:35:00,86.4976339644237,86.4976339644237,84.67161286438882,84.67161286438882,539000.0
2023-01-02 13:40:00,84.67161286438882,86.39234998913146,84.67161286438882,86.39234998913146,205100.0
2023-01-02 13:45:00,86.39234998913146,86.39234998913146,85.77137795825944,85.77137795825944,863800.0
2023-01-02 13:50:00,85.77137795825944,85.77137795825944,85.44376123136652,85.44376123136652,1216600.0
2023-01-02 13:55:00,85.44376123136652,86.5351628461059,85.44376123136652,86.5351628461059,1094100.0
2023-01-02 14:00:00,86.5351628461059,86.96439326906226,86.5351628461059,86.96439326906226,866600.0
2023-01-02 14:05:00,86.96439326906226,86.96439326906226,86.91724939285157,86.91724939285157,416500.0
2023-01-02 14:10:00,86.91724939285157,86.91724939285157,85.34445865721202,85.34445865721202,140700.0
2023-01-02 14:15:00,85.34445865721202,85.73704382788529,85.34445865721202,85.73704382788529,898100.0
2023-01-02 14:20:00,85.73704382788529,86.31290085585978,85.73704382788529,86.31290085585978,388500.0
2023-01-02 14:25:00,86.31290085585978,86.89382742528622,86.31290085585978,86.89382742528622,295400.0
2023-01-02 14:30:00,86.89382742528622,86.89382742528622,85.68024751825128,85.68024751825128,350700.0
2023-01-02 14:35:00,85.68024751825128,85.98425470475621,85.68024751825128,85.98425470475621,665700.0
2023-01-02 14:40:00,85.98425470475621,85.98425470475621,85.24881216899213,85.24881216899213,843500.0
2023-01-02 14:45:00,85.24881216899213,85.24881216899213,85.16631036612294,85.16631036612294,1077300.0
2023-01-02 14:50:00,85.16631036612294,86.93312159561854,85.16631036612294,86.93312159561854,1334200.0
2023-01-02 14:55:00,86.93312159561854,87.39094704086467,86.93312159561854,87.39094704086467,1239700.0
2023-01-02 15:00:00,87.39094704086467,87.39094704086467,86.17205536557591,86.17205536557591,809200.0
2023-01-02 15:05:00,86.17205536557591,87.09230766358321,86.17205536557591,87.09230766358321,971599.9999999999
2023-01-02 15:10:00,87.09230766358321,87.09230766358321,86.54887628869643,86.54887628869643,349300.0
2023-01-02 15:15:00,86.54887628869643,86.54887628869643,85.61760606766121,85.61760606766121,840000.0
2023-01-02 15:20:00,85.61760606766121,86.52676593205483,85.61760606766121,86.52676593205483,781200.0
2023-01-02 15:25:00,86.52676593205483,87.5131932321146,86.52676593205483,87.5131932321146,1047899.9999999999
2023-01-02 15:30:00,87.5131932321146,87.5131932321146,86.09802555418405,86.09802555418405,1342600.0
2023-01-02 15:35:00,86.09802555418405,87.41181408802163,86.09802555418405,87.41181408802163,902300.0
2023-01-02 15:40:00,87.41181408802163,87.41181408802163,83.77605532453576,83.77605532453576,937999.9999999999
2023-01-02 15:45:00,83.77605532453576,86.68380464976384,83.77605532453576,86.68380464976384,662900.0
2023-01-02 15:50:00,86.68380464976384,86.68380464976384,86.0615131311887,86.0615131311887,1376900.0
2023-01-02 15:55:00,86.0615131311887,86.0615131311887,85.68963768468957,85.68963768468957,1085000.0
2023-01-02 16:00:00,85.68963768468957,86.00376751022772,85.68963768468957,86.00376751022772,251299.99999999997
2023-01-03 09:30:00,86.00376751022772,86.00376751022772,84.19337013044942,84.19337013044942,1284500.0
2023-01-03 09:35:00,84.19337013044942,85.64094618483085,84.19337013044942,85.64094618483085,123199.99999999999
2023-01-03 09:40:00,85.64094618483085,86.15536780692645,85.64094618483085,86.15536780692645,443100.0
2023-01-03 09:45:00,86.15536780692645,87.10144547756153,86.15536780692645,87.10144547756153,1165500.0
2023-01-03 09:50:00,87.10144547756153,87.10144547756153,85.37267104942003,85.37267104942003,696500.0
2023-01-03 09:55:00,85.37267104942003,85.37267104942003,85.16036717093945,85.16036717093945,306600.0
2023-01-03 10:00:00,85.16036717093945,85.4388465906635,85.16036717093945,85.4388465906635,1127000.0
2023-01-03 10:05:00,85.4388465906635,86.63038814402873,85.4388465906635,86.63038814402873,982799.9999999999
2023-01-03 10:10:00,86.63038814402873,86.63038814402873,86.17276460389799,86.17276460389799,795200.0
2023-01-03 10:15:00,86.17276460389799,86.17276460389799,85.42251635439231,85.42251635439231,436800.0
2023-01-03 10:20:00,85.42251635439231,86.33867823358966,85.42251635439231,86.33867823358966,546000.0
2023-01-03 10:25:00,86.33867823358966,86.33867823358966,85.97480265571906,85.97480265571906,626500.0
2023-01-03 10:30:00,85.97480265571906,86.69576181992805,85.97480265571906,86.69576181992805,1300600.0
2023-01-03 10:35:00,86.69576181992805,86.69576181992805,85.3081198522778,85.3081198522778,105700.0
2023-01-03 10:40:00,85.3081198522778,85.64397628157738,85.3081198522778,85.64397628157738,550900.0
2023-01-03 10:45:00,85.64397628157738,85.66160376367151,85.64397628157738,85.66160376367151,406700.0
2023-01-03 10:50:00,85.66160376367151,85.66160376367151,84.74295874556445,84.74295874556445,947799.9999999999
2023-01-03 10:55:00,84.74295874556445,86.27115865252074,84.74295874556445,86.27115865252074,962499.9999999999
2023-01-03 11:00:00,86.27115865252074,86.27115865252074,86.17117473262073,86.17117473262073,1363600.0
2023-01-03 11:05:00,86.17117473262073,86.17117473262073,86.00722298089502,86.00722298089502,652400.0
2023-01-03 11:10:00,86.00722298089502,86.00722298089502,85.84258146318463,85.84258146318463,585200.0
2023-01-03 11:15:00,85.84258146318463,85.84258146318463,84.80423783030433,84.80423783030433,1088500.0
2023-01-03 11:20:00,84.80423783030433,85.67940961602955,84.80423783030433,85.67940961602955,525000.0
2023-01-03 11:25:00,85.67940961602955,85.69829027950429,85.67940961602955,85.69829027950429,793100.0
2023-01-03 11:30:00,85.69829027950429,85.69829027950429,85.30059644389156,85.30059644389156,353500.0
2023-01-03 11:35:00,85.30059644389156,85.80588270506522,85.30059644389156,85.80588270506522,804300.0
2023-01-03 11:40:00,85.80588270506522,86.35390951671774,85.80588270506522,86.35390951671774,906500.0
2023-01-03 11:45:00,86.35390951671774,87.68082888083522,86.35390951671774,87.68082888083522,237299.99999999997
2023-01-03 11:50:00,87.68082888083522,87.68082888083522,86.18964792080924,86.18964792080924,452900.0
2023-01-03 11:55:00,86.18964792080924,86.19370367031375,86.18964792080924,86.19370367031375,1171800.0
2023-01-03 12:00:00,86.19370367031375,86.19370367031375,85.8665444790281,85.8665444790281,1345400.0
2023-01-03 12:05:00,85.8665444790281,85.8665444790281,84.29963624602343,84.29963624602343,940099.9999999999
2023-01-03 12:10:00,84.29963624602343,85.92389770702695,84.29963624602343,85.92389770702695,1311100.0
2023-01-03 12:15:00,85.92389770702695,85.97584947489301,85.92389770702695,85.97584947489301,802900.0
2023-01-03 12:20:00,85.97584947489301,88.0011393348179,85.97584947489301,88.0011393348179,702100.0
2023-01-03 12:25:00,88.0011393348179,88.0011393348179,85.78702233018812,85.78702233018812,464799.99999999994
2023-01-03 12:30:00,85.78702233018812,86.19196483450868,85.78702233018812,86.19196483450868,1123500.0
2023-01-03 12:35:00,86.19196483450868,86.19196483450868,85.85136407892014,85.85136407892014,843500.0
2023-01-03 12:40:00,85.85136407892014,85.85136407892014,84.96084929093612,84.96084929093612,860300.0
2023-01-03 12:45:00,84.96084929093612,86.90202985879364,84.96084929093612,86.90202985879364,352100.0
2023-01-03 12:50:00,86.90202985879364,86.90202985879364,86.60078708637579,86.60078708637579,845600.0
2023-01-03 12:55:00,86.60078708637579,86.60890177009395,86.60078708637579,86.60890177009395,855400.0
2023-01-03 13:00:00,86.60890177009395,86.60890177009395,85.17378084734854,85.17378084734854,1167600.0
2023-01-03 13:05:00,85.17378084734854,87.18454649594506,85.17378084734854,87.18454649594506,1004499.9999999999
2023-01-03 13:10:00,87.18454649594506,87.18454649594506,84.74054122208128,84.74054122208128,479499.99999999994
2023-01-03 13:15:00,84.74054122208128,86.42468923462911,84.74054122208128,86.42468923462911,239399.99999999997
2023-01-03 13:20:00,86.42468923462911,87.77059445414575,86.42468923462911,87.77059445414575,685300.0
2023-01-03 13:25:00,87.77059445414575,87.77059445414575,85.02660688991347,85.02660688991347,1211700.0
2023-01-03 13:30:00,85.02660688991347,85.47005751179589,85.02660688991347,85.47005751179589,536200.0
2023-01-03 13:35:00,85.47005751179589,86.0526061971363,85.47005751179589,86.0526061971363,1285900.0
2023-01-03 13:40:00,86.0526061971363,86.0526061971363,85.61503692201444,85.61503692201444,1283800.0
2023-01-03 13:45:00,85.61503692201444,85.61503692201444,84.76556080836302,84.76556080836302,1320200.0
2023-01-03 13:50:00,84.76556080836302,86.19857294179283,84.76556080836302,86.19857294179283,375900.0
2023-01-03 13:55:00,86.19857294179283,86.19857294179283,85.27807622471073,85.27807622471073,583800.0
2023-01-03 14:00:00,85.27807622471073,86.65909565430042,85.27807622471073,86.65909565430042,527100.0
2023-01-03 14:05:00,86.65909565430042,86.65909565430042,85.5242486947144,85.5242486947144,630700.0
2023-01-03 14:10:00,85.5242486947144,87.67317850541625,85.5242486947144,87.67317850541625,981399.9999999999
2023-01-03 14:15:00,87.67317850541625,87.67317850541625,85.68744823982108,85.68744823982108,1368500.0
2023-01-03 14:20:00,85.68744823982108,86.1141426217109,85.68744823982108,86.1141426217109,665000.0
2023-01-03 14:25:00,86.1141426217109,87.0502280251077,86.1141426217109,87.0502280251077,569100.0
2023-01-03 14:30:00,87.0502280251077,87.0502280251077,85.32465426805892,85.32465426805892,155400.0
2023-01-03 14:35:00,85.32465426805892,86.66464293040598,85.32465426805892,86.66464293040598,538300.0
2023-01-03 14:40:00,86.66464293040598,87.56537865640293,86.66464293040598,87.56537865640293,332500.0
2023-01-03 14:45:00,87.56537865640293,87.56537865640293,85.0281508753118,85.0281508753118,427700.0
2023-01-03 14:50:00,85.0281508753118,86.53831772260003,85.0281508753118,86.53831772260003,693700.0
2023-01-03 14:55:00,86.53831772260003,86.64290816042619,86.53831772260003,86.64290816042619,169400.0
2023-01-03 15:00:00,86.64290816042619,87.10795884998625,86.64290816042619,87.10795884998625,450100.0
2023-01-03 15:05:00,87.10795884998625,87.10795884998625,85.33553245119273,85.33553245119273,375200.0
2023-01-03 15:10:00,85.33553245119273,85.33553245119273,85.21747256659117,85.21747256659117,702100.0
2023-01-03 15:15:00,85.21747256659117,86.77159815479173,85.21747256659117,86.77159815479173,763000.0
2023-01-03 15:20:00,86.77159815479173,86.77159815479173,86.55319083987368,86.55319083987368,619500.0
2023-01-03 15:25:00,86.55319083987368,86.55319083987368,86.44448682377893,86.44448682377893,1048600.0
2023-01-03 15:30:00,86.44448682377893,86.56902351430831,86.44448682377893,86.56902351430831,114100.0
2023-01-03 15:35:00,86.56902351430831,86.56902351430831,85.6798092349663,85.6798092349663,1260000.0
2023-01-03 15:40:00,85.6798092349663,86.48529722026473,85.6798092349663,86.48529722026473,1281000.0
2023-01-03 15:45:00,86.48529722026473,86.48529722026473,86.45781035675896,86.45781035675896,1327200.0
2023-01-03 15:50:00,86.45781035675896,86.45781035675896,85.60673570270284,85.60673570270284,82600.0
2023-01-03 15:55:00,85.60673570270284,87.82320454377425,85.60673570270284,87.82320454377425,816900.0
2023-01-03 16:00:00,87.82320454377425,87.82320454377425,86.67383672971154,86.67383672971154,323400.0
2023-01-04 09:30:00,86.67383672971154,86.67383672971154,85.30785936160626,85.30785936160626,1039499.9999999999
2023-01-04 09:35:00,85.30785936160626,86.90668074408217,85.30785936160626,86.90668074408217,1077300.0
2023-01-04 09:40:00,86.90668074408217,86.90668074408217,85.56561071446258,85.56561071446258,247099.99999999997
2023-01-04 09:45:00,85.56561071446258,87.01396358331235,85.56561071446258,87.01396358331235,84000.0
2023-01-04 09:50:00,87.01396358331235,87.33694805064809,87.01396358331235,87.33694805064809,824600.0
2023-01-04 09:55:00,87.33694805064809,87.33694805064809,85.53613240622968,85.53613240622968,583100.0
2023-01-04 10:00:00,85.53613240622968,87.08622708448898,85.53613240622968,87.08622708448898,948499.9999999999
2023-01-04 10:05:00,87.08622708448898,87.08622708448898,86.65505466406393,86.65505466406393,567000.0
2023-01-04 10:10:00,86.65505466406393,86.92652593659923,86.65505466406393,86.92652593659923,1087100.0
2023-01-04 10:15:00,86.92652593659923,87.94961040117639,86.92652593659923,87.94961040117639,1220800.0
2023-01-04 10:20:00,87.94961040117639,87.94961040117639,86.08231990262364,86.08231990262364,671300.0
2023-01-04 10:25:00,86.08231990262364,86.08231990262364,85.56005425686338,85.56005425686338,595700.0
2023-01-04 10:30:00,85.56005425686338,85.56005425686338,85.45698826552842,85.45698826552842,852600.0
2023-01-04 10:35:00,85.45698826552842,85.58725447862707,85.45698826552842,85.58725447862707,293300.0
2023-01-04 10:40:00,85.58725447862707,86.18749781215529,85.58725447862707,86.18749781215529,319200.0
2023-01-04 10:45:00,86.18749781215529,86.59085407106203,86.18749781215529,86.59085407106203,1288700.0
2023-01-04 10:50:00,86.59085407106203,86.59085407106203,86.51834737463797,86.51834737463797,277900.0
2023-01-04 10:55:00,86.51834737463797,86.96461707605764,86.51834737463797,86.96461707605764,891800.0
2023-01-04 11:00:00,86.96461707605764,86.96461707605764,86.2649535886069,86.2649535886069,93800.0
2023-01-04 11:05:00,86.2649535886069,87.56663949417839,86.2649535886069,87.56663949417839,466899.99999999994
2023-01-04 11:10:00,87.56663949417839,87.56663949417839,86.06493604353435,86.06493604353435,1342600.0
2023-01-04 11:15:00,86.06493604353435,88.61927345362882,86.06493604353435,88.61927345362882,435400.0
2023-01-04 11:20:00,88.61927345362882,88.61927345362882,86.81993825561814,86.81993825561814,1122100.0
2023-01-04 11:25:00,86.81993825561814,86.81993825561814,85.43587936363674,85.43587936363674,425600.0
2023-01-04 11:30:00,85.43587936363674,85.43587936363674,85.24094385212214,85.24094385212214,368900.0
2023-01-04 11:35:00,85.24094385212214,86.51684099376831,85.24094385212214,86.51684099376831,1176000.0
2023-01-04 11:40:00,86.51684099376831,86.51684099376831,85.87844575810247,85.87844575810247,733600.0
2023-01-04 11:45:00,85.87844575810247,86.64098994456792,85.87844575810247,86.64098994456792,767900.0
2023-01-04 11:50:00,86.64098994456792,86.64098994456792,86.4534862520107,86.4534862520107,364700.0
2023-01-04 11:55:00,86.4534862520107,86.4534862520107,85.97217449859295,85.97217449859295,922599.9999999999
2023-01-04 12:00:00,85.97217449859295,85.97217449859295,85.34515615833061,85.34515615833061,711200.0
2023-01-04 12:05:00,85.34515615833061,85.34515615833061,84.67851050822102,84.67851050822102,107800.0
2023-01-04 12:10:00,84.67851050822102,85.58410153201073,84.67851050822102,85.58410153201073,471099.99999999994
2023-01-04 12:15:00,85.58410153201073,86.72752557579923,85.58410153201073,86.72752557579923,891100.0
2023-01-04 12:20:00,86.72752557579923,86.72752557579923,86.1732512321384,86.1732512321384,435400.0
2023-01-04 12:25:00,86.1732512321384,86.1732512321384,85.03141180209748,85.03141180209748,760200.0
2023-01-04 12:30:00,85.03141180209748,86.20483987300068,85.03141180209748,86.20483987300068,1234100.0
2023-01-04 12:35:00,86.20483987300068,86.30257299810634,86.20483987300068,86.30257299810634,1115100.0
2023-01-04 12:40:00,86.30257299810634,86.30257299810634,85.29906051425766,85.29906051425766,133700.0
2023-01-04 12:45:00,85.29906051425766,86.16982200412657,85.29906051425766,86.16982200412657,833700.0
2023-01-04 12:50:00,86.16982200412657,86.16982200412657,86.10464857164507,86.10464857164507,237999.99999999997
2023-01-04 12:55:00,86.10464857164507,86.10464857164507,85.04313723443686,85.04313723443686,378000.0
2023-01-04 13:00:00,85.04313723443686,86.2981434262635,85.04313723443686,86.2981434262635,735000.0
2023-01-04 13:05:00,86.2981434262635,86.3782829288731,86.2981434262635,86.3782829288731,918399.9999999999
2023-01-04 13:10:00,86.3782829288731,86.9604615041656,86.3782829288731,86.9604615041656,116899.99999999999
2023-01-04 13:15:00,86.9604615041656,86.9604615041656,86.87219575892294,86.87219575892294,382200.0
2023-01-04 13:20:00,86.87219575892294,86.87219575892294,84.76129632968541,84.76129632968541,95900.0
2023-01-04 13:25:00,84.76129632968541,85.13397116791359,84.76129632968541,85.13397116791359,487199.99999999994
2023-01-04 13:30:00,85.13397116791359,86.41021452132605,85.13397116791359,86.41021452132605,496299.99999999994
2023-01-04 13:35:00,86.41021452132605,86.4736477740566,86.41021452132605,86.4736477740566,992599.9999999999
2023-01-04 13:40:00,86.4736477740566,86.47904477680683,86.4736477740566,86.47904477680683,1368500.0
2023-01-04 13:45:00,86.47904477680683,89.24255757968989,86.47904477680683,89.24255757968989,403200.0
2023-01-04 13:50:00,89.24255757968989,89.24255757968989,86.36204106902824,86.36204106902824,160300.0
2023-01-04 13:55:00,86.36204106902824,86.82392605266415,86.36204106902824,86.82392605266415,1159900.0
2023-01-04 14:00:00,86.82392605266415,86.82392605266415,86.69017861295171,86.69017861295171,1265600.0
2023-01-04 14:05:00,86.69017861295171,86.69017861295171,86.3970309396268,86.3970309396268,491399.99999999994
2023-01-04 14:10:00,86.3970309396268,86.3970309396268,85.65552394204494,85.65552394204494,448700.0
2023-01-04 14:15:00,85.65552394204494,86.57784063115196,85.65552394204494,86.57784063115196,1022699.9999999999
2023-01-04 14:20:00,86.57784063115196,86.57784063115196,85.32803662395469,85.32803662395469,670600.0
2023-01-04 14:25:00,85.32803662395469,85.84718558262273,85.32803662395469,85.84718558262273,556500.0
2023-01-04 14:30:00,85.84718558262273,85.84718558262273,85.62498402585524,85.62498402585524,1306900.0
2023-01-04 14:35:00,85.62498402585524,86.03533281379104,85.62498402585524,86.03533281379104,1262800.0
2023-01-04 14:40:00,86.03533281379104,87.96470834466676,86.03533281379104,87.96470834466676,798000.0
2023-01-04 14:45:00,87.96470834466676,87.96470834466676,84.43385328165827,84.43385328165827,77000.0
2023-01-04 14:50:00,84.43385328165827,86.56919698970003,84.43385328165827,86.56919698970003,954799.9999999999
2023-01-04 14:55:00,86.56919698970003,86.56919698970003,84.59192909556005,84.59192909556005,460599.99999999994
2023-01-04 15:00:00,84.59192909556005,85.63225488536648,84.59192909556005,85.63225488536648,477399.99999999994
2023-01-04 15:05:00,85.63225488536648,87.04299800492377,85.63225488536648,87.04299800492377,1047199.9999999999
2023-01-04 15:10:00,87.04299800492377,87.04299800492377,86.12240096688527,86.12240096688527,1031799.9999999999
2023-01-04 15:15:00,86.12240096688527,86.12240096688527,85.17036506637574,85.17036506637574,112700.0
2023-01-04 15:20:00,85.17036506637574,85.42365192801583,85.17036506637574,85.42365192801583,546700.0
2023-01-04 15:25:00,85.42365192801583,86.56412974755189,85.42365192801583,86.56412974755189,970199.9999999999
2023-01-04 15:30:00,86.56412974755189,86.56412974755189,85.41493191156874,85.41493191156874,337400.0
2023-01-04 15:35:00,85.41493191156874,86.13202049331194,85.41493191156874,86.13202049331194,396200.0
2023-01-04 15:40:00,86.13202049331194,86.13202049331194,86.0273153669961,86.0273153669961,504699.99999999994
2023-01-04 15:45:00,86.0273153669961,86.0273153669961,85.38818176204165,85.38818176204165,151200.0
2023-01-04 15:50:00,85.38818176204165,87.79131997839137,85.38818176204165,87.79131997839137,555100.0
2023-01-04 15:55:00,87.79131997839137,87.79131997839137,86.48573136289541,86.48573136289541,553700.0
2023-01-04 16:00:00,86.48573136289541,86.48573136289541,84.24459941510962,84.24459941510962,996099.9999999999
2023-01-05 09:30:00,84.24459941510962,86.16491301815604,84.24459941510962,86.16491301815604,555800.0
2023-01-05 09:35:00,86.16491301815604,86.16491301815604,85.46937985231482,85.46937985231482,1087100.0
2023-01-05 09:40:00,85.46937985231482,86.76020143661084,85.46937985231482,86.76020143661084,769300.0
2023-01-05 09:45:00,86.76020143661084,86.76020143661084,85.3686054418435,85.3686054418435,733600.0
2023-01-05 09:50:00,85.3686054418435,85.94073251440757,85.3686054418435,85.94073251440757,1262800.0
2023-01-05 09:55:00,85.94073251440757,86.50026388373936,85.94073251440757,86.50026388373936,407400.0
2023-01-05 10:00:00,86.50026388373936,86.78939240547112,86.50026388373936,86.78939240547112,1305500.0
2023-01-05 10:05:00,86.78939240547112,86.78939240547112,84.99588854776607,84.99588854776607,1049300.0
2023-01-05 10:10:00,84.99588854776607,85.77798021460238,84.99588854776607,85.77798021460238,228900.0
2023-01-05 10:15:00,85.77798021460238,85.77798021460238,85.62509552742343,85.62509552742343,487899.99999999994
2023-01-05 10:20:00,85.62509552742343,85.62509552742343,85.42372064803378,85.42372064803378,604800.0
2023-01-05 10:25:00,85.42372064803378,87.52882539326637,85.42372064803378,87.52882539326637,560700.0
2023-01-05 10:30:00,87.52882539326637,87.52882539326637,86.37815884381814,86.37815884381814,471099.99999999994
2023-01-05 10:35:00,86.37815884381814,86.37815884381814,84.82836952128743,84.82836952128743,1060500.0
2023-01-05 10:40:00,84.82836952128743,86.68392271752006,84.82836952128743,86.68392271752006,1028299.9999999999
2023-01-05 10:45:00,86.68392271752006,87.72982085732085,86.68392271752006,87.72982085732085,1252300.0
2023-01-05 10:50:00,87.72982085732085,87.72982085732085,86.7844313758829,86.7844313758829,1064700.0
2023-01-05 10:55:00,86.7844313758829,86.7844313758829,84.56366798491224,84.56366798491224,758800.0
2023-01-05 11:00:00,84.56366798491224,85.51412357671931,84.56366798491224,85.51412357671931,934499.9999999999
2023-01-05 11:05:00,85.51412357671931,87.00382899753468,85.51412357671931,87.00382899753468,274400.0
2023-01-05 11:10:00,87.00382899753468,87.00382899753468,85.31104955675889,85.31104955675889,1058400.0
2023-01-05 11:15:00,85.31104955675889,86.19383818218643,85.31104955675889,86.19383818218643,1278200.0
2023-01-05 11:20:00,86.19383818218643,86.48046470001906,86.19383818218643,86.48046470001906,793100.0
2023-01-05 11:25:00,86.48046470001906,86.48046470001906,84.96964418451954,84.96964418451954,579600.0
2023-01-05 11:30:00,84.96964418451954,85.72577899844845,84.96964418451954,85.72577899844845,642600.0
2023-01-05 11:35:00,85.72577899844845,85.72577899844845,83.07150257445784,83.07150257445784,562100.0
2023-01-05 11:40:00,83.07150257445784,84.8988585067367,83.07150257445784,84.8988585067367,1289400.0
2023-01-05 11:45:00,84.8988585067367,85.5859045001846,84.8988585067367,85.5859045001846,409500.0
2023-01-05 11:50:00,85.5859045001846,85.5859045001846,84.73317046817374,84.73317046817374,1089200.0
2023-01-05 11:55:00,84.73317046817374,87.22301810545612,84.73317046817374,87.22301810545612,881300.0
2023-01-05 12:00:00,87.22301810545612,87.22301810545612,84.53512761208026,84.53512761208026,1072400.0
2023-01-05 12:05:00,84.53512761208026,85.3450316179774,84.53512761208026,85.3450316179774,1040899.9999999999
2023-01-05 12:10:00,85.3450316179774,85.83374474230622,85.3450316179774,85.83374474230622,759500.0
2023-01-05 12:15:00,85.83374474230622,86.92822885540271,85.83374474230622,86.92822885540271,991199.9999999999
2023-01-05 12:20:00,86.92822885540271,86.92822885540271,84.3748188651362,84.3748188651362,254799.99999999997
2023-01-05 12:25:00,84.3748188651362,86.57397584832373,84.3748188651362,86.57397584832373,714700.0
2023-01-05 12:30:00,86.57397584832373,86.57397584832373,85.52206465393023,85.52206465393023,1162700.0
2023-01-05 12:35:00,85.52206465393023,85.52206465393023,84.69567539929902,84.69567539929902,663600.0
2023-01-05 12:40:00,84.69567539929902,85.86818977149767,84.69567539929902,85.86818977149767,652400.0
2023-01-05 12:45:00,85.86818977149767,85.86818977149767,85.72212054856432,85.72212054856432,478799.99999999994
2023-01-05 12:50:00,85.72212054856432,85.72212054856432,85.11389133528898,85.11389133528898,1080100.0
2023-01-05 12:55:00,85.11389133528898,85.67550920081281,85.11389133528898,85.67550920081281,810600.0
2023-01-05 13:00:00,85.67550920081281,85.67550920081281,85.25205113505359,85.25205113505359,487899.99999999994
2023-01-05 13:05:00,85.25205113505359,85.74281874545177,85.25205113505359,85.74281874545177,788200.0
2023-01-05 13:10:00,85.74281874545177,86.22583031710917,85.74281874545177,86.22583031710917,1375500.0
2023-01-05 13:15:00,86.22583031710917,87.01212963866884,86.22583031710917,87.01212963866884,870100.0
2023-01-05 13:20:00,87.01212963866884,87.01212963866884,84.60020642350587,84.60020642350587,98700.0
2023-01-05 13:25:00,84.60020642350587,87.46372502108387,84.60020642350587,87.46372502108387,315000.0
2023-01-05 13:30:00,87.46372502108387,87.46372502108387,83.93065334962047,83.93065334962047,336700.0
2023-01-05 13:35:00,83.93065334962047,85.48728669634215,83.93065334962047,85.48728669634215,1272600.0
2023-01-05 13:40:00,85.48728669634215,86.15183506111853,85.48728669634215,86.15183506111853,1178800.0
2023-01-05 13:45:00,86.15183506111853,86.15183506111853,85.84175804620102,85.84175804620102,999599.9999999999
2023-01-05 13:50:00,85.84175804620102,85.84175804620102,85.07483322569408,85.07483322569408,1206800.0
2023-01-05 13:55:00,85.07483322569408,85.42984119131835,85.07483322569408,85.42984119131835,725900.0
2023-01-05 14:00:00,85.42984119131835,85.42984119131835,85.28442645260013,85.28442645260013,1108800.0
2023-01-05 14:05:00,85.28442645260013,85.28442645260013,85.17608515249405,85.17608515249405,727300.0
2023-01-05 14:10:00,85.17608515249405,86.45098110038684,85.17608515249405,86.45098110038684,74200.0
2023-01-05 14:15:00,86.45098110038684,86.45098110038684,86.04363797721219,86.04363797721219,590100.0
2023-01-05 14:20:00,86.04363797721219,86.04363797721219,85.1303514804059,85.1303514804059,322000.0
2023-01-05 14:25:00,85.1303514804059,86.5249171651082,85.1303514804059,86.5249171651082,1366400.0
2023-01-05 14:30:00,86.5249171651082,86.5249171651082,86.03601411769338,86.03601411769338,714000.0
2023-01-05 14:35:00,86.03601411769338,86.55192585887762,86.03601411769338,86.55192585887762,516599.99999999994
2023-01-05 14:40:00,86.55192585887762,86.55192585887762,86.4219422199044,86.4219422199044,1353800.0
2023-01-05 14:45:00,86.4219422199044,86.4219422199044,85.03193581003896,85.03193581003896,228200.0
2023-01-05 14:50:00,85.03193581003896,85.36358489128241,85.03193581003896,85.36358489128241,227500.0
2023-01-05 14:55:00,85.36358489128241,86.4790320573964,85.36358489128241,86.4790320573964,891100.0
2023-01-05 15:00:00,86.4790320573964,86.4790320573964,86.35351061194544,86.35351061194544,291200.0
2023-01-05 15:05:00,86.35351061194544,86.35351061194544,85.78687100549676,85.78687100549676,346500.0
2023-01-05 15:10:00,85.78687100549676,85.8920634291538,85.78687100549676,85.8920634291538,1208200.0
2023-01-05 15:15:00,85.8920634291538,86.85922943615783,85.8920634291538,86.85922943615783,679000.0
2023-01-05 15:20:00,86.85922943615783,86.85922943615783,85.1740341174543,85.1740341174543,158200.0
2023-01-05 15:25:00,85.1740341174543,86.11485433221304,85.1740341174543,86.11485433221304,1255100.0
2023-01-05 15:30:00,86.11485433221304,86.11485433221304,85.48028828446661,85.48028828446661,335300.0
2023-01-05 15:35:00,85.48028828446661,85.48028828446661,85.41254090058186,85.41254090058186,432600.0
2023-01-05 15:40:00,85.41254090058186,86.55898026387882,85.41254090058186,86.55898026387882,1012199.9999999999
2023-01-05 15:45:00,86.55898026387882,86.55898026387882,86.41926357761537,86.41926357761537,308000.0
2023-01-05 15:50:00,86.41926357761537,86.41926357761537,86.40280217678429,86.40280217678429,507499.99999999994
2023-01-05 15:55:00,86.40280217678429,86.79044566861472,86.40280217678429,86.79044566861472,1359400.0
2023-01-05 16:00:00,86.79044566861472,86.79044566861472,85.69575044424286,85.69575044424286,295400.0
2023-01-06 09:30:00,85.69575044424286,86.32356412963314,85.69575044424286,86.32356412963314,877100.0
2023-01-06 09:35:00,86.32356412963314,86.32356412963314,85.51339728188724,85.51339728188724,779800.0
2023-01-06 09:40:00,85.51339728188724,86.09132762671287,85.51339728188724,86.09132762671287,786100.0
2023-01-06 09:45:00,86.09132762671287,86.09132762671287,85.70759557124762,85.70759557124762,540400.0
2023-01-06 09:50:00,85.70759557124762,85.9568267081946,85.70759557124762,85.9568267081946,794500.0
2023-01-06 09:55:00,85.9568267081946,86.3971391004377,85.9568267081946,86.3971391004377,881300.0
2023-01-06 10:00:00,86.3971391004377,86.3971391004377,85.19753149006378,85.19753149006378,683900.0
2023-01-06 10:05:00,85.19753149006378,87.68597561007535,85.19753149006378,87.68597561007535,485099.99999999994
2023-01-06 10:10:00,87.68597561007535,87.68597561007535,85.0456494841972,85.0456494841972,609700.0
2023-01-06 10:15:00,85.0456494841972,85.0456494841972,84.85394382171125,84.85394382171125,1383900.0
2023-01-06 10:20:00,84.85394382171125,86.96588554551055,84.85394382171125,86.96588554551055,861000.0
2023-01-06 10:25:00,86.96588554551055,86.96588554551055,86.6826193320035,86.6826193320035,489999.99999999994
2023-01-06 10:30:00,86.6826193320035,86.6826193320035,86.53991522625616,86.53991522625616,1018499.9999999999
2023-01-06 10:35:00,86.53991522625616,86.53991522625616,86.49089272619474,86.49089272619474,411600.0
2023-01-06 10:40:00,86.49089272619474,86.49089272619474,85.93632621209365,85.93632621209365,1017099.9999999999
2023-01-06 10:45:00,85.93632621209365,85.93632621209365,85.14524797204977,85.14524797204977,1220800.0
2023-01-06 10:50:00,85.14524797204977,85.93870266625636,85.14524797204977,85.93870266625636,870800.0
2023-01-06 10:55:00,85.93870266625636,85.93870266625636,85.28476932282717,85.28476932282717,940099.9999999999
2023-01-06 11:00:00,85.28476932282717,86.69261398408801,85.28476932282717,86.69261398408801,483699.99999999994
2023-01-06 11:05:00,86.69261398408801,86.69261398408801,85.70661497852922,85.70661497852922,1204700.0
2023-01-06 11:10:00,85.70661497852922,85.70661497852922,85.18641863858178,85.18641863858178,265300.0
2023-01-06 11:15:00,85.18641863858178,85.58415514285028,85.18641863858178,85.58415514285028,1090600.0
2023-01-06 11:20:00,85.58415514285028,86.23747275154466,85.58415514285028,86.23747275154466,1398600.0
2023-01-06 11:25:00,86.23747275154466,86.23747275154466,85.36423767868217,85.36423767868217,572600.0
2023-01-06 11:30:00,85.36423767868217,85.36423767868217,85.19961795528799,85.19961795528799,1197700.0
2023-01-06 11:35:00,85.19961795528799,86.16185063775326,85.19961795528799,86.16185063775326,816900.0
2023-01-06 11:40:00,86.16185063775326,86.22327371882491,86.16185063775326,86.22327371882491,1386700.0
2023-01-06 11:45:00,86.22327371882491,86.22327371882491,85.55261084885335,85.55261084885335,219100.0
2023-01-06 11:50:00,85.55261084885335,85.65637740526144,85.55261084885335,85.65637740526144,430500.0
2023-01-06 11:55:00,85.65637740526144,86.15621198313737,85.65637740526144,86.15621198313737,804300.0
2023-01-06 12:00:00,86.15621198313737,86.15621198313737,84.73537331514767,84.73537331514767,1127700.0
2023-01-06 12:05:00,84.73537331514767,84.783736905773,84.73537331514767,84.783736905773,695800.0
2023-01-06 12:10:00,84.783736905773,85.41763893301429,84.783736905773,85.41763893301429,336700.0
2023-01-06 12:15:00,85.41763893301429,85.86649771722875,85.41763893301429,85.86649771722875,816900.0
2023-01-06 12:20:00,85.86649771722875,86.25574254631623,85.86649771722875,86.25574254631623,1031799.9999999999
2023-01-06 12:25:00,86.25574254631623,87.21555644319373,86.25574254631623,87.21555644319373,1267700.0
2023-01-06 12:30:00,87.21555644319373,87.21555644319373,86.66683748958908,86.66683748958908,1143800.0
2023-01-06 12:35:00,86.66683748958908,86.66683748958908,85.8135789108021,85.8135789108021,1264200.0
2023-01-06 12:40:00,85.8135789108021,85.94634217425477,85.8135789108021,85.94634217425477,749000.0
2023-01-06 12:45:00,85.94634217425477,85.94634217425477,85.16337680906993,85.16337680906993,907900.0
2023-01-06 12:50:00,85.16337680906993,85.98525026710759,85.16337680906993,85.98525026710759,506799.99999999994
2023-01-06 12:55:00,85.98525026710759,85.98525026710759,85.76995288455392,85.76995288455392,603400.0
2023-01-06 13:00:00,85.76995288455392,86.33517277848782,85.76995288455392,86.33517277848782,767900.0
2023-01-06 13:05:00,86.33517277848782,86.33517277848782,85.33381724632063,85.33381724632063,1057700.0
2023-01-06 13:10:00,85.33381724632063,86.51939249225127,85.33381724632063,86.51939249225127,977199.9999999999
2023-01-06 13:15:00,86.51939249225127,87.30022446142897,86.51939249225127,87.30022446142897,569100.0
2023-01-06 13:20:00,87.30022446142897,87.30022446142897,85.93820243769271,85.93820243769271,1253700.0
2023-01-06 13:25:00,85.93820243769271,86.36137923821275,85.93820243769271,86.36137923821275,728700.0
2023-01-06 13:30:00,86.36137923821275,86.688531165366,86.36137923821275,86.688531165366,565600.0
2023-01-06 13:35:00,86.688531165366,86.688531165366,85.68516668007209,85.68516668007209,485799.99999999994
2023-01-06 13:40:00,85.68516668007209,86.2160100513218,85.68516668007209,86.2160100513218,89600.0
2023-01-06 13:45:00,86.2160100513218,86.2160100513218,86.06481084356177,86.06481084356177,536200.0
2023-01-06 13:50:00,86.06481084356177,86.1816975157324,86.06481084356177,86.1816975157324,457800.0
2023-01-06 13:55:00,86.1816975157324,86.1816975157324,85.36434916550644,85.36434916550644,1120000.0
2023-01-06 14:00:00,85.36434916550644,86.09515872613223,85.36434916550644,86.09515872613223,499099.99999999994
2023-01-06 14:05:00,86.09515872613223,86.44752441210323,86.09515872613223,86.44752441210323,781200.0
2023-01-06 14:10:00,86.44752441210323,87.28612209070191,86.44752441210323,87.28612209070191,130899.99999999999
2023-01-06 14:15:00,87.28612209070191,87.28612209070191,86.8281780644042,86.8281780644042,1143100.0
2023-01-06 14:20:00,86.8281780644042,87.90298626056948,86.8281780644042,87.90298626056948,912800.0
2023-01-06 14:25:00,87.90298626056948,87.90298626056948,85.41523264742214,85.41523264742214,989799.9999999999
2023-01-06 14:30:00,85.41523264742214,86.80680974201455,85.41523264742214,86.80680974201455,1198400.0
2023-01-06 14:35:00,86.80680974201455,86.80680974201455,86.24677359951795,86.24677359951795,1078700.0
2023-01-06 14:40:00,86.24677359951795,87.95628810568002,86.24677359951795,87.95628810568002,631400.0
2023-01-06 14:45:00,87.95628810568002,87.95628810568002,85.41046569685922,85.41046569685922,266700.0
2023-01-06 14:50:00,85.41046569685922,85.41046569685922,85.37778288677615,85.37778288677615,1190000.0
2023-01-06 14:55:00,85.37778288677615,85.59707356222201,85.37778288677615,85.59707356222201,261799.99999999997
2023-01-06 15:00:00,85.59707356222201,85.59707356222201,84.35861387552049,84.35861387552049,235899.99999999997
2023-01-06 15:05:00,84.35861387552049,85.67692096725074,84.35861387552049,85.67692096725074,557900.0
2023-01-06 15:10:00,85.67692096725074,85.67692096725074,85.53444606967066,85.53444606967066,1397900.0
2023-01-06 15:15:00,85.53444606967066,86.36028228147757,85.53444606967066,86.36028228147757,686000.0
2023-01-06 15:20:00,86.36028228147757,86.54787001608199,86.36028228147757,86.54787001608199,1340500.0
2023-01-06 15:25:00,86.54787001608199,87.87441180401404,86.54787001608199,87.87441180401404,1149400.0
2023-01-06 15:30:00,87.87441180401404,87.87441180401404,87.10747134787817,87.10747134787817,1090600.0
2023-01-06 15:35:00,87.10747134787817,87.10747134787817,85.81011200667244,85.81011200667244,1149400.0
2023-01-06 15:40:00,85.81011200667244,85.81011200667244,85.4843936847571,85.4843936847571,1124900.0
2023-01-06 15:45:00,85.4843936847571,86.68261928911241,85.4843936847571,86.68261928911241,1168300.0
2023-01-06 15:50:00,86.68261928911241,86.68261928911241,85.27056201540155,85.27056201540155,368200.0
2023-01-06 15:55:00,85.27056201540155,88.04521085063132,85.27056201540155,88.04521085063132,1386700.0
2023-01-06 16:00:00,88.04521085063132,88.04521085063132,87.44394365001553,87.44394365001553,147000.0
2023-01-09 09:30:00,87.44394365001553,87.44394365001553,85.95584972171837,85.95584972171837,989799.9999999999
2023-01-09 09:35:00,85.95584972171837,85.95584972171837,84.89312469371673,84.89312469371673,451500.0
2023-01-09 09:40:00,84.89312469371673,87.56789426782026,84.89312469371673,87.56789426782026,1330700.0
2023-01-09 09:45:00,87.56789426782026,87.56789426782026,86.31531203833669,86.31531203833669,406700.0
2023-01-09 09:50:00,86.31531203833669,87.56699791215222,86.31531203833669,87.56699791215222,1300600.0
2023-01-09 09:55:00,87.56699791215222,87.56699791215222,85.06531978569303,85.06531978569303,1211000.0
2023-01-09 10:00:00,85.06531978569303,85.92424353478451,85.06531978569303,85.92424353478451,553000.0
2023-01-09 10:05:00,85.92424353478451,86.45233926732443,85.92424353478451,86.45233926732443,716800.0
2023-01-09 10:10:00,86.45233926732443,86.53363259924859,86.45233926732443,86.53363259924859,303800.0
2023-01-09 10:15:00,86.53363259924859,86.53363259924859,86.14766387554116,86.14766387554116,884800.0
2023-01-09 10:20:00,86.14766387554116,87.10323890602298,86.14766387554116,87.10323890602298,236599.99999999997
2023-01-09 10:25:00,87.10323890602298,87.10323890602298,85.63729136029099,85.63729136029099,720300.0
2023-01-09 10:30:00,85.63729136029099,86.46767456708815,85.63729136029099,86.46767456708815,1323000.0
2023-01-09 10:35:00,86.46767456708815,86.72946480958156,86.46767456708815,86.72946480958156,1213100.0
2023-01-09 10:40:00,86.72946480958156,87.12710972664982,86.72946480958156,87.12710972664982,1194900.0
2023-01-09 10:45:00,87.12710972664982,87.39258433542332,87.12710972664982,87.39258433542332,987699.9999999999
2023-01-09 10:50:00,87.39258433542332,87.39258433542332,85.77539325083642,85.77539325083642,802900.0
2023-01-09 10:55:00,85.77539325083642,85.77539325083642,85.41516572469207,85.41516572469207,186200.0
2023-01-09 11:00:00,85.41516572469207,87.86860135076408,85.41516572469207,87.86860135076408,81900.0
2023-01-09 11:05:00,87.86860135076408,87.86860135076408,87.07760661921081,87.07760661921081,718200.0
2023-01-09 11:10:00,87.07760661921081,87.07760661921081,86.06669302721671,86.06669302721671,730100.0
2023-01-09 11:15:00,86.06669302721671,88.04489943680288,86.06669302721671,88.04489943680288,1017799.9999999999
2023-01-09 11:20:00,88.04489943680288,88.04489943680288,86.83387827194498,86.83387827194498,163800.0
2023-01-09 11:25:00,86.83387827194498,87.63416305322801,86.83387827194498,87.63416305322801,791700.0
2023-01-09 11:30:00,87.63416305322801,87.63416305322801,86.65664473933302,86.65664473933302,1017799.9999999999
2023-01-09 11:35:00,86.65664473933302,88.33942742279415,86.65664473933302,88.33942742279415,261099.99999999997
2023-01-09 11:40:00,88.33942742279415,88.33942742279415,88.0876255933891,88.0876255933891,145600.0
2023-01-09 11:45:00,88.0876255933891,88.0876255933891,86.34901079279625,86.34901079279625,1338400.0
2023-01-09 11:50:00,86.34901079279625,87.3805853543631,86.34901079279625,87.3805853543631,369600.0
2023-01-09 11:55:00,87.3805853543631,87.3805853543631,87.03510845711372,87.03510845711372,353500.0
2023-01-09 12:00:00,87.03510845711372,87.7582607675121,87.03510845711372,87.7582607675121,1010099.9999999999
2023-01-09 12:05:00,87.7582607675121,87.7582607675121,85.70149481464809,85.70149481464809,1234800.0
2023-01-09 12:10:00,85.70149481464809,87.04347556809617,85.70149481464809,87.04347556809617,491399.99999999994
2023-01-09 12:15:00,87.04347556809617,87.41760104299654,87.04347556809617,87.41760104299654,230299.99999999997
2023-01-09 12:20:00,87.41760104299654,87.41760104299654,84.93710074865957,84.93710074865957,1106000.0
2023-01-09 12:25:00,84.93710074865957,85.41195206132129,84.93710074865957,85.41195206132129,1007299.9999999999
2023-01-09 12:30:00,85.41195206132129,85.41195206132129,84.69704981771002,84.69704981771002,387800.0
2023-01-09 12:35:00,84.69704981771002,86.20866107128765,84.69704981771002,86.20866107128765,1294300.0
2023-01-09 12:40:00,86.20866107128765,87.04102032988705,86.20866107128765,87.04102032988705,883400.0
2023-01-09 12:45:00,87.04102032988705,87.7176455983892,87.04102032988705,87.7176455983892,1288700.0
2023-01-09 12:50:00,87.7176455983892,87.7176455983892,86.45860299779021,86.45860299779021,921899.9999999999
2023-01-09 12:55:00,86.45860299779021,87.78706798787665,86.45860299779021,87.78706798787665,633500.0
2023-01-09 13:00:00,87.78706798787665,87.78706798787665,85.12407511312205,85.12407511312205,1078700.0
2023-01-09 13:05:00,85.12407511312205,85.12407511312205,84.98941021192407,84.98941021192407,1075200.0
2023-01-09 13:10:00,84.98941021192407,86.35598172523368,84.98941021192407,86.35598172523368,1076600.0
2023-01-09 13:15:00,86.35598172523368,86.69250237315596,86.35598172523368,86.69250237315596,1149400.0
2023-01-09 13:20:00,86.69250237315596,86.69250237315596,86.42362951110712,86.42362951110712,901600.0
2023-01-09 13:25:00,86.42362951110712,86.42362951110712,84.61465203678624,84.61465203678624,938699.9999999999
2023-01-09 13:30:00,84.61465203678624,86.39160075837496,84.61465203678624,86.39160075837496,799400.0
2023-01-09 13:35:00,86.39160075837496,86.39160075837496,85.29651268325124,85.29651268325124,851200.0
2023-01-09 13:40:00,85.29651268325124,86.97864352775426,85.29651268325124,86.97864352775426,869400.0
2023-01-09 13:45:00,86.97864352775426,86.97864352775426,86.72195802102625,86.72195802102625,1226400.0
2023-01-09 13:50:00,86.72195802102625,86.72195802102625,85.62202752392882,85.62202752392882,1007299.9999999999
2023-01-09 13:55:00,85.62202752392882,85.97851925643245,85.62202752392882,85.97851925643245,1204000.0
2023-01-09 14:00:00,85.97851925643245,85.97851925643245,85.57773442626642,85.57773442626642,676200.0
2023-01-09 14:05:00,85.57773442626642,86.42729324374336,85.57773442626642,86.42729324374336,543200.0
2023-01-09 14:10:00,86.42729324374336,87.30391038801828,86.42729324374336,87.30391038801828,309400.0
2023-01-09 14:15:00,87.30391038801828,87.30391038801828,85.58417813846113,85.58417813846113,233799.99999999997
2023-01-09 14:20:00,85.58417813846113,86.97324489270189,85.58417813846113,86.97324489270189,949199.9999999999
2023-01-09 14:25:00,86.97324489270189,86.97324489270189,86.04821056909933,86.04821056909933,234499.99999999997
2023-01-09 14:30:00,86.04821056909933,86.04821056909933,85.83223357576463,85.83223357576463,413700.0
2023-01-09 14:35:00,85.83223357576463,86.47832147132739,85.83223357576463,86.47832147132739,493499.99999999994
2023-01-09 14:40:00,86.47832147132739,86.47832147132739,85.69605596370614,85.69605596370614,997499.9999999999
2023-01-09 14:45:00,85.69605596370614,86.17398101633445,85.69605596370614,86.17398101633445,672700.0
2023-01-09 14:50:00,86.17398101633445,86.17398101633445,85.60072553164821,85.60072553164821,232399.99999999997
2023-01-09 14:55:00,85.60072553164821,88.28555229716859,85.60072553164821,88.28555229716859,889000.0
2023-01-09 15:00:00,88.28555229716859,88.28555229716859,86.65974689315568,86.65974689315568,1311100.0
2023-01-09 15:05:00,86.65974689315568,86.65974689315568,85.98066673034968,85.98066673034968,446600.0
2023-01-09 15:10:00,85.98066673034968,86.74496376717158,85.98066673034968,86.74496376717158,565600.0
2023-01-09 15:15:00,86.74496376717158,86.74496376717158,86.43970888196621,86.43970888196621,1019199.9999999999
2023-01-09 15:20:00,86.43970888196621,86.43970888196621,86.37825233377882,86.37825233377882,1320900.0
2023-01-09 15:25:00,86.37825233377882,87.07760935564794,86.37825233377882,87.07760935564794,917000.0
2023-01-09 15:30:00,87.07760935564794,87.16617946156524,87.07760935564794,87.16617946156524,822500.0
2023-01-09 15:35:00,87.16617946156524,87.16617946156524,86.12269025688286,86.12269025688286,1339100.0
2023-01-09 15:40:00,86.12269025688286,86.12269025688286,86.10888231974738,86.10888231974738,1373400.0
2023-01-09 15:45:00,86.10888231974738,86.33564123851353,86.10888231974738,86.33564123851353,441000.0
2023-01-09 15:50:00,86.33564123851353,86.33564123851353,84.61361027557547,84.61361027557547,447300.0
2023-01-09 15:55:00,84.61361027557547,85.30777161894157,84.61361027557547,85.30777161894157,616000.0
2023-01-09 16:00:00,85.30777161894157,87.79628133740525,85.30777161894157,87.79628133740525,1295000.0
2023-01-10 09:30:00,87.79628133740525,88.04134453571132,87.79628133740525,88.04134453571132,240799.99999999997
2023-01-10 09:35:00,88.04134453571132,88.04134453571132,86.43442751917719,86.43442751917719,753900.0
2023-01-10 09:40:00,86.43442751917719,87.19908619913515,86.43442751917719,87.19908619913515,1061200.0
2023-01-10 09:45:00,87.19908619913515,87.19908619913515,86.97210700841606,86.97210700841606,87500.0
2023-01-10 09:50:00,86.97210700841606,89.41730034240703,86.97210700841606,89.41730034240703,261799.99999999997
2023-01-10 09:55:00,89.41730034240703,89.41730034240703,87.67506841360102,87.67506841360102,574000.0
2023-01-10 10:00:00,87.67506841360102,87.67506841360102,86.5802850493377,86.5802850493377,939399.9999999999
2023-01-10 10:05:00,86.5802850493377,86.5802850493377,85.84025192019433,85.84025192019433,1351700.0
2023-01-10 10:10:00,85.84025192019433,85.84025192019433,85.23012468591853,85.23012468591853,692300.0
2023-01-10 10:15:00,85.23012468591853,86.78160614131436,85.23012468591853,86.78160614131436,357000.0
2023-01-10 10:20:00,86.78160614131436,86.78160614131436,85.96914122294358,85.96914122294358,805000.0
2023-01-10 10:25:00,85.96914122294358,85.96914122294358,85.40352761070369,85.40352761070369,839300.0
2023-01-10 10:30:00,85.40352761070369,86.0432525149216,85.40352761070369,86.0432525149216,1202600.0
2023-01-10 10:35:00,86.0432525149216,86.0432525149216,85.68193197069284,85.68193197069284,1265600.0
2023-01-10 10:40:00,85.68193197069284,88.07849096528615,85.68193197069284,88.07849096528615,604800.0
2023-01-10 10:45:00,88.07849096528615,88.07849096528615,87.38790544663672,87.38790544663672,1314600.0
2023-01-10 10:50:00,87.38790544663672,87.38790544663672,86.65410283150678,86.65410283150678,482999.99999999994
2023-01-10 10:55:00,86.65410283150678,87.95523907018294,86.65410283150678,87.95523907018294,549500.0
2023-01-10 11:00:00,87.95523907018294,87.95523907018294,86.7592173442687,86.7592173442687,1119300.0
2023-01-10 11:05:00,86.7592173442687,86.7592173442687,85.93727435978101,85.93727435978101,436100.0
2023-01-10 11:10:00,85.93727435978101,88.0124468011746,85.93727435978101,88.0124468011746,331100.0
2023-01-10 11:15:00,88.0124468011746,88.0124468011746,87.13464460788803,87.13464460788803,1087100.0
2023-01-10 11:20:00,87.13464460788803,87.13464460788803,85.77152334803603,85.77152334803603,597800.0
2023-01-10 11:25:00,85.77152334803603,86.4461378688034,85.77152334803603,86.4461378688034,947799.9999999999
2023-01-10 11:30:00,86.4461378688034,86.4461378688034,85.80809573989814,85.80809573989814,1275400.0
2023-01-10 11:35:00,85.80809573989814,85.80809573989814,85.34847680829147,85.34847680829147,324100.0
2023-01-10 11:40:00,85.34847680829147,87.3619580772044,85.34847680829147,87.3619580772044,819000.0
2023-01-10 11:45:00,87.3619580772044,88.22972411528184,87.3619580772044,88.22972411528184,1395100.0
2023-01-10 11:50:00,88.22972411528184,88.22972411528184,85.40686942338115,85.40686942338115,1359400.0
2023-01-10 11:55:00,85.40686942338115,87.10301392073256,85.40686942338115,87.10301392073256,559300.0
2023-01-10 12:00:00,87.10301392073256,87.10301392073256,86.09036190397875,86.09036190397875,1319500.0
2023-01-10 12:05:00,86.09036190397875,86.19880955100075,86.09036190397875,86.19880955100075,268100.0
2023-01-10 12:10:00,86.19880955100075,86.19880955100075,86.09757029239,86.09757029239,312900.0
2023-01-10 12:15:00,86.09757029239,86.09757029239,85.83222808197885,85.83222808197885,1170400.0
2023-01-10 12:20:00,85.83222808197885,86.51031137374076,85.83222808197885,86.51031137374076,637000.0
2023-01-10 12:25:00,86.51031137374076,86.51031137374076,85.73971232964435,85.73971232964435,81200.0
2023-01-10 12:30:00,85.73971232964435,86.73338374112885,85.73971232964435,86.73338374112885,219100.0
2023-01-10 12:35:00,86.73338374112885,86.73338374112885,86.40281176243033,86.40281176243033,792400.0
2023-01-10 12:40:00,86.40281176243033,86.40281176243033,86.23591209556051,86.23591209556051,1187200.0
2023-01-10 12:45:00,86.23591209556051,86.23591209556051,85.73114225202158,85.73114225202158,358400.0
2023-01-10 12:50:00,85.73114225202158,85.87852124721674,85.73114225202158,85.87852124721674,1094100.0
2023-01-10 12:55:00,85.87852124721674,87.02304069742115,85.87852124721674,87.02304069742115,1311100.0
2023-01-10 13:00:00,87.02304069742115,87.02304069742115,86.74894334653587,86.74894334653587,433300.0
2023-01-10 13:05:00,86.74894334653587,86.74894334653587,85.4807824762435,85.4807824762435,1297800.0
2023-01-10 13:10:00,85.4807824762435,86.42895903780695,85.4807824762435,86.42895903780695,437500.0
2023-01-10 13:15:00,86.42895903780695,87.00669698308944,86.42895903780695,87.00669698308944,843500.0
2023-01-10 13:20:00,87.00669698308944,87.00669698308944,84.97847587292185,84.97847587292185,317100.0
2023-01-10 13:25:00,84.97847587292185,86.9028725750451,84.97847587292185,86.9028725750451,319900.0
2023-01-10 13:30:00,86.9028725750451,86.9028725750451,85.89217715116571,85.89217715116571,247799.99999999997
2023-01-10 13:35:00,85.89217715116571,87.07018016687812,85.89217715116571,87.07018016687812,593600.0
2023-01-10 13:40:00,87.07018016687812,87.07018016687812,85.81632049396029,85.81632049396029,1349600.0
2023-01-10 13:45:00,85.81632049396029,85.81632049396029,85.00255613895382,85.00255613895382,250599.99999999997
2023-01-10 13:50:00,85.00255613895382,85.2198421476165,85.00255613895382,85.2198421476165,735700.0
2023-01-10 13:55:00,85.2198421476165,86.69340284201601,85.2198421476165,86.69340284201601,249899.99999999997
2023-01-10 14:00:00,86.69340284201601,86.83993661744458,86.69340284201601,86.83993661744458,930999.9999999999
2023-01-10 14:05:00,86.83993661744458,86.83993661744458,85.81740848051287,85.81740848051287,852600.0
2023-01-10 14:10:00,85.81740848051287,87.14790163503733,85.81740848051287,87.14790163503733,455000.0
2023-01-10 14:15:00,87.14790163503733,87.14790163503733,85.20082297967916,85.20082297967916,189000.0
2023-01-10 14:20:00,85.20082297967916,86.4700712234637,85.20082297967916,86.4700712234637,650300.0
2023-01-10 14:25:00,86.4700712234637,86.4700712234637,85.5599046327518,85.5599046327518,849800.0
2023-01-10 14:30:00,85.5599046327518,86.04462231176048,85.5599046327518,86.04462231176048,279300.0
2023-01-10 14:35:00,86.04462231176048,86.71199210001089,86.04462231176048,86.71199210001089,777000.0
2023-01-10 14:40:00,86.71199210001089,86.71199210001089,85.87314851203494,85.87314851203494,1068900.0
2023-01-10 14:45:00,85.87314851203494,86.31497463748606,85.87314851203494,86.31497463748606,404600.0
2023-01-10 14:50:00,86.31497463748606,87.53736635301804,86.31497463748606,87.53736635301804,466899.99999999994
2023-01-10 14:55:00,87.53736635301804,87.53736635301804,86.18816949850866,86.18816949850866,130199.99999999999
2023-01-10 15:00:00,86.18816949850866,87.39061678150075,86.18816949850866,87.39061678150075,268100.0
2023-01-10 15:05:00,87.39061678150075,87.39061678150075,85.65450372159198,85.65450372159198,449400.0
2023-01-10 15:10:00,85.65450372159198,87.05355324547509,85.65450372159198,87.05355324547509,349300.0
2023-01-10 15:15:00,87.05355324547509,87.86671099419283,87.05355324547509,87.86671099419283,1347500.0
2023-01-10 15:20:00,87.86671099419283,87.86671099419283,84.54310753453049,84.54310753453049,818300.0
2023-01-10 15:25:00,84.54310753453049,86.00882232235375,84.54310753453049,86.00882232235375,359100.0
2023-01-10 15:30:00,86.00882232235375,87.08583051133552,86.00882232235375,87.08583051133552,543200.0
2023-01-10 15:35:00,87.08583051133552,87.08583051133552,86.4770691440694,86.4770691440694,1246000.0
2023-01-10 15:40:00,86.4770691440694,86.96485137999522,86.4770691440694,86.96485137999522,213500.0
2023-01-10 15:45:00,86.96485137999522,86.96485137999522,86.02607388003769,86.02607388003769,72100.0
2023-01-10 15:50:00,86.02607388003769,86.54520628470561,86.02607388003769,86.54520628470561,266000.0
2023-01-10 15:55:00,86.54520628470561,86.54520628470561,86.307485090996,86.307485090996,1313900.0
2023-01-10 16:00:00,86.307485090996,87.4613807907372,86.307485090996,87.4613807907372,322000.0
2023-01-11 09:30:00,87.4613807907372,87.4613807907372,86.61483876775672,86.61483876775672,161000.0
2023-01-11 09:35:00,86.61483876775672,86.65135270058964,86.61483876775672,86.65135270058964,952699.9999999999
2023-01-11 09:40:00,86.65135270058964,86.65135270058964,86.03648585030814,86.03648585030814,944999.9999999999
2023-01-11 09:45:00,86.03648585030814,86.03648585030814,86.02658751986068,86.02658751986068,1147300.0
2023-01-11 09:50:00,86.02658751986068,86.14720667895257,86.02658751986068,86.14720667895257,1208900.0
2023-01-11 09:55:00,86.14720667895257,86.74986949591776,86.14720667895257,86.74986949591776,76300.0
2023-01-11 10:00:00,86.74986949591776,86.74986949591776,86.07649503655121,86.07649503655121,1003099.9999999999
2023-01-11 10:05:00,86.07649503655121,86.67093005472884,86.07649503655121,86.67093005472884,1037399.9999999999
2023-01-11 10:10:00,86.67093005472884,88.34868289716786,86.67093005472884,88.34868289716786,919799.9999999999
2023-01-11 10:15:00,88.34868289716786,88.34868289716786,87.28502299898608,87.28502299898608,1326500.0
2023-01-11 10:20:00,87.28502299898608,87.28502299898608,86.31147052124909,86.31147052124909,360500.0
2023-01-11 10:25:00,86.31147052124909,87.68619059827643,86.31147052124909,87.68619059827643,471099.99999999994
2023-01-11 10:30:00,87.68619059827643,87.68619059827643,86.30673732238412,86.30673732238412,899500.0
2023-01-11 10:35:00,86.30673732238412,86.30673732238412,84.85162820149421,84.85162820149421,676900.0
2023-01-11 10:40:00,84.85162820149421,85.80099731000743,84.85162820149421,85.80099731000743,1397200.0
2023-01-11 10:45:00,85.80099731000743,85.80099731000743,85.0769128874058,85.0769128874058,159600.0
2023-01-11 10:50:00,85.0769128874058,86.4039410896257,85.0769128874058,86.4039410896257,891100.0
2023-01-11 10:55:00,86.4039410896257,86.68076872474673,86.4039410896257,86.68076872474673,156800.0
2023-01-11 11:00:00,86.68076872474673,88.10202174750542,86.68076872474673,88.10202174750542,674100.0
2023-01-11 11:05:00,88.10202174750542,88.10202174750542,86.97446488775175,86.97446488775175,329000.0
2023-01-11 11:10:00,86.97446488775175,86.97446488775175,86.49479623500923,86.49479623500923,1202600.0
2023-01-11 11:15:00,86.49479623500923,87.44223134529052,86.49479623500923,87.44223134529052,627900.0
2023-01-11 11:20:00,87.44223134529052,87.44223134529052,84.79645662944779,84.79645662944779,171500.0
2023-01-11 11:25:00,84.79645662944779,86.96149180442131,84.79645662944779,86.96149180442131,557200.0
2023-01-11 11:30:00,86.96149180442131,87.37494105144395,86.96149180442131,87.37494105144395,107800.0
2023-01-11 11:35:00,87.37494105144395,87.37494105144395,85.45236259292915,85.45236259292915,988399.9999999999
2023-01-11 11:40:00,85.45236259292915,87.74188757115363,85.45236259292915,87.74188757115363,1062600.0
2023-01-11 11:45:00,87.74188757115363,87.74188757115363,87.06082404930721,87.06082404930721,81900.0
2023-01-11 11:50:00,87.06082404930721,87.06082404930721,86.34187660166099,86.34187660166099,564200.0
2023-01-11 11:55:00,86.34187660166099,87.27812306765924,86.34187660166099,87.27812306765924,1102500.0
2023-01-11 12:00:00,87.27812306765924,88.7227871011092,87.27812306765924,88.7227871011092,1393000.0
2023-01-11 12:05:00,88.7227871011092,88.7227871011092,87.00154727101437,87.00154727101437,339500.0
2023-01-11 12:10:00,87.00154727101437,87.10586040439237,87.00154727101437,87.10586040439237,443100.0
2023-01-11 12:15:00,87.10586040439237,87.10586040439237,86.44477642730465,86.44477642730465,1121400.0
2023-01-11 12:20:00,86.44477642730465,86.44477642730465,86.13497139089435,86.13497139089435,942199.9999999999
2023-01-11 12:25:00,86.13497139089435,87.62413798479798,86.13497139089435,87.62413798479798,1005199.9999999999
2023-01-11 12:30:00,87.62413798479798,87.62413798479798,86.17612467809079,86.17612467809079,788900.0
2023-01-11 12:35:00,86.17612467809079,86.93338644475907,86.17612467809079,86.93338644475907,615300.0
2023-01-11 12:40:00,86.93338644475907,86.93338644475907,86.47448336067743,86.47448336067743,724500.0
2023-01-11 12:45:00,86.47448336067743,87.37391096109242,86.47448336067743,87.37391096109242,1117200.0
2023-01-11 12:50:00,87.37391096109242,87.37391096109242,87.34293530139782,87.34293530139782,1168300.0
2023-01-11 12:55:00,87.34293530139782,87.94157379169579,87.34293530139782,87.94157379169579,896000.0
2023-01-11 13:00:00,87.94157379169579,87.94157379169579,86.61980130663335,86.61980130663335,1238300.0
2023-01-11 13:05:00,86.61980130663335,86.93126978659545,86.61980130663335,86.93126978659545,1015699.9999999999
2023-01-11 13:10:00,86.93126978659545,86.93126978659545,86.32710038873863,86.32710038873863,720300.0
2023-01-11 13:15:00,86.32710038873863,86.80980669398437,86.32710038873863,86.80980669398437,837200.0
2023-01-11 13:20:00,86.80980669398437,87.52683943231317,86.80980669398437,87.52683943231317,236599.99999999997
2023-01-11 13:25:00,87.52683943231317,87.85061192600917,87.52683943231317,87.85061192600917,959699.9999999999
2023-01-11 13:30:00,87.85061192600917,87.85061192600917,86.34474408922043,86.34474408922043,900200.0
2023-01-11 13:35:00,86.34474408922043,87.90057516422124,86.34474408922043,87.90057516422124,297500.0
2023-01-11 13:40:00,87.90057516422124,88.26129284479967,87.90057516422124,88.26129284479967,563500.0
2023-01-11 13:45:00,88.26129284479967,88.26129284479967,87.49180560523813,87.49180560523813,944299.9999999999
2023-01-11 13:50:00,87.49180560523813,88.75985975634272,87.49180560523813,88.75985975634272,925399.9999999999
2023-01-11 13:55:00,88.75985975634272,88.75985975634272,86.48472719202378,86.48472719202378,1230600.0
2023-01-11 14:00:00,86.48472719202378,86.48472719202378,86.06878809016733,86.06878809016733,854700.0
2023-01-11 14:05:00,86.06878809016733,86.06878809016733,85.6169834881991,85.6169834881991,537600.0
2023-01-11 14:10:00,85.6169834881991,88.41456990692589,85.6169834881991,88.41456990692589,655900.0
2023-01-11 14:15:00,88.41456990692589,88.41456990692589,87.63116683983924,87.63116683983924,1371300.0
2023-01-11 14:20:00,87.63116683983924,87.63116683983924,87.00914578063755,87.00914578063755,590100.0
2023-01-11 14:25:00,87.00914578063755,87.31486998105876,87.00914578063755,87.31486998105876,671300.0
2023-01-11 14:30:00,87.31486998105876,87.31486998105876,86.02960179713062,86.02960179713062,219100.0
2023-01-11 14:35:00,86.02960179713062,89.1367296443185,86.02960179713062,89.1367296443185,1017799.9999999999
2023-01-11 14:40:00,89.1367296443185,89.1367296443185,87.12646550152462,87.12646550152462,1260000.0
2023-01-11 14:45:00,87.12646550152462,87.12646550152462,87.12488342093589,87.12488342093589,114799.99999999999
2023-01-11 14:50:00,87.12488342093589,87.63289286285955,87.12488342093589,87.63289286285955,1245300.0
2023-01-11 14:55:00,87.63289286285955,87.63289286285955,87.37427755768783,87.37427755768783,774900.0
2023-01-11 15:00:00,87.37427755768783,87.37427755768783,87.17062690368007,87.17062690368007,1194900.0
2023-01-11 15:05:00,87.17062690368007,87.17062690368007,86.2900961460627,86.2900961460627,601300.0
2023-01-11 15:10:00,86.2900961460627,87.37194828332038,86.2900961460627,87.37194828332038,982099.9999999999
2023-01-11 15:15:00,87.37194828332038,88.64450780476638,87.37194828332038,88.64450780476638,1066100.0
2023-01-11 15:20:00,88.64450780476638,88.64450780476638,88.18175666537631,88.18175666537631,618800.0
2023-01-11 15:25:00,88.18175666537631,88.32706152731487,88.18175666537631,88.32706152731487,182700.0
2023-01-11 15:30:00,88.32706152731487,88.32706152731487,86.44296899855135,86.44296899855135,1239000.0
2023-01-11 15:35:00,86.44296899855135,86.44296899855135,85.98456799462274,85.98456799462274,167300.0
2023-01-11 15:40:00,85.98456799462274,86.7400503628338,85.98456799462274,86.7400503628338,1071700.0
2023-01-11 15:45:00,86.7400503628338,86.85165585755921,86.7400503628338,86.85165585755921,1239700.0
2023-01-11 15:50:00,86.85165585755921,87.6931359248737,86.85165585755921,87.6931359248737,208600.0
2023-01-11 15:55:00,87.6931359248737,87.6931359248737,85.16410188536315,85.16410188536315,808500.0
2023-01-11 16:00:00,85.16410188536315,88.05252848757979,85.16410188536315,88.05252848757979,1301300.0
2023-01-12 09:30:00,88.05252848757979,88.05252848757979,86.54514651564746,86.54514651564746,287000.0
2023-01-12 09:35:00,86.54514651564746,86.54514651564746,86.30463027063742,86.30463027063742,833000.0
2023-01-12 09:40:00,86.30463027063742,86.30463027063742,85.77755790819387,85.77755790819387,498399.99999999994
2023-01-12 09:45:00,85.77755790819387,85.77755790819387,85.25198002710981,85.25198002710981,1321600.0
2023-01-12 09:50:00,85.25198002710981,87.41043848720643,85.25198002710981,87.41043848720643,773500.0
2023-01-12 09:55:00,87.41043848720643,87.41043848720643,86.74425332983313,86.74425332983313,993299.9999999999
2023-01-12 10:00:00,86.74425332983313,86.74425332983313,85.56069278481642,85.56069278481642,1351700.0
2023-01-12 10:05:00,85.56069278481642,85.56069278481642,85.56036037985024,85.56036037985024,555800.0
2023-01-12 10:10:00,85.56036037985024,86.40329557154047,85.56036037985024,86.40329557154047,821100.0
2023-01-12 10:15:00,86.40329557154047,88.13329127456329,86.40329557154047,88.13329127456329,1327200.0
2023-01-12 10:20:00,88.13329127456329,88.13329127456329,86.48751357794336,86.48751357794336,304500.0
2023-01-12 10:25:00,86.48751357794336,86.48751357794336,85.40449451429524,85.40449451429524,1323700.0
2023-01-12 10:30:00,85.40449451429524,86.47358760050463,85.40449451429524,86.47358760050463,125999.99999999999
2023-01-12 10:35:00,86.47358760050463,86.47358760050463,86.4059834995925,86.4059834995925,500499.99999999994
2023-01-12 10:40:00,86.4059834995925,86.4059834995925,84.27828199539933,84.27828199539933,812700.0
2023-01-12 10:45:00,84.27828199539933,86.55996468120286,84.27828199539933,86.55996468120286,632100.0
2023-01-12 10:50:00,86.55996468120286,86.55996468120286,86.44802556339502,86.44802556339502,213500.0
2023-01-12 10:55:00,86.44802556339502,87.20201190100293,86.44802556339502,87.20201190100293,674100.0
2023-01-12 11:00:00,87.20201190100293,88.16716619554701,87.20201190100293,88.16716619554701,610400.0
2023-01-12 11:05:00,88.16716619554701,88.16716619554701,87.5321138550477,87.5321138550477,268100.0
2023-01-12 11:10:00,87.5321138550477,87.5321138550477,86.35575312072967,86.35575312072967,415800.0
2023-01-12 11:15:00,86.35575312072967,86.35575312072967,85.58582152266523,85.58582152266523,1264200.0
2023-01-12 11:20:00,85.58582152266523,88.7866486712233,85.58582152266523,88.7866486712233,803600.0
2023-01-12 11:25:00,88.7866486712233,88.7866486712233,86.60719307022889,86.60719307022889,1049300.0
2023-01-12 11:30:00,86.60719307022889,86.61097254761522,86.60719307022889,86.61097254761522,555800.0
2023-01-12 11:35:00,86.61097254761522,86.61097254761522,86.52278635563884,86.52278635563884,826700.0
2023-01-12 11:40:00,86.52278635563884,86.65687957835506,86.52278635563884,86.65687957835506,1178800.0
2023-01-12 11:45:00,86.65687957835506,86.65687957835506,86.42068020287144,86.42068020287144,328300.0
2023-01-12 11:50:00,86.42068020287144,86.42068020287144,85.96983233278743,85.96983233278743,514499.99999999994
2023-01-12 11:55:00,85.96983233278743,85.98373855230983,85.96983233278743,85.98373855230983,1363600.0
2023-01-12 12:00:00,85.98373855230983,86.40424434741452,85.98373855230983,86.40424434741452,1013599.9999999999
2023-01-12 12:05:00,86.40424434741452,86.40424434741452,86.00686571171153,86.00686571171153,420700.0
2023-01-12 12:10:00,86.00686571171153,86.00686571171153,85.78977397212941,85.78977397212941,619500.0
2023-01-12 12:15:00,85.78977397212941,86.50055038461664,85.78977397212941,86.50055038461664,972299.9999999999
2023-01-12 12:20:00,86.50055038461664,86.50055038461664,86.15489402793591,86.15489402793591,1345400.0
2023-01-12 12:25:00,86.15489402793591,87.65103832739788,86.15489402793591,87.65103832739788,392700.0
2023-01-12 12:30:00,87.65103832739788,87.65103832739788,84.05174096225795,84.05174096225795,282800.0
2023-01-12 12:35:00,84.05174096225795,87.33644044577706,84.05174096225795,87.33644044577706,131600.0
2023-01-12 12:40:00,87.33644044577706,87.43841237678711,87.33644044577706,87.43841237678711,510999.99999999994
2023-01-12 12:45:00,87.43841237678711,87.43841237678711,84.57028446510718,84.57028446510718,243599.99999999997
2023-01-12 12:50:00,84.57028446510718,86.11964632713185,84.57028446510718,86.11964632713185,280000.0
2023-01-12 12:55:00,86.11964632713185,86.11964632713185,86.03337091612006,86.03337091612006,965299.9999999999
2023-01-12 13:00:00,86.03337091612006,86.03337091612006,85.22694374515171,85.22694374515171,611800.0
2023-01-12 13:05:00,85.22694374515171,85.73083012304508,85.22694374515171,85.73083012304508,1001699.9999999999
2023-01-12 13:10:00,85.73083012304508,85.73083012304508,85.39844038547523,85.39844038547523,503299.99999999994
2023-01-12 13:15:00,85.39844038547523,87.90928628029228,85.39844038547523,87.90928628029228,362600.0
2023-01-12 13:20:00,87.90928628029228,87.90928628029228,87.16485262015377,87.16485262015377,1153600.0
2023-01-12 13:25:00,87.16485262015377,87.44489812273677,87.16485262015377,87.44489812273677,905800.0
2023-01-12 13:30:00,87.44489812273677,87.44489812273677,87.0343572876669,87.0343572876669,1153600.0
2023-01-12 13:35:00,87.0343572876669,87.0343572876669,85.40482301805368,85.40482301805368,159600.0
2023-01-12 13:40:00,85.40482301805368,85.93079801587638,85.40482301805368,85.93079801587638,1095500.0
2023-01-12 13:45:00,85.93079801587638,86.88454002727414,85.93079801587638,86.88454002727414,320600.0
2023-01-12 13:50:00,86.88454002727414,86.88454002727414,85.3756539586821,85.3756539586821,1221500.0
2023-01-12 13:55:00,85.3756539586821,87.07808776391325,85.3756539586821,87.07808776391325,378000.0
2023-01-12 14:00:00,87.07808776391325,87.07808776391325,86.22162816009244,86.22162816009244,464099.99999999994
2023-01-12 14:05:00,86.22162816009244,86.22162816009244,86.11808208834663,86.11808208834663,990499.9999999999
2023-01-12 14:10:00,86.11808208834663,86.99934990082983,86.11808208834663,86.99934990082983,496999.99999999994
2023-01-12 14:15:00,86.99934990082983,86.99934990082983,86.79854993218164,86.79854993218164,513099.99999999994
2023-01-12 14:20:00,86.79854993218164,86.79854993218164,86.08701785057244,86.08701785057244,877100.0
2023-01-12 14:25:00,86.08701785057244,87.37439504745477,86.08701785057244,87.37439504745477,115499.99999999999
2023-01-12 14:30:00,87.37439504745477,87.37439504745477,85.4396807276469,85.4396807276469,464099.99999999994
2023-01-12 14:35:00,85.4396807276469,86.90717640822032,85.4396807276469,86.90717640822032,989799.9999999999
2023-01-12 14:40:00,86.90717640822032,86.9329073304388,86.90717640822032,86.9329073304388,296800.0
2023-01-12 14:45:00,86.9329073304388,86.9329073304388,86.17373919516533,86.17373919516533,1173200.0
2023-01-12 14:50:00,86.17373919516533,86.71113498951102,86.17373919516533,86.71113498951102,1354500.0
2023-01-12 14:55:00,86.71113498951102,86.71113498951102,85.29444162052204,85.29444162052204,627900.0
2023-01-12 15:00:00,85.29444162052204,87.20802866666732,85.29444162052204,87.20802866666732,395500.0
2023-01-12 15:05:00,87.20802866666732,87.20802866666732,86.27121879295872,86.27121879295872,1106000.0
2023-01-12 15:10:00,86.27121879295872,86.27121879295872,85.96701803965969,85.96701803965969,781900.0
2023-01-12 15:15:00,85.96701803965969,87.30343917469384,85.96701803965969,87.30343917469384,182000.0
2023-01-12 15:20:00,87.30343917469384,87.30343917469384,85.83174461787098,85.83174461787098,1056300.0
2023-01-12 15:25:00,85.83174461787098,85.83174461787098,85.2094545101964,85.2094545101964,366800.0
2023-01-12 15:30:00,85.2094545101964,85.2094545101964,85.09034356093724,85.09034356093724,505399.99999999994
2023-01-12 15:35:00,85.09034356093724,86.85785118992032,85.09034356093724,86.85785118992032,656600.0
2023-01-12 15:40:00,86.85785118992032,86.85785118992032,85.21098934892093,85.21098934892093,943599.9999999999
2023-01-12 15:45:00,85.21098934892093,87.8302553678878,85.21098934892093,87.8302553678878,434000.0
2023-01-12 15:50:00,87.8302553678878,87.8302553678878,84.55135399190532,84.55135399190532,229599.99999999997
2023-01-12 15:55:00,84.55135399190532,87.81923156514709,84.55135399190532,87.81923156514709,1058400.0
2023-01-12 16:00:00,87.81923156514709,87.81923156514709,86.51772627136565,86.51772627136565,805000.0
2023-01-13 09:30:00,86.51772627136565,86.51772627136565,86.31924074325681,86.31924074325681,1162700.0
2023-01-13 09:35:00,86.31924074325681,86.31924074325681,85.93412276489568,85.93412276489568,1252300.0
2023-01-13 09:40:00,85.93412276489568,86.8370736940544,85.93412276489568,86.8370736940544,146300.0
2023-01-13 09:45:00,86.8370736940544,86.8370736940544,86.4638305859155,86.4638305859155,720300.0
2023-01-13 09:50:00,86.4638305859155,87.42997779181643,86.4638305859155,87.42997779181643,758100.0
2023-01-13 09:55:00,87.42997779181643,87.42997779181643,86.5616210575265,86.5616210575265,1065400.0
2023-01-13 10:00:00,86.5616210575265,86.69970202148812,86.5616210575265,86.69970202148812,1028999.9999999999
2023-01-13 10:05:00,86.69970202148812,86.69970202148812,86.29091965046501,86.29091965046501,1047899.9999999999
2023-01-13 10:10:00,86.29091965046501,86.48568896827204,86.29091965046501,86.48568896827204,402500.0
2023-01-13 10:15:00,86.48568896827204,86.88268392481892,86.48568896827204,86.88268392481892,1222200.0
2023-01-13 10:20:00,86.88268392481892,86.88268392481892,85.18354786064846,85.18354786064846,192500.0
2023-01-13 10:25:00,85.18354786064846,85.48553495496908,85.18354786064846,85.48553495496908,1334200.0
2023-01-13 10:30:00,85.48553495496908,87.31964275478339,85.48553495496908,87.31964275478339,142800.0
2023-01-13 10:35:00,87.31964275478339,87.31964275478339,86.80835992701358,86.80835992701358,393400.0
2023-01-13 10:40:00,86.80835992701358,86.80835992701358,86.50316323836303,86.50316323836303,1392300.0
2023-01-13 10:45:00,86.50316323836303,86.65715047568509,86.50316323836303,86.65715047568509,420700.0
2023-01-13 10:50:00,86.65715047568509,86.90211289171216,86.65715047568509,86.90211289171216,1167600.0
2023-01-13 10:55:00,86.90211289171216,86.90211289171216,86.20500598790262,86.20500598790262,832300.0
2023-01-13 11:00:00,86.20500598790262,86.20500598790262,86.00474965389981,86.00474965389981,1271900.0
2023-01-13 11:05:00,86.00474965389981,86.8007193151838,86.00474965389981,86.8007193151838,1124900.0
2023-01-13 11:10:00,86.8007193151838,86.8007193151838,85.81718060252386,85.81718060252386,1086400.0
2023-01-13 11:15:00,85.81718060252386,87.04945217379908,85.81718060252386,87.04945217379908,1392300.0
2023-01-13 11:20:00,87.04945217379908,87.04945217379908,85.29558934340139,85.29558934340139,993299.9999999999
2023-01-13 11:25:00,85.29558934340139,87.66733522224803,85.29558934340139,87.66733522224803,874300.0
2023-01-13 11:30:00,87.66733522224803,87.66733522224803,87.15654229279217,87.15654229279217,1365700.0
2023-01-13 11:35:00,87.15654229279217,87.15654229279217,87.05133568378345,87.05133568378345,1021299.9999999999
2023-01-13 11:40:00,87.05133568378345,87.58489503870945,87.05133568378345,87.58489503870945,280000.0
2023-01-13 11:45:00,87.58489503870945,88.20899416030575,87.58489503870945,88.20899416030575,244999.99999999997
2023-01-13 11:50:00,88.20899416030575,88.20899416030575,87.64983698145457,87.64983698145457,1360800.0
2023-01-13 11:55:00,87.64983698145457,87.64983698145457,85.17566817705429,85.17566817705429,956899.9999999999
2023-01-13 12:00:00,85.17566817705429,85.6835632712062,85.17566817705429,85.6835632712062,941499.9999999999
2023-01-13 12:05:00,85.6835632712062,86.31045805651623,85.6835632712062,86.31045805651623,564900.0
2023-01-13 12:10:00,86.31045805651623,86.89822388753666,86.31045805651623,86.89822388753666,392700.0
2023-01-13 12:15:00,86.89822388753666,87.25760298900428,86.89822388753666,87.25760298900428,1264200.0
2023-01-13 12:20:00,87.25760298900428,87.25760298900428,86.12990882159518,86.12990882159518,1122800.0
2023-01-13 12:25:00,86.12990882159518,86.90619590781495,86.12990882159518,86.90619590781495,387100.0
2023-01-13 12:30:00,86.90619590781495,86.90619590781495,86.09596515043408,86.09596515043408,1203300.0
2023-01-13 12:35:00,86.09596515043408,86.28097074270033,86.09596515043408,86.28097074270033,1123500.0
2023-01-13 12:40:00,86.28097074270033,86.28097074270033,85.56899479058086,85.56899479058086,926799.9999999999
2023-01-13 12:45:00,85.56899479058086,85.90490526935844,85.56899479058086,85.90490526935844,1250900.0
2023-01-13 12:50:00,85.90490526935844,85.90490526935844,85.56270349307326,85.56270349307326,970199.9999999999
2023-01-13 12:55:00,85.56270349307326,85.90056485198284,85.56270349307326,85.90056485198284,639100.0
2023-01-13 13:00:00,85.90056485198284,87.6589270198603,85.90056485198284,87.6589270198603,605500.0
2023-01-13 13:05:00,87.6589270198603,87.6589270198603,85.87702074292996,85.87702074292996,1027599.9999999999
2023-01-13 13:10:00,85.87702074292996,89.02771819465471,85.87702074292996,89.02771819465471,71400.0
2023-01-13 13:15:00,89.02771819465471,89.02771819465471,87.17226044979729,87.17226044979729,1246000.0
2023-01-13 13:20:00,87.17226044979729,87.17226044979729,86.88227215154497,86.88227215154497,494199.99999999994
2023-01-13 13:25:00,86.88227215154497,86.88227215154497,86.01109357827703,86.01109357827703,277200.0
2023-01-13 13:30:00,86.01109357827703,87.38451445138689,86.01109357827703,87.38451445138689,962499.9999999999
2023-01-13 13:35:00,87.38451445138689,87.38451445138689,86.23280627079154,86.23280627079154,466199.99999999994
2023-01-13 13:40:00,86.23280627079154,86.8232115603871,86.23280627079154,86.8232115603871,986999.9999999999
2023-01-13 13:45:00,86.8232115603871,88.94357898475732,86.8232115603871,88.94357898475732,210000.0
2023-01-13 13:50:00,88.94357898475732,88.94357898475732,86.69463025044307,86.69463025044307,134400.0
2023-01-13 13:55:00,86.69463025044307,87.76746252924663,86.69463025044307,87.76746252924663,148400.0
2023-01-13 14:00:00,87.76746252924663,87.76746252924663,86.22043045762591,86.22043045762591,898100.0
2023-01-13 14:05:00,86.22043045762591,86.78990600895217,86.22043045762591,86.78990600895217,154000.0
2023-01-13 14:10:00,86.78990600895217,88.35740406079766,86.78990600895217,88.35740406079766,1059100.0
2023-01-13 14:15:00,88.35740406079766,88.35740406079766,86.28571769137753,86.28571769137753,1214500.0
2023-01-13 14:20:00,86.28571769137753,88.43311156536808,86.28571769137753,88.43311156536808,468999.99999999994
2023-01-13 14:25:00,88.43311156536808,88.43311156536808,87.47833229866163,87.47833229866163,329000.0
2023-01-13 14:30:00,87.47833229866163,87.47833229866163,86.35081085148585,86.35081085148585,224700.0
2023-01-13 14:35:00,86.35081085148585,87.34327860274638,86.35081085148585,87.34327860274638,410900.0
2023-01-13 14:40:00,87.34327860274638,87.6663231092625,87.34327860274638,87.6663231092625,526400.0
2023-01-13 14:45:00,87.6663231092625,87.6663231092625,87.37271388706235,87.37271388706235,1093400.0
2023-01-13 14:50:00,87.37271388706235,87.37271388706235,85.42262403042903,85.42262403042903,79800.0
2023-01-13 14:55:00,85.42262403042903,86.09337825029372,85.42262403042903,86.09337825029372,213500.0
2023-01-13 15:00:00,86.09337825029372,86.45954414527547,86.09337825029372,86.45954414527547,868700.0
2023-01-13 15:05:00,86.45954414527547,86.62472419321783,86.45954414527547,86.62472419321783,113400.0
2023-01-13 15:10:00,86.62472419321783,87.23599751751003,86.62472419321783,87.23599751751003,493499.99999999994
2023-01-13 15:15:00,87.23599751751003,87.23599751751003,86.86433901386583,86.86433901386583,254099.99999999997
2023-01-13 15:20:00,86.86433901386583,86.86433901386583,85.54183527849179,85.54183527849179,1346100.0
2023-01-13 15:25:00,85.54183527849179,86.97812334552292,85.54183527849179,86.97812334552292,1268400.0
2023-01-13 15:30:00,86.97812334552292,87.21052984994823,86.97812334552292,87.21052984994823,295400.0
2023-01-13 15:35:00,87.21052984994823,87.21052984994823,87.19620743606593,87.19620743606593,555100.0
2023-01-13 15:40:00,87.19620743606593,87.62163148264041,87.19620743606593,87.62163148264041,1303400.0
2023-01-13 15:45:00,87.62163148264041,87.62163148264041,87.45731950135485,87.45731950135485,482999.99999999994
2023-01-13 15:50:00,87.45731950135485,87.45731950135485,87.16347718331268,87.16347718331268,528500.0
2023-01-13 15:55:00,87.16347718331268,87.16347718331268,86.66101978857775,86.66101978857775,410900.0
2023-01-13 16:00:00,86.66101978857775,86.66101978857775,85.27433378969253,85.27433378969253,521499.99999999994
2023-01-16 09:30:00,85.27433378969253,87.10317452490698,85.27433378969253,87.10317452490698,992599.9999999999
2023-01-16 09:35:00,87.10317452490698,87.10317452490698,86.90427925113165,86.90427925113165,82600.0
2023-01-16 09:40:00,86.90427925113165,86.90427925113165,86.88618753057725,86.88618753057725,664300.0
2023-01-16 09:45:00,86.88618753057725,86.88618753057725,85.53635002189772,85.53635002189772,1046499.9999999999
2023-01-16 09:50:00,85.53635002189772,85.75805365766392,85.53635002189772,85.75805365766392,1135400.0
2023-01-16 09:55:00,85.75805365766392,87.53091621156524,85.75805365766392,87.53091621156524,893200.0
2023-01-16 10:00:00,87.53091621156524,87.53091621156524,86.57819369846462,86.57819369846462,189000.0
2023-01-16 10:05:00,86.57819369846462,87.14739432899333,86.57819369846462,87.14739432899333,1155700.0
2023-01-16 10:10:00,87.14739432899333,87.14739432899333,86.63293736204197,86.63293736204197,949899.9999999999
2023-01-16 10:15:00,86.63293736204197,86.64886146062639,86.63293736204197,86.64886146062639,711900.0
2023-01-16 10:20:00,86.64886146062639,87.38141122851549,86.64886146062639,87.38141122851549,613200.0
2023-01-16 10:25:00,87.38141122851549,87.38141122851549,86.08770763103891,86.08770763103891,848400.0
2023-01-16 10:30:00,86.08770763103891,86.6059223599603,86.08770763103891,86.6059223599603,291900.0
2023-01-16 10:35:00,86.6059223599603,86.6059223599603,86.03547994741086,86.03547994741086,772100.0
2023-01-16 10:40:00,86.03547994741086,86.03547994741086,86.00431408167077,86.00431408167077,1260000.0
2023-01-16 10:45:00,86.00431408167077,86.10478655298286,86.00431408167077,86.10478655298286,1232700.0
2023-01-16 10:50:00,86.10478655298286,86.58837617110213,86.10478655298286,86.58837617110213,929599.9999999999
2023-01-16 10:55:00,86.58837617110213,86.58837617110213,85.9880483976267,85.9880483976267,280000.0
2023-01-16 11:00:00,85.9880483976267,87.50199423001729,85.9880483976267,87.50199423001729,1067500.0
2023-01-16 11:05:00,87.50199423001729,87.50199423001729,85.63761726379765,85.63761726379765,1325100.0
2023-01-16 11:10:00,85.63761726379765,86.25078456532879,85.63761726379765,86.25078456532879,1190700.0
2023-01-16 11:15:00,86.25078456532879,86.25078456532879,86.00579897707242,86.00579897707242,1281700.0
2023-01-16 11:20:00,86.00579897707242,87.58698455289344,86.00579897707242,87.58698455289344,100100.0
2023-01-16 11:25:00,87.58698455289344,87.58698455289344,86.49087390260887,86.49087390260887,126699.99999999999
2023-01-16 11:30:00,86.49087390260887,87.24169430442214,86.49087390260887,87.24169430442214,683200.0
2023-01-16 11:35:00,87.24169430442214,87.24169430442214,85.07981909495714,85.07981909495714,1188600.0
2023-01-16 11:40:00,85.07981909495714,86.59096172208201,85.07981909495714,86.59096172208201,1038799.9999999999
2023-01-16 11:45:00,86.59096172208201,87.17184649028006,86.59096172208201,87.17184649028006,564200.0
2023-01-16 11:50:00,87.17184649028006,87.17184649028006,86.48380435834805,86.48380435834805,900200.0
2023-01-16 11:55:00,86.48380435834805,87.28859008557517,86.48380435834805,87.28859008557517,429800.0
2023-01-16 12:00:00,87.28859008557517,87.28859008557517,85.92761236286476,85.92761236286476,237299.99999999997
2023-01-16 12:05:00,85.92761236286476,87.52232366903309,85.92761236286476,87.52232366903309,679000.0
2023-01-16 12:10:00,87.52232366903309,88.22546594296384,87.52232366903309,88.22546594296384,1224300.0
2023-01-16 12:15:00,88.22546594296384,88.22546594296384,85.87038792809626,85.87038792809626,181300.0
2023-01-16 12:20:00,85.87038792809626,85.87038792809626,85.82230384871079,85.82230384871079,1005899.9999999999
2023-01-16 12:25:00,85.82230384871079,87.49160756583585,85.82230384871079,87.49160756583585,604100.0
2023-01-16 12:30:00,87.49160756583585,87.562318126898,87.49160756583585,87.562318126898,644000.0
2023-01-16 12:35:00,87.562318126898,87.562318126898,85.78152883742051,85.78152883742051,189000.0
2023-01-16 12:40:00,85.78152883742051,85.90753241494883,85.78152883742051,85.90753241494883,184800.0
2023-01-16 12:45:00,85.90753241494883,85.975460645356,85.90753241494883,85.975460645356,237999.99999999997
2023-01-16 12:50:00,85.975460645356,85.975460645356,85.057145223107,85.057145223107,862400.0
2023-01-16 12:55:00,85.057145223107,85.47394518255781,85.057145223107,85.47394518255781,854000.0
2023-01-16 13:00:00,85.47394518255781,85.47394518255781,85.31465303531176,85.31465303531176,277900.0
2023-01-16 13:05:00,85.31465303531176,85.56443063172954,85.31465303531176,85.56443063172954,855400.0
2023-01-16 13:10:00,85.56443063172954,86.24093641585864,85.56443063172954,86.24093641585864,207200.0
2023-01-16 13:15:00,86.24093641585864,86.45516385619308,86.24093641585864,86.45516385619308,1371300.0
2023-01-16 13:20:00,86.45516385619308,87.58874390133903,86.45516385619308,87.58874390133903,247099.99999999997
2023-01-16 13:25:00,87.58874390133903,87.58874390133903,85.4351737090805,85.4351737090805,1363600.0
2023-01-16 13:30:00,85.4351737090805,87.10335700317314,85.4351737090805,87.10335700317314,562800.0
2023-01-16 13:35:00,87.10335700317314,87.10335700317314,86.068022752454,86.068022752454,761600.0
2023-01-16 13:40:00,86.068022752454,86.22895298360463,86.068022752454,86.22895298360463,282100.0
2023-01-16 13:45:00,86.22895298360463,86.88019893381276,86.22895298360463,86.88019893381276,231699.99999999997
2023-01-16 13:50:00,86.88019893381276,86.88019893381276,85.30979449207142,85.30979449207142,285600.0
2023-01-16 13:55:00,85.30979449207142,86.68439372980565,85.30979449207142,86.68439372980565,1194200.0
2023-01-16 14:00:00,86.68439372980565,86.68439372980565,86.46321406035095,86.46321406035095,1290100.0
2023-01-16 14:05:00,86.46321406035095,86.70509489744752,86.46321406035095,86.70509489744752,648900.0
2023-01-16 14:10:00,86.70509489744752,86.70509489744752,86.45415873234161,86.45415873234161,1341900.0
2023-01-16 14:15:00,86.45415873234161,88.26516599705228,86.45415873234161,88.26516599705228,1264200.0
2023-01-16 14:20:00,88.26516599705228,88.26516599705228,85.59433312489462,85.59433312489462,171500.0
2023-01-16 14:25:00,85.59433312489462,85.6663352869341,85.59433312489462,85.6663352869341,678300.0
2023-01-16 14:30:00,85.6663352869341,85.6663352869341,85.61249847782481,85.61249847782481,486499.99999999994
2023-01-16 14:35:00,85.61249847782481,85.67364436918068,85.61249847782481,85.67364436918068,108500.0
2023-01-16 14:40:00,85.67364436918068,85.67364436918068,85.57676400296069,85.57676400296069,588000.0
2023-01-16 14:45:00,85.57676400296069,87.20883184434342,85.57676400296069,87.20883184434342,1372700.0
2023-01-16 14:50:00,87.20883184434342,87.41253474985777,87.20883184434342,87.41253474985777,508899.99999999994
2023-01-16 14:55:00,87.41253474985777,87.41253474985777,85.70966102264266,85.70966102264266,563500.0
2023-01-16 15:00:00,85.70966102264266,85.70966102264266,85.51995330585294,85.51995330585294,921199.9999999999
2023-01-16 15:05:00,85.51995330585294,86.61655103618136,85.51995330585294,86.61655103618136,1017099.9999999999
2023-01-16 15:10:00,86.61655103618136,86.61655103618136,85.68110293175741,85.68110293175741,170100.0
2023-01-16 15:15:00,85.68110293175741,86.772469456918,85.68110293175741,86.772469456918,695100.0
2023-01-16 15:20:00,86.772469456918,86.772469456918,86.43482409156853,86.43482409156853,584500.0
2023-01-16 15:25:00,86.43482409156853,86.43482409156853,84.88034905226547,84.88034905226547,582400.0
2023-01-16 15:30:00,84.88034905226547,87.50714997312652,84.88034905226547,87.50714997312652,478099.99999999994
2023-01-16 15:35:00,87.50714997312652,87.71627841905773,87.50714997312652,87.71627841905773,1269100.0
2023-01-16 15:40:00,87.71627841905773,87.71627841905773,85.69122078423442,85.69122078423442,869400.0
2023-01-16 15:45:00,85.69122078423442,85.93182597689471,85.69122078423442,85.93182597689471,1182300.0
2023-01-16 15:50:00,85.93182597689471,86.54710925796644,85.93182597689471,86.54710925796644,342300.0
2023-01-16 15:55:00,86.54710925796644,86.58053137389909,86.54710925796644,86.58053137389909,138600.0
2023-01-16 16:00:00,86.58053137389909,86.84543276638455,86.58053137389909,86.84543276638455,1365700.0
2023-01-17 09:30:00,86.84543276638455,87.9760269113927,86.84543276638455,87.9760269113927,1010099.9999999999
2023-01-17 09:35:00,87.9760269113927,87.9760269113927,86.07835831726656,86.07835831726656,186200.0
2023-01-17 09:40:00,86.07835831726656,86.07835831726656,85.50215756631953,85.50215756631953,568400.0
2023-01-17 09:45:00,85.50215756631953,85.50215756631953,84.95981262144406,84.95981262144406,1374100.0
2023-01-17 09:50:00,84.95981262144406,85.50924534144062,84.95981262144406,85.50924534144062,1059100.0
2023-01-17 09:55:00,85.50924534144062,86.113786025703,85.50924534144062,86.113786025703,1052100.0
2023-01-17 10:00:00,86.113786025703,87.70600778089843,86.113786025703,87.70600778089843,179900.0
2023-01-17 10:05:00,87.70600778089843,87.70600778089843,85.76930129271621,85.76930129271621,553000.0
2023-01-17 10:10:00,85.76930129271621,86.40656316794262,85.76930129271621,86.40656316794262,255499.99999999997
2023-01-17 10:15:00,86.40656316794262,86.40656316794262,86.2341276131401,86.2341276131401,557900.0
2023-01-17 10:20:00,86.2341276131401,87.2499652243688,86.2341276131401,87.2499652243688,891100.0
2023-01-17 10:25:00,87.2499652243688,88.45500512916348,87.2499652243688,88.45500512916348,819000.0
2023-01-17 10:30:00,88.45500512916348,88.45500512916348,85.74197847450891,85.74197847450891,93800.0
2023-01-17 10:35:00,85.74197847450891,85.76052049065532,85.74197847450891,85.76052049065532,272300.0
2023-01-17 10:40:00,85.76052049065532,87.12847963895993,85.76052049065532,87.12847963895993,658000.0
2023-01-17 10:45:00,87.12847963895993,87.12847963895993,86.823459157643,86.823459157643,295400.0
2023-01-17 10:50:00,86.823459157643,87.87734918899301,86.823459157643,87.87734918899301,934499.9999999999
2023-01-17 10:55:00,87.87734918899301,87.87734918899301,86.82595215416099,86.82595215416099,780500.0
2023-01-17 11:00:00,86.82595215416099,86.82595215416099,85.94742554480625,85.94742554480625,1017099.9999999999
2023-01-17 11:05:00,85.94742554480625,86.72471011499819,85.94742554480625,86.72471011499819,1179500.0
2023-01-17 11:10:00,86.72471011499819,87.17584319764664,86.72471011499819,87.17584319764664,1302000.0
2023-01-17 11:15:00,87.17584319764664,87.17584319764664,86.97268298243682,86.97268298243682,508899.99999999994
2023-01-17 11:20:00,86.97268298243682,86.97268298243682,86.75562994558155,86.75562994558155,1355200.0
2023-01-17 11:25:00,86.75562994558155,87.30896911824965,86.75562994558155,87.30896911824965,718200.0
2023-01-17 11:30:00,87.30896911824965,87.35471541556916,87.30896911824965,87.35471541556916,362600.0
2023-01-17 11:35:00,87.35471541556916,87.6016580560884,87.35471541556916,87.6016580560884,101500.0
2023-01-17 11:40:00,87.6016580560884,87.6016580560884,86.93053589225582,86.93053589225582,123199.99999999999
2023-01-17 11:45:00,86.93053589225582,86.93053589225582,86.28547316006042,86.28547316006042,1048600.0
2023-01-17 11:50:00,86.28547316006042,86.5494350366418,86.28547316006042,86.5494350366418,1295000.0
2023-01-17 11:55:00,86.5494350366418,87.45647957337312,86.5494350366418,87.45647957337312,851900.0
2023-01-17 12:00:00,87.45647957337312,87.45647957337312,85.73921058652282,85.73921058652282,237299.99999999997
2023-01-17 12:05:00,85.73921058652282,86.76076136567218,85.73921058652282,86.76076136567218,236599.99999999997
2023-01-17 12:10:00,86.76076136567218,86.76076136567218,86.08590592882271,86.08590592882271,487199.99999999994
2023-01-17 12:15:00,86.08590592882271,86.50609553745541,86.08590592882271,86.50609553745541,279300.0
2023-01-17 12:20:00,86.50609553745541,87.67235898790774,86.50609553745541,87.67235898790774,324100.0
2023-01-17 12:25:00,87.67235898790774,87.67235898790774,86.67209118197223,86.67209118197223,1094800.0
2023-01-17 12:30:00,86.67209118197223,86.67209118197223,86.60627865099936,86.60627865099936,736400.0
2023-01-17 12:35:00,86.60627865099936,86.60627865099936,85.38578361624494,85.38578361624494,1242500.0
2023-01-17 12:40:00,85.38578361624494,87.19055956469704,85.38578361624494,87.19055956469704,650300.0
2023-01-17 12:45:00,87.19055956469704,87.19055956469704,87.11750152663103,87.11750152663103,270200.0
2023-01-17 12:50:00,87.11750152663103,88.46605641192642,87.11750152663103,88.46605641192642,611100.0
2023-01-17 12:55:00,88.46605641192642,88.46605641192642,86.34636480356505,86.34636480356505,1164800.0
2023-01-17 13:00:00,86.34636480356505,86.76020167269051,86.34636480356505,86.76020167269051,1291500.0
2023-01-17 13:05:00,86.76020167269051,86.76020167269051,86.75648089569616,86.75648089569616,182700.0
2023-01-17 13:10:00,86.75648089569616,87.89921281251728,86.75648089569616,87.89921281251728,1120700.0
2023-01-17 13:15:00,87.89921281251728,87.89921281251728,86.40854233947938,86.40854233947938,1298500.0
2023-01-17 13:20:00,86.40854233947938,86.7195633141435,86.40854233947938,86.7195633141435,652400.0
2023-01-17 13:25:00,86.7195633141435,86.99970345189797,86.7195633141435,86.99970345189797,158200.0
2023-01-17 13:30:00,86.99970345189797,86.99970345189797,86.6256746459372,86.6256746459372,163100.0
2023-01-17 13:35:00,86.6256746459372,86.6256746459372,86.07232473652851,86.07232473652851,1085000.0
2023-01-17 13:40:00,86.07232473652851,86.66281606797544,86.07232473652851,86.66281606797544,923999.9999999999
2023-01-17 13:45:00,86.66281606797544,87.37467979200196,86.66281606797544,87.37467979200196,355600.0
2023-01-17 13:50:00,87.37467979200196,87.37467979200196,85.60598873969735,85.60598873969735,186200.0
2023-01-17 13:55:00,85.60598873969735,86.57687263340749,85.60598873969735,86.57687263340749,460599.99999999994
2023-01-17 14:00:00,86.57687263340749,86.57687263340749,85.94373453858516,85.94373453858516,1157100.0
2023-01-17 14:05:00,85.94373453858516,87.59547218505217,85.94373453858516,87.59547218505217,496299.99999999994
2023-01-17 14:10:00,87.59547218505217,87.59547218505217,85.28048136855337,85.28048136855337,595000.0
2023-01-17 14:15:00,85.28048136855337,86.11329614800198,85.28048136855337,86.11329614800198,754600.0
2023-01-17 14:20:00,86.11329614800198,86.9416586969782,86.11329614800198,86.9416586969782,917000.0
2023-01-17 14:25:00,86.9416586969782,87.9344077177769,86.9416586969782,87.9344077177769,540400.0
2023-01-17 14:30:00,87.9344077177769,87.9344077177769,86.46899665443469,86.46899665443469,1192100.0
2023-01-17 14:35:00,86.46899665443469,86.46899665443469,86.0178202008028,86.0178202008028,1180900.0
2023-01-17 14:40:00,86.0178202008028,88.2264577678874,86.0178202008028,88.2264577678874,702800.0
2023-01-17 14:45:00,88.2264577678874,88.2264577678874,85.35359967761711,85.35359967761711,630000.0
2023-01-17 14:50:00,85.35359967761711,85.35359967761711,84.64184607401754,84.64184607401754,324800.0
2023-01-17 14:55:00,84.64184607401754,86.86211621801564,84.64184607401754,86.86211621801564,219800.0
2023-01-17 15:00:00,86.86211621801564,86.86211621801564,86.04373458230516,86.04373458230516,172900.0
2023-01-17 15:05:00,86.04373458230516,86.04373458230516,85.65984520460496,85.65984520460496,1330000.0
2023-01-17 15:10:00,85.65984520460496,87.16676425665044,85.65984520460496,87.16676425665044,163100.0
2023-01-17 15:15:00,87.16676425665044,87.16676425665044,86.65307486683737,86.65307486683737,1085000.0
2023-01-17 15:20:00,86.65307486683737,86.65307486683737,85.9100381554832,85.9100381554832,1185100.0
2023-01-17 15:25:00,85.9100381554832,85.9100381554832,85.34981573492954,85.34981573492954,1380400.0
2023-01-17 15:30:00,85.34981573492954,87.21005611387419,85.34981573492954,87.21005611387419,961099.9999999999
2023-01-17 15:35:00,87.21005611387419,87.21005611387419,87.01943738633915,87.01943738633915,1399300.0
2023-01-17 15:40:00,87.01943738633915,87.01943738633915,86.42480185567426,86.42480185567426,273000.0
2023-01-17 15:45:00,86.42480185567426,88.10109681557651,86.42480185567426,88.10109681557651,772800.0
2023-01-17 15:50:00,88.10109681557651,88.10109681557651,85.61463844770871,85.61463844770871,728700.0
2023-01-17 15:55:00,85.61463844770871,85.61463844770871,85.27072736545183,85.27072736545183,1099700.0
2023-01-17 16:00:00,85.27072736545183,86.00115244363101,85.27072736545183,86.00115244363101,834400.0
2023-01-18 09:30:00,86.00115244363101,86.5086659291969,86.00115244363101,86.5086659291969,1112300.0
2023-01-18 09:35:00,86.5086659291969,86.7551766996993,86.5086659291969,86.7551766996993,212800.0
2023-01-18 09:40:00,86.7551766996993,86.7551766996993,86.29357078680667,86.29357078680667,214200.0
2023-01-18 09:45:00,86.29357078680667,86.73517862992942,86.29357078680667,86.73517862992942,197400.0
2023-01-18 09:50:00,86.73517862992942,86.73517862992942,85.28224001348073,85.28224001348073,803600.0
2023-01-18 09:55:00,85.28224001348073,87.65456188856928,85.28224001348073,87.65456188856928,1339800.0
2023-01-18 10:00:00,87.65456188856928,87.65456188856928,86.36098631582787,86.36098631582787,1111600.0
2023-01-18 10:05:00,86.36098631582787,87.46268695088725,86.36098631582787,87.46268695088725,764400.0
2023-01-18 10:10:00,87.46268695088725,87.46268695088725,86.79419554907332,86.79419554907332,853300.0
2023-01-18 10:15:00,86.79419554907332,86.89170355636406,86.79419554907332,86.89170355636406,1197000.0
2023-01-18 10:20:00,86.89170355636406,86.9247912583218,86.89170355636406,86.9247912583218,177100.0
2023-01-18 10:25:00,86.9247912583218,86.9247912583218,86.82913700942915,86.82913700942915,863100.0
2023-01-18 10:30:00,86.82913700942915,86.95573878837146,86.82913700942915,86.95573878837146,855400.0
2023-01-18 10:35:00,86.95573878837146,87.52398272198894,86.95573878837146,87.52398272198894,1227800.0
2023-01-18 10:40:00,87.52398272198894,87.52398272198894,86.62699168551445,86.62699168551445,1328600.0
2023-01-18 10:45:00,86.62699168551445,86.99401482178581,86.62699168551445,86.99401482178581,1029699.9999999999
2023-01-18 10:50:00,86.99401482178581,86.99401482178581,86.2986141975563,86.2986141975563,503999.99999999994
2023-01-18 10:55:00,86.2986141975563,87.68094025145888,86.2986141975563,87.68094025145888,701400.0
2023-01-18 11:00:00,87.68094025145888,87.68094025145888,85.87925111567192,85.87925111567192,649600.0
2023-01-18 11:05:00,85.87925111567192,87.96737355972587,85.87925111567192,87.96737355972587,793100.0
2023-01-18 11:10:00,87.96737355972587,87.96737355972587,86.37808276198945,86.37808276198945,749000.0
2023-01-18 11:15:00,86.37808276198945,86.37808276198945,85.20946525379559,85.20946525379559,950599.9999999999
2023-01-18 11:20:00,85.20946525379559,86.55159872672293,85.20946525379559,86.55159872672293,72100.0
2023-01-18 11:25:00,86.55159872672293,86.55159872672293,85.79710279025983,85.79710279025983,868000.0
2023-01-18 11:30:00,85.79710279025983,87.1986471880056,85.79710279025983,87.1986471880056,1315300.0
2023-01-18 11:35:00,87.1986471880056,87.1986471880056,85.92810175157699,85.92810175157699,72100.0
2023-01-18 11:40:00,85.92810175157699,86.06826566281644,85.92810175157699,86.06826566281644,648900.0
2023-01-18 11:45:00,86.06826566281644,86.06826566281644,84.84996880906372,84.84996880906372,1234800.0
2023-01-18 11:50:00,84.84996880906372,86.06843934042975,84.84996880906372,86.06843934042975,986299.9999999999
2023-01-18 11:55:00,86.06843934042975,86.06843934042975,84.39237118334995,84.39237118334995,1371300.0
2023-01-18 12:00:00,84.39237118334995,85.11332679311941,84.39237118334995,85.11332679311941,1027599.9999999999
2023-01-18 12:05:00,85.11332679311941,87.08853054944618,85.11332679311941,87.08853054944618,403200.0
2023-01-18 12:10:00,87.08853054944618,87.08853054944618,87.07342417186841,87.07342417186841,1035299.9999999999
2023-01-18 12:15:00,87.07342417186841,87.07342417186841,86.73279542279623,86.73279542279623,944299.9999999999
2023-01-18 12:20:00,86.73279542279623,86.73279542279623,85.47663472081565,85.47663472081565,961799.9999999999
2023-01-18 12:25:00,85.47663472081565,86.28066561242908,85.47663472081565,86.28066561242908,1206100.0
2023-01-18 12:30:00,86.28066561242908,86.288632922943,86.28066561242908,86.288632922943,102900.0
2023-01-18 12:35:00,86.288632922943,86.288632922943,85.27140739893188,85.27140739893188,233799.99999999997
2023-01-18 12:40:00,85.27140739893188,87.59918742924175,85.27140739893188,87.59918742924175,109200.0
2023-01-18 12:45:00,87.59918742924175,87.59918742924175,87.03219106401538,87.03219106401538,623000.0
2023-01-18 12:50:00,87.03219106401538,87.03219106401538,86.09553626858111,86.09553626858111,1045099.9999999999
2023-01-18 12:55:00,86.09553626858111,86.3252025471339,86.09553626858111,86.3252025471339,590100.0
2023-01-18 13:00:00,86.3252025471339,86.52253915097478,86.3252025471339,86.52253915097478,1365000.0
2023-01-18 13:05:00,86.52253915097478,86.52253915097478,84.616122778018,84.616122778018,494899.99999999994
2023-01-18 13:10:00,84.616122778018,86.146874965282,84.616122778018,86.146874965282,1126300.0
2023-01-18 13:15:00,86.146874965282,86.146874965282,85.77684770977835,85.77684770977835,1205400.0
2023-01-18 13:20:00,85.77684770977835,85.77684770977835,85.53407454810726,85.53407454810726,1103900.0
2023-01-18 13:25:00,85.53407454810726,86.10737607227476,85.53407454810726,86.10737607227476,624400.0
2023-01-18 13:30:00,86.10737607227476,87.86171383914468,86.10737607227476,87.86171383914468,1059100.0
2023-01-18 13:35:00,87.86171383914468,87.86171383914468,86.80858211789267,86.80858211789267,1339100.0
2023-01-18 13:40:00,86.80858211789267,86.80858211789267,85.85363800735891,85.85363800735891,317800.0
2023-01-18 13:45:00,85.85363800735891,86.81534656493734,85.85363800735891,86.81534656493734,898800.0
2023-01-18 13:50:00,86.81534656493734,87.47098653969188,86.81534656493734,87.47098653969188,281400.0
2023-01-18 13:55:00,87.47098653969188,87.47098653969188,87.077911358697,87.077911358697,410900.0
2023-01-18 14:00:00,87.077911358697,87.077911358697,86.36110520700109,86.36110520700109,1148000.0
2023-01-18 14:05:00,86.36110520700109,86.36110520700109,85.74570439100624,85.74570439100624,438200.0
2023-01-18 14:10:00,85.74570439100624,86.93526291450803,85.74570439100624,86.93526291450803,754600.0
2023-01-18 14:15:00,86.93526291450803,86.93526291450803,86.76664682912859,86.76664682912859,1347500.0
2023-01-18 14:20:00,86.76664682912859,87.23622470820453,86.76664682912859,87.23622470820453,1044399.9999999999
2023-01-18 14:25:00,87.23622470820453,87.23622470820453,87.07155187384168,87.07155187384168,728000.0
2023-01-18 14:30:00,87.07155187384168,87.53763448999162,87.07155187384168,87.53763448999162,947799.9999999999
2023-01-18 14:35:00,87.53763448999162,87.53763448999162,86.18758159975866,86.18758159975866,1171800.0
2023-01-18 14:40:00,86.18758159975866,87.77216898054854,86.18758159975866,87.77216898054854,927499.9999999999
2023-01-18 14:45:00,87.77216898054854,87.77216898054854,86.81165486061569,86.81165486061569,1136100.0
2023-01-18 14:50:00,86.81165486061569,88.47206919603224,86.81165486061569,88.47206919603224,464099.99999999994
2023-01-18 14:55:00,88.47206919603224,88.47206919603224,86.02874928256063,86.02874928256063,742700.0
2023-01-18 15:00:00,86.02874928256063,88.03494210524617,86.02874928256063,88.03494210524617,1075900.0
2023-01-18 15:05:00,88.03494210524617,88.03494210524617,86.69056583929665,86.69056583929665,1136800.0
2023-01-18 15:10:00,86.69056583929665,86.69056583929665,85.99442616482698,85.99442616482698,1141000.0
2023-01-18 15:15:00,85.99442616482698,86.18320234035482,85.99442616482698,86.18320234035482,929599.9999999999
2023-01-18 15:20:00,86.18320234035482,86.30904621171842,86.18320234035482,86.30904621171842,310100.0
2023-01-18 15:25:00,86.30904621171842,86.9903464779592,86.30904621171842,86.9903464779592,834400.0
2023-01-18 15:30:00,86.9903464779592,87.10356791712157,86.9903464779592,87.10356791712157,560000.0
2023-01-18 15:35:00,87.10356791712157,87.10356791712157,86.16367228444587,86.16367228444587,280700.0
2023-01-18 15:40:00,86.16367228444587,86.62721428477417,86.16367228444587,86.62721428477417,1382500.0
2023-01-18 15:45:00,86.62721428477417,88.55061811053285,86.62721428477417,88.55061811053285,253399.99999999997
2023-01-18 15:50:00,88.55061811053285,88.55061811053285,88.20820955299949,88.20820955299949,686700.0
2023-01-18 15:55:00,88.20820955299949,88.20820955299949,87.06293291650618,87.06293291650618,1034599.9999999999
2023-01-18 16:00:00,87.06293291650618,87.06293291650618,86.7849714908319,86.7849714908319,944999.9999999999
2023-01-19 09:30:00,86.7849714908319,86.83543266613177,86.7849714908319,86.83543266613177,345100.0
2023-01-19 09:35:00,86.83543266613177,87.2516923670622,86.83543266613177,87.2516923670622,874300.0
2023-01-19 09:40:00,87.2516923670622,87.2516923670622,85.87799983316013,85.87799983316013,882000.0
2023-01-19 09:45:00,85.87799983316013,86.51784131284785,85.87799983316013,86.51784131284785,266000.0
2023-01-19 09:50:00,86.51784131284785,86.51784131284785,85.30849824957122,85.30849824957122,1110200.0
2023-01-19 09:55:00,85.30849824957122,87.1369211795398,85.30849824957122,87.1369211795398,400400.0
2023-01-19 10:00:00,87.1369211795398,87.31665230913251,87.1369211795398,87.31665230913251,979999.9999999999
2023-01-19 10:05:00,87.31665230913251,87.31665230913251,86.31074847417634,86.31074847417634,633500.0
2023-01-19 10:10:00,86.31074847417634,88.19239810899204,86.31074847417634,88.19239810899204,256899.99999999997
2023-01-19 10:15:00,88.19239810899204,88.19239810899204,85.73014495713159,85.73014495713159,572600.0
2023-01-19 10:20:00,85.73014495713159,85.73014495713159,85.57005396338326,85.57005396338326,79100.0
2023-01-19 10:25:00,85.57005396338326,86.99328290592102,85.57005396338326,86.99328290592102,219800.0
2023-01-19 10:30:00,86.99328290592102,87.79398341710875,86.99328290592102,87.79398341710875,833000.0
2023-01-19 10:35:00,87.79398341710875,88.2945558090542,87.79398341710875,88.2945558090542,1250200.0
2023-01-19 10:40:00,88.2945558090542,88.2945558090542,86.48247408746317,86.48247408746317,688100.0
2023-01-19 10:45:00,86.48247408746317,87.88552543199273,86.48247408746317,87.88552543199273,230999.99999999997
2023-01-19 10:50:00,87.88552543199273,87.88552543199273,86.91634486149748,86.91634486149748,1354500.0
2023-01-19 10:55:00,86.91634486149748,86.91634486149748,86.81130191938965,86.81130191938965,1342600.0
2023-01-19 11:00:00,86.81130191938965,87.76794073581436,86.81130191938965,87.76794073581436,814800.0
2023-01-19 11:05:00,87.76794073581436,87.76794073581436,87.47761331041711,87.47761331041711,599900.0
2023-01-19 11:10:00,87.47761331041711,87.47761331041711,85.57796464193265,85.57796464193265,92400.0
2023-01-19 11:15:00,85.57796464193265,88.15126266554782,85.57796464193265,88.15126266554782,937299.9999999999
2023-01-19 11:20:00,88.15126266554782,88.15126266554782,88.08428914816042,88.08428914816042,517299.99999999994
2023-01-19 11:25:00,88.08428914816042,88.08428914816042,86.38137277925159,86.38137277925159,259699.99999999997
2023-01-19 11:30:00,86.38137277925159,87.24500380474373,86.38137277925159,87.24500380474373,469699.99999999994
2023-01-19 11:35:00,87.24500380474373,87.2526560174258,87.24500380474373,87.2526560174258,614600.0
2023-01-19 11:40:00,87.2526560174258,87.2526560174258,87.06717743732675,87.06717743732675,107800.0
2023-01-19 11:45:00,87.06717743732675,87.06717743732675,86.45422331045093,86.45422331045093,306600.0
2023-01-19 11:50:00,86.45422331045093,86.45422331045093,86.42252967751637,86.42252967751637,71400.0
2023-01-19 11:55:00,86.42252967751637,86.9996696911427,86.42252967751637,86.9996696911427,529200.0
2023-01-19 12:00:00,86.9996696911427,88.07866986442433,86.9996696911427,88.07866986442433,492099.99999999994
2023-01-19 12:05:00,88.07866986442433,88.07866986442433,87.52801276321286,87.52801276321286,1248100.0
2023-01-19 12:10:00,87.52801276321286,87.52801276321286,86.70785817905168,86.70785817905168,1325100.0
2023-01-19 12:15:00,86.70785817905168,87.65720056967315,86.70785817905168,87.65720056967315,1383200.0
2023-01-19 12:20:00,87.65720056967315,87.65720056967315,84.57673858839917,84.57673858839917,605500.0
2023-01-19 12:25:00,84.57673858839917,88.00704556174993,84.57673858839917,88.00704556174993,882700.0
2023-01-19 12:30:00,88.00704556174993,88.00704556174993,85.55376660241824,85.55376660241824,1264200.0
2023-01-19 12:35:00,85.55376660241824,86.70479552827655,85.55376660241824,86.70479552827655,892500.0
2023-01-19 12:40:00,86.70479552827655,86.70479552827655,86.02303390025871,86.02303390025871,359800.0
2023-01-19 12:45:00,86.02303390025871,86.02303390025871,85.9565449302213,85.9565449302213,103600.0
2023-01-19 12:50:00,85.9565449302213,88.04953513778086,85.9565449302213,88.04953513778086,284200.0
2023-01-19 12:55:00,88.04953513778086,88.04953513778086,86.62846610211825,86.62846610211825,275800.0
2023-01-19 13:00:00,86.62846610211825,87.35399418694276,86.62846610211825,87.35399418694276,999599.9999999999
2023-01-19 13:05:00,87.35399418694276,87.35399418694276,87.08092409354838,87.08092409354838,151900.0
2023-01-19 13:10:00,87.08092409354838,87.53617273346167,87.08092409354838,87.53617273346167,112700.0
2023-01-19 13:15:00,87.53617273346167,87.53617273346167,87.18534305493189,87.18534305493189,1294300.0
2023-01-19 13:20:00,87.18534305493189,87.18534305493189,86.0787547264201,86.0787547264201,1094100.0
2023-01-19 13:25:00,86.0787547264201,88.07426619201634,86.0787547264201,88.07426619201634,1068900.0
2023-01-19 13:30:00,88.07426619201634,88.07426619201634,86.81735964507479,86.81735964507479,113400.0
2023-01-19 13:35:00,86.81735964507479,86.81735964507479,86.00242707305199,86.00242707305199,396200.0
2023-01-19 13:40:00,86.00242707305199,87.02289366898502,86.00242707305199,87.02289366898502,942899.9999999999
2023-01-19 13:45:00,87.02289366898502,88.6586127833778,87.02289366898502,88.6586127833778,199500.0
2023-01-19 13:50:00,88.6586127833778,88.6586127833778,88.13368078017048,88.13368078017048,552300.0
2023-01-19 13:55:00,88.13368078017048,88.13368078017048,87.08909623008215,87.08909623008215,971599.9999999999
2023-01-19 14:00:00,87.08909623008215,87.10258088295028,87.08909623008215,87.10258088295028,1197000.0
2023-01-19 14:05:00,87.10258088295028,87.12767545344516,87.10258088295028,87.12767545344516,800800.0
2023-01-19 14:10:00,87.12767545344516,89.23811522813361,87.12767545344516,89.23811522813361,261799.99999999997
2023-01-19 14:15:00,89.23811522813361,89.23811522813361,87.70352588983893,87.70352588983893,1159900.0
2023-01-19 14:20:00,87.70352588983893,87.70352588983893,87.65835278224426,87.65835278224426,501899.99999999994
2023-01-19 14:25:00,87.65835278224426,88.20457045046611,87.65835278224426,88.20457045046611,984899.9999999999
2023-01-19 14:30:00,88.20457045046611,88.20457045046611,87.52345857693344,87.52345857693344,1303400.0
2023-01-19 14:35:00,87.52345857693344,87.52345857693344,87.08548858841752,87.08548858841752,905800.0
2023-01-19 14:40:00,87.08548858841752,87.11278263690788,87.08548858841752,87.11278263690788,208600.0
2023-01-19 14:45:00,87.11278263690788,87.23664859677783,87.11278263690788,87.23664859677783,856100.0
2023-01-19 14:50:00,87.23664859677783,87.24102512445475,87.23664859677783,87.24102512445475,922599.9999999999
2023-01-19 14:55:00,87.24102512445475,87.88509140121235,87.24102512445475,87.88509140121235,157500.0
2023-01-19 15:00:00,87.88509140121235,87.88509140121235,87.31437269253885,87.31437269253885,1139600.0
2023-01-19 15:05:00,87.31437269253885,87.90728962339283,87.31437269253885,87.90728962339283,500499.99999999994
2023-01-19 15:10:00,87.90728962339283,87.90728962339283,87.24533158100782,87.24533158100782,1109500.0
2023-01-19 15:15:00,87.24533158100782,87.36616769286867,87.24533158100782,87.36616769286867,714000.0
2023-01-19 15:20:00,87.36616769286867,87.36616769286867,85.5972940133817,85.5972940133817,142800.0
2023-01-19 15:25:00,85.5972940133817,88.07816005919884,85.5972940133817,88.07816005919884,214900.0
2023-01-19 15:30:00,88.07816005919884,88.07816005919884,87.61922097272803,87.61922097272803,530600.0
2023-01-19 15:35:00,87.61922097272803,88.16560658347694,87.61922097272803,88.16560658347694,893900.0
2023-01-19 15:40:00,88.16560658347694,88.16560658347694,84.81622502780984,84.81622502780984,1291500.0
2023-01-19 15:45:00,84.81622502780984,89.14306672721527,84.81622502780984,89.14306672721527,583800.0
2023-01-19 15:50:00,89.14306672721527,89.14306672721527,87.2750110450631,87.2750110450631,720300.0
2023-01-19 15:55:00,87.2750110450631,88.38308667791837,87.2750110450631,88.38308667791837,590100.0
2023-01-19 16:00:00,88.38308667791837,88.38308667791837,86.5225324619156,86.5225324619156,228200.0
2023-01-20 09:30:00,86.5225324619156,87.96714053571651,86.5225324619156,87.96714053571651,1143100.0
2023-01-20 09:35:00,87.96714053571651,87.96714053571651,86.61499002875688,86.61499002875688,599200.0
2023-01-20 09:40:00,86.61499002875688,86.97514982709433,86.61499002875688,86.97514982709433,970899.9999999999
2023-01-20 09:45:00,86.97514982709433,89.24028695779982,86.97514982709433,89.24028695779982,616700.0
2023-01-20 09:50:00,89.24028695779982,89.24028695779982,87.39727218489065,87.39727218489065,1169700.0
2023-01-20 09:55:00,87.39727218489065,87.83176475762143,87.39727218489065,87.83176475762143,1054900.0
2023-01-20 10:00:00,87.83176475762143,88.38750503254914,87.83176475762143,88.38750503254914,1061200.0
2023-01-20 10:05:00,88.38750503254914,88.38750503254914,88.08574723024631,88.08574723024631,1101100.0
2023-01-20 10:10:00,88.08574723024631,88.08574723024631,87.76389470193325,87.76389470193325,399700.0
2023-01-20 10:15:00,87.76389470193325,87.95231556836752,87.76389470193325,87.95231556836752,1275400.0
2023-01-20 10:20:00,87.95231556836752,89.70016227439942,87.95231556836752,89.70016227439942,354200.0
2023-01-20 10:25:00,89.70016227439942,89.70016227439942,87.54996812119904,87.54996812119904,435400.0
2023-01-20 10:30:00,87.54996812119904,87.77759778898961,87.54996812119904,87.77759778898961,154700.0
2023-01-20 10:35:00,87.77759778898961,88.53091861088525,87.77759778898961,88.53091861088525,394100.0
2023-01-20 10:40:00,88.53091861088525,88.53608152651785,88.53091861088525,88.53608152651785,966699.9999999999
2023-01-20 10:45:00,88.53608152651785,88.53608152651785,88.50075383855763,88.50075383855763,1269100.0
2023-01-20 10:50:00,88.50075383855763,88.50075383855763,87.99618963809979,87.99618963809979,438200.0
2023-01-20 10:55:00,87.99618963809979,87.99618963809979,86.39922707872317,86.39922707872317,886900.0
2023-01-20 11:00:00,86.39922707872317,88.89323982404619,86.39922707872317,88.89323982404619,734300.0
2023-01-20 11:05:00,88.89323982404619,88.89323982404619,86.43819164015162,86.43819164015162,1034599.9999999999
2023-01-20 11:10:00,86.43819164015162,87.71440717678934,86.43819164015162,87.71440717678934,1256500.0
2023-01-20 11:15:00,87.71440717678934,87.71440717678934,86.86257569380325,86.86257569380325,459899.99999999994
2023-01-20 11:20:00,86.86257569380325,87.48359379938103,86.86257569380325,87.48359379938103,1311800.0
2023-01-20 11:25:00,87.48359379938103,87.82613913526048,87.48359379938103,87.82613913526048,595000.0
2023-01-20 11:30:00,87.82613913526048,87.82801627333195,87.82613913526048,87.82801627333195,412300.0
2023-01-20 11:35:00,87.82801627333195,87.92425635413755,87.82801627333195,87.92425635413755,1395100.0
2023-01-20 11:40:00,87.92425635413755,88.99558957718612,87.92425635413755,88.99558957718612,1288700.0
2023-01-20 11:45:00,88.99558957718612,88.99558957718612,88.02237047122536,88.02237047122536,441700.0
2023-01-20 11:50:00,88.02237047122536,88.02237047122536,87.45974316818665,87.45974316818665,340900.0
2023-01-20 11:55:00,87.45974316818665,88.64607381488602,87.45974316818665,88.64607381488602,1086400.0
2023-01-20 12:00:00,88.64607381488602,88.9074626215195,88.64607381488602,88.9074626215195,304500.0
2023-01-20 12:05:00,88.9074626215195,88.9074626215195,86.77812317575808,86.77812317575808,556500.0
2023-01-20 12:10:00,86.77812317575808,88.34259840617264,86.77812317575808,88.34259840617264,438900.0
2023-01-20 12:15:00,88.34259840617264,88.4530133432896,88.34259840617264,88.4530133432896,712600.0
2023-01-20 12:20:00,88.4530133432896,88.4530133432896,87.62751842868674,87.62751842868674,907900.0
2023-01-20 12:25:00,87.62751842868674,88.98801566138201,87.62751842868674,88.98801566138201,1381100.0
2023-01-20 12:30:00,88.98801566138201,88.98801566138201,87.58264156433697,87.58264156433697,70000.0
2023-01-20 12:35:00,87.58264156433697,87.7961944378351,87.58264156433697,87.7961944378351,394100.0
2023-01-20 12:40:00,87.7961944378351,87.7961944378351,87.51080895693423,87.51080895693423,1114400.0
2023-01-20 12:45:00,87.51080895693423,87.61365618806511,87.51080895693423,87.61365618806511,910000.0
2023-01-20 12:50:00,87.61365618806511,87.61365618806511,86.66571165672478,86.66571165672478,336000.0
2023-01-20 12:55:00,86.66571165672478,86.66571165672478,86.43231846908348,86.43231846908348,1101800.0
2023-01-20 13:00:00,86.43231846908348,89.07390481439319,86.43231846908348,89.07390481439319,942199.9999999999
2023-01-20 13:05:00,89.07390481439319,89.07390481439319,86.87929914490263,86.87929914490263,290500.0
2023-01-20 13:10:00,86.87929914490263,86.87929914490263,86.74099117374551,86.74099117374551,517299.99999999994
2023-01-20 13:15:00,86.74099117374551,86.74099117374551,85.6833284014854,85.6833284014854,807100.0
2023-01-20 13:20:00,85.6833284014854,86.97124395511814,85.6833284014854,86.97124395511814,977899.9999999999
2023-01-20 13:25:00,86.97124395511814,86.97124395511814,86.40873854503354,86.40873854503354,846300.0
2023-01-20 13:30:00,86.40873854503354,89.06609711311742,86.40873854503354,89.06609711311742,1036699.9999999999
2023-01-20 13:35:00,89.06609711311742,89.06609711311742,88.50062086277761,88.50062086277761,118999.99999999999
2023-01-20 13:40:00,88.50062086277761,88.50062086277761,87.0464329106887,87.0464329106887,1254400.0
2023-01-20 13:45:00,87.0464329106887,89.57535866317195,87.0464329106887,89.57535866317195,1031799.9999999999
2023-01-20 13:50:00,89.57535866317195,89.57535866317195,88.47876776757025,88.47876776757025,738500.0
2023-01-20 13:55:00,88.47876776757025,88.47876776757025,87.32999609474875,87.32999609474875,588700.0
2023-01-20 14:00:00,87.32999609474875,87.32999609474875,85.37486172624062,85.37486172624062,1216600.0
2023-01-20 14:05:00,85.37486172624062,89.51675959859665,85.37486172624062,89.51675959859665,84000.0
2023-01-20 14:10:00,89.51675959859665,89.51675959859665,86.3143128522176,86.3143128522176,791000.0
2023-01-20 14:15:00,86.3143128522176,86.3143128522176,86.03617125741788,86.03617125741788,157500.0
2023-01-20 14:20:00,86.03617125741788,88.38786133304367,86.03617125741788,88.38786133304367,495599.99999999994
2023-01-20 14:25:00,88.38786133304367,89.60800406576645,88.38786133304367,89.60800406576645,109900.0
2023-01-20 14:30:00,89.60800406576645,89.60800406576645,88.71711556226045,88.71711556226045,922599.9999999999
2023-01-20 14:35:00,88.71711556226045,88.71711556226045,87.95290214133705,87.95290214133705,455700.0
2023-01-20 14:40:00,87.95290214133705,87.95290214133705,87.94002278898893,87.94002278898893,147700.0
2023-01-20 14:45:00,87.94002278898893,88.21934179980917,87.94002278898893,88.21934179980917,510299.99999999994
2023-01-20 14:50:00,88.21934179980917,88.21934179980917,88.08786041908255,88.08786041908255,233799.99999999997
2023-01-20 14:55:00,88.08786041908255,88.08786041908255,87.71100487040727,87.71100487040727,499799.99999999994
2023-01-20 15:00:00,87.71100487040727,87.71100487040727,87.5672585916599,87.5672585916599,889700.0
2023-01-20 15:05:00,87.5672585916599,87.5672585916599,87.43869538983446,87.43869538983446,1184400.0
2023-01-20 15:10:00,87.43869538983446,87.43869538983446,86.87536810471804,86.87536810471804,401100.0
2023-01-20 15:15:00,86.87536810471804,87.28308318912364,86.87536810471804,87.28308318912364,637000.0
2023-01-20 15:20:00,87.28308318912364,87.28308318912364,86.09768455379928,86.09768455379928,1203300.0
2023-01-20 15:25:00,86.09768455379928,87.49193359143493,86.09768455379928,87.49193359143493,261099.99999999997
2023-01-20 15:30:00,87.49193359143493,87.49193359143493,86.69287224403435,86.69287224403435,1212400.0
2023-01-20 15:35:00,86.69287224403435,86.69287224403435,86.6857250735959,86.6857250735959,834400.0
2023-01-20 15:40:00,86.6857250735959,87.76879381678643,86.6857250735959,87.76879381678643,102900.0
2023-01-20 15:45:00,87.76879381678643,88.81937118353505,87.76879381678643,88.81937118353505,984199.9999999999
2023-01-20 15:50:00,88.81937118353505,88.81937118353505,88.39208249858689,88.39208249858689,1320200.0
2023-01-20 15:55:00,88.39208249858689,88.39208249858689,86.18577975061898,86.18577975061898,1159900.0
2023-01-20 16:00:00,86.18577975061898,86.7148264473342,86.18577975061898,86.7148264473342,247799.99999999997
2023-01-23 09:30:00,86.7148264473342,88.35092106426403,86.7148264473342,88.35092106426403,503299.99999999994
2023-01-23 09:35:00,88.35092106426403,88.35092106426403,86.68716821622206,86.68716821622206,905100.0
2023-01-23 09:40:00,86.68716821622206,87.41794880487934,86.68716821622206,87.41794880487934,562800.0
2023-01-23 09:45:00,87.41794880487934,88.08778410769727,87.41794880487934,88.08778410769727,326900.0
2023-01-23 09:50:00,88.08778410769727,88.08778410769727,86.7938695874082,86.7938695874082,347900.0
2023-01-23 09:55:00,86.7938695874082,87.78089937064583,86.7938695874082,87.78089937064583,521499.99999999994
2023-01-23 10:00:00,87.78089937064583,87.78089937064583,86.5078950979529,86.5078950979529,622300.0
2023-01-23 10:05:00,86.5078950979529,87.17090387473334,86.5078950979529,87.17090387473334,1317400.0
2023-01-23 10:10:00,87.17090387473334,87.963545374586,87.17090387473334,87.963545374586,783300.0
2023-01-23 10:15:00,87.963545374586,87.963545374586,86.24856940466749,86.24856940466749,1024099.9999999999
2023-01-23 10:20:00,86.24856940466749,88.00524894639037,86.24856940466749,88.00524894639037,1122800.0
2023-01-23 10:25:00,88.00524894639037,88.00524894639037,87.67479856569629,87.67479856569629,965299.9999999999
2023-01-23 10:30:00,87.67479856569629,88.16388037257065,87.67479856569629,88.16388037257065,641200.0
2023-01-23 10:35:00,88.16388037257065,88.16388037257065,87.88763122694593,87.88763122694593,627900.0
2023-01-23 10:40:00,87.88763122694593,88.84095104394233,87.88763122694593,88.84095104394233,1148700.0
2023-01-23 10:45:00,88.84095104394233,88.84095104394233,87.77161574723297,87.77161574723297,913500.0
2023-01-23 10:50:00,87.77161574723297,87.77161574723297,87.32244230778241,87.32244230778241,854700.0
2023-01-23 10:55:00,87.32244230778241,87.77618848609823,87.32244230778241,87.77618848609823,184800.0
2023-01-23 11:00:00,87.77618848609823,88.04379159656276,87.77618848609823,88.04379159656276,88200.0
2023-01-23 11:05:00,88.04379159656276,88.04379159656276,87.62857655498861,87.62857655498861,695800.0
2023-01-23 11:10:00,87.62857655498861,87.62857655498861,87.62391334652027,87.62391334652027,1087800.0
2023-01-23 11:15:00,87.62391334652027,87.62391334652027,86.98841195641887,86.98841195641887,963899.9999999999
2023-01-23 11:20:00,86.98841195641887,87.01405571532176,86.98841195641887,87.01405571532176,1375500.0
2023-01-23 11:25:00,87.01405571532176,87.01405571532176,86.39492153808023,86.39492153808023,985599.9999999999
2023-01-23 11:30:00,86.39492153808023,89.09408485249018,86.39492153808023,89.09408485249018,429100.0
2023-01-23 11:35:00,89.09408485249018,89.09408485249018,86.45160373095668,86.45160373095668,1000999.9999999999
2023-01-23 11:40:00,86.45160373095668,86.96523985608835,86.45160373095668,86.96523985608835,955499.9999999999
2023-01-23 11:45:00,86.96523985608835,86.96523985608835,86.91990792859042,86.91990792859042,330400.0
2023-01-23 11:50:00,86.91990792859042,88.27244865923183,86.91990792859042,88.27244865923183,996799.9999999999
2023-01-23 11:55:00,88.27244865923183,88.27244865923183,87.23561674900037,87.23561674900037,101500.0
2023-01-23 12:00:00,87.23561674900037,88.54378121934559,87.23561674900037,88.54378121934559,477399.99999999994
2023-01-23 12:05:00,88.54378121934559,88.54378121934559,86.87680733632803,86.87680733632803,660800.0
2023-01-23 12:10:00,86.87680733632803,87.76124180158548,86.87680733632803,87.76124180158548,1202600.0
2023-01-23 12:15:00,87.76124180158548,87.76124180158548,86.84477410581707,86.84477410581707,1330000.0
2023-01-23 12:20:00,86.84477410581707,89.49932131910036,86.84477410581707,89.49932131910036,347200.0
2023-01-23 12:25:00,89.49932131910036,89.49932131910036,86.627283478507,86.627283478507,317100.0
2023-01-23 12:30:00,86.627283478507,87.96816677728208,86.627283478507,87.96816677728208,952699.9999999999
2023-01-23 12:35:00,87.96816677728208,88.33460649502949,87.96816677728208,88.33460649502949,1318800.0
2023-01-23 12:40:00,88.33460649502949,88.33460649502949,88.17989660814315,88.17989660814315,814100.0
2023-01-23 12:45:00,88.17989660814315,88.17989660814315,87.68757956394232,87.68757956394232,947099.9999999999
2023-01-23 12:50:00,87.68757956394232,87.7436758445301,87.68757956394232,87.7436758445301,718200.0
2023-01-23 12:55:00,87.7436758445301,87.87340663822117,87.7436758445301,87.87340663822117,835100.0
2023-01-23 13:00:00,87.87340663822117,87.87340663822117,87.7251174031833,87.7251174031833,294000.0
2023-01-23 13:05:00,87.7251174031833,88.71410113417348,87.7251174031833,88.71410113417348,147700.0
2023-01-23 13:10:00,88.71410113417348,89.81218686825083,88.71410113417348,89.81218686825083,977899.9999999999
2023-01-23 13:15:00,89.81218686825083,89.81218686825083,87.37745415996446,87.37745415996446,760200.0
2023-01-23 13:20:00,87.37745415996446,87.37745415996446,86.7007999996782,86.7007999996782,1155000.0
2023-01-23 13:25:00,86.7007999996782,87.7802742100537,86.7007999996782,87.7802742100537,931699.9999999999
2023-01-23 13:30:00,87.7802742100537,90.15293112848124,87.7802742100537,90.15293112848124,235199.99999999997
2023-01-23 13:35:00,90.15293112848124,90.15293112848124,87.13683722492826,87.13683722492826,1112300.0
2023-01-23 13:40:00,87.13683722492826,89.20581484104362,87.13683722492826,89.20581484104362,681100.0
2023-01-23 13:45:00,89.20581484104362,89.26185136610506,89.20581484104362,89.26185136610506,846300.0
2023-01-23 13:50:00,89.26185136610506,89.26185136610506,87.33913820596823,87.33913820596823,99400.0
2023-01-23 13:55:00,87.33913820596823,88.33612861361046,87.33913820596823,88.33612861361046,404600.0
2023-01-23 14:00:00,88.33612861361046,89.26354807920471,88.33612861361046,89.26354807920471,632100.0
2023-01-23 14:05:00,89.26354807920471,89.26354807920471,87.4844599055348,87.4844599055348,891800.0
2023-01-23 14:10:00,87.4844599055348,87.64881568309994,87.4844599055348,87.64881568309994,776300.0
2023-01-23 14:15:00,87.64881568309994,87.64881568309994,87.30609895109265,87.30609895109265,1258600.0
2023-01-23 14:20:00,87.30609895109265,87.30609895109265,86.9263488836835,86.9263488836835,1233400.0
2023-01-23 14:25:00,86.9263488836835,87.2275375851806,86.9263488836835,87.2275375851806,861700.0
2023-01-23 14:30:00,87.2275375851806,87.2275375851806,86.72180250596836,86.72180250596836,1018499.9999999999
2023-01-23 14:35:00,86.72180250596836,87.92460869426927,86.72180250596836,87.92460869426927,1336300.0
2023-01-23 14:40:00,87.92460869426927,87.92460869426927,87.23000540706093,87.23000540706093,122499.99999999999
2023-01-23 14:45:00,87.23000540706093,88.12837336118419,87.23000540706093,88.12837336118419,814800.0
2023-01-23 14:50:00,88.12837336118419,88.12837336118419,86.4998801717763,86.4998801717763,1160600.0
2023-01-23 14:55:00,86.4998801717763,88.17294032382169,86.4998801717763,88.17294032382169,1183000.0
2023-01-23 15:00:00,88.17294032382169,88.55453196630583,88.17294032382169,88.55453196630583,723100.0
2023-01-23 15:05:00,88.55453196630583,88.55453196630583,86.11802302777268,86.11802302777268,72100.0
2023-01-23 15:10:00,86.11802302777268,88.17884998377349,86.11802302777268,88.17884998377349,256899.99999999997
2023-01-23 15:15:00,88.17884998377349,88.85897682715668,88.17884998377349,88.85897682715668,288400.0
2023-01-23 15:20:00,88.85897682715668,88.85897682715668,86.70365552973342,86.70365552973342,672000.0
2023-01-23 15:25:00,86.70365552973342,89.24651803307736,86.70365552973342,89.24651803307736,1220800.0
2023-01-23 15:30:00,89.24651803307736,89.24651803307736,88.22489721992297,88.22489721992297,980699.9999999999
2023-01-23 15:35:00,88.22489721992297,88.22489721992297,87.25111807045535,87.25111807045535,590100.0
2023-01-23 15:40:00,87.25111807045535,87.83622391409511,87.25111807045535,87.83622391409511,154700.0
2023-01-23 15:45:00,87.83622391409511,88.43270624364914,87.83622391409511,88.43270624364914,308000.0
2023-01-23 15:50:00,88.43270624364914,88.43270624364914,88.02712269151982,88.02712269151982,1346100.0
2023-01-23 15:55:00,88.02712269151982,88.3766715547773,88.02712269151982,88.3766715547773,1387400.0
2023-01-23 16:00:00,88.3766715547773,88.3766715547773,87.11997877209029,87.11997877209029,1058400.0
2023-01-24 09:30:00,87.11997877209029,88.04349736472719,87.11997877209029,88.04349736472719,1096900.0
2023-01-24 09:35:00,88.04349736472719,88.04349736472719,86.6992568456649,86.6992568456649,662200.0
2023-01-24 09:40:00,86.6992568456649,87.91108681952542,86.6992568456649,87.91108681952542,952699.9999999999
2023-01-24 09:45:00,87.91108681952542,87.91108681952542,87.19333124387647,87.19333124387647,333900.0
2023-01-24 09:50:00,87.19333124387647,87.34224306593606,87.19333124387647,87.34224306593606,798700.0
2023-01-24 09:55:00,87.34224306593606,89.03854033828945,87.34224306593606,89.03854033828945,1214500.0
2023-01-24 10:00:00,89.03854033828945,89.03854033828945,88.81467301596774,88.81467301596774,1007299.9999999999
2023-01-24 10:05:00,88.81467301596774,88.81467301596774,88.4296744901599,88.4296744901599,1218000.0
2023-01-24 10:10:00,88.4296744901599,88.4296744901599,86.92054005545945,86.92054005545945,1085700.0
2023-01-24 10:15:00,86.92054005545945,87.6216741830652,86.92054005545945,87.6216741830652,901600.0
2023-01-24 10:20:00,87.6216741830652,88.94705258557035,87.6216741830652,88.94705258557035,1391600.0
2023-01-24 10:25:00,88.94705258557035,88.94705258557035,88.02221900355646,88.02221900355646,574700.0
2023-01-24 10:30:00,88.02221900355646,89.88989382283488,88.02221900355646,89.88989382283488,1136100.0
2023-01-24 10:35:00,89.88989382283488,89.88989382283488,88.19237020724755,88.19237020724755,102200.0
2023-01-24 10:40:00,88.19237020724755,88.19237020724755,88.02206411159402,88.02206411159402,594300.0
2023-01-24 10:45:00,88.02206411159402,88.02206411159402,87.64954278240084,87.64954278240084,210700.0
2023-01-24 10:50:00,87.64954278240084,88.11009801471184,87.64954278240084,88.11009801471184,156100.0
2023-01-24 10:55:00,88.11009801471184,88.11009801471184,87.80040175278913,87.80040175278913,137200.0
2023-01-24 11:00:00,87.80040175278913,88.522106040454,87.80040175278913,88.522106040454,573300.0
2023-01-24 11:05:00,88.522106040454,88.73754371221715,88.522106040454,88.73754371221715,569800.0
2023-01-24 11:10:00,88.73754371221715,88.73754371221715,87.25507100676755,87.25507100676755,740600.0
2023-01-24 11:15:00,87.25507100676755,87.25507100676755,86.78908959805685,86.78908959805685,408100.0
2023-01-24 11:20:00,86.78908959805685,86.78908959805685,86.4050403722636,86.4050403722636,454300.0
2023-01-24 11:25:00,86.4050403722636,88.40203485182194,86.4050403722636,88.40203485182194,753900.0
2023-01-24 11:30:00,88.40203485182194,88.40203485182194,86.97467301318945,86.97467301318945,193900.0
2023-01-24 11:35:00,86.97467301318945,86.97467301318945,86.0932920397153,86.0932920397153,1085000.0
2023-01-24 11:40:00,86.0932920397153,88.31713337916436,86.0932920397153,88.31713337916436,1320200.0
2023-01-24 11:45:00,88.31713337916436,90.03245301052534,88.31713337916436,90.03245301052534,1283100.0
2023-01-24 11:50:00,90.03245301052534,90.03245301052534,87.82981927916312,87.82981927916312,1267700.0
2023-01-24 11:55:00,87.82981927916312,88.59072159973033,87.82981927916312,88.59072159973033,965299.9999999999
2023-01-24 12:00:00,88.59072159973033,88.59072159973033,87.91466055897543,87.91466055897543,137900.0
2023-01-24 12:05:00,87.91466055897543,87.91466055897543,87.69548555513887,87.69548555513887,1120700.0
2023-01-24 12:10:00,87.69548555513887,88.54006349191124,87.69548555513887,88.54006349191124,972999.9999999999
2023-01-24 12:15:00,88.54006349191124,88.54006349191124,87.43946787939073,87.43946787939073,687400.0
2023-01-24 12:20:00,87.43946787939073,87.88250307436697,87.43946787939073,87.88250307436697,285600.0
2023-01-24 12:25:00,87.88250307436697,87.89926013856122,87.88250307436697,87.89926013856122,999599.9999999999
2023-01-24 12:30:00,87.89926013856122,87.89926013856122,87.04895372592036,87.04895372592036,91700.0
2023-01-24 12:35:00,87.04895372592036,88.41787423859896,87.04895372592036,88.41787423859896,1243900.0
2023-01-24 12:40:00,88.41787423859896,88.41787423859896,87.4125287108705,87.4125287108705,219100.0
2023-01-24 12:45:00,87.4125287108705,87.4125287108705,86.90439469526831,86.90439469526831,104300.0
2023-01-24 12:50:00,86.90439469526831,88.0112505556414,86.90439469526831,88.0112505556414,906500.0
2023-01-24 12:55:00,88.0112505556414,88.0112505556414,86.71559283326997,86.71559283326997,241499.99999999997
2023-01-24 13:00:00,86.71559283326997,87.51130160839911,86.71559283326997,87.51130160839911,830900.0
2023-01-24 13:05:00,87.51130160839911,87.51130160839911,87.47625860693857,87.47625860693857,1170400.0
2023-01-24 13:10:00,87.47625860693857,88.43514829123181,87.47625860693857,88.43514829123181,1291500.0
2023-01-24 13:15:00,88.43514829123181,88.43514829123181,87.8949021558522,87.8949021558522,275800.0
2023-01-24 13:20:00,87.8949021558522,87.8949021558522,87.44000281194963,87.44000281194963,81900.0
2023-01-24 13:25:00,87.44000281194963,88.16544723138566,87.44000281194963,88.16544723138566,1059800.0
2023-01-24 13:30:00,88.16544723138566,88.59191531642513,88.16544723138566,88.59191531642513,1005199.9999999999
2023-01-24 13:35:00,88.59191531642513,88.59191531642513,87.8298588798769,87.8298588798769,777000.0
2023-01-24 13:40:00,87.8298588798769,87.8298588798769,87.30707700081302,87.30707700081302,258999.99999999997
2023-01-24 13:45:00,87.30707700081302,87.30707700081302,86.1043465017748,86.1043465017748,749000.0
2023-01-24 13:50:00,86.1043465017748,86.31552543368585,86.1043465017748,86.31552543368585,1242500.0
2023-01-24 13:55:00,86.31552543368585,86.90823948770945,86.31552543368585,86.90823948770945,673400.0
2023-01-24 14:00:00,86.90823948770945,86.90823948770945,86.71827495644126,86.71827495644126,1002399.9999999999
2023-01-24 14:05:00,86.71827495644126,87.04661743543369,86.71827495644126,87.04661743543369,1033199.9999999999
2023-01-24 14:10:00,87.04661743543369,87.29853508140117,87.04661743543369,87.29853508140117,954099.9999999999
2023-01-24 14:15:00,87.29853508140117,87.63864540534257,87.29853508140117,87.63864540534257,982799.9999999999
2023-01-24 14:20:00,87.63864540534257,87.63864540534257,87.21470192989807,87.21470192989807,194600.0
2023-01-24 14:25:00,87.21470192989807,87.70835348322504,87.21470192989807,87.70835348322504,92400.0
2023-01-24 14:30:00,87.70835348322504,87.70835348322504,87.38302612981494,87.38302612981494,399000.0
2023-01-24 14:35:00,87.38302612981494,87.38302612981494,85.515452687053,85.515452687053,1110900.0
2023-01-24 14:40:00,85.515452687053,86.4555201548094,85.515452687053,86.4555201548094,1377600.0
2023-01-24 14:45:00,86.4555201548094,87.1392069800225,86.4555201548094,87.1392069800225,1026199.9999999999
2023-01-24 14:50:00,87.1392069800225,87.1392069800225,86.2112041486696,86.2112041486696,687400.0
2023-01-24 14:55:00,86.2112041486696,87.81836540979506,86.2112041486696,87.81836540979506,1030399.9999999999
2023-01-24 15:00:00,87.81836540979506,88.67124419684464,87.81836540979506,88.67124419684464,739200.0
2023-01-24 15:05:00,88.67124419684464,88.67124419684464,88.37748459674955,88.37748459674955,970899.9999999999
2023-01-24 15:10:00,88.37748459674955,88.37748459674955,87.19776159215414,87.19776159215414,1304100.0
2023-01-24 15:15:00,87.19776159215414,88.71252593392005,87.19776159215414,88.71252593392005,396900.0
2023-01-24 15:20:00,88.71252593392005,88.71252593392005,87.5362008475816,87.5362008475816,1234800.0
2023-01-24 15:25:00,87.5362008475816,87.5362008475816,87.06771740679692,87.06771740679692,976499.9999999999
2023-01-24 15:30:00,87.06771740679692,87.06771740679692,86.92654957961949,86.92654957961949,1080800.0
2023-01-24 15:35:00,86.92654957961949,87.1875782358474,86.92654957961949,87.1875782358474,1313900.0
2023-01-24 15:40:00,87.1875782358474,87.1875782358474,87.09988732805284,87.09988732805284,471099.99999999994
2023-01-24 15:45:00,87.09988732805284,87.58757081762711,87.09988732805284,87.58757081762711,1117200.0
2023-01-24 15:50:00,87.58757081762711,87.58892716598132,87.58757081762711,87.58892716598132,455700.0
2023-01-24 15:55:00,87.58892716598132,87.58892716598132,87.48123596491324,87.48123596491324,815500.0
2023-01-24 16:00:00,87.48123596491324,87.90117704922496,87.48123596491324,87.90117704922496,1047899.9999999999
2023-01-25 09:30:00,87.90117704922496,88.57688165919741,87.90117704922496,88.57688165919741,1085000.0
2023-01-25 09:35:00,88.57688165919741,88.57688165919741,88.36059599543604,88.36059599543604,296100.0
2023-01-25 09:40:00,88.36059599543604,88.36059599543604,86.21310285684271,86.21310285684271,283500.0
2023-01-25 09:45:00,86.21310285684271,86.21310285684271,85.28004684491033,85.28004684491033,499099.99999999994
2023-01-25 09:50:00,85.28004684491033,88.34440707556712,85.28004684491033,88.34440707556712,154000.0
2023-01-25 09:55:00,88.34440707556712,88.34440707556712,86.31577789642729,86.31577789642729,908600.0
2023-01-25 10:00:00,86.31577789642729,87.29133981994555,86.31577789642729,87.29133981994555,418600.0
2023-01-25 10:05:00,87.29133981994555,87.29133981994555,86.49448640430087,86.49448640430087,789600.0
2023-01-25 10:10:00,86.49448640430087,86.49448640430087,85.8860222107937,85.8860222107937,1132600.0
2023-01-25 10:15:00,85.8860222107937,87.92572999192276,85.8860222107937,87.92572999192276,117599.99999999999
2023-01-25 10:20:00,87.92572999192276,88.10150832935253,87.92572999192276,88.10150832935253,559300.0
2023-01-25 10:25:00,88.10150832935253,88.10150832935253,87.01868279183812,87.01868279183812,971599.9999999999
2023-01-25 10:30:00,87.01868279183812,87.01868279183812,85.2380894462529,85.2380894462529,861000.0
2023-01-25 10:35:00,85.2380894462529,87.01453619968348,85.2380894462529,87.01453619968348,1189300.0
2023-01-25 10:40:00,87.01453619968348,87.94955453557336,87.01453619968348,87.94955453557336,494199.99999999994
2023-01-25 10:45:00,87.94955453557336,87.94955453557336,86.22691473747982,86.22691473747982,965999.9999999999
2023-01-25 10:50:00,86.22691473747982,87.61697966734573,86.22691473747982,87.61697966734573,240799.99999999997
2023-01-25 10:55:00,87.61697966734573,87.61697966734573,87.44870251972497,87.44870251972497,1214500.0
2023-01-25 11:00:00,87.44870251972497,87.9056865820762,87.44870251972497,87.9056865820762,762300.0
2023-01-25 11:05:00,87.9056865820762,87.9056865820762,87.51269386594893,87.51269386594893,1386700.0
2023-01-25 11:10:00,87.51269386594893,87.51269386594893,86.54715135615106,86.54715135615106,1323000.0
2023-01-25 11:15:00,86.54715135615106,88.39361084093304,86.54715135615106,88.39361084093304,405300.0
2023-01-25 11:20:00,88.39361084093304,88.39361084093304,87.24379229049227,87.24379229049227,1019199.9999999999
2023-01-25 11:25:00,87.24379229049227,87.34585798805865,87.24379229049227,87.34585798805865,533400.0
2023-01-25 11:30:00,87.34585798805865,87.34585798805865,86.59465656175114,86.59465656175114,881300.0
2023-01-25 11:35:00,86.59465656175114,87.01183194707365,86.59465656175114,87.01183194707365,1012199.9999999999
2023-01-25 11:40:00,87.01183194707365,87.01183194707365,86.70898947434169,86.70898947434169,310100.0
2023-01-25 11:45:00,86.70898947434169,87.2462896137166,86.70898947434169,87.2462896137166,993299.9999999999
2023-01-25 11:50:00,87.2462896137166,88.91535612052223,87.2462896137166,88.91535612052223,1334900.0
2023-01-25 11:55:00,88.91535612052223,88.91535612052223,86.16957192108573,86.16957192108573,342300.0
2023-01-25 12:00:00,86.16957192108573,86.16957192108573,85.9736834374575,85.9736834374575,527100.0
2023-01-25 12:05:00,85.9736834374575,88.61565158805874,85.9736834374575,88.61565158805874,658000.0
2023-01-25 12:10:00,88.61565158805874,88.61565158805874,87.05918872178029,87.05918872178029,1271200.0
2023-01-25 12:15:00,87.05918872178029,87.05918872178029,86.6070082098865,86.6070082098865,711200.0
2023-01-25 12:20:00,86.6070082098865,88.1829658589493,86.6070082098865,88.1829658589493,1332100.0
2023-01-25 12:25:00,88.1829658589493,88.1829658589493,86.68983120529418,86.68983120529418,416500.0
2023-01-25 12:30:00,86.68983120529418,88.84686369176382,86.68983120529418,88.84686369176382,1190000.0
2023-01-25 12:35:00,88.84686369176382,88.84686369176382,87.86003289395128,87.86003289395128,74200.0
2023-01-25 12:40:00,87.86003289395128,87.86003289395128,86.81815479146336,86.81815479146336,424900.0
2023-01-25 12:45:00,86.81815479146336,89.2201736648416,86.81815479146336,89.2201736648416,1190700.0
2023-01-25 12:50:00,89.2201736648416,89.2201736648416,86.77861268347063,86.77861268347063,1120700.0
2023-01-25 12:55:00,86.77861268347063,87.99036330015988,86.77861268347063,87.99036330015988,740600.0
2023-01-25 13:00:00,87.99036330015988,87.99036330015988,87.58664163473073,87.58664163473073,869400.0
2023-01-25 13:05:00,87.58664163473073,88.51736998540404,87.58664163473073,88.51736998540404,912800.0
2023-01-25 13:10:00,88.51736998540404,88.71655038292012,88.51736998540404,88.71655038292012,1110900.0
2023-01-25 13:15:00,88.71655038292012,88.71655038292012,87.46520622241987,87.46520622241987,658000.0
2023-01-25 13:20:00,87.46520622241987,87.46520622241987,86.83282952180019,86.83282952180019,986299.9999999999
2023-01-25 13:25:00,86.83282952180019,87.92213859921404,86.83282952180019,87.92213859921404,858900.0
2023-01-25 13:30:00,87.92213859921404,87.92213859921404,86.9515149737005,86.9515149737005,859600.0
2023-01-25 13:35:00,86.9515149737005,89.26556995064229,86.9515149737005,89.26556995064229,214200.0
2023-01-25 13:40:00,89.26556995064229,89.26556995064229,87.68792405522802,87.68792405522802,74200.0
2023-01-25 13:45:00,87.68792405522802,87.68792405522802,87.23140381495773,87.23140381495773,415800.0
2023-01-25 13:50:00,87.23140381495773,87.6785605872418,87.23140381495773,87.6785605872418,730100.0
2023-01-25 13:55:00,87.6785605872418,87.6785605872418,86.37665563500617,86.37665563500617,1352400.0
2023-01-25 14:00:00,86.37665563500617,86.72556185440257,86.37665563500617,86.72556185440257,1130500.0
2023-01-25 14:05:00,86.72556185440257,88.6524813325873,86.72556185440257,88.6524813325873,1121400.0
2023-01-25 14:10:00,88.6524813325873,88.6524813325873,86.98179850112845,86.98179850112845,525000.0
2023-01-25 14:15:00,86.98179850112845,86.98179850112845,86.70161531275367,86.70161531275367,247799.99999999997
2023-01-25 14:20:00,86.70161531275367,88.08028801709155,86.70161531275367,88.08028801709155,806400.0
2023-01-25 14:25:00,88.08028801709155,88.63858202443475,88.08028801709155,88.63858202443475,1183700.0
2023-01-25 14:30:00,88.63858202443475,88.63858202443475,88.19165340008277,88.19165340008277,1383200.0
2023-01-25 14:35:00,88.19165340008277,88.40584080795442,88.19165340008277,88.40584080795442,408800.0
2023-01-25 14:40:00,88.40584080795442,88.40584080795442,86.81029131213091,86.81029131213091,1164800.0
2023-01-25 14:45:00,86.81029131213091,86.81029131213091,86.27238379554323,86.27238379554323,1010099.9999999999
2023-01-25 14:50:00,86.27238379554323,88.85416949590068,86.27238379554323,88.85416949590068,1192800.0
2023-01-25 14:55:00,88.85416949590068,88.85416949590068,87.25617107353975,87.25617107353975,590100.0
2023-01-25 15:00:00,87.25617107353975,87.32524898175461,87.25617107353975,87.32524898175461,1190000.0
2023-01-25 15:05:00,87.32524898175461,88.76456087785543,87.32524898175461,88.76456087785543,987699.9999999999
2023-01-25 15:10:00,88.76456087785543,88.76456087785543,88.07837075117031,88.07837075117031,1331400.0
2023-01-25 15:15:00,88.07837075117031,88.07837075117031,87.99275436442103,87.99275436442103,427000.0
2023-01-25 15:20:00,87.99275436442103,89.46423126535424,87.99275436442103,89.46423126535424,862400.0
2023-01-25 15:25:00,89.46423126535424,89.46423126535424,87.01350131847434,87.01350131847434,1331400.0
2023-01-25 15:30:00,87.01350131847434,88.36968068177646,87.01350131847434,88.36968068177646,1353100.0
2023-01-25 15:35:00,88.36968068177646,88.36968068177646,87.56319621897786,87.56319621897786,1344700.0
2023-01-25 15:40:00,87.56319621897786,87.7752908582747,87.56319621897786,87.7752908582747,1353800.0
2023-01-25 15:45:00,87.7752908582747,88.9094396769735,87.7752908582747,88.9094396769735,242899.99999999997
2023-01-25 15:50:00,88.9094396769735,88.9094396769735,88.01520104176734,88.01520104176734,799400.0
2023-01-25 15:55:00,88.01520104176734,88.09077341385698,88.01520104176734,88.09077341385698,426300.0
2023-01-25 16:00:00,88.09077341385698,88.49824214384955,88.09077341385698,88.49824214384955,725900.0
2023-01-26 09:30:00,88.49824214384955,88.49824214384955,87.21233927811433,87.21233927811433,311500.0
2023-01-26 09:35:00,87.21233927811433,87.21233927811433,86.83006486410046,86.83006486410046,953399.9999999999
2023-01-26 09:40:00,86.83006486410046,86.83006486410046,86.64976601610067,86.64976601610067,856800.0
2023-01-26 09:45:00,86.64976601610067,86.64976601610067,85.81451520942002,85.81451520942002,1169700.0
2023-01-26 09:50:00,85.81451520942002,89.3843020854519,85.81451520942002,89.3843020854519,71400.0
2023-01-26 09:55:00,89.3843020854519,89.3843020854519,86.55979549803648,86.55979549803648,659400.0
2023-01-26 10:00:00,86.55979549803648,87.3427059395901,86.55979549803648,87.3427059395901,505399.99999999994
2023-01-26 10:05:00,87.3427059395901,87.3427059395901,87.31366221311367,87.31366221311367,463399.99999999994
2023-01-26 10:10:00,87.31366221311367,87.81047230049376,87.31366221311367,87.81047230049376,712600.0
2023-01-26 10:15:00,87.81047230049376,88.23681303895312,87.81047230049376,88.23681303895312,702800.0
2023-01-26 10:20:00,88.23681303895312,88.26652155244726,88.23681303895312,88.26652155244726,892500.0
2023-01-26 10:25:00,88.26652155244726,88.26652155244726,87.03172071767946,87.03172071767946,1338400.0
2023-01-26 10:30:00,87.03172071767946,87.4289172589014,87.03172071767946,87.4289172589014,1044399.9999999999
2023-01-26 10:35:00,87.4289172589014,87.82803812725219,87.4289172589014,87.82803812725219,1231300.0
2023-01-26 10:40:00,87.82803812725219,87.82803812725219,87.30975981677811,87.30975981677811,591500.0
2023-01-26 10:45:00,87.30975981677811,88.98019703094987,87.30975981677811,88.98019703094987,618100.0
2023-01-26 10:50:00,88.98019703094987,88.98019703094987,88.07162790195714,88.07162790195714,181300.0
2023-01-26 10:55:00,88.07162790195714,88.33797050682098,88.07162790195714,88.33797050682098,1171800.0
2023-01-26 11:00:00,88.33797050682098,88.33797050682098,88.2444968020992,88.2444968020992,175000.0
2023-01-26 11:05:00,88.2444968020992,88.70762282517295,88.2444968020992,88.70762282517295,690900.0
2023-01-26 11:10:00,88.70762282517295,88.70762282517295,87.87703860170143,87.87703860170143,508199.99999999994
2023-01-26 11:15:00,87.87703860170143,87.87703860170143,86.58567927388354,86.58567927388354,435400.0
2023-01-26 11:20:00,86.58567927388354,88.15192705652478,86.58567927388354,88.15192705652478,1399300.0
2023-01-26 11:25:00,88.15192705652478,88.15192705652478,87.15535785731565,87.15535785731565,728700.0
2023-01-26 11:30:00,87.15535785731565,87.24623894132382,87.15535785731565,87.24623894132382,597800.0
2023-01-26 11:35:00,87.24623894132382,88.24359246385913,87.24623894132382,88.24359246385913,401800.0
2023-01-26 11:40:00,88.24359246385913,88.86912376961789,88.24359246385913,88.86912376961789,1388800.0
2023-01-26 11:45:00,88.86912376961789,88.86912376961789,87.73784953632332,87.73784953632332,1393700.0
2023-01-26 11:50:00,87.73784953632332,87.99717122391412,87.73784953632332,87.99717122391412,894600.0
2023-01-26 11:55:00,87.99717122391412,89.18280456563154,87.99717122391412,89.18280456563154,577500.0
2023-01-26 12:00:00,89.18280456563154,89.18280456563154,87.90140075519047,87.90140075519047,564200.0
2023-01-26 12:05:00,87.90140075519047,89.99478145542122,87.90140075519047,89.99478145542122,242899.99999999997
2023-01-26 12:10:00,89.99478145542122,89.99478145542122,88.22408433925723,88.22408433925723,151900.0
2023-01-26 12:15:00,88.22408433925723,88.22408433925723,86.21436316663055,86.21436316663055,1321600.0
2023-01-26 12:20:00,86.21436316663055,88.37418927349674,86.21436316663055,88.37418927349674,346500.0
2023-01-26 12:25:00,88.37418927349674,88.37418927349674,88.0248636628243,88.0248636628243,460599.99999999994
2023-01-26 12:30:00,88.0248636628243,88.8729654586268,88.0248636628243,88.8729654586268,916300.0
2023-01-26 12:35:00,88.8729654586268,88.8729654586268,88.31831415373615,88.31831415373615,1068900.0
2023-01-26 12:40:00,88.31831415373615,88.31831415373615,87.59787931015194,87.59787931015194,353500.0
2023-01-26 12:45:00,87.59787931015194,87.59787931015194,86.6852758514093,86.6852758514093,129499.99999999999
2023-01-26 12:50:00,86.6852758514093,87.5744858465739,86.6852758514093,87.5744858465739,478799.99999999994
2023-01-26 12:55:00,87.5744858465739,87.5744858465739,87.08640961537932,87.08640961537932,1074500.0
2023-01-26 13:00:00,87.08640961537932,87.31190208854285,87.08640961537932,87.31190208854285,310800.0
2023-01-26 13:05:00,87.31190208854285,88.39253894982981,87.31190208854285,88.39253894982981,772100.0
2023-01-26 13:10:00,88.39253894982981,89.35871799725645,88.39253894982981,89.35871799725645,1346100.0
2023-01-26 13:15:00,89.35871799725645,89.35871799725645,88.21593741945765,88.21593741945765,757400.0
2023-01-26 13:20:00,88.21593741945765,88.21593741945765,86.82381141857051,86.82381141857051,1148700.0
2023-01-26 13:25:00,86.82381141857051,88.22698669342815,86.82381141857051,88.22698669342815,1393000.0
2023-01-26 13:30:00,88.22698669342815,88.78922278580627,88.22698669342815,88.78922278580627,1357300.0
2023-01-26 13:35:00,88.78922278580627,88.78922278580627,87.16458655469656,87.16458655469656,177800.0
2023-01-26 13:40:00,87.16458655469656,87.5448579306704,87.16458655469656,87.5448579306704,573300.0
2023-01-26 13:45:00,87.5448579306704,87.56743596595388,87.5448579306704,87.56743596595388,546700.0
2023-01-26 13:50:00,87.56743596595388,87.56743596595388,86.90139283605431,86.90139283605431,1323000.0
2023-01-26 13:55:00,86.90139283605431,88.13247548539597,86.90139283605431,88.13247548539597,289100.0
2023-01-26 14:00:00,88.13247548539597,88.13247548539597,87.43031603019817,87.43031603019817,462699.99999999994
2023-01-26 14:05:00,87.43031603019817,87.93471789818061,87.43031603019817,87.93471789818061,431900.0
2023-01-26 14:10:00,87.93471789818061,87.93471789818061,86.79635010582824,86.79635010582824,801500.0
2023-01-26 14:15:00,86.79635010582824,87.20541500876126,86.79635010582824,87.20541500876126,928899.9999999999
2023-01-26 14:20:00,87.20541500876126,88.26828261022355,87.20541500876126,88.26828261022355,816200.0
2023-01-26 14:25:00,88.26828261022355,88.26828261022355,87.32689059707785,87.32689059707785,1204700.0
2023-01-26 14:30:00,87.32689059707785,89.12554339570758,87.32689059707785,89.12554339570758,421400.0
2023-01-26 14:35:00,89.12554339570758,89.12554339570758,87.22766735329112,87.22766735329112,573300.0
2023-01-26 14:40:00,87.22766735329112,87.70863361702092,87.22766735329112,87.70863361702092,306600.0
2023-01-26 14:45:00,87.70863361702092,88.34204643015404,87.70863361702092,88.34204643015404,310800.0
2023-01-26 14:50:00,88.34204643015404,88.34204643015404,86.26703142626788,86.26703142626788,361200.0
2023-01-26 14:55:00,86.26703142626788,86.26703142626788,86.03318137799131,86.03318137799131,304500.0
2023-01-26 15:00:00,86.03318137799131,86.25691084239011,86.03318137799131,86.25691084239011,277200.0
2023-01-26 15:05:00,86.25691084239011,88.75954052167113,86.25691084239011,88.75954052167113,352100.0
2023-01-26 15:10:00,88.75954052167113,88.75954052167113,87.17181243350946,87.17181243350946,137900.0
2023-01-26 15:15:00,87.17181243350946,89.92071499484508,87.17181243350946,89.92071499484508,905800.0
2023-01-26 15:20:00,89.92071499484508,89.92071499484508,87.26957645546469,87.26957645546469,1316000.0
2023-01-26 15:25:00,87.26957645546469,87.89376380032162,87.26957645546469,87.89376380032162,391300.0
2023-01-26 15:30:00,87.89376380032162,89.10104201788165,87.89376380032162,89.10104201788165,742000.0
2023-01-26 15:35:00,89.10104201788165,89.50254595764542,89.10104201788165,89.50254595764542,572600.0
2023-01-26 15:40:00,89.50254595764542,89.50254595764542,89.49350628102182,89.49350628102182,1311100.0
2023-01-26 15:45:00,89.49350628102182,89.49350628102182,88.76977072863737,88.76977072863737,1377600.0
2023-01-26 15:50:00,88.76977072863737,88.76977072863737,88.66180241928352,88.66180241928352,1104600.0
2023-01-26 15:55:00,88.66180241928352,88.66180241928352,88.2639130292676,88.2639130292676,1209600.0
2023-01-26 16:00:00,88.2639130292676,88.45672584035519,88.2639130292676,88.45672584035519,191100.0
2023-01-27 09:30:00,88.45672584035519,88.45672584035519,87.22992704039923,87.22992704039923,1369200.0
2023-01-27 09:35:00,87.22992704039923,87.22992704039923,86.97504002178454,86.97504002178454,1073800.0
2023-01-27 09:40:00,86.97504002178454,87.63568454118813,86.97504002178454,87.63568454118813,934499.9999999999
2023-01-27 09:45:00,87.63568454118813,87.63568454118813,87.44934325567095,87.44934325567095,609700.0
2023-01-27 09:50:00,87.44934325567095,87.44934325567095,87.20539862697774,87.20539862697774,249199.99999999997
2023-01-27 09:55:00,87.20539862697774,88.21331852875407,87.20539862697774,88.21331852875407,752500.0
2023-01-27 10:00:00,88.21331852875407,88.46486454802529,88.21331852875407,88.46486454802529,1054200.0
2023-01-27 10:05:00,88.46486454802529,88.46486454802529,87.74548703811749,87.74548703811749,1251600.0
2023-01-27 10:10:00,87.74548703811749,88.96435884550212,87.74548703811749,88.96435884550212,746200.0
2023-01-27 10:15:00,88.96435884550212,88.96435884550212,86.5628953254447,86.5628953254447,380100.0
2023-01-27 10:20:00,86.5628953254447,87.36675874625908,86.5628953254447,87.36675874625908,207900.0
2023-01-27 10:25:00,87.36675874625908,87.36675874625908,86.86983079685835,86.86983079685835,1302000.0
2023-01-27 10:30:00,86.86983079685835,86.86983079685835,85.84575390844617,85.84575390844617,1082200.0
2023-01-27 10:35:00,85.84575390844617,87.47129045191468,85.84575390844617,87.47129045191468,1383900.0
2023-01-27 10:40:00,87.47129045191468,87.47129045191468,87.43063585680856,87.43063585680856,182000.0
2023-01-27 10:45:00,87.43063585680856,88.89581572188662,87.43063585680856,88.89581572188662,784700.0
2023-01-27 10:50:00,88.89581572188662,88.89581572188662,88.23631184901944,88.23631184901944,1006599.9999999999
2023-01-27 10:55:00,88.23631184901944,88.23631184901944,86.79269777653226,86.79269777653226,235899.99999999997
2023-01-27 11:00:00,86.79269777653226,89.2849926767357,86.79269777653226,89.2849926767357,1134000.0
2023-01-27 11:05:00,89.2849926767357,89.2849926767357,88.69053171058749,88.69053171058749,75600.0
2023-01-27 11:10:00,88.69053171058749,88.69053171058749,88.16248132311522,88.16248132311522,763000.0
2023-01-27 11:15:00,88.16248132311522,88.16248132311522,87.50467709136528,87.50467709136528,716800.0
2023-01-27 11:20:00,87.50467709136528,87.50467709136528,86.83240662495868,86.83240662495868,1136100.0
2023-01-27 11:25:00,86.83240662495868,87.32532544894306,86.83240662495868,87.32532544894306,1071000.0
2023-01-27 11:30:00,87.32532544894306,88.5716727627801,87.32532544894306,88.5716727627801,903700.0
2023-01-27 11:35:00,88.5716727627801,89.26241221689702,88.5716727627801,89.26241221689702,753200.0
2023-01-27 11:40:00,89.26241221689702,89.26241221689702,88.97457593933127,88.97457593933127,1228500.0
2023-01-27 11:45:00,88.97457593933127,88.97457593933127,87.18581131778866,87.18581131778866,1031799.9999999999
2023-01-27 11:50:00,87.18581131778866,87.18581131778866,86.62365582993984,86.62365582993984,912100.0
2023-01-27 11:55:00,86.62365582993984,87.79970829101495,86.62365582993984,87.79970829101495,1031799.9999999999
2023-01-27 12:00:00,87.79970829101495,87.79970829101495,86.17295659154436,86.17295659154436,542500.0
2023-01-27 12:05:00,86.17295659154436,87.94727956770677,86.17295659154436,87.94727956770677,837200.0
2023-01-27 12:10:00,87.94727956770677,87.94727956770677,87.55674660048373,87.55674660048373,117599.99999999999
2023-01-27 12:15:00,87.55674660048373,87.55674660048373,87.2941673743201,87.2941673743201,457800.0
2023-01-27 12:20:00,87.2941673743201,87.2941673743201,86.26539416772293,86.26539416772293,1352400.0
2023-01-27 12:25:00,86.26539416772293,88.11521877234793,86.26539416772293,88.11521877234793,489999.99999999994
2023-01-27 12:30:00,88.11521877234793,88.11521877234793,87.16503036697503,87.16503036697503,590100.0
2023-01-27 12:35:00,87.16503036697503,87.16503036697503,86.61468042517453,86.61468042517453,1325100.0
2023-01-27 12:40:00,86.61468042517453,86.61468042517453,85.20163267712684,85.20163267712684,1025499.9999999999
2023-01-27 12:45:00,85.20163267712684,87.71326483971563,85.20163267712684,87.71326483971563,225400.0
2023-01-27 12:50:00,87.71326483971563,89.29456976164049,87.71326483971563,89.29456976164049,854700.0
2023-01-27 12:55:00,89.29456976164049,89.29456976164049,89.1980113429181,89.1980113429181,747600.0
2023-01-27 13:00:00,89.1980113429181,89.1980113429181,87.32823135771834,87.32823135771834,506099.99999999994
2023-01-27 13:05:00,87.32823135771834,87.32823135771834,87.17538636613999,87.17538636613999,835800.0
2023-01-27 13:10:00,87.17538636613999,88.17698123050747,87.17538636613999,88.17698123050747,291900.0
2023-01-27 13:15:00,88.17698123050747,88.17698123050747,86.87068038601495,86.87068038601495,604800.0
2023-01-27 13:20:00,86.87068038601495,87.94028777230245,86.87068038601495,87.94028777230245,742000.0
2023-01-27 13:25:00,87.94028777230245,88.4513344804261,87.94028777230245,88.4513344804261,1395800.0
2023-01-27 13:30:00,88.4513344804261,88.82198894711028,88.4513344804261,88.82198894711028,416500.0
2023-01-27 13:35:00,88.82198894711028,88.82198894711028,87.66101373940764,87.66101373940764,226800.0
2023-01-27 13:40:00,87.66101373940764,87.66101373940764,87.57395748437774,87.57395748437774,332500.0
2023-01-27 13:45:00,87.57395748437774,87.57395748437774,86.94651433430158,86.94651433430158,1068200.0
2023-01-27 13:50:00,86.94651433430158,86.97830467647846,86.94651433430158,86.97830467647846,1099000.0
2023-01-27 13:55:00,86.97830467647846,87.48454937550758,86.97830467647846,87.48454937550758,1059100.0
2023-01-27 14:00:00,87.48454937550758,87.95664841409281,87.48454937550758,87.95664841409281,555100.0
2023-01-27 14:05:00,87.95664841409281,88.41922071241785,87.95664841409281,88.41922071241785,1271200.0
2023-01-27 14:10:00,88.41922071241785,88.41922071241785,86.94887901899463,86.94887901899463,1337000.0
2023-01-27 14:15:00,86.94887901899463,88.93937045217544,86.94887901899463,88.93937045217544,1344700.0
2023-01-27 14:20:00,88.93937045217544,88.93937045217544,87.45002984920178,87.45002984920178,169400.0
2023-01-27 14:25:00,87.45002984920178,87.6318086153327,87.45002984920178,87.6318086153327,630000.0
2023-01-27 14:30:00,87.6318086153327,87.6318086153327,87.07653213180154,87.07653213180154,743400.0
2023-01-27 14:35:00,87.07653213180154,87.07653213180154,85.51270929020454,85.51270929020454,1104600.0
2023-01-27 14:40:00,85.51270929020454,88.45042375520703,85.51270929020454,88.45042375520703,981399.9999999999
2023-01-27 14:45:00,88.45042375520703,88.45042375520703,88.37373382305546,88.37373382305546,1258600.0
2023-01-27 14:50:00,88.37373382305546,88.37373382305546,87.49671700499204,87.49671700499204,749000.0
2023-01-27 14:55:00,87.49671700499204,87.69706316750275,87.49671700499204,87.69706316750275,326200.0
2023-01-27 15:00:00,87.69706316750275,88.01591437062973,87.69706316750275,88.01591437062973,221900.0
2023-01-27 15:05:00,88.01591437062973,88.01591437062973,86.20577323154083,86.20577323154083,693000.0
2023-01-27 15:10:00,86.20577323154083,87.20098867770939,86.20577323154083,87.20098867770939,877100.0
2023-01-27 15:15:00,87.20098867770939,88.31241074749425,87.20098867770939,88.31241074749425,705600.0
2023-01-27 15:20:00,88.31241074749425,88.31241074749425,86.57056434525413,86.57056434525413,904400.0
2023-01-27 15:25:00,86.57056434525413,87.92175079784857,86.57056434525413,87.92175079784857,719600.0
2023-01-27 15:30:00,87.92175079784857,87.92175079784857,86.507918291701,86.507918291701,455000.0
2023-01-27 15:35:00,86.507918291701,88.14571112311225,86.507918291701,88.14571112311225,1140300.0
2023-01-27 15:40:00,88.14571112311225,88.14571112311225,87.7572085889532,87.7572085889532,1146600.0
2023-01-27 15:45:00,87.7572085889532,87.7572085889532,86.41354398955832,86.41354398955832,992599.9999999999
2023-01-27 15:50:00,86.41354398955832,88.81489105741778,86.41354398955832,88.81489105741778,1146600.0
2023-01-27 15:55:00,88.81489105741778,88.81489105741778,87.14375967912702,87.14375967912702,1283100.0
2023-01-27 16:00:00,87.14375967912702,87.14375967912702,87.10472425337846,87.10472425337846,1180900.0
2023-01-30 09:30:00,87.10472425337846,88.01766800161256,87.10472425337846,88.01766800161256,932399.9999999999
2023-01-30 09:35:00,88.01766800161256,88.86326342522855,88.01766800161256,88.86326342522855,1122100.0
2023-01-30 09:40:00,88.86326342522855,88.86326342522855,86.86407394549465,86.86407394549465,242199.99999999997
2023-01-30 09:45:00,86.86407394549465,87.88003535004529,86.86407394549465,87.88003535004529,1269100.0
2023-01-30 09:50:00,87.88003535004529,88.14559197201764,87.88003535004529,88.14559197201764,185500.0
2023-01-30 09:55:00,88.14559197201764,88.36467821713892,88.14559197201764,88.36467821713892,560700.0
2023-01-30 10:00:00,88.36467821713892,88.36467821713892,87.8860483019009,87.8860483019009,149100.0
2023-01-30 10:05:00,87.8860483019009,87.8860483019009,87.44130795942652,87.44130795942652,920499.9999999999
2023-01-30 10:10:00,87.44130795942652,87.44130795942652,87.07831231854911,87.07831231854911,840000.0
2023-01-30 10:15:00,87.07831231854911,87.83029478729917,87.07831231854911,87.83029478729917,955499.9999999999
2023-01-30 10:20:00,87.83029478729917,87.83029478729917,86.8079584757458,86.8079584757458,341600.0
2023-01-30 10:25:00,86.8079584757458,86.8079584757458,85.12284726026361,85.12284726026361,1001699.9999999999
2023-01-30 10:30:00,85.12284726026361,88.05459605275456,85.12284726026361,88.05459605275456,182000.0
2023-01-30 10:35:00,88.05459605275456,88.44375603871448,88.05459605275456,88.44375603871448,464799.99999999994
2023-01-30 10:40:00,88.44375603871448,88.44375603871448,85.54841572396171,85.54841572396171,658000.0
2023-01-30 10:45:00,85.54841572396171,86.80295601371911,85.54841572396171,86.80295601371911,749000.0
2023-01-30 10:50:00,86.80295601371911,88.28732066314114,86.80295601371911,88.28732066314114,240799.99999999997
2023-01-30 10:55:00,88.28732066314114,89.54253784577759,88.28732066314114,89.54253784577759,527100.0
2023-01-30 11:00:00,89.54253784577759,89.54253784577759,87.7848853209315,87.7848853209315,584500.0
2023-01-30 11:05:00,87.7848853209315,87.7848853209315,87.109463192859,87.109463192859,439600.0
2023-01-30 11:10:00,87.109463192859,87.64219325170595,87.109463192859,87.64219325170595,956899.9999999999
2023-01-30 11:15:00,87.64219325170595,89.0490785845105,87.64219325170595,89.0490785845105,982799.9999999999
2023-01-30 11:20:00,89.0490785845105,89.0490785845105,87.21392890178048,87.21392890178048,724500.0
2023-01-30 11:25:00,87.21392890178048,87.21392890178048,87.10954230591993,87.10954230591993,277900.0
2023-01-30 11:30:00,87.10954230591993,87.37357588356333,87.10954230591993,87.37357588356333,790300.0
2023-01-30 11:35:00,87.37357588356333,87.37357588356333,86.95469127137217,86.95469127137217,210000.0
2023-01-30 11:40:00,86.95469127137217,87.83026020736285,86.95469127137217,87.83026020736285,1096900.0
2023-01-30 11:45:00,87.83026020736285,89.17941419395582,87.83026020736285,89.17941419395582,1094100.0
2023-01-30 11:50:00,89.17941419395582,89.17941419395582,88.02493693770703,88.02493693770703,440300.0
2023-01-30 11:55:00,88.02493693770703,88.02493693770703,87.44860548117492,87.44860548117492,1058400.0
2023-01-30 12:00:00,87.44860548117492,87.44860548117492,87.4467697287812,87.4467697287812,1140300.0
2023-01-30 12:05:00,87.4467697287812,87.4467697287812,86.35547353504492,86.35547353504492,386400.0
2023-01-30 12:10:00,86.35547353504492,88.45555198073184,86.35547353504492,88.45555198073184,326200.0
2023-01-30 12:15:00,88.45555198073184,88.45555198073184,87.63474100731871,87.63474100731871,740600.0
2023-01-30 12:20:00,87.63474100731871,87.63474100731871,87.5862093487736,87.5862093487736,130899.99999999999
2023-01-30 12:25:00,87.5862093487736,90.50242914391447,87.5862093487736,90.50242914391447,1228500.0
2023-01-30 12:30:00,90.50242914391447,90.50242914391447,88.04054964720376,88.04054964720376,1209600.0
2023-01-30 12:35:00,88.04054964720376,88.04054964720376,87.12506031506398,87.12506031506398,389200.0
2023-01-30 12:40:00,87.12506031506398,87.4281574805897,87.12506031506398,87.4281574805897,1068900.0
2023-01-30 12:45:00,87.4281574805897,88.7458033174449,87.4281574805897,88.7458033174449,566300.0
2023-01-30 12:50:00,88.7458033174449,88.7458033174449,87.77599710812738,87.77599710812738,336700.0
2023-01-30 12:55:00,87.77599710812738,87.77599710812738,86.42219625620695,86.42219625620695,798700.0
2023-01-30 13:00:00,86.42219625620695,88.50342223748895,86.42219625620695,88.50342223748895,955499.9999999999
2023-01-30 13:05:00,88.50342223748895,88.50342223748895,87.1959121297174,87.1959121297174,1093400.0
2023-01-30 13:10:00,87.1959121297174,89.56794143392221,87.1959121297174,89.56794143392221,1076600.0
2023-01-30 13:15:00,89.56794143392221,89.56794143392221,88.81074987958857,88.81074987958857,543900.0
2023-01-30 13:20:00,88.81074987958857,88.81074987958857,87.46024877045204,87.46024877045204,603400.0
2023-01-30 13:25:00,87.46024877045204,88.96705212523999,87.46024877045204,88.96705212523999,763700.0
2023-01-30 13:30:00,88.96705212523999,88.96705212523999,87.92701469201829,87.92701469201829,855400.0
2023-01-30 13:35:00,87.92701469201829,88.61951467839472,87.92701469201829,88.61951467839472,1163400.0
2023-01-30 13:40:00,88.61951467839472,88.61951467839472,88.24523294394581,88.24523294394581,277900.0
2023-01-30 13:45:00,88.24523294394581,88.24523294394581,87.12744627702149,87.12744627702149,1204000.0
2023-01-30 13:50:00,87.12744627702149,87.31712626240433,87.12744627702149,87.31712626240433,1034599.9999999999
2023-01-30 13:55:00,87.31712626240433,88.77199875584535,87.31712626240433,88.77199875584535,1364300.0
2023-01-30 14:00:00,88.77199875584535,88.77199875584535,87.58784443566799,87.58784443566799,128799.99999999999
2023-01-30 14:05:00,87.58784443566799,87.58784443566799,87.46654105438016,87.46654105438016,702100.0
2023-01-30 14:10:00,87.46654105438016,87.46654105438016,86.9589201642099,86.9589201642099,1125600.0
2023-01-30 14:15:00,86.9589201642099,88.11332190706703,86.9589201642099,88.11332190706703,82600.0
2023-01-30 14:20:00,88.11332190706703,89.52987617685503,88.11332190706703,89.52987617685503,269500.0
2023-01-30 14:25:00,89.52987617685503,89.52987617685503,86.77594991597329,86.77594991597329,843500.0
2023-01-30 14:30:00,86.77594991597329,87.74687723775267,86.77594991597329,87.74687723775267,389200.0
2023-01-30 14:35:00,87.74687723775267,88.92391957847028,87.74687723775267,88.92391957847028,424900.0
2023-01-30 14:40:00,88.92391957847028,88.92391957847028,87.57506053686554,87.57506053686554,531300.0
2023-01-30 14:45:00,87.57506053686554,87.99124111643295,87.57506053686554,87.99124111643295,1102500.0
2023-01-30 14:50:00,87.99124111643295,87.99124111643295,86.61269303606042,86.61269303606042,938699.9999999999
2023-01-30 14:55:00,86.61269303606042,87.97908128237583,86.61269303606042,87.97908128237583,217000.0
2023-01-30 15:00:00,87.97908128237583,87.97908128237583,87.41006720560142,87.41006720560142,1069600.0
2023-01-30 15:05:00,87.41006720560142,88.47590648087903,87.41006720560142,88.47590648087903,1014299.9999999999
2023-01-30 15:10:00,88.47590648087903,88.7235239157929,88.47590648087903,88.7235239157929,693000.0
2023-01-30 15:15:00,88.7235239157929,89.94320716413651,88.7235239157929,89.94320716413651,1087800.0
2023-01-30 15:20:00,89.94320716413651,89.94320716413651,88.15353016059922,88.15353016059922,477399.99999999994
2023-01-30 15:25:00,88.15353016059922,88.15353016059922,87.91338427217866,87.91338427217866,284900.0
2023-01-30 15:30:00,87.91338427217866,87.91338427217866,87.80177537765314,87.80177537765314,1267700.0
2023-01-30 15:35:00,87.80177537765314,87.80177537765314,87.38841398379734,87.38841398379734,441000.0
2023-01-30 15:40:00,87.38841398379734,87.94459292227685,87.38841398379734,87.94459292227685,670600.0
2023-01-30 15:45:00,87.94459292227685,87.94459292227685,87.44195169367168,87.44195169367168,658000.0
2023-01-30 15:50:00,87.44195169367168,87.76059510503008,87.44195169367168,87.76059510503008,418600.0
2023-01-30 15:55:00,87.76059510503008,88.81550251968582,87.76059510503008,88.81550251968582,620900.0
2023-01-30 16:00:00,88.81550251968582,88.81550251968582,86.7180996677689,86.7180996677689,926799.9999999999
2023-01-31 09:30:00,86.7180996677689,88.7015910264946,86.7180996677689,88.7015910264946,1392300.0
2023-01-31 09:35:00,88.7015910264946,88.88376986254701,88.7015910264946,88.88376986254701,753200.0
2023-01-31 09:40:00,88.88376986254701,88.88376986254701,87.68369009421114,87.68369009421114,667100.0
2023-01-31 09:45:00,87.68369009421114,87.68369009421114,85.87426323143882,85.87426323143882,426300.0
2023-01-31 09:50:00,85.87426323143882,87.2640087884056,85.87426323143882,87.2640087884056,875700.0
2023-01-31 09:55:00,87.2640087884056,89.05327638681077,87.2640087884056,89.05327638681077,342300.0
2023-01-31 10:00:00,89.05327638681077,89.05327638681077,87.98608537840303,87.98608537840303,1020599.9999999999
2023-01-31 10:05:00,87.98608537840303,87.98608537840303,87.05123007923991,87.05123007923991,226100.0
2023-01-31 10:10:00,87.05123007923991,87.48001804519659,87.05123007923991,87.48001804519659,1055600.0
2023-01-31 10:15:00,87.48001804519659,88.62507371088158,87.48001804519659,88.62507371088158,980699.9999999999
2023-01-31 10:20:00,88.62507371088158,88.62507371088158,88.34886254429519,88.34886254429519,1007299.9999999999
2023-01-31 10:25:00,88.34886254429519,88.34886254429519,87.7086054078305,87.7086054078305,88200.0
2023-01-31 10:30:00,87.7086054078305,87.7086054078305,87.61823887920553,87.61823887920553,268100.0
2023-01-31 10:35:00,87.61823887920553,87.61823887920553,87.57530116122774,87.57530116122774,653100.0
2023-01-31 10:40:00,87.57530116122774,87.57530116122774,87.09189707824126,87.09189707824126,115499.99999999999
2023-01-31 10:45:00,87.09189707824126,89.30276418822507,87.09189707824126,89.30276418822507,1369200.0
2023-01-31 10:50:00,89.30276418822507,89.30276418822507,87.64845894818765,87.64845894818765,431900.0
2023-01-31 10:55:00,87.64845894818765,89.02768902931507,87.64845894818765,89.02768902931507,85400.0
2023-01-31 11:00:00,89.02768902931507,89.30502306374704,89.02768902931507,89.30502306374704,667100.0
2023-01-31 11:05:00,89.30502306374704,89.30502306374704,88.86043257620321,88.86043257620321,511699.99999999994
2023-01-31 11:10:00,88.86043257620321,88.86043257620321,87.60728865216943,87.60728865216943,722400.0
2023-01-31 11:15:00,87.60728865216943,88.33047546250798,87.60728865216943,88.33047546250798,1031799.9999999999
2023-01-31 11:20:00,88.33047546250798,88.33047546250798,88.06966592090312,88.06966592090312,140700.0
2023-01-31 11:25:00,88.06966592090312,88.06966592090312,87.35935516715318,87.35935516715318,163100.0
2023-01-31 11:30:00,87.35935516715318,88.45687550154203,87.35935516715318,88.45687550154203,1330700.0
2023-01-31 11:35:00,88.45687550154203,88.45687550154203,87.13476192452958,87.13476192452958,205100.0
2023-01-31 11:40:00,87.13476192452958,89.22977348601573,87.13476192452958,89.22977348601573,323400.0
2023-01-31 11:45:00,89.22977348601573,89.22977348601573,87.78226110169578,87.78226110169578,1003799.9999999999
2023-01-31 11:50:00,87.78226110169578,88.41399609504667,87.78226110169578,88.41399609504667,833000.0
2023-01-31 11:55:00,88.41399609504667,88.47065092052819,88.41399609504667,88.47065092052819,1077300.0
2023-01-31 12:00:00,88.47065092052819,88.47065092052819,87.9567499541405,87.9567499541405,709800.0
2023-01-31 12:05:00,87.9567499541405,88.67071999228033,87.9567499541405,88.67071999228033,1187900.0
2023-01-31 12:10:00,88.67071999228033,88.67071999228033,87.74163002785129,87.74163002785129,898800.0
2023-01-31 12:15:00,87.74163002785129,89.01359282162835,87.74163002785129,89.01359282162835,870800.0
2023-01-31 12:20:00,89.01359282162835,89.01359282162835,87.07541808941168,87.07541808941168,312900.0
2023-01-31 12:25:00,87.07541808941168,88.3444053495477,87.07541808941168,88.3444053495477,890400.0
2023-01-31 12:30:00,88.3444053495477,89.9687998085494,88.3444053495477,89.9687998085494,927499.9999999999
2023-01-31 12:35:00,89.9687998085494,89.9687998085494,87.38324217854853,87.38324217854853,508899.99999999994
2023-01-31 12:40:00,87.38324217854853,87.69960428958771,87.38324217854853,87.69960428958771,629300.0
2023-01-31 12:45:00,87.69960428958771,88.78734808495992,87.69960428958771,88.78734808495992,1048600.0
2023-01-31 12:50:00,88.78734808495992,88.78734808495992,88.45580276481189,88.45580276481189,501199.99999999994
2023-01-31 12:55:00,88.45580276481189,88.55342912777984,88.45580276481189,88.55342912777984,548100.0
2023-01-31 13:00:00,88.55342912777984,88.70703830785178,88.55342912777984,88.70703830785178,1228500.0
2023-01-31 13:05:00,88.70703830785178,88.78593112730137,88.70703830785178,88.78593112730137,1321600.0
2023-01-31 13:10:00,88.78593112730137,89.21901795244231,88.78593112730137,89.21901795244231,926799.9999999999
2023-01-31 13:15:00,89.21901795244231,89.21901795244231,88.6049611868795,88.6049611868795,685300.0
2023-01-31 13:20:00,88.6049611868795,88.6049611868795,88.04438728838254,88.04438728838254,731500.0
2023-01-31 13:25:00,88.04438728838254,88.85359986626057,88.04438728838254,88.85359986626057,382200.0
2023-01-31 13:30:00,88.85359986626057,89.92586694697067,88.85359986626057,89.92586694697067,860300.0
2023-01-31 13:35:00,89.92586694697067,89.92586694697067,88.11191529342967,88.11191529342967,1171800.0
2023-01-31 13:40:00,88.11191529342967,88.11191529342967,87.32319013050811,87.32319013050811,470399.99999999994
2023-01-31 13:45:00,87.32319013050811,89.19142954624175,87.32319013050811,89.19142954624175,576100.0
2023-01-31 13:50:00,89.19142954624175,89.19142954624175,88.09130571353765,88.09130571353765,802200.0
2023-01-31 13:55:00,88.09130571353765,88.09130571353765,86.33401435315702,86.33401435315702,1039499.9999999999
2023-01-31 14:00:00,86.33401435315702,88.93676097981957,86.33401435315702,88.93676097981957,458500.0
2023-01-31 14:05:00,88.93676097981957,88.93676097981957,87.73429813690903,87.73429813690903,1281000.0
2023-01-31 14:10:00,87.73429813690903,88.17710136021243,87.73429813690903,88.17710136021243,1096900.0
2023-01-31 14:15:00,88.17710136021243,88.58830847750943,88.17710136021243,88.58830847750943,499099.99999999994
2023-01-31 14:20:00,88.58830847750943,88.58830847750943,88.46616433780588,88.46616433780588,256899.99999999997
2023-01-31 14:25:00,88.46616433780588,88.88526674294464,88.46616433780588,88.88526674294464,450100.0
2023-01-31 14:30:00,88.88526674294464,88.88526674294464,87.8111068072912,87.8111068072912,948499.9999999999
2023-01-31 14:35:00,87.8111068072912,88.68479881423774,87.8111068072912,88.68479881423774,1085700.0
2023-01-31 14:40:00,88.68479881423774,88.68479881423774,88.01498682161434,88.01498682161434,1148000.0
2023-01-31 14:45:00,88.01498682161434,88.8495233042785,88.01498682161434,88.8495233042785,1393000.0
2023-01-31 14:50:00,88.8495233042785,88.8495233042785,88.77249573845091,88.77249573845091,397600.0
2023-01-31 14:55:00,88.77249573845091,88.77249573845091,87.35361550728176,87.35361550728176,454300.0
2023-01-31 15:00:00,87.35361550728176,89.10627110505679,87.35361550728176,89.10627110505679,590100.0
2023-01-31 15:05:00,89.10627110505679,89.10627110505679,87.74000492426597,87.74000492426597,1053500.0
2023-01-31 15:10:00,87.74000492426597,88.94980990459825,87.74000492426597,88.94980990459825,805000.0
2023-01-31 15:15:00,88.94980990459825,88.94980990459825,88.56448388725182,88.56448388725182,542500.0
2023-01-31 15:20:00,88.56448388725182,89.8991443658422,88.56448388725182,89.8991443658422,553000.0
2023-01-31 15:25:00,89.8991443658422,89.8991443658422,88.06133247115258,88.06133247115258,696500.0
2023-01-31 15:30:00,88.06133247115258,88.06133247115258,87.90908468860093,87.90908468860093,1299900.0
2023-01-31 15:35:00,87.90908468860093,88.28101946281714,87.90908468860093,88.28101946281714,803600.0
2023-01-31 15:40:00,88.28101946281714,88.28101946281714,88.03498584675758,88.03498584675758,526400.0
2023-01-31 15:45:00,88.03498584675758,89.04479061090089,88.03498584675758,89.04479061090089,248499.99999999997
2023-01-31 15:50:00,89.04479061090089,89.04479061090089,86.87941784232433,86.87941784232433,144900.0
2023-01-31 15:55:00,86.87941784232433,87.37481529263403,86.87941784232433,87.37481529263403,1027599.9999999999
2023-01-31 16:00:00,87.37481529263403,87.37481529263403,87.37363591747224,87.37363591747224,456400.0
2023-02-01 09:30:00,87.37363591747224,89.19707303633861,87.37363591747224,89.19707303633861,312900.0
2023-02-01 09:35:00,89.19707303633861,89.82268161113808,89.19707303633861,89.82268161113808,79100.0
2023-02-01 09:40:00,89.82268161113808,89.82268161113808,88.17292057665702,88.17292057665702,1218000.0
2023-02-01 09:45:00,88.17292057665702,88.17594396169906,88.17292057665702,88.17594396169906,627200.0
2023-02-01 09:50:00,88.17594396169906,88.34575867282558,88.17594396169906,88.34575867282558,411600.0
2023-02-01 09:55:00,88.34575867282558,89.29590743579469,88.34575867282558,89.29590743579469,306600.0
2023-02-01 10:00:00,89.29590743579469,89.29590743579469,87.45306375248235,87.45306375248235,1061900.0
2023-02-01 10:05:00,87.45306375248235,88.39165030087196,87.45306375248235,88.39165030087196,401800.0
2023-02-01 10:10:00,88.39165030087196,89.08964973083206,88.39165030087196,89.08964973083206,1174600.0
2023-02-01 10:15:00,89.08964973083206,89.08964973083206,88.69878460727516,88.69878460727516,543200.0
2023-02-01 10:20:00,88.69878460727516,88.69878460727516,88.48756828942122,88.48756828942122,1013599.9999999999
2023-02-01 10:25:00,88.48756828942122,89.17895813959059,88.48756828942122,89.17895813959059,1042299.9999999999
2023-02-01 10:30:00,89.17895813959059,89.17895813959059,85.92065544126838,85.92065544126838,105000.0
2023-02-01 10:35:00,85.92065544126838,88.95751381857,85.92065544126838,88.95751381857,257599.99999999997
2023-02-01 10:40:00,88.95751381857,88.95751381857,87.82017432847492,87.82017432847492,727300.0
2023-02-01 10:45:00,87.82017432847492,87.82017432847492,86.80809124690738,86.80809124690738,142100.0
2023-02-01 10:50:00,86.80809124690738,88.82885469976857,86.80809124690738,88.82885469976857,928899.9999999999
2023-02-01 10:55:00,88.82885469976857,89.62419331828967,88.82885469976857,89.62419331828967,826700.0
2023-02-01 11:00:00,89.62419331828967,89.62419331828967,88.33203384081521,88.33203384081521,384300.0
2023-02-01 11:05:00,88.33203384081521,89.37746202990591,88.33203384081521,89.37746202990591,191800.0
2023-02-01 11:10:00,89.37746202990591,89.96045578637009,89.37746202990591,89.96045578637009,1249500.0
2023-02-01 11:15:00,89.96045578637009,89.96045578637009,89.70425061729165,89.70425061729165,465499.99999999994
2023-02-01 11:20:00,89.70425061729165,89.88893147690172,89.70425061729165,89.88893147690172,1358000.0
2023-02-01 11:25:00,89.88893147690172,89.88893147690172,89.19958999587234,89.19958999587234,246399.99999999997
2023-02-01 11:30:00,89.19958999587234,89.19958999587234,88.68990080945578,88.68990080945578,1325800.0
2023-02-01 11:35:00,88.68990080945578,88.68990080945578,87.17359233673785,87.17359233673785,1374800.0
2023-02-01 11:40:00,87.17359233673785,88.38418936636563,87.17359233673785,88.38418936636563,318500.0
2023-02-01 11:45:00,88.38418936636563,88.38418936636563,87.8661377537304,87.8661377537304,1163400.0
2023-02-01 11:50:00,87.8661377537304,90.5390543933523,87.8661377537304,90.5390543933523,747600.0
2023-02-01 11:55:00,90.5390543933523,90.5390543933523,88.42782793454856,88.42782793454856,419300.0
2023-02-01 12:00:00,88.42782793454856,88.70911213209006,88.42782793454856,88.70911213209006,271600.0
2023-02-01 12:05:00,88.70911213209006,89.03940312646296,88.70911213209006,89.03940312646296,592200.0
2023-02-01 12:10:00,89.03940312646296,89.03940312646296,88.60864162350987,88.60864162350987,159600.0
2023-02-01 12:15:00,88.60864162350987,90.09983152158513,88.60864162350987,90.09983152158513,1289400.0
2023-02-01 12:20:00,90.09983152158513,90.09983152158513,87.93262215263012,87.93262215263012,503999.99999999994
2023-02-01 12:25:00,87.93262215263012,88.68886872927447,87.93262215263012,88.68886872927447,728000.0
2023-02-01 12:30:00,88.68886872927447,88.68886872927447,87.85727291154689,87.85727291154689,97300.0
2023-02-01 12:35:00,87.85727291154689,87.85727291154689,87.38778364560062,87.38778364560062,746900.0
2023-02-01 12:40:00,87.38778364560062,88.05629293371864,87.38778364560062,88.05629293371864,823200.0
2023-02-01 12:45:00,88.05629293371864,88.50342636173109,88.05629293371864,88.50342636173109,140700.0
2023-02-01 12:50:00,88.50342636173109,88.50342636173109,88.23442857669109,88.23442857669109,417200.0
2023-02-01 12:55:00,88.23442857669109,88.23442857669109,88.01901305108234,88.01901305108234,1096200.0
2023-02-01 13:00:00,88.01901305108234,88.01901305108234,87.35980734429334,87.35980734429334,1334200.0
2023-02-01 13:05:00,87.35980734429334,88.60679079849739,87.35980734429334,88.60679079849739,358400.0
2023-02-01 13:10:00,88.60679079849739,88.60679079849739,87.30046959955689,87.30046959955689,420000.0
2023-02-01 13:15:00,87.30046959955689,89.37721292365906,87.30046959955689,89.37721292365906,1355900.0
2023-02-01 13:20:00,89.37721292365906,89.37721292365906,88.77890706506636,88.77890706506636,672700.0
2023-02-01 13:25:00,88.77890706506636,88.77890706506636,87.41369493143748,87.41369493143748,1120000.0
2023-02-01 13:30:00,87.41369493143748,88.42948571982207,87.41369493143748,88.42948571982207,1376900.0
2023-02-01 13:35:00,88.42948571982207,88.42948571982207,87.95635527611411,87.95635527611411,490699.99999999994
2023-02-01 13:40:00,87.95635527611411,88.92718017751226,87.95635527611411,88.92718017751226,764400.0
2023-02-01 13:45:00,88.92718017751226,89.81886292824188,88.92718017751226,89.81886292824188,487199.99999999994
2023-02-01 13:50:00,89.81886292824188,89.81886292824188,86.96659995427807,86.96659995427807,674100.0
2023-02-01 13:55:00,86.96659995427807,88.66122298180878,86.96659995427807,88.66122298180878,949199.9999999999
2023-02-01 14:00:00,88.66122298180878,88.66122298180878,88.44612697559504,88.44612697559504,923299.9999999999
2023-02-01 14:05:00,88.44612697559504,89.12388788275732,88.44612697559504,89.12388788275732,812700.0
2023-02-01 14:10:00,89.12388788275732,89.12388788275732,88.72819304611436,88.72819304611436,1218000.0
2023-02-01 14:15:00,88.72819304611436,88.72819304611436,87.87363582950682,87.87363582950682,700000.0
2023-02-01 14:20:00,87.87363582950682,88.2645744117413,87.87363582950682,88.2645744117413,810600.0
2023-02-01 14:25:00,88.2645744117413,88.2645744117413,87.8373528650018,87.8373528650018,1114400.0
2023-02-01 14:30:00,87.8373528650018,89.52429564719485,87.8373528650018,89.52429564719485,873600.0
2023-02-01 14:35:00,89.52429564719485,89.52429564719485,88.63719601005911,88.63719601005911,939399.9999999999
2023-02-01 14:40:00,88.63719601005911,90.31890161003358,88.63719601005911,90.31890161003358,186200.0
2023-02-01 14:45:00,90.31890161003358,90.31890161003358,88.57333108627385,88.57333108627385,268100.0
2023-02-01 14:50:00,88.57333108627385,88.57333108627385,88.03057207780081,88.03057207780081,476699.99999999994
2023-02-01 14:55:00,88.03057207780081,88.03057207780081,87.29986237437444,87.29986237437444,876400.0
2023-02-01 15:00:00,87.29986237437444,87.29986237437444,87.05258476424885,87.05258476424885,548800.0
2023-02-01 15:05:00,87.05258476424885,87.20256879680181,87.05258476424885,87.20256879680181,1024799.9999999999
2023-02-01 15:10:00,87.20256879680181,88.94045770862013,87.20256879680181,88.94045770862013,675500.0
2023-02-01 15:15:00,88.94045770862013,89.1131168730531,88.94045770862013,89.1131168730531,1251600.0
2023-02-01 15:20:00,89.1131168730531,89.1131168730531,87.3313197596909,87.3313197596909,615300.0
2023-02-01 15:25:00,87.3313197596909,89.48238974140166,87.3313197596909,89.48238974140166,1000299.9999999999
2023-02-01 15:30:00,89.48238974140166,89.48238974140166,88.28836861414786,88.28836861414786,189700.0
2023-02-01 15:35:00,88.28836861414786,88.81606179375011,88.28836861414786,88.81606179375011,651700.0
2023-02-01 15:40:00,88.81606179375011,90.14414164322845,88.81606179375011,90.14414164322845,289100.0
2023-02-01 15:45:00,90.14414164322845,90.14414164322845,89.44726649376722,89.44726649376722,940799.9999999999
2023-02-01 15:50:00,89.44726649376722,89.44726649376722,88.43891585725225,88.43891585725225,1086400.0
2023-02-01 15:55:00,88.43891585725225,88.43891585725225,87.88647807294332,87.88647807294332,942199.9999999999
2023-02-01 16:00:00,87.88647807294332,87.88647807294332,86.73445932513884,86.73445932513884,529900.0
2023-02-02 09:30:00,86.73445932513884,88.02490695035439,86.73445932513884,88.02490695035439,924699.9999999999
2023-02-02 09:35:00,88.02490695035439,88.4660623067331,88.02490695035439,88.4660623067331,585900.0
2023-02-02 09:40:00,88.4660623067331,88.4660623067331,87.78259623546836,87.78259623546836,716800.0
2023-02-02 09:45:00,87.78259623546836,88.55775649745601,87.78259623546836,88.55775649745601,1369200.0
2023-02-02 09:50:00,88.55775649745601,88.73646938926815,88.55775649745601,88.73646938926815,566300.0
2023-02-02 09:55:00,88.73646938926815,88.73646938926815,88.42319582682202,88.42319582682202,833700.0
2023-02-02 10:00:00,88.42319582682202,88.42319582682202,88.13050467619921,88.13050467619921,1113700.0
2023-02-02 10:05:00,88.13050467619921,88.88161839756432,88.13050467619921,88.88161839756432,596400.0
2023-02-02 10:10:00,88.88161839756432,89.09805379750524,88.88161839756432,89.09805379750524,1201900.0
2023-02-02 10:15:00,89.09805379750524,89.09805379750524,87.7418272928948,87.7418272928948,919099.9999999999
2023-02-02 10:20:00,87.7418272928948,89.92184632302323,87.7418272928948,89.92184632302323,74900.0
2023-02-02 10:25:00,89.92184632302323,89.92184632302323,88.60606335165767,88.60606335165767,590800.0
2023-02-02 10:30:00,88.60606335165767,88.78757884367027,88.60606335165767,88.78757884367027,478799.99999999994
2023-02-02 10:35:00,88.78757884367027,89.4453124429008,88.78757884367027,89.4453124429008,1271900.0
2023-02-02 10:40:00,89.4453124429008,89.4453124429008,88.97260304014351,88.97260304014351,1385300.0
2023-02-02 10:45:00,88.97260304014351,89.54033671085301,88.97260304014351,89.54033671085301,1145900.0
2023-02-02 10:50:00,89.54033671085301,89.54033671085301,89.00965277405685,89.00965277405685,1158500.0
2023-02-02 10:55:00,89.00965277405685,89.00965277405685,88.20703187118212,88.20703187118212,585200.0
2023-02-02 11:00:00,88.20703187118212,89.06686470277353,88.20703187118212,89.06686470277353,177100.0
2023-02-02 11:05:00,89.06686470277353,89.06686470277353,87.76201238385708,87.76201238385708,671300.0
2023-02-02 11:10:00,87.76201238385708,88.86543362040253,87.76201238385708,88.86543362040253,459899.99999999994
2023-02-02 11:15:00,88.86543362040253,88.86543362040253,88.79749478051001,88.79749478051001,1150800.0
2023-02-02 11:20:00,88.79749478051001,88.79749478051001,88.61889902104664,88.61889902104664,189000.0
2023-02-02 11:25:00,88.61889902104664,88.69809381500485,88.61889902104664,88.69809381500485,1045799.9999999999
2023-02-02 11:30:00,88.69809381500485,88.69809381500485,87.22375785257175,87.22375785257175,1113700.0
2023-02-02 11:35:00,87.22375785257175,88.37480546731551,87.22375785257175,88.37480546731551,1246700.0
2023-02-02 11:40:00,88.37480546731551,88.91410947958235,88.37480546731551,88.91410947958235,905800.0
2023-02-02 11:45:00,88.91410947958235,88.96354363754611,88.91410947958235,88.96354363754611,700000.0
2023-02-02 11:50:00,88.96354363754611,88.96354363754611,87.83887537055857,87.83887537055857,1336300.0
2023-02-02 11:55:00,87.83887537055857,89.9590598794091,87.83887537055857,89.9590598794091,560700.0
2023-02-02 12:00:00,89.9590598794091,89.9590598794091,88.09988562929433,88.09988562929433,103600.0
2023-02-02 12:05:00,88.09988562929433,89.71324824384213,88.09988562929433,89.71324824384213,394100.0
2023-02-02 12:10:00,89.71324824384213,89.71324824384213,89.20325957057017,89.20325957057017,185500.0
2023-02-02 12:15:00,89.20325957057017,89.20325957057017,88.14067532552414,88.14067532552414,487899.99999999994
2023-02-02 12:20:00,88.14067532552414,90.25053404454766,88.14067532552414,90.25053404454766,456400.0
2023-02-02 12:25:00,90.25053404454766,90.25053404454766,87.62952764796985,87.62952764796985,213500.0
2023-02-02 12:30:00,87.62952764796985,89.42120751244286,87.62952764796985,89.42120751244286,445200.0
2023-02-02 12:35:00,89.42120751244286,89.61925307751282,89.42120751244286,89.61925307751282,1368500.0
2023-02-02 12:40:00,89.61925307751282,89.61925307751282,88.14186450576047,88.14186450576047,550200.0
2023-02-02 12:45:00,88.14186450576047,89.99584492051045,88.14186450576047,89.99584492051045,564900.0
2023-02-02 12:50:00,89.99584492051045,89.99584492051045,88.55090129484384,88.55090129484384,744100.0
2023-02-02 12:55:00,88.55090129484384,89.00804318360832,88.55090129484384,89.00804318360832,918399.9999999999
2023-02-02 13:00:00,89.00804318360832,89.00804318360832,89.00103743243587,89.00103743243587,1028299.9999999999
2023-02-02 13:05:00,89.00103743243587,89.00103743243587,88.65125248685771,88.65125248685771,121099.99999999999
2023-02-02 13:10:00,88.65125248685771,89.51980726747918,88.65125248685771,89.51980726747918,368900.0
2023-02-02 13:15:00,89.51980726747918,89.56412405901982,89.51980726747918,89.56412405901982,916300.0
2023-02-02 13:20:00,89.56412405901982,89.56412405901982,87.32463223004184,87.32463223004184,1354500.0
2023-02-02 13:25:00,87.32463223004184,90.10013901322394,87.32463223004184,90.10013901322394,415800.0
2023-02-02 13:30:00,90.10013901322394,90.10013901322394,87.47237184344834,87.47237184344834,1347500.0
2023-02-02 13:35:00,87.47237184344834,89.83342285048852,87.47237184344834,89.83342285048852,134400.0
2023-02-02 13:40:00,89.83342285048852,89.92327492510954,89.83342285048852,89.92327492510954,888300.0
2023-02-02 13:45:00,89.92327492510954,89.92327492510954,88.0138140862087,88.0138140862087,1348900.0
2023-02-02 13:50:00,88.0138140862087,88.51184644356344,88.0138140862087,88.51184644356344,767200.0
2023-02-02 13:55:00,88.51184644356344,88.51184644356344,87.92213073680442,87.92213073680442,1017099.9999999999
2023-02-02 14:00:00,87.92213073680442,88.80659370582819,87.92213073680442,88.80659370582819,319900.0
2023-02-02 14:05:00,88.80659370582819,88.80659370582819,88.74621556595876,88.74621556595876,634200.0
2023-02-02 14:10:00,88.74621556595876,89.74678382947874,88.74621556595876,89.74678382947874,204400.0
2023-02-02 14:15:00,89.74678382947874,90.22979518452622,89.74678382947874,90.22979518452622,1124200.0
2023-02-02 14:20:00,90.22979518452622,90.31048080787266,90.22979518452622,90.31048080787266,386400.0
2023-02-02 14:25:00,90.31048080787266,90.31048080787266,88.52022753894266,88.52022753894266,352100.0
2023-02-02 14:30:00,88.52022753894266,88.84236623032626,88.52022753894266,88.84236623032626,753200.0
2023-02-02 14:35:00,88.84236623032626,88.84236623032626,87.50583846939976,87.50583846939976,345800.0
2023-02-02 14:40:00,87.50583846939976,88.21151023216201,87.50583846939976,88.21151023216201,1046499.9999999999
2023-02-02 14:45:00,88.21151023216201,89.80827345095726,88.21151023216201,89.80827345095726,849800.0
2023-02-02 14:50:00,89.80827345095726,90.39074577171814,89.80827345095726,90.39074577171814,1173200.0
2023-02-02 14:55:00,90.39074577171814,90.39074577171814,87.88743737423155,87.88743737423155,578200.0
2023-02-02 15:00:00,87.88743737423155,88.42446722606223,87.88743737423155,88.42446722606223,468299.99999999994
2023-02-02 15:05:00,88.42446722606223,88.93322152370413,88.42446722606223,88.93322152370413,942199.9999999999
2023-02-02 15:10:00,88.93322152370413,89.21845563184303,88.93322152370413,89.21845563184303,1194200.0
2023-02-02 15:15:00,89.21845563184303,89.21845563184303,88.23370670510499,88.23370670510499,338100.0
2023-02-02 15:20:00,88.23370670510499,89.2705457335367,88.23370670510499,89.2705457335367,369600.0
2023-02-02 15:25:00,89.2705457335367,89.2705457335367,88.46531128161294,88.46531128161294,838600.0
2023-02-02 15:30:00,88.46531128161294,88.8538848133239,88.46531128161294,88.8538848133239,1168300.0
2023-02-02 15:35:00,88.8538848133239,89.30715713329877,88.8538848133239,89.30715713329877,779800.0
2023-02-02 15:40:00,89.30715713329877,89.30715713329877,88.9416227609545,88.9416227609545,366100.0
2023-02-02 15:45:00,88.9416227609545,88.9416227609545,88.4842276066521,88.4842276066521,632100.0
2023-02-02 15:50:00,88.4842276066521,88.8258063719822,88.4842276066521,88.8258063719822,893200.0
2023-02-02 15:55:00,88.8258063719822,88.87425460086433,88.8258063719822,88.87425460086433,432600.0
2023-02-02 16:00:00,88.87425460086433,88.87425460086433,88.5664949249281,88.5664949249281,418600.0
2023-02-03 09:30:00,88.5664949249281,88.72059397655146,88.5664949249281,88.72059397655146,1289400.0
2023-02-03 09:35:00,88.72059397655146,90.36980102673304,88.72059397655146,90.36980102673304,1045099.9999999999
2023-02-03 09:40:00,90.36980102673304,90.36980102673304,89.47068894117818,89.47068894117818,1011499.9999999999
2023-02-03 09:45:00,89.47068894117818,89.47068894117818,88.74079809589584,88.74079809589584,283500.0
2023-02-03 09:50:00,88.74079809589584,89.6483667077968,88.74079809589584,89.6483667077968,1344700.0
2023-02-03 09:55:00,89.6483667077968,89.6483667077968,88.70791234965927,88.70791234965927,459899.99999999994
2023-02-03 10:00:00,88.70791234965927,90.10539397166374,88.70791234965927,90.10539397166374,712600.0
2023-02-03 10:05:00,90.10539397166374,90.10539397166374,89.35320741884475,89.35320741884475,106400.0
2023-02-03 10:10:00,89.35320741884475,89.35320741884475,88.88405308485032,88.88405308485032,1005199.9999999999
2023-02-03 10:15:00,88.88405308485032,89.28790479058556,88.88405308485032,89.28790479058556,620200.0
2023-02-03 10:20:00,89.28790479058556,89.28790479058556,87.46256195425025,87.46256195425025,646800.0
2023-02-03 10:25:00,87.46256195425025,87.89602542498362,87.46256195425025,87.89602542498362,1247400.0
2023-02-03 10:30:00,87.89602542498362,87.89602542498362,87.839182095258,87.839182095258,395500.0
2023-02-03 10:35:00,87.839182095258,88.98890287077229,87.839182095258,88.98890287077229,1055600.0
2023-02-03 10:40:00,88.98890287077229,90.38444022357906,88.98890287077229,90.38444022357906,195300.0
2023-02-03 10:45:00,90.38444022357906,90.86699096496082,90.38444022357906,90.86699096496082,846300.0
2023-02-03 10:50:00,90.86699096496082,90.86699096496082,89.47482225652531,89.47482225652531,731500.0
2023-02-03 10:55:00,89.47482225652531,89.47482225652531,89.3355217874765,89.3355217874765,604800.0
2023-02-03 11:00:00,89.3355217874765,89.3355217874765,87.28054888245074,87.28054888245074,1071700.0
2023-02-03 11:05:00,87.28054888245074,88.40548154215597,87.28054888245074,88.40548154215597,213500.0
2023-02-03 11:10:00,88.40548154215597,88.40548154215597,88.16322866601551,88.16322866601551,1383900.0
2023-02-03 11:15:00,88.16322866601551,88.30998225498921,88.16322866601551,88.30998225498921,408800.0
2023-02-03 11:20:00,88.30998225498921,88.66264792867861,88.30998225498921,88.66264792867861,461299.99999999994
2023-02-03 11:25:00,88.66264792867861,88.66264792867861,88.36093031064156,88.36093031064156,268800.0
2023-02-03 11:30:00,88.36093031064156,88.36093031064156,87.0501960157951,87.0501960157951,1096200.0
2023-02-03 11:35:00,87.0501960157951,89.49819345292227,87.0501960157951,89.49819345292227,1243200.0
2023-02-03 11:40:00,89.49819345292227,89.49819345292227,87.91741788025716,87.91741788025716,1136100.0
2023-02-03 11:45:00,87.91741788025716,89.11828005319806,87.91741788025716,89.11828005319806,609700.0
2023-02-03 11:50:00,89.11828005319806,90.76114956708595,89.11828005319806,90.76114956708595,661500.0
2023-02-03 11:55:00,90.76114956708595,90.76114956708595,88.04001244041345,88.04001244041345,854000.0
2023-02-03 12:00:00,88.04001244041345,88.04001244041345,86.62451309838733,86.62451309838733,995399.9999999999
2023-02-03 12:05:00,86.62451309838733,88.56230437295174,86.62451309838733,88.56230437295174,493499.99999999994
2023-02-03 12:10:00,88.56230437295174,89.73863968062281,88.56230437295174,89.73863968062281,525000.0
2023-02-03 12:15:00,89.73863968062281,90.48766080459792,89.73863968062281,90.48766080459792,277200.0
2023-02-03 12:20:00,90.48766080459792,90.48766080459792,87.6450781282349,87.6450781282349,309400.0
2023-02-03 12:25:00,87.6450781282349,89.21763620483324,87.6450781282349,89.21763620483324,1362900.0
2023-02-03 12:30:00,89.21763620483324,89.21763620483324,88.2982216672222,88.2982216672222,418600.0
2023-02-03 12:35:00,88.2982216672222,88.73984223094507,88.2982216672222,88.73984223094507,1234800.0
2023-02-03 12:40:00,88.73984223094507,91.16491709927188,88.73984223094507,91.16491709927188,403900.0
2023-02-03 12:45:00,91.16491709927188,91.16491709927188,87.46990189757426,87.46990189757426,1005199.9999999999
2023-02-03 12:50:00,87.46990189757426,89.00664967754523,87.46990189757426,89.00664967754523,1295700.0
2023-02-03 12:55:00,89.00664967754523,89.25690111919833,89.00664967754523,89.25690111919833,1368500.0
2023-02-03 13:00:00,89.25690111919833,89.79967692797143,89.25690111919833,89.79967692797143,430500.0
2023-02-03 13:05:00,89.79967692797143,89.79967692797143,88.87681439906478,88.87681439906478,730100.0
2023-02-03 13:10:00,88.87681439906478,88.97474019583188,88.87681439906478,88.97474019583188,203700.0
2023-02-03 13:15:00,88.97474019583188,88.97474019583188,88.3727154459532,88.3727154459532,86100.0
2023-02-03 13:20:00,88.3727154459532,88.99438835429228,88.3727154459532,88.99438835429228,1064000.0
2023-02-03 13:25:00,88.99438835429228,88.99438835429228,88.47915773665004,88.47915773665004,641200.0
2023-02-03 13:30:00,88.47915773665004,89.33079403748125,88.47915773665004,89.33079403748125,466199.99999999994
2023-02-03 13:35:00,89.33079403748125,89.33079403748125,88.43925802772192,88.43925802772192,1025499.9999999999
2023-02-03 13:40:00,88.43925802772192,89.12775581010207,88.43925802772192,89.12775581010207,347200.0
2023-02-03 13:45:00,89.12775581010207,89.12775581010207,88.75888893770056,88.75888893770056,264600.0
2023-02-03 13:50:00,88.75888893770056,89.85669333984654,88.75888893770056,89.85669333984654,313600.0
2023-02-03 13:55:00,89.85669333984654,89.85669333984654,88.78973889776785,88.78973889776785,681800.0
2023-02-03 14:00:00,88.78973889776785,88.78973889776785,87.25400379350054,87.25400379350054,1284500.0
2023-02-03 14:05:00,87.25400379350054,89.98166186919961,87.25400379350054,89.98166186919961,274400.0
2023-02-03 14:10:00,89.98166186919961,89.98166186919961,88.09903987894474,88.09903987894474,725900.0
2023-02-03 14:15:00,88.09903987894474,88.37108610678581,88.09903987894474,88.37108610678581,733600.0
2023-02-03 14:20:00,88.37108610678581,88.449308856241,88.37108610678581,88.449308856241,1384600.0
2023-02-03 14:25:00,88.449308856241,90.15928055134461,88.449308856241,90.15928055134461,857500.0
2023-02-03 14:30:00,90.15928055134461,90.15928055134461,86.97871191688954,86.97871191688954,546000.0
2023-02-03 14:35:00,86.97871191688954,91.70802115373822,86.97871191688954,91.70802115373822,578900.0
2023-02-03 14:40:00,91.70802115373822,91.70802115373822,89.77775257915629,89.77775257915629,635600.0
2023-02-03 14:45:00,89.77775257915629,89.77775257915629,89.1577885979013,89.1577885979013,923999.9999999999
2023-02-03 14:50:00,89.1577885979013,89.1577885979013,88.91473361520056,88.91473361520056,1123500.0
2023-02-03 14:55:00,88.91473361520056,89.1520722378024,88.91473361520056,89.1520722378024,1195600.0
2023-02-03 15:00:00,89.1520722378024,89.44903423948479,89.1520722378024,89.44903423948479,109900.0
2023-02-03 15:05:00,89.44903423948479,89.58909398594096,89.44903423948479,89.58909398594096,649600.0
2023-02-03 15:10:00,89.58909398594096,89.58909398594096,89.5192868326081,89.5192868326081,1369900.0
2023-02-03 15:15:00,89.5192868326081,89.5192868326081,89.10275158464152,89.10275158464152,1236200.0
2023-02-03 15:20:00,89.10275158464152,89.10275158464152,88.85941588555872,88.85941588555872,336000.0
2023-02-03 15:25:00,88.85941588555872,88.85941588555872,88.83663915400666,88.83663915400666,1265600.0
2023-02-03 15:30:00,88.83663915400666,88.83663915400666,88.8122070599846,88.8122070599846,725900.0
2023-02-03 15:35:00,88.8122070599846,89.96734924914962,88.8122070599846,89.96734924914962,74200.0
2023-02-03 15:40:00,89.96734924914962,89.96734924914962,89.48762251984986,89.48762251984986,1003099.9999999999
2023-02-03 15:45:00,89.48762251984986,89.48762251984986,86.31645063255944,86.31645063255944,956199.9999999999
2023-02-03 15:50:00,86.31645063255944,89.50702132205129,86.31645063255944,89.50702132205129,1219400.0
2023-02-03 15:55:00,89.50702132205129,89.50702132205129,89.1058432068474,89.1058432068474,272300.0
2023-02-03 16:00:00,89.1058432068474,89.1058432068474,88.86034895113373,88.86034895113373,862400.0
2023-02-06 09:30:00,88.86034895113373,88.86034895113373,88.56104646165286,88.56104646165286,333900.0
2023-02-06 09:35:00,88.56104646165286,89.87116467292307,88.56104646165286,89.87116467292307,1185800.0
2023-02-06 09:40:00,89.87116467292307,89.87116467292307,89.76338234113587,89.76338234113587,280700.0
2023-02-06 09:45:00,89.76338234113587,89.76338234113587,88.26102029275164,88.26102029275164,1347500.0
2023-02-06 09:50:00,88.26102029275164,89.23162549923245,88.26102029275164,89.23162549923245,658000.0
2023-02-06 09:55:00,89.23162549923245,89.23162549923245,88.03637559556263,88.03637559556263,386400.0
2023-02-06 10:00:00,88.03637559556263,88.03637559556263,87.63999197357295,87.63999197357295,1045799.9999999999
2023-02-06 10:05:00,87.63999197357295,88.33601101447086,87.63999197357295,88.33601101447086,1384600.0
2023-02-06 10:10:00,88.33601101447086,89.59290126264013,88.33601101447086,89.59290126264013,302400.0
2023-02-06 10:15:00,89.59290126264013,89.7226102491903,89.59290126264013,89.7226102491903,1252300.0
2023-02-06 10:20:00,89.7226102491903,89.7226102491903,89.26317269800845,89.26317269800845,681100.0
2023-02-06 10:25:00,89.26317269800845,89.41760000517927,89.26317269800845,89.41760000517927,72800.0
2023-02-06 10:30:00,89.41760000517927,89.41760000517927,89.20431726215043,89.20431726215043,432600.0
2023-02-06 10:35:00,89.20431726215043,89.20431726215043,88.19142577951274,88.19142577951274,147000.0
2023-02-06 10:40:00,88.19142577951274,89.09150640192064,88.19142577951274,89.09150640192064,758100.0
2023-02-06 10:45:00,89.09150640192064,89.42706587918589,89.09150640192064,89.42706587918589,1171800.0
2023-02-06 10:50:00,89.42706587918589,89.42706587918589,89.39012046021448,89.39012046021448,805700.0
2023-02-06 10:55:00,89.39012046021448,89.69152882259786,89.39012046021448,89.69152882259786,332500.0
2023-02-06 11:00:00,89.69152882259786,89.69152882259786,89.27001014235138,89.27001014235138,1310400.0
2023-02-06 11:05:00,89.27001014235138,89.27001014235138,88.89989379903447,88.89989379903447,669200.0
2023-02-06 11:10:00,88.89989379903447,89.45086358003395,88.89989379903447,89.45086358003395,1271200.0
2023-02-06 11:15:00,89.45086358003395,89.45086358003395,88.54670729020386,88.54670729020386,121099.99999999999
2023-02-06 11:20:00,88.54670729020386,88.54670729020386,87.70993949698826,87.70993949698826,172200.0
2023-02-06 11:25:00,87.70993949698826,88.41139613968531,87.70993949698826,88.41139613968531,1120000.0
2023-02-06 11:30:00,88.41139613968531,88.41139613968531,87.9211408430829,87.9211408430829,77000.0
2023-02-06 11:35:00,87.9211408430829,88.05923839702672,87.9211408430829,88.05923839702672,78400.0
2023-02-06 11:40:00,88.05923839702672,88.45851608949685,88.05923839702672,88.45851608949685,900900.0
2023-02-06 11:45:00,88.45851608949685,88.45851608949685,87.98031679396117,87.98031679396117,845600.0
2023-02-06 11:50:00,87.98031679396117,88.32767900152633,87.98031679396117,88.32767900152633,886900.0
2023-02-06 11:55:00,88.32767900152633,88.32767900152633,86.89204722254975,86.89204722254975,515899.99999999994
2023-02-06 12:00:00,86.89204722254975,88.76274572784303,86.89204722254975,88.76274572784303,158200.0
2023-02-06 12:05:00,88.76274572784303,88.76274572784303,88.63748353600874,88.63748353600874,1227100.0
2023-02-06 12:10:00,88.63748353600874,88.63748353600874,87.85279295558371,87.85279295558371,1035999.9999999999
2023-02-06 12:15:00,87.85279295558371,89.15028764608587,87.85279295558371,89.15028764608587,1047199.9999999999
2023-02-06 12:20:00,89.15028764608587,89.38927124619387,89.15028764608587,89.38927124619387,494199.99999999994
2023-02-06 12:25:00,89.38927124619387,89.38927124619387,87.11519500247417,87.11519500247417,1325800.0
2023-02-06 12:30:00,87.11519500247417,87.88123417588993,87.11519500247417,87.88123417588993,1304100.0
2023-02-06 12:35:00,87.88123417588993,87.93084029946621,87.88123417588993,87.93084029946621,676900.0
2023-02-06 12:40:00,87.93084029946621,87.93084029946621,87.76718306571873,87.76718306571873,639800.0
2023-02-06 12:45:00,87.76718306571873,89.39442766799216,87.76718306571873,89.39442766799216,926799.9999999999
2023-02-06 12:50:00,89.39442766799216,89.39442766799216,88.49282537294394,88.49282537294394,1279600.0
2023-02-06 12:55:00,88.49282537294394,88.49282537294394,88.47156704765679,88.47156704765679,954099.9999999999
2023-02-06 13:00:00,88.47156704765679,88.47156704765679,86.87475418110488,86.87475418110488,860300.0
2023-02-06 13:05:00,86.87475418110488,89.25334980082886,86.87475418110488,89.25334980082886,590100.0
2023-02-06 13:10:00,89.25334980082886,89.25334980082886,87.64068817165627,87.64068817165627,463399.99999999994
2023-02-06 13:15:00,87.64068817165627,88.77237052182306,87.64068817165627,88.77237052182306,468299.99999999994
2023-02-06 13:20:00,88.77237052182306,88.97401879209762,88.77237052182306,88.97401879209762,479499.99999999994
2023-02-06 13:25:00,88.97401879209762,89.87372520252192,88.97401879209762,89.87372520252192,207200.0
2023-02-06 13:30:00,89.87372520252192,89.87372520252192,87.51424553939964,87.51424553939964,1143100.0
2023-02-06 13:35:00,87.51424553939964,87.51424553939964,86.04249308940284,86.04249308940284,125999.99999999999
2023-02-06 13:40:00,86.04249308940284,88.87878618718722,86.04249308940284,88.87878618718722,1135400.0
2023-02-06 13:45:00,88.87878618718722,90.28795734031911,88.87878618718722,90.28795734031911,763000.0
2023-02-06 13:50:00,90.28795734031911,90.28795734031911,89.84943720870662,89.84943720870662,979299.9999999999
2023-02-06 13:55:00,89.84943720870662,89.84943720870662,88.8666051721442,88.8666051721442,205100.0
2023-02-06 14:00:00,88.8666051721442,88.8666051721442,88.23953283059667,88.23953283059667,1176700.0
2023-02-06 14:05:00,88.23953283059667,89.39886722539256,88.23953283059667,89.39886722539256,1006599.9999999999
2023-02-06 14:10:00,89.39886722539256,89.39886722539256,87.76419102081172,87.76419102081172,408100.0
2023-02-06 14:15:00,87.76419102081172,89.13577331012634,87.76419102081172,89.13577331012634,1042299.9999999999
2023-02-06 14:20:00,89.13577331012634,89.13577331012634,89.11075244806517,89.11075244806517,795200.0
2023-02-06 14:25:00,89.11075244806517,89.57713093669305,89.11075244806517,89.57713093669305,1283800.0
2023-02-06 14:30:00,89.57713093669305,90.96083898187302,89.57713093669305,90.96083898187302,1320900.0
2023-02-06 14:35:00,90.96083898187302,90.96083898187302,88.91353308672954,88.91353308672954,542500.0
2023-02-06 14:40:00,88.91353308672954,88.91353308672954,88.10234537862495,88.10234537862495,315000.0
2023-02-06 14:45:00,88.10234537862495,88.52627443129315,88.10234537862495,88.52627443129315,186900.0
2023-02-06 14:50:00,88.52627443129315,88.52627443129315,86.97944806187972,86.97944806187972,930299.9999999999
2023-02-06 14:55:00,86.97944806187972,87.98829547457422,86.97944806187972,87.98829547457422,1290100.0
2023-02-06 15:00:00,87.98829547457422,88.3118297577649,87.98829547457422,88.3118297577649,142100.0
2023-02-06 15:05:00,88.3118297577649,88.3118297577649,88.13176482226395,88.13176482226395,1027599.9999999999
2023-02-06 15:10:00,88.13176482226395,88.69875740701232,88.13176482226395,88.69875740701232,1221500.0
2023-02-06 15:15:00,88.69875740701232,88.69875740701232,87.79548289572675,87.79548289572675,680400.0
2023-02-06 15:20:00,87.79548289572675,89.49691336903864,87.79548289572675,89.49691336903864,1357300.0
2023-02-06 15:25:00,89.49691336903864,89.49691336903864,88.51722059796653,88.51722059796653,785400.0
2023-02-06 15:30:00,88.51722059796653,88.51722059796653,88.4621027440294,88.4621027440294,1150800.0
2023-02-06 15:35:00,88.4621027440294,88.4621027440294,88.18873478485301,88.18873478485301,744800.0
2023-02-06 15:40:00,88.18873478485301,88.59973357224771,88.18873478485301,88.59973357224771,273700.0
2023-02-06 15:45:00,88.59973357224771,89.23262511413184,88.59973357224771,89.23262511413184,439600.0
2023-02-06 15:50:00,89.23262511413184,89.23262511413184,87.7308923405404,87.7308923405404,389200.0
2023-02-06 15:55:00,87.7308923405404,87.8415899858655,87.7308923405404,87.8415899858655,776300.0
2023-02-06 16:00:00,87.8415899858655,88.17018086925651,87.8415899858655,88.17018086925651,1189300.0
2023-02-07 09:30:00,88.17018086925651,88.17018086925651,87.19488586555572,87.19488586555572,595700.0
2023-02-07 09:35:00,87.19488586555572,87.62191286889957,87.19488586555572,87.62191286889957,394800.0
2023-02-07 09:40:00,87.62191286889957,87.91756152309365,87.62191286889957,87.91756152309365,1185800.0
2023-02-07 09:45:00,87.91756152309365,89.08833035716931,87.91756152309365,89.08833035716931,1311800.0
2023-02-07 09:50:00,89.08833035716931,89.08833035716931,88.48291210545723,88.48291210545723,542500.0
2023-02-07 09:55:00,88.48291210545723,88.48291210545723,88.41337496126401,88.41337496126401,654500.0
2023-02-07 10:00:00,88.41337496126401,88.97935568385724,88.41337496126401,88.97935568385724,357700.0
2023-02-07 10:05:00,88.97935568385724,88.97935568385724,88.12615666856115,88.12615666856115,950599.9999999999
2023-02-07 10:10:00,88.12615666856115,88.53350848319079,88.12615666856115,88.53350848319079,254799.99999999997
2023-02-07 10:15:00,88.53350848319079,88.53350848319079,88.09401760719015,88.09401760719015,960399.9999999999
2023-02-07 10:20:00,88.09401760719015,88.44093739565125,88.09401760719015,88.44093739565125,764400.0
2023-02-07 10:25:00,88.44093739565125,88.44093739565125,87.6404696582058,87.6404696582058,1255100.0
2023-02-07 10:30:00,87.6404696582058,87.6404696582058,85.97513360521828,85.97513360521828,866600.0
2023-02-07 10:35:00,85.97513360521828,88.01872126770441,85.97513360521828,88.01872126770441,562800.0
2023-02-07 10:40:00,88.01872126770441,89.49697065090224,88.01872126770441,89.49697065090224,1109500.0
2023-02-07 10:45:00,89.49697065090224,89.49697065090224,89.02315120723438,89.02315120723438,1003799.9999999999
2023-02-07 10:50:00,89.02315120723438,89.0298577309187,89.02315120723438,89.0298577309187,460599.99999999994
2023-02-07 10:55:00,89.0298577309187,89.30354127838686,89.0298577309187,89.30354127838686,928199.9999999999
2023-02-07 11:00:00,89.30354127838686,89.30354127838686,88.33236120759669,88.33236120759669,1017799.9999999999
2023-02-07 11:05:00,88.33236120759669,88.39735514908101,88.33236120759669,88.39735514908101,1299900.0
2023-02-07 11:10:00,88.39735514908101,88.39735514908101,87.65600081540727,87.65600081540727,515899.99999999994
2023-02-07 11:15:00,87.65600081540727,87.90380818159798,87.65600081540727,87.90380818159798,1316700.0
2023-02-07 11:20:00,87.90380818159798,88.68989769244172,87.90380818159798,88.68989769244172,542500.0
2023-02-07 11:25:00,88.68989769244172,89.2018278097551,88.68989769244172,89.2018278097551,113400.0
2023-02-07 11:30:00,89.2018278097551,89.2018278097551,88.05103912674183,88.05103912674183,201600.0
2023-02-07 11:35:00,88.05103912674183,88.05103912674183,87.7033093077244,87.7033093077244,786100.0
2023-02-07 11:40:00,87.7033093077244,88.09924265920672,87.7033093077244,88.09924265920672,1203300.0
2023-02-07 11:45:00,88.09924265920672,88.69812338724371,88.09924265920672,88.69812338724371,481599.99999999994
2023-02-07 11:50:00,88.69812338724371,88.69812338724371,86.92082795505016,86.92082795505016,135800.0
2023-02-07 11:55:00,86.92082795505016,86.92082795505016,86.22808960112245,86.22808960112245,422100.0
2023-02-07 12:00:00,86.22808960112245,87.74022045594624,86.22808960112245,87.74022045594624,1381800.0
2023-02-07 12:05:00,87.74022045594624,87.74022045594624,87.21143680322996,87.21143680322996,686700.0
2023-02-07 12:10:00,87.21143680322996,87.88558109741062,87.21143680322996,87.88558109741062,1054900.0
2023-02-07 12:15:00,87.88558109741062,88.20517167162839,87.88558109741062,88.20517167162839,581700.0
2023-02-07 12:20:00,88.20517167162839,88.20517167162839,87.9159170284722,87.9159170284722,1110200.0
2023-02-07 12:25:00,87.9159170284722,89.64684286398895,87.9159170284722,89.64684286398895,746900.0
2023-02-07 12:30:00,89.64684286398895,89.64684286398895,88.6631167689521,88.6631167689521,583100.0
2023-02-07 12:35:00,88.6631167689521,88.68211714079992,88.6631167689521,88.68211714079992,905800.0
2023-02-07 12:40:00,88.68211714079992,88.98322353010823,88.68211714079992,88.98322353010823,630700.0
2023-02-07 12:45:00,88.98322353010823,88.98322353010823,87.42047931981865,87.42047931981865,941499.9999999999
2023-02-07 12:50:00,87.42047931981865,89.35483671383125,87.42047931981865,89.35483671383125,1292200.0
2023-02-07 12:55:00,89.35483671383125,89.35483671383125,88.32882774309152,88.32882774309152,366800.0
2023-02-07 13:00:00,88.32882774309152,89.02746386467611,88.32882774309152,89.02746386467611,265300.0
2023-02-07 13:05:00,89.02746386467611,89.02746386467611,87.47324316949066,87.47324316949066,1009399.9999999999
2023-02-07 13:10:00,87.47324316949066,87.47324316949066,87.08540835842972,87.08540835842972,1217300.0
2023-02-07 13:15:00,87.08540835842972,89.14966896020964,87.08540835842972,89.14966896020964,695800.0
2023-02-07 13:20:00,89.14966896020964,89.14966896020964,88.72047880160338,88.72047880160338,1115100.0
2023-02-07 13:25:00,88.72047880160338,88.72047880160338,87.60337117888996,87.60337117888996,1193500.0
2023-02-07 13:30:00,87.60337117888996,87.64351333727662,87.60337117888996,87.64351333727662,1031799.9999999999
2023-02-07 13:35:00,87.64351333727662,89.39906546422235,87.64351333727662,89.39906546422235,86800.0
2023-02-07 13:40:00,89.39906546422235,89.39906546422235,87.39648538930211,87.39648538930211,1346100.0
2023-02-07 13:45:00,87.39648538930211,89.88535576951438,87.39648538930211,89.88535576951438,1180200.0
2023-02-07 13:50:00,89.88535576951438,89.88535576951438,87.63829018736327,87.63829018736327,191800.0
2023-02-07 13:55:00,87.63829018736327,89.03079166035096,87.63829018736327,89.03079166035096,799400.0
2023-02-07 14:00:00,89.03079166035096,89.03079166035096,88.17247956580394,88.17247956580394,1049300.0
2023-02-07 14:05:00,88.17247956580394,89.06346549781536,88.17247956580394,89.06346549781536,124599.99999999999
2023-02-07 14:10:00,89.06346549781536,89.06346549781536,88.10929281527406,88.10929281527406,958999.9999999999
2023-02-07 14:15:00,88.10929281527406,88.40338385355795,88.10929281527406,88.40338385355795,1027599.9999999999
2023-02-07 14:20:00,88.40338385355795,88.46529269204031,88.40338385355795,88.46529269204031,956199.9999999999
2023-02-07 14:25:00,88.46529269204031,88.46529269204031,87.55269348951065,87.55269348951065,1006599.9999999999
2023-02-07 14:30:00,87.55269348951065,89.0631260026946,87.55269348951065,89.0631260026946,819700.0
2023-02-07 14:35:00,89.0631260026946,89.0631260026946,87.93297625925314,87.93297625925314,862400.0
2023-02-07 14:40:00,87.93297625925314,88.25104934568733,87.93297625925314,88.25104934568733,700700.0
2023-02-07 14:45:00,88.25104934568733,88.25104934568733,87.66990296640007,87.66990296640007,567700.0
2023-02-07 14:50:00,87.66990296640007,87.66990296640007,86.24916899947735,86.24916899947735,1309700.0
2023-02-07 14:55:00,86.24916899947735,88.3487513697026,86.24916899947735,88.3487513697026,436800.0
2023-02-07 15:00:00,88.3487513697026,90.66305500244346,88.3487513697026,90.66305500244346,232399.99999999997
2023-02-07 15:05:00,90.66305500244346,90.66305500244346,89.27293160642249,89.27293160642249,1104600.0
2023-02-07 15:10:00,89.27293160642249,89.27293160642249,88.4860691398196,88.4860691398196,742700.0
2023-02-07 15:15:00,88.4860691398196,88.4860691398196,88.32030242921275,88.32030242921275,348600.0
2023-02-07 15:20:00,88.32030242921275,88.61654362709358,88.32030242921275,88.61654362709358,781900.0
2023-02-07 15:25:00,88.61654362709358,89.07890939687968,88.61654362709358,89.07890939687968,1206800.0
2023-02-07 15:30:00,89.07890939687968,89.07890939687968,87.585366844429,87.585366844429,900900.0
2023-02-07 15:35:00,87.585366844429,89.56941105942374,87.585366844429,89.56941105942374,274400.0
2023-02-07 15:40:00,89.56941105942374,89.56941105942374,89.13924352368396,89.13924352368396,385000.0
2023-02-07 15:45:00,89.13924352368396,89.16064594053074,89.13924352368396,89.16064594053074,112000.0
2023-02-07 15:50:00,89.16064594053074,89.16064594053074,88.93194668623842,88.93194668623842,129499.99999999999
2023-02-07 15:55:00,88.93194668623842,88.93194668623842,88.54559976148978,88.54559976148978,1160600.0
2023-02-07 16:00:00,88.54559976148978,89.16637702875639,88.54559976148978,89.16637702875639,374500.0
2023-02-08 09:30:00,89.16637702875639,89.16637702875639,89.05168141091075,89.05168141091075,559300.0
2023-02-08 09:35:00,89.05168141091075,89.05168141091075,88.2950542978289,88.2950542978289,687400.0
2023-02-08 09:40:00,88.2950542978289,88.2950542978289,88.13333708298346,88.13333708298346,93800.0
2023-02-08 09:45:00,88.13333708298346,88.82650791259822,88.13333708298346,88.82650791259822,534800.0
2023-02-08 09:50:00,88.82650791259822,90.03518796942893,88.82650791259822,90.03518796942893,377300.0
2023-02-08 09:55:00,90.03518796942893,90.03518796942893,87.5189579806855,87.5189579806855,252699.99999999997
2023-02-08 10:00:00,87.5189579806855,87.5189579806855,87.30670619304986,87.30670619304986,778400.0
2023-02-08 10:05:00,87.30670619304986,88.76141856460583,87.30670619304986,88.76141856460583,772800.0
2023-02-08 10:10:00,88.76141856460583,88.76141856460583,88.71219423323312,88.71219423323312,1278900.0
2023-02-08 10:15:00,88.71219423323312,88.80719090653483,88.71219423323312,88.80719090653483,1194200.0
2023-02-08 10:20:00,88.80719090653483,88.90119820823453,88.80719090653483,88.90119820823453,860300.0
2023-02-08 10:25:00,88.90119820823453,88.90119820823453,88.54396558298694,88.54396558298694,584500.0
2023-02-08 10:30:00,88.54396558298694,90.08235776043378,88.54396558298694,90.08235776043378,1258600.0
2023-02-08 10:35:00,90.08235776043378,90.08235776043378,87.37347758907264,87.37347758907264,1155700.0
2023-02-08 10:40:00,87.37347758907264,87.96242715810722,87.37347758907264,87.96242715810722,1145200.0
2023-02-08 10:45:00,87.96242715810722,88.70082243352076,87.96242715810722,88.70082243352076,1366400.0
2023-02-08 10:50:00,88.70082243352076,88.70082243352076,87.29138106244102,87.29138106244102,928899.9999999999
2023-02-08 10:55:00,87.29138106244102,88.73714383843935,87.29138106244102,88.73714383843935,971599.9999999999
2023-02-08 11:00:00,88.73714383843935,90.33943626594254,88.73714383843935,90.33943626594254,923299.9999999999
2023-02-08 11:05:00,90.33943626594254,90.33943626594254,88.88153425634391,88.88153425634391,722400.0
2023-02-08 11:10:00,88.88153425634391,89.11908477993452,88.88153425634391,89.11908477993452,162400.0
2023-02-08 11:15:00,89.11908477993452,89.11908477993452,87.68165289823472,87.68165289823472,451500.0
2023-02-08 11:20:00,87.68165289823472,88.32277814097102,87.68165289823472,88.32277814097102,1096200.0
2023-02-08 11:25:00,88.32277814097102,88.57015495988065,88.32277814097102,88.57015495988065,755300.0
2023-02-08 11:30:00,88.57015495988065,88.57015495988065,88.5577093860422,88.5577093860422,1149400.0
2023-02-08 11:35:00,88.5577093860422,90.0078063628714,88.5577093860422,90.0078063628714,358400.0
2023-02-08 11:40:00,90.0078063628714,90.0078063628714,89.3508287123675,89.3508287123675,1327200.0
2023-02-08 11:45:00,89.3508287123675,89.3508287123675,87.88985120948536,87.88985120948536,1126300.0
2023-02-08 11:50:00,87.88985120948536,89.08060818519,87.88985120948536,89.08060818519,923299.9999999999
2023-02-08 11:55:00,89.08060818519,89.28298243409724,89.08060818519,89.28298243409724,856800.0
2023-02-08 12:00:00,89.28298243409724,89.88424194414958,89.28298243409724,89.88424194414958,320600.0
2023-02-08 12:05:00,89.88424194414958,90.32360302520733,89.88424194414958,90.32360302520733,1298500.0
2023-02-08 12:10:00,90.32360302520733,90.32360302520733,88.01399837239391,88.01399837239391,310100.0
2023-02-08 12:15:00,88.01399837239391,88.20660350193987,88.01399837239391,88.20660350193987,1061200.0
2023-02-08 12:20:00,88.20660350193987,88.20660350193987,87.80862171620713,87.80862171620713,377300.0
2023-02-08 12:25:00,87.80862171620713,88.68393766727813,87.80862171620713,88.68393766727813,828800.0
2023-02-08 12:30:00,88.68393766727813,89.29953578547519,88.68393766727813,89.29953578547519,682500.0
2023-02-08 12:35:00,89.29953578547519,89.73797787965634,89.29953578547519,89.73797787965634,761600.0
2023-02-08 12:40:00,89.73797787965634,89.73797787965634,88.76107966617712,88.76107966617712,706300.0
2023-02-08 12:45:00,88.76107966617712,88.76107966617712,88.45588428625224,88.45588428625224,358400.0
2023-02-08 12:50:00,88.45588428625224,88.84052727312046,88.45588428625224,88.84052727312046,783300.0
2023-02-08 12:55:00,88.84052727312046,88.84052727312046,88.01159202333304,88.01159202333304,440300.0
2023-02-08 13:00:00,88.01159202333304,90.65200241816524,88.01159202333304,90.65200241816524,728000.0
2023-02-08 13:05:00,90.65200241816524,90.65200241816524,87.3843997527915,87.3843997527915,344400.0
2023-02-08 13:10:00,87.3843997527915,88.93997519015142,87.3843997527915,88.93997519015142,125299.99999999999
2023-02-08 13:15:00,88.93997519015142,90.55179088152651,88.93997519015142,90.55179088152651,320600.0
2023-02-08 13:20:00,90.55179088152651,90.55179088152651,88.73154706782218,88.73154706782218,592900.0
2023-02-08 13:25:00,88.73154706782218,88.73154706782218,88.64311541951136,88.64311541951136,1164100.0
2023-02-08 13:30:00,88.64311541951136,88.64311541951136,88.47907949248903,88.47907949248903,1185800.0
2023-02-08 13:35:00,88.47907949248903,88.60866072118978,88.47907949248903,88.60866072118978,582400.0
2023-02-08 13:40:00,88.60866072118978,90.01490688185248,88.60866072118978,90.01490688185248,255499.99999999997
2023-02-08 13:45:00,90.01490688185248,90.01490688185248,86.84504276818274,86.84504276818274,1292900.0
2023-02-08 13:50:00,86.84504276818274,90.20527300492945,86.84504276818274,90.20527300492945,1063300.0
2023-02-08 13:55:00,90.20527300492945,90.20527300492945,87.53414844746837,87.53414844746837,1182300.0
2023-02-08 14:00:00,87.53414844746837,88.54151501170733,87.53414844746837,88.54151501170733,1064000.0
2023-02-08 14:05:00,88.54151501170733,88.54151501170733,88.4421632640449,88.4421632640449,615300.0
2023-02-08 14:10:00,88.4421632640449,89.26497632406645,88.4421632640449,89.26497632406645,843500.0
2023-02-08 14:15:00,89.26497632406645,89.26497632406645,87.27407543340885,87.27407543340885,1003099.9999999999
2023-02-08 14:20:00,87.27407543340885,89.09889634696691,87.27407543340885,89.09889634696691,193200.0
2023-02-08 14:25:00,89.09889634696691,90.45053577953192,89.09889634696691,90.45053577953192,1307600.0
2023-02-08 14:30:00,90.45053577953192,90.45053577953192,87.44965026299172,87.44965026299172,72800.0
2023-02-08 14:35:00,87.44965026299172,88.83967846154604,87.44965026299172,88.83967846154604,441700.0
2023-02-08 14:40:00,88.83967846154604,88.83967846154604,88.0621779966826,88.0621779966826,1321600.0
2023-02-08 14:45:00,88.0621779966826,89.11142767620396,88.0621779966826,89.11142767620396,1040899.9999999999
2023-02-08 14:50:00,89.11142767620396,89.11142767620396,88.8251234193178,88.8251234193178,807800.0
2023-02-08 14:55:00,88.8251234193178,88.8251234193178,88.2028162805641,88.2028162805641,750400.0
2023-02-08 15:00:00,88.2028162805641,89.17759169828969,88.2028162805641,89.17759169828969,683200.0
2023-02-08 15:05:00,89.17759169828969,90.39053688916415,89.17759169828969,90.39053688916415,108500.0
2023-02-08 15:10:00,90.39053688916415,90.39053688916415,88.59485976320514,88.59485976320514,767200.0
2023-02-08 15:15:00,88.59485976320514,89.4082843007181,88.59485976320514,89.4082843007181,1061200.0
2023-02-08 15:20:00,89.4082843007181,89.4082843007181,87.6171352501691,87.6171352501691,345800.0
2023-02-08 15:25:00,87.6171352501691,87.8521876448992,87.6171352501691,87.8521876448992,939399.9999999999
2023-02-08 15:30:00,87.8521876448992,89.11956932776805,87.8521876448992,89.11956932776805,967399.9999999999
2023-02-08 15:35:00,89.11956932776805,89.91833445184488,89.11956932776805,89.91833445184488,414400.0
2023-02-08 15:40:00,89.91833445184488,89.91833445184488,88.93315850166914,88.93315850166914,898100.0
2023-02-08 15:45:00,88.93315850166914,88.93315850166914,88.34576926882632,88.34576926882632,289100.0
2023-02-08 15:50:00,88.34576926882632,88.56391977218001,88.34576926882632,88.56391977218001,262500.0
2023-02-08 15:55:00,88.56391977218001,88.56391977218001,87.45507884989838,87.45507884989838,181300.0
2023-02-08 16:00:00,87.45507884989838,89.0393340000894,87.45507884989838,89.0393340000894,304500.0
2023-02-09 09:30:00,89.0393340000894,89.3116444067019,89.0393340000894,89.3116444067019,892500.0
2023-02-09 09:35:00,89.3116444067019,89.3116444067019,88.08035593874061,88.08035593874061,1192800.0
2023-02-09 09:40:00,88.08035593874061,88.11995727997076,88.08035593874061,88.11995727997076,741300.0
2023-02-09 09:45:00,88.11995727997076,88.79069776556729,88.11995727997076,88.79069776556729,1204700.0
2023-02-09 09:50:00,88.79069776556729,88.79069776556729,88.08270579856385,88.08270579856385,652400.0
2023-02-09 09:55:00,88.08270579856385,88.43633020665949,88.08270579856385,88.43633020665949,225400.0
2023-02-09 10:00:00,88.43633020665949,90.39662462474595,88.43633020665949,90.39662462474595,1398600.0
2023-02-09 10:05:00,90.39662462474595,90.39662462474595,88.40210341638809,88.40210341638809,861000.0
2023-02-09 10:10:00,88.40210341638809,88.40210341638809,88.24333773893673,88.24333773893673,1261400.0
2023-02-09 10:15:00,88.24333773893673,88.24333773893673,88.02871732953972,88.02871732953972,987699.9999999999
2023-02-09 10:20:00,88.02871732953972,89.2195689368818,88.02871732953972,89.2195689368818,814800.0
2023-02-09 10:25:00,89.2195689368818,89.2195689368818,88.3736680261657,88.3736680261657,357000.0
2023-02-09 10:30:00,88.3736680261657,88.3736680261657,87.97532972318889,87.97532972318889,95200.0
2023-02-09 10:35:00,87.97532972318889,89.72762808609204,87.97532972318889,89.72762808609204,262500.0
2023-02-09 10:40:00,89.72762808609204,89.77835616850754,89.72762808609204,89.77835616850754,618100.0
2023-02-09 10:45:00,89.77835616850754,89.77835616850754,88.01595089385043,88.01595089385043,1036699.9999999999
2023-02-09 10:50:00,88.01595089385043,88.01595089385043,86.94335520044406,86.94335520044406,344400.0
2023-02-09 10:55:00,86.94335520044406,89.53010823768271,86.94335520044406,89.53010823768271,280700.0
2023-02-09 11:00:00,89.53010823768271,89.53010823768271,88.00032353150722,88.00032353150722,751100.0
2023-02-09 11:05:00,88.00032353150722,89.26091406704626,88.00032353150722,89.26091406704626,500499.99999999994
2023-02-09 11:10:00,89.26091406704626,89.26091406704626,86.89329684791603,86.89329684791603,91700.0
2023-02-09 11:15:00,86.89329684791603,89.4784873764551,86.89329684791603,89.4784873764551,1071000.0
2023-02-09 11:20:00,89.4784873764551,89.4784873764551,87.56584228425278,87.56584228425278,450100.0
2023-02-09 11:25:00,87.56584228425278,89.30314250402832,87.56584228425278,89.30314250402832,167300.0
2023-02-09 11:30:00,89.30314250402832,89.30314250402832,88.6957676104566,88.6957676104566,615300.0
2023-02-09 11:35:00,88.6957676104566,88.6957676104566,87.78328300876629,87.78328300876629,1331400.0
2023-02-09 11:40:00,87.78328300876629,88.32223012505169,87.78328300876629,88.32223012505169,323400.0
2023-02-09 11:45:00,88.32223012505169,89.34296794675156,88.32223012505169,89.34296794675156,1173200.0
2023-02-09 11:50:00,89.34296794675156,89.34296794675156,88.87435867636638,88.87435867636638,405300.0
2023-02-09 11:55:00,88.87435867636638,89.30153169004049,88.87435867636638,89.30153169004049,592900.0
2023-02-09 12:00:00,89.30153169004049,90.5357837575243,89.30153169004049,90.5357837575243,714700.0
2023-02-09 12:05:00,90.5357837575243,90.5357837575243,87.35875508174686,87.35875508174686,178500.0
2023-02-09 12:10:00,87.35875508174686,90.1707699077174,87.35875508174686,90.1707699077174,1132600.0
2023-02-09 12:15:00,90.1707699077174,90.1707699077174,88.79125882012215,88.79125882012215,1376900.0
2023-02-09 12:20:00,88.79125882012215,88.79125882012215,87.89258293734008,87.89258293734008,563500.0
2023-02-09 12:25:00,87.89258293734008,87.89258293734008,87.52494231307433,87.52494231307433,1085000.0
2023-02-09 12:30:00,87.52494231307433,88.49124398703927,87.52494231307433,88.49124398703927,1159900.0
2023-02-09 12:35:00,88.49124398703927,89.46119037773106,88.49124398703927,89.46119037773106,748300.0
2023-02-09 12:40:00,89.46119037773106,89.46119037773106,88.56093890860079,88.56093890860079,72100.0
2023-02-09 12:45:00,88.56093890860079,89.93260798074404,88.56093890860079,89.93260798074404,1108100.0
2023-02-09 12:50:00,89.93260798074404,89.93260798074404,87.35366667314901,87.35366667314901,648200.0
2023-02-09 12:55:00,87.35366667314901,88.62880828657971,87.35366667314901,88.62880828657971,998899.9999999999
2023-02-09 13:00:00,88.62880828657971,88.62880828657971,87.54725137799193,87.54725137799193,848400.0
2023-02-09 13:05:00,87.54725137799193,89.03829971597341,87.54725137799193,89.03829971597341,486499.99999999994
2023-02-09 13:10:00,89.03829971597341,89.51549931473669,89.03829971597341,89.51549931473669,535500.0
2023-02-09 13:15:00,89.51549931473669,89.51549931473669,88.37650725097306,88.37650725097306,342300.0
2023-02-09 13:20:00,88.37650725097306,88.37650725097306,86.48028236953117,86.48028236953117,1017099.9999999999
2023-02-09 13:25:00,86.48028236953117,88.9474268093026,86.48028236953117,88.9474268093026,140700.0
2023-02-09 13:30:00,88.9474268093026,89.14908339220425,88.9474268093026,89.14908339220425,807100.0
2023-02-09 13:35:00,89.14908339220425,89.14908339220425,89.05652235480805,89.05652235480805,807800.0
2023-02-09 13:40:00,89.05652235480805,89.82615212078407,89.05652235480805,89.82615212078407,861700.0
2023-02-09 13:45:00,89.82615212078407,89.82615212078407,87.79406265915459,87.79406265915459,513799.99999999994
2023-02-09 13:50:00,87.79406265915459,89.34694991011997,87.79406265915459,89.34694991011997,491399.99999999994
2023-02-09 13:55:00,89.34694991011997,89.75889994946512,89.34694991011997,89.75889994946512,1021999.9999999999
2023-02-09 14:00:00,89.75889994946512,89.75889994946512,86.98829899515651,86.98829899515651,1313900.0
2023-02-09 14:05:00,86.98829899515651,88.86981306708986,86.98829899515651,88.86981306708986,1123500.0
2023-02-09 14:10:00,88.86981306708986,88.86981306708986,88.07728710325777,88.07728710325777,450800.0
2023-02-09 14:15:00,88.07728710325777,88.48873424398037,88.07728710325777,88.48873424398037,546700.0
2023-02-09 14:20:00,88.48873424398037,88.9226381125159,88.48873424398037,88.9226381125159,896700.0
2023-02-09 14:25:00,88.9226381125159,88.9226381125159,88.1926869392,88.1926869392,127399.99999999999
2023-02-09 14:30:00,88.1926869392,88.1926869392,88.04285747146159,88.04285747146159,1029699.9999999999
2023-02-09 14:35:00,88.04285747146159,88.61561346166806,88.04285747146159,88.61561346166806,1067500.0
2023-02-09 14:40:00,88.61561346166806,88.61561346166806,87.59351517608813,87.59351517608813,455700.0
2023-02-09 14:45:00,87.59351517608813,87.6156466065012,87.59351517608813,87.6156466065012,643300.0
2023-02-09 14:50:00,87.6156466065012,89.194546507948,87.6156466065012,89.194546507948,1363600.0
2023-02-09 14:55:00,89.194546507948,89.194546507948,87.60496163854737,87.60496163854737,197400.0
2023-02-09 15:00:00,87.60496163854737,89.16901387389676,87.60496163854737,89.16901387389676,637000.0
2023-02-09 15:05:00,89.16901387389676,89.16901387389676,89.03838488918527,89.03838488918527,126699.99999999999
2023-02-09 15:10:00,89.03838488918527,89.03838488918527,87.14594417352322,87.14594417352322,224000.0
2023-02-09 15:15:00,87.14594417352322,88.10023328620271,87.14594417352322,88.10023328620271,182700.0
2023-02-09 15:20:00,88.10023328620271,89.7840694203034,88.10023328620271,89.7840694203034,268800.0
2023-02-09 15:25:00,89.7840694203034,89.7840694203034,87.78334279355386,87.78334279355386,616000.0
2023-02-09 15:30:00,87.78334279355386,88.1895277753243,87.78334279355386,88.1895277753243,586600.0
2023-02-09 15:35:00,88.1895277753243,88.93334052433178,88.1895277753243,88.93334052433178,506099.99999999994
2023-02-09 15:40:00,88.93334052433178,89.21153697060463,88.93334052433178,89.21153697060463,703500.0
2023-02-09 15:45:00,89.21153697060463,89.21153697060463,88.26744253360016,88.26744253360016,230299.99999999997
2023-02-09 15:50:00,88.26744253360016,88.26744253360016,87.93780122074574,87.93780122074574,823900.0
2023-02-09 15:55:00,87.93780122074574,89.67067412742624,87.93780122074574,89.67067412742624,396200.0
2023-02-09 16:00:00,89.67067412742624,89.95513711382124,89.67067412742624,89.95513711382124,935899.9999999999
2023-02-10 09:30:00,89.95513711382124,89.95513711382124,89.20933582251455,89.20933582251455,1213800.0
2023-02-10 09:35:00,89.20933582251455,89.20933582251455,88.41821664419628,88.41821664419628,1398600.0
2023-02-10 09:40:00,88.41821664419628,88.41821664419628,87.66541076007938,87.66541076007938,1095500.0
2023-02-10 09:45:00,87.66541076007938,87.66541076007938,87.64820041156715,87.64820041156715,134400.0
2023-02-10 09:50:00,87.64820041156715,88.86156344450131,87.64820041156715,88.86156344450131,785400.0
2023-02-10 09:55:00,88.86156344450131,88.86156344450131,88.76561928109209,88.76561928109209,954099.9999999999
2023-02-10 10:00:00,88.76561928109209,89.68036170628316,88.76561928109209,89.68036170628316,292600.0
2023-02-10 10:05:00,89.68036170628316,89.68036170628316,89.07543070378027,89.07543070378027,512399.99999999994
2023-02-10 10:10:00,89.07543070378027,89.07543070378027,87.19522411172291,87.19522411172291,577500.0
2023-02-10 10:15:00,87.19522411172291,89.51425826375939,87.19522411172291,89.51425826375939,219100.0
2023-02-10 10:20:00,89.51425826375939,89.51425826375939,87.60689106956337,87.60689106956337,594300.0
2023-02-10 10:25:00,87.60689106956337,88.19987846451812,87.60689106956337,88.19987846451812,814800.0
2023-02-10 10:30:00,88.19987846451812,88.7070452487852,88.19987846451812,88.7070452487852,359100.0
2023-02-10 10:35:00,88.7070452487852,90.31701337358332,88.7070452487852,90.31701337358332,872200.0
2023-02-10 10:40:00,90.31701337358332,91.29407499042605,90.31701337358332,91.29407499042605,1295700.0
2023-02-10 10:45:00,91.29407499042605,91.29407499042605,89.07705882011764,89.07705882011764,318500.0
2023-02-10 10:50:00,89.07705882011764,89.07705882011764,88.41648501838137,88.41648501838137,667100.0
2023-02-10 10:55:00,88.41648501838137,89.05724525887574,88.41648501838137,89.05724525887574,964599.9999999999
2023-02-10 11:00:00,89.05724525887574,89.41909885532402,89.05724525887574,89.41909885532402,812000.0
2023-02-10 11:05:00,89.41909885532402,89.41909885532402,88.40489716967839,88.40489716967839,1150100.0
2023-02-10 11:10:00,88.40489716967839,90.37790940712142,88.40489716967839,90.37790940712142,1327900.0
2023-02-10 11:15:00,90.37790940712142,90.37790940712142,88.92504458277807,88.92504458277807,105700.0
2023-02-10 11:20:00,88.92504458277807,89.10504265472426,88.92504458277807,89.10504265472426,1142400.0
2023-02-10 11:25:00,89.10504265472426,89.29958047017088,89.10504265472426,89.29958047017088,91700.0
2023-02-10 11:30:00,89.29958047017088,89.29958047017088,89.03080857019815,89.03080857019815,468999.99999999994
2023-02-10 11:35:00,89.03080857019815,89.35905695355379,89.03080857019815,89.35905695355379,1383900.0
2023-02-10 11:40:00,89.35905695355379,89.35905695355379,88.09962561385389,88.09962561385389,986999.9999999999
2023-02-10 11:45:00,88.09962561385389,88.15513518816644,88.09962561385389,88.15513518816644,475999.99999999994
2023-02-10 11:50:00,88.15513518816644,88.15513518816644,87.70823331322444,87.70823331322444,674800.0
2023-02-10 11:55:00,87.70823331322444,89.01452538888663,87.70823331322444,89.01452538888663,651000.0
2023-02-10 12:00:00,89.01452538888663,89.37084220453289,89.01452538888663,89.37084220453289,634200.0
2023-02-10 12:05:00,89.37084220453289,89.37084220453289,89.05698309910805,89.05698309910805,1252300.0
2023-02-10 12:10:00,89.05698309910805,90.25193613497316,89.05698309910805,90.25193613497316,982799.9999999999
2023-02-10 12:15:00,90.25193613497316,90.25193613497316,88.69208314089985,88.69208314089985,230299.99999999997
2023-02-10 12:20:00,88.69208314089985,89.31346196017084,88.69208314089985,89.31346196017084,1120000.0
2023-02-10 12:25:00,89.31346196017084,89.31346196017084,87.75521757070749,87.75521757070749,142100.0
2023-02-10 12:30:00,87.75521757070749,88.36785070945821,87.75521757070749,88.36785070945821,861700.0
2023-02-10 12:35:00,88.36785070945821,89.30461878699006,88.36785070945821,89.30461878699006,399700.0
2023-02-10 12:40:00,89.30461878699006,89.51578231520057,89.30461878699006,89.51578231520057,1096200.0
2023-02-10 12:45:00,89.51578231520057,89.51578231520057,88.51836213489614,88.51836213489614,1101100.0
2023-02-10 12:50:00,88.51836213489614,88.68833261224027,88.51836213489614,88.68833261224027,371700.0
2023-02-10 12:55:00,88.68833261224027,88.68833261224027,87.37095236641596,87.37095236641596,976499.9999999999
2023-02-10 13:00:00,87.37095236641596,88.39103868270124,87.37095236641596,88.39103868270124,1073100.0
2023-02-10 13:05:00,88.39103868270124,89.52540978120894,88.39103868270124,89.52540978120894,1026199.9999999999
2023-02-10 13:10:00,89.52540978120894,89.52540978120894,89.23360566316079,89.23360566316079,555800.0
2023-02-10 13:15:00,89.23360566316079,89.23360566316079,89.19358333873683,89.19358333873683,691600.0
2023-02-10 13:20:00,89.19358333873683,89.19358333873683,88.81100817475256,88.81100817475256,1177400.0
2023-02-10 13:25:00,88.81100817475256,88.88122166006495,88.81100817475256,88.88122166006495,125999.99999999999
2023-02-10 13:30:00,88.88122166006495,88.88122166006495,88.31702309582982,88.31702309582982,683900.0
2023-02-10 13:35:00,88.31702309582982,89.50374619618701,88.31702309582982,89.50374619618701,627900.0
2023-02-10 13:40:00,89.50374619618701,89.50374619618701,89.36148977349065,89.36148977349065,716800.0
2023-02-10 13:45:00,89.36148977349065,89.44783190637652,89.36148977349065,89.44783190637652,1101800.0
2023-02-10 13:50:00,89.44783190637652,89.44783190637652,88.50568560401571,88.50568560401571,1118600.0
2023-02-10 13:55:00,88.50568560401571,88.50568560401571,87.0793126826684,87.0793126826684,290500.0
2023-02-10 14:00:00,87.0793126826684,89.97133647982557,87.0793126826684,89.97133647982557,77700.0
2023-02-10 14:05:00,89.97133647982557,89.97133647982557,88.5593431349188,88.5593431349188,76300.0
2023-02-10 14:10:00,88.5593431349188,88.5593431349188,88.22515855732443,88.22515855732443,916300.0
2023-02-10 14:15:00,88.22515855732443,89.61731361006105,88.22515855732443,89.61731361006105,888300.0
2023-02-10 14:20:00,89.61731361006105,89.61731361006105,88.68990821972179,88.68990821972179,661500.0
2023-02-10 14:25:00,88.68990821972179,89.96230628776173,88.68990821972179,89.96230628776173,960399.9999999999
2023-02-10 14:30:00,89.96230628776173,89.96230628776173,89.54444676694179,89.54444676694179,320600.0
2023-02-10 14:35:00,89.54444676694179,89.59204574955871,89.54444676694179,89.59204574955871,1187200.0
2023-02-10 14:40:00,89.59204574955871,89.59204574955871,87.74757396114592,87.74757396114592,1280300.0
2023-02-10 14:45:00,87.74757396114592,90.08006011782336,87.74757396114592,90.08006011782336,875000.0
2023-02-10 14:50:00,90.08006011782336,90.08006011782336,89.27480520567259,89.27480520567259,135100.0
2023-02-10 14:55:00,89.27480520567259,89.27480520567259,88.71498815719501,88.71498815719501,118299.99999999999
2023-02-10 15:00:00,88.71498815719501,89.23224968247588,88.71498815719501,89.23224968247588,1353100.0
2023-02-10 15:05:00,89.23224968247588,89.23224968247588,87.55004713496342,87.55004713496342,795900.0
2023-02-10 15:10:00,87.55004713496342,89.48968209889236,87.55004713496342,89.48968209889236,918399.9999999999
2023-02-10 15:15:00,89.48968209889236,89.48968209889236,88.28379542264511,88.28379542264511,1174600.0
2023-02-10 15:20:00,88.28379542264511,88.28379542264511,87.99276774028979,87.99276774028979,1304100.0
2023-02-10 15:25:00,87.99276774028979,87.99276774028979,87.83636807780263,87.83636807780263,767200.0
2023-02-10 15:30:00,87.83636807780263,90.24233823693515,87.83636807780263,90.24233823693515,121099.99999999999
2023-02-10 15:35:00,90.24233823693515,90.24233823693515,88.61563286302219,88.61563286302219,481599.99999999994
2023-02-10 15:40:00,88.61563286302219,90.55326964955414,88.61563286302219,90.55326964955414,166600.0
2023-02-10 15:45:00,90.55326964955414,90.55326964955414,88.72515413886336,88.72515413886336,1229200.0
2023-02-10 15:50:00,88.72515413886336,88.72515413886336,87.71284156584186,87.71284156584186,366800.0
2023-02-10 15:55:00,87.71284156584186,88.24646370148474,87.71284156584186,88.24646370148474,503999.99999999994
2023-02-10 16:00:00,88.24646370148474,90.30138540438881,88.24646370148474,90.30138540438881,1299200.0
2023-02-13 09:30:00,90.30138540438881,90.30138540438881,89.01872893457961,89.01872893457961,339500.0
2023-02-13 09:35:00,89.01872893457961,89.01872893457961,88.63432560069418,88.63432560069418,901600.0
2023-02-13 09:40:00,88.63432560069418,89.29628022143388,88.63432560069418,89.29628022143388,739900.0
2023-02-13 09:45:00,89.29628022143388,89.54287818361935,89.29628022143388,89.54287818361935,252699.99999999997
2023-02-13 09:50:00,89.54287818361935,90.12818692543122,89.54287818361935,90.12818692543122,1225000.0
2023-02-13 09:55:00,90.12818692543122,90.46734595448623,90.12818692543122,90.46734595448623,1120700.0
2023-02-13 10:00:00,90.46734595448623,90.46734595448623,88.82566448855258,88.82566448855258,387800.0
2023-02-13 10:05:00,88.82566448855258,88.82566448855258,87.98527562596213,87.98527562596213,1120700.0
2023-02-13 10:10:00,87.98527562596213,88.76366464210136,87.98527562596213,88.76366464210136,420000.0
2023-02-13 10:15:00,88.76366464210136,89.35825617013975,88.76366464210136,89.35825617013975,1111600.0
2023-02-13 10:20:00,89.35825617013975,89.35825617013975,88.27060058945787,88.27060058945787,1361500.0
2023-02-13 10:25:00,88.27060058945787,88.28917069538043,88.27060058945787,88.28917069538043,600600.0
2023-02-13 10:30:00,88.28917069538043,89.51145771697256,88.28917069538043,89.51145771697256,948499.9999999999
2023-02-13 10:35:00,89.51145771697256,89.51145771697256,89.14905486623333,89.14905486623333,1356600.0
2023-02-13 10:40:00,89.14905486623333,89.2587791118646,89.14905486623333,89.2587791118646,1028999.9999999999
2023-02-13 10:45:00,89.2587791118646,89.2587791118646,88.54329501928859,88.54329501928859,1084300.0
2023-02-13 10:50:00,88.54329501928859,89.02128582527732,88.54329501928859,89.02128582527732,310800.0
2023-02-13 10:55:00,89.02128582527732,89.02128582527732,88.43602500313118,88.43602500313118,750400.0
2023-02-13 11:00:00,88.43602500313118,90.01621062996838,88.43602500313118,90.01621062996838,142800.0
2023-02-13 11:05:00,90.01621062996838,90.18409987834656,90.01621062996838,90.18409987834656,515899.99999999994
2023-02-13 11:10:00,90.18409987834656,90.18409987834656,87.6494664097499,87.6494664097499,417200.0
2023-02-13 11:15:00,87.6494664097499,88.57761253682804,87.6494664097499,88.57761253682804,1073100.0
2023-02-13 11:20:00,88.57761253682804,88.57761253682804,88.05933440959588,88.05933440959588,377300.0
2023-02-13 11:25:00,88.05933440959588,88.7299272813697,88.05933440959588,88.7299272813697,726600.0
2023-02-13 11:30:00,88.7299272813697,89.14693184495454,88.7299272813697,89.14693184495454,385700.0
2023-02-13 11:35:00,89.14693184495454,89.14693184495454,87.91055003203472,87.91055003203472,1366400.0
2023-02-13 11:40:00,87.91055003203472,88.45271111228628,87.91055003203472,88.45271111228628,810600.0
2023-02-13 11:45:00,88.45271111228628,88.46484967620883,88.45271111228628,88.46484967620883,401800.0
2023-02-13 11:50:00,88.46484967620883,89.49759720262684,88.46484967620883,89.49759720262684,305900.0
2023-02-13 11:55:00,89.49759720262684,89.49759720262684,89.41760054567604,89.41760054567604,1261400.0
2023-02-13 12:00:00,89.41760054567604,89.41760054567604,88.59331911091364,88.59331911091364,1260000.0
2023-02-13 12:05:00,88.59331911091364,89.42194346977922,88.59331911091364,89.42194346977922,665700.0
2023-02-13 12:10:00,89.42194346977922,89.42194346977922,88.79423796544988,88.79423796544988,350000.0
2023-02-13 12:15:00,88.79423796544988,88.99974474762281,88.79423796544988,88.99974474762281,658000.0
2023-02-13 12:20:00,88.99974474762281,90.71973313329882,88.99974474762281,90.71973313329882,368900.0
2023-02-13 12:25:00,90.71973313329882,90.71973313329882,90.41029430689176,90.41029430689176,1198400.0
2023-02-13 12:30:00,90.41029430689176,90.41029430689176,87.99095823445577,87.99095823445577,1028999.9999999999
2023-02-13 12:35:00,87.99095823445577,89.85891247889039,87.99095823445577,89.85891247889039,660800.0
2023-02-13 12:40:00,89.85891247889039,89.85891247889039,89.79500203489324,89.79500203489324,264600.0
2023-02-13 12:45:00,89.79500203489324,89.79500203489324,88.05176867223138,88.05176867223138,368200.0
2023-02-13 12:50:00,88.05176867223138,89.71872972886418,88.05176867223138,89.71872972886418,359800.0
2023-02-13 12:55:00,89.71872972886418,90.36388185749571,89.71872972886418,90.36388185749571,1199800.0
2023-02-13 13:00:00,90.36388185749571,90.36388185749571,87.98354495435412,87.98354495435412,431900.0
2023-02-13 13:05:00,87.98354495435412,88.13263351133459,87.98354495435412,88.13263351133459,1189300.0
2023-02-13 13:10:00,88.13263351133459,89.84051960021007,88.13263351133459,89.84051960021007,313600.0
2023-02-13 13:15:00,89.84051960021007,89.84051960021007,89.12550909219341,89.12550909219341,1327200.0
2023-02-13 13:20:00,89.12550909219341,89.32815324983999,89.12550909219341,89.32815324983999,1160600.0
2023-02-13 13:25:00,89.32815324983999,89.32815324983999,89.19669022968725,89.19669022968725,966699.9999999999
2023-02-13 13:30:00,89.19669022968725,89.22505219305883,89.19669022968725,89.22505219305883,275100.0
2023-02-13 13:35:00,89.22505219305883,89.22505219305883,87.6434305218518,87.6434305218518,402500.0
2023-02-13 13:40:00,87.6434305218518,89.7434580061775,87.6434305218518,89.7434580061775,1399300.0
2023-02-13 13:45:00,89.7434580061775,89.8059563884202,89.7434580061775,89.8059563884202,566300.0
2023-02-13 13:50:00,89.8059563884202,89.8059563884202,88.49504822981135,88.49504822981135,1253000.0
2023-02-13 13:55:00,88.49504822981135,88.62449481282758,88.49504822981135,88.62449481282758,1021999.9999999999
2023-02-13 14:00:00,88.62449481282758,88.62449481282758,87.27996103243811,87.27996103243811,749700.0
2023-02-13 14:05:00,87.27996103243811,89.08552902486292,87.27996103243811,89.08552902486292,391300.0
2023-02-13 14:10:00,89.08552902486292,89.10401777149255,89.08552902486292,89.10401777149255,569100.0
2023-02-13 14:15:00,89.10401777149255,89.10401777149255,88.61283081696742,88.61283081696742,652400.0
2023-02-13 14:20:00,88.61283081696742,89.63099330885495,88.61283081696742,89.63099330885495,478099.99999999994
2023-02-13 14:25:00,89.63099330885495,89.63099330885495,88.34666157664763,88.34666157664763,326200.0
2023-02-13 14:30:00,88.34666157664763,89.18781256308341,88.34666157664763,89.18781256308341,1323000.0
2023-02-13 14:35:00,89.18781256308341,89.18781256308341,87.72994451393008,87.72994451393008,1121400.0
2023-02-13 14:40:00,87.72994451393008,88.60487073275947,87.72994451393008,88.60487073275947,466899.99999999994
2023-02-13 14:45:00,88.60487073275947,88.60487073275947,88.39517922377826,88.39517922377826,216300.0
2023-02-13 14:50:00,88.39517922377826,88.77469580340914,88.39517922377826,88.77469580340914,742000.0
2023-02-13 14:55:00,88.77469580340914,88.77469580340914,88.24715416149685,88.24715416149685,314300.0
2023-02-13 15:00:00,88.24715416149685,88.38331512921823,88.24715416149685,88.38331512921823,305200.0
2023-02-13 15:05:00,88.38331512921823,89.25237743825707,88.38331512921823,89.25237743825707,1089200.0
2023-02-13 15:10:00,89.25237743825707,89.25237743825707,88.17252985901057,88.17252985901057,1215900.0
2023-02-13 15:15:00,88.17252985901057,88.17252985901057,87.09857653638227,87.09857653638227,162400.0
2023-02-13 15:20:00,87.09857653638227,89.99866612384258,87.09857653638227,89.99866612384258,1218000.0
2023-02-13 15:25:00,89.99866612384258,89.99866612384258,89.7562085651687,89.7562085651687,499799.99999999994
2023-02-13 15:30:00,89.7562085651687,89.7562085651687,87.43638975716499,87.43638975716499,794500.0
2023-02-13 15:35:00,87.43638975716499,89.18934279488872,87.43638975716499,89.18934279488872,912800.0
2023-02-13 15:40:00,89.18934279488872,89.18934279488872,88.12061900854603,88.12061900854603,534800.0
2023-02-13 15:45:00,88.12061900854603,88.81339257935547,88.12061900854603,88.81339257935547,412300.0
2023-02-13 15:50:00,88.81339257935547,88.83533906166109,88.81339257935547,88.83533906166109,164500.0
2023-02-13 15:55:00,88.83533906166109,88.83533906166109,88.33822507340392,88.33822507340392,841400.0
2023-02-13 16:00:00,88.33822507340392,88.33822507340392,87.92408620545841,87.92408620545841,718900.0
2023-02-14 09:30:00,87.92408620545841,87.97954528950605,87.92408620545841,87.97954528950605,280000.0
2023-02-14 09:35:00,87.97954528950605,87.97954528950605,87.79213367686145,87.79213367686145,1147300.0
2023-02-14 09:40:00,87.79213367686145,87.94705837399773,87.79213367686145,87.94705837399773,516599.99999999994
2023-02-14 09:45:00,87.94705837399773,88.68691199899264,87.94705837399773,88.68691199899264,1013599.9999999999
2023-02-14 09:50:00,88.68691199899264,88.68691199899264,88.07748053304853,88.07748053304853,419300.0
2023-02-14 09:55:00,88.07748053304853,89.38828791236133,88.07748053304853,89.38828791236133,1154300.0
2023-02-14 10:00:00,89.38828791236133,90.16737888097872,89.38828791236133,90.16737888097872,380100.0
2023-02-14 10:05:00,90.16737888097872,90.16737888097872,88.38823344317308,88.38823344317308,1026899.9999999999
2023-02-14 10:10:00,88.38823344317308,89.1049580236492,88.38823344317308,89.1049580236492,475299.99999999994
2023-02-14 10:15:00,89.1049580236492,89.35103269582869,89.1049580236492,89.35103269582869,608300.0
2023-02-14 10:20:00,89.35103269582869,89.35103269582869,89.28404803936745,89.28404803936745,1271900.0
2023-02-14 10:25:00,89.28404803936745,89.28404803936745,88.93002436886641,88.93002436886641,806400.0
2023-02-14 10:30:00,88.93002436886641,89.61804717756644,88.93002436886641,89.61804717756644,737100.0
2023-02-14 10:35:00,89.61804717756644,89.61804717756644,89.38420530829458,89.38420530829458,1260700.0
2023-02-14 10:40:00,89.38420530829458,89.38420530829458,87.77865627009069,87.77865627009069,189700.0
2023-02-14 10:45:00,87.77865627009069,89.64867167341293,87.77865627009069,89.64867167341293,147700.0
2023-02-14 10:50:00,89.64867167341293,89.64867167341293,89.63518575666042,89.63518575666042,119699.99999999999
2023-02-14 10:55:00,89.63518575666042,89.63518575666042,88.20955454417319,88.20955454417319,1071700.0
2023-02-14 11:00:00,88.20955454417319,88.94049865017719,88.20955454417319,88.94049865017719,403900.0
2023-02-14 11:05:00,88.94049865017719,89.47592655835426,88.94049865017719,89.47592655835426,743400.0
2023-02-14 11:10:00,89.47592655835426,89.47592655835426,88.6783042926195,88.6783042926195,1354500.0
2023-02-14 11:15:00,88.6783042926195,89.89605735169076,88.6783042926195,89.89605735169076,485799.99999999994
2023-02-14 11:20:00,89.89605735169076,91.0515385303918,89.89605735169076,91.0515385303918,688100.0
2023-02-14 11:25:00,91.0515385303918,91.0515385303918,88.29923869155488,88.29923869155488,189000.0
2023-02-14 11:30:00,88.29923869155488,88.29923869155488,87.81801882987008,87.81801882987008,385700.0
2023-02-14 11:35:00,87.81801882987008,89.27969363666124,87.81801882987008,89.27969363666124,701400.0
2023-02-14 11:40:00,89.27969363666124,89.66794979021957,89.27969363666124,89.66794979021957,110600.0
2023-02-14 11:45:00,89.66794979021957,89.66794979021957,88.88335237262599,88.88335237262599,429100.0
2023-02-14 11:50:00,88.88335237262599,90.32056694801084,88.88335237262599,90.32056694801084,553700.0
2023-02-14 11:55:00,90.32056694801084,90.32056694801084,87.7770507917522,87.7770507917522,294700.0
2023-02-14 12:00:00,87.7770507917522,89.58095407070653,87.7770507917522,89.58095407070653,631400.0
2023-02-14 12:05:00,89.58095407070653,89.58095407070653,88.491347207743,88.491347207743,1248100.0
2023-02-14 12:10:00,88.491347207743,90.56130394529566,88.491347207743,90.56130394529566,611800.0
2023-02-14 12:15:00,90.56130394529566,90.70326061457571,90.56130394529566,90.70326061457571,179900.0
2023-02-14 12:20:00,90.70326061457571,90.70326061457571,88.32531000359053,88.32531000359053,791700.0
2023-02-14 12:25:00,88.32531000359053,88.4666595534097,88.32531000359053,88.4666595534097,1045099.9999999999
2023-02-14 12:30:00,88.4666595534097,89.65910701040754,88.4666595534097,89.65910701040754,105700.0
2023-02-14 12:35:00,89.65910701040754,89.65910701040754,88.52707551941452,88.52707551941452,118999.99999999999
2023-02-14 12:40:00,88.52707551941452,88.70518076441427,88.52707551941452,88.70518076441427,396900.0
2023-02-14 12:45:00,88.70518076441427,88.82619423917323,88.70518076441427,88.82619423917323,1175300.0
2023-02-14 12:50:00,88.82619423917323,88.82619423917323,87.08601294952747,87.08601294952747,897400.0
2023-02-14 12:55:00,87.08601294952747,88.69499543063513,87.08601294952747,88.69499543063513,466899.99999999994
2023-02-14 13:00:00,88.69499543063513,88.69499543063513,88.20315062107755,88.20315062107755,1192100.0
2023-02-14 13:05:00,88.20315062107755,88.35226237007578,88.20315062107755,88.35226237007578,970899.9999999999
2023-02-14 13:10:00,88.35226237007578,90.07620797524275,88.35226237007578,90.07620797524275,651700.0
2023-02-14 13:15:00,90.07620797524275,90.07620797524275,87.73347539602406,87.73347539602406,806400.0
2023-02-14 13:20:00,87.73347539602406,89.59661632605055,87.73347539602406,89.59661632605055,946399.9999999999
2023-02-14 13:25:00,89.59661632605055,89.59661632605055,88.73829514291829,88.73829514291829,480199.99999999994
2023-02-14 13:30:00,88.73829514291829,88.73829514291829,88.67032684883006,88.67032684883006,363300.0
2023-02-14 13:35:00,88.67032684883006,89.68676709692132,88.67032684883006,89.68676709692132,604100.0
2023-02-14 13:40:00,89.68676709692132,89.68676709692132,89.34101256756837,89.34101256756837,145600.0
2023-02-14 13:45:00,89.34101256756837,89.5495520975759,89.34101256756837,89.5495520975759,1027599.9999999999
2023-02-14 13:50:00,89.5495520975759,89.94928311033418,89.5495520975759,89.94928311033418,363300.0
2023-02-14 13:55:00,89.94928311033418,89.94928311033418,88.76369148608705,88.76369148608705,438200.0
2023-02-14 14:00:00,88.76369148608705,88.76369148608705,88.62079458809433,88.62079458809433,522199.99999999994
2023-02-14 14:05:00,88.62079458809433,88.62079458809433,88.11040203304135,88.11040203304135,173600.0
2023-02-14 14:10:00,88.11040203304135,88.31432331010011,88.11040203304135,88.31432331010011,1302000.0
2023-02-14 14:15:00,88.31432331010011,91.72198588112126,88.31432331010011,91.72198588112126,1309000.0
2023-02-14 14:20:00,91.72198588112126,91.72198588112126,90.19354694868454,90.19354694868454,639100.0
2023-02-14 14:25:00,90.19354694868454,90.19354694868454,87.884713562661,87.884713562661,870800.0
2023-02-14 14:30:00,87.884713562661,87.97112170535372,87.884713562661,87.97112170535372,1394400.0
2023-02-14 14:35:00,87.97112170535372,89.52460665146424,87.97112170535372,89.52460665146424,1285900.0
2023-02-14 14:40:00,89.52460665146424,89.60965132252767,89.52460665146424,89.60965132252767,1181600.0
2023-02-14 14:45:00,89.60965132252767,89.62104063440505,89.60965132252767,89.62104063440505,907200.0
2023-02-14 14:50:00,89.62104063440505,89.62104063440505,88.9571325105764,88.9571325105764,375900.0
2023-02-14 14:55:00,88.9571325105764,89.06440536242613,88.9571325105764,89.06440536242613,426300.0
2023-02-14 15:00:00,89.06440536242613,89.48217480018835,89.06440536242613,89.48217480018835,828100.0
2023-02-14 15:05:00,89.48217480018835,89.48217480018835,89.28998097435505,89.28998097435505,1210300.0
2023-02-14 15:10:00,89.28998097435505,89.28998097435505,87.28903038840474,87.28903038840474,1113000.0
2023-02-14 15:15:00,87.28903038840474,89.06699203751326,87.28903038840474,89.06699203751326,133700.0
2023-02-14 15:20:00,89.06699203751326,89.06699203751326,88.46051514497874,88.46051514497874,452900.0
2023-02-14 15:25:00,88.46051514497874,89.35891037795649,88.46051514497874,89.35891037795649,852600.0
2023-02-14 15:30:00,89.35891037795649,91.91508847195553,89.35891037795649,91.91508847195553,1199100.0
2023-02-14 15:35:00,91.91508847195553,91.91508847195553,89.48932170234139,89.48932170234139,962499.9999999999
2023-02-14 15:40:00,89.48932170234139,89.48932170234139,88.90300746268116,88.90300746268116,79100.0
2023-02-14 15:45:00,88.90300746268116,90.01205805911283,88.90300746268116,90.01205805911283,914900.0
2023-02-14 15:50:00,90.01205805911283,90.01205805911283,89.70647081211844,89.70647081211844,1201900.0
2023-02-14 15:55:00,89.70647081211844,89.70647081211844,89.65580626913511,89.65580626913511,591500.0
2023-02-14 16:00:00,89.65580626913511,89.83034432779883,89.65580626913511,89.83034432779883,775600.0
2023-02-15 09:30:00,89.83034432779883,91.09875102624197,89.83034432779883,91.09875102624197,822500.0
2023-02-15 09:35:00,91.09875102624197,91.09875102624197,88.192091231731,88.192091231731,1375500.0
2023-02-15 09:40:00,88.192091231731,89.63174018557967,88.192091231731,89.63174018557967,1344700.0
2023-02-15 09:45:00,89.63174018557967,89.63174018557967,88.32830928160146,88.32830928160146,1380400.0
2023-02-15 09:50:00,88.32830928160146,89.71240260750207,88.32830928160146,89.71240260750207,364700.0
2023-02-15 09:55:00,89.71240260750207,89.71240260750207,88.41389009771443,88.41389009771443,1152900.0
2023-02-15 10:00:00,88.41389009771443,88.88017684238456,88.41389009771443,88.88017684238456,1217300.0
2023-02-15 10:05:00,88.88017684238456,88.9535229572994,88.88017684238456,88.9535229572994,824600.0
2023-02-15 10:10:00,88.9535229572994,90.16726114390869,88.9535229572994,90.16726114390869,910000.0
2023-02-15 10:15:00,90.16726114390869,90.16726114390869,90.05518175352255,90.05518175352255,1297100.0
2023-02-15 10:20:00,90.05518175352255,90.05518175352255,88.12982326966201,88.12982326966201,206500.0
2023-02-15 10:25:00,88.12982326966201,89.24181649623645,88.12982326966201,89.24181649623645,153300.0
2023-02-15 10:30:00,89.24181649623645,89.24181649623645,88.57703966243959,88.57703966243959,971599.9999999999
2023-02-15 10:35:00,88.57703966243959,88.57703966243959,88.13940512378352,88.13940512378352,776300.0
2023-02-15 10:40:00,88.13940512378352,89.07167059956386,88.13940512378352,89.07167059956386,147000.0
2023-02-15 10:45:00,89.07167059956386,89.07167059956386,88.95711802915318,88.95711802915318,1040899.9999999999
2023-02-15 10:50:00,88.95711802915318,91.38256900129298,88.95711802915318,91.38256900129298,814100.0
2023-02-15 10:55:00,91.38256900129298,91.38256900129298,89.5768556327347,89.5768556327347,961799.9999999999
2023-02-15 11:00:00,89.5768556327347,89.5768556327347,87.9559606186941,87.9559606186941,1272600.0
2023-02-15 11:05:00,87.9559606186941,88.66631225736005,87.9559606186941,88.66631225736005,1348900.0
2023-02-15 11:10:00,88.66631225736005,90.1695350897583,88.66631225736005,90.1695350897583,669200.0
2023-02-15 11:15:00,90.1695350897583,91.08699635654489,90.1695350897583,91.08699635654489,315700.0
2023-02-15 11:20:00,91.08699635654489,91.08699635654489,87.89671552227337,87.89671552227337,260399.99999999997
2023-02-15 11:25:00,87.89671552227337,87.89671552227337,87.64447547335988,87.64447547335988,738500.0
2023-02-15 11:30:00,87.64447547335988,91.0416903566631,87.64447547335988,91.0416903566631,898800.0
2023-02-15 11:35:00,91.0416903566631,91.0416903566631,89.70177428036085,89.70177428036085,835100.0
2023-02-15 11:40:00,89.70177428036085,89.70177428036085,88.51561318616629,88.51561318616629,798700.0
2023-02-15 11:45:00,88.51561318616629,89.7850561697974,88.51561318616629,89.7850561697974,90300.0
2023-02-15 11:50:00,89.7850561697974,89.7850561697974,86.88657183552857,86.88657183552857,426300.0
2023-02-15 11:55:00,86.88657183552857,89.2226200405022,86.88657183552857,89.2226200405022,565600.0
2023-02-15 12:00:00,89.2226200405022,89.53129344573277,89.2226200405022,89.53129344573277,770000.0
2023-02-15 12:05:00,89.53129344573277,90.00754888642747,89.53129344573277,90.00754888642747,318500.0
2023-02-15 12:10:00,90.00754888642747,90.00754888642747,88.26959340171602,88.26959340171602,860300.0
2023-02-15 12:15:00,88.26959340171602,89.23439026361076,88.26959340171602,89.23439026361076,902300.0
2023-02-15 12:20:00,89.23439026361076,89.23439026361076,88.35072107358232,88.35072107358232,438200.0
2023-02-15 12:25:00,88.35072107358232,89.37041504922782,88.35072107358232,89.37041504922782,661500.0
2023-02-15 12:30:00,89.37041504922782,89.37041504922782,88.3211144831214,88.3211144831214,531300.0
2023-02-15 12:35:00,88.3211144831214,88.77256259543879,88.3211144831214,88.77256259543879,565600.0
2023-02-15 12:40:00,88.77256259543879,88.77256259543879,88.29105095515072,88.29105095515072,497699.99999999994
2023-02-15 12:45:00,88.29105095515072,89.73422611277721,88.29105095515072,89.73422611277721,458500.0
2023-02-15 12:50:00,89.73422611277721,89.93932396726312,89.73422611277721,89.93932396726312,1271200.0
2023-02-15 12:55:00,89.93932396726312,89.93932396726312,88.9928921362435,88.9928921362435,1210300.0
2023-02-15 13:00:00,88.9928921362435,89.296929545586,88.9928921362435,89.296929545586,986999.9999999999
2023-02-15 13:05:00,89.296929545586,89.296929545586,88.00754514178271,88.00754514178271,669900.0
2023-02-15 13:10:00,88.00754514178271,88.94340891852003,88.00754514178271,88.94340891852003,823200.0
2023-02-15 13:15:00,88.94340891852003,89.12399195012873,88.94340891852003,89.12399195012873,1109500.0
2023-02-15 13:20:00,89.12399195012873,91.56237555049128,89.12399195012873,91.56237555049128,497699.99999999994
2023-02-15 13:25:00,91.56237555049128,91.56237555049128,88.25379885939466,88.25379885939466,364000.0
2023-02-15 13:30:00,88.25379885939466,90.53036347365456,88.25379885939466,90.53036347365456,663600.0
2023-02-15 13:35:00,90.53036347365456,90.53036347365456,90.1237478894554,90.1237478894554,626500.0
2023-02-15 13:40:00,90.1237478894554,90.1237478894554,89.47884704097604,89.47884704097604,283500.0
2023-02-15 13:45:00,89.47884704097604,90.75826313927661,89.47884704097604,90.75826313927661,478799.99999999994
2023-02-15 13:50:00,90.75826313927661,90.75826313927661,89.59595085197925,89.59595085197925,166600.0
2023-02-15 13:55:00,89.59595085197925,89.66873675364337,89.59595085197925,89.66873675364337,256899.99999999997
2023-02-15 14:00:00,89.66873675364337,89.66873675364337,89.28112536520867,89.28112536520867,983499.9999999999
2023-02-15 14:05:00,89.28112536520867,90.40636639265698,89.28112536520867,90.40636639265698,407400.0
2023-02-15 14:10:00,90.40636639265698,90.40636639265698,90.32917404351143,90.32917404351143,368200.0
2023-02-15 14:15:00,90.32917404351143,90.32917404351143,88.80844604749257,88.80844604749257,517299.99999999994
2023-02-15 14:20:00,88.80844604749257,88.80844604749257,88.18828986268814,88.18828986268814,879200.0
2023-02-15 14:25:00,88.18828986268814,89.21103751685155,88.18828986268814,89.21103751685155,394800.0
2023-02-15 14:30:00,89.21103751685155,89.21103751685155,88.69205832055113,88.69205832055113,1195600.0
2023-02-15 14:35:00,88.69205832055113,89.3004671824631,88.69205832055113,89.3004671824631,1323700.0
2023-02-15 14:40:00,89.3004671824631,90.39996993636059,89.3004671824631,90.39996993636059,858200.0
2023-02-15 14:45:00,90.39996993636059,90.39996993636059,88.83564064646421,88.83564064646421,725900.0
2023-02-15 14:50:00,88.83564064646421,89.26930341480649,88.83564064646421,89.26930341480649,172200.0
2023-02-15 14:55:00,89.26930341480649,89.32116827681038,89.26930341480649,89.32116827681038,972999.9999999999
2023-02-15 15:00:00,89.32116827681038,90.04513950617962,89.32116827681038,90.04513950617962,868700.0
2023-02-15 15:05:00,90.04513950617962,90.04513950617962,87.39640374784793,87.39640374784793,1082900.0
2023-02-15 15:10:00,87.39640374784793,88.85581896490815,87.39640374784793,88.85581896490815,1262100.0
2023-02-15 15:15:00,88.85581896490815,89.58541426305706,88.85581896490815,89.58541426305706,201600.0
2023-02-15 15:20:00,89.58541426305706,90.45673564394389,89.58541426305706,90.45673564394389,149100.0
2023-02-15 15:25:00,90.45673564394389,90.45673564394389,88.92420329972774,88.92420329972774,537600.0
2023-02-15 15:30:00,88.92420329972774,88.92420329972774,87.64645450010272,87.64645450010272,854700.0
2023-02-15 15:35:00,87.64645450010272,89.80856647968656,87.64645450010272,89.80856647968656,691600.0
2023-02-15 15:40:00,89.80856647968656,89.80856647968656,88.68023566846945,88.68023566846945,976499.9999999999
2023-02-15 15:45:00,88.68023566846945,88.68023566846945,88.21656278393984,88.21656278393984,434000.0
2023-02-15 15:50:00,88.21656278393984,88.69157468839556,88.21656278393984,88.69157468839556,733600.0
2023-02-15 15:55:00,88.69157468839556,89.05827945762555,88.69157468839556,89.05827945762555,816900.0
2023-02-15 16:00:00,89.05827945762555,89.05827945762555,88.73261215164041,88.73261215164041,464099.99999999994
2023-02-16 09:30:00,88.73261215164041,88.73261215164041,87.32114808650735,87.32114808650735,1128400.0
2023-02-16 09:35:00,87.32114808650735,90.04887000202685,87.32114808650735,90.04887000202685,1113700.0
2023-02-16 09:40:00,90.04887000202685,90.26570357282343,90.04887000202685,90.26570357282343,249899.99999999997
2023-02-16 09:45:00,90.26570357282343,90.26570357282343,89.72018707343982,89.72018707343982,699300.0
2023-02-16 09:50:00,89.72018707343982,89.72018707343982,88.07810951545028,88.07810951545028,1328600.0
2023-02-16 09:55:00,88.07810951545028,88.95036239488981,88.07810951545028,88.95036239488981,231699.99999999997
2023-02-16 10:00:00,88.95036239488981,89.10366536962843,88.95036239488981,89.10366536962843,239399.99999999997
2023-02-16 10:05:00,89.10366536962843,89.72946611014167,89.10366536962843,89.72946611014167,149800.0
2023-02-16 10:10:00,89.72946611014167,89.75153721522362,89.72946611014167,89.75153721522362,688800.0
2023-02-16 10:15:00,89.75153721522362,89.75153721522362,88.52249508382494,88.52249508382494,222600.0
2023-02-16 10:20:00,88.52249508382494,89.23047513165619,88.52249508382494,89.23047513165619,191800.0
2023-02-16 10:25:00,89.23047513165619,89.56912824329406,89.23047513165619,89.56912824329406,504699.99999999994
2023-02-16 10:30:00,89.56912824329406,90.46273657318517,89.56912824329406,90.46273657318517,846300.0
2023-02-16 10:35:00,90.46273657318517,90.46273657318517,89.85607243700318,89.85607243700318,441000.0
2023-02-16 10:40:00,89.85607243700318,89.93343630540016,89.85607243700318,89.93343630540016,376600.0
2023-02-16 10:45:00,89.93343630540016,89.93343630540016,89.34751911717805,89.34751911717805,188300.0
2023-02-16 10:50:00,89.34751911717805,90.57423045567938,89.34751911717805,90.57423045567938,665000.0
2023-02-16 10:55:00,90.57423045567938,90.57423045567938,89.63074225925925,89.63074225925925,562800.0
2023-02-16 11:00:00,89.63074225925925,89.63074225925925,88.47882231407544,88.47882231407544,427700.0
2023-02-16 11:05:00,88.47882231407544,90.5163438518217,88.47882231407544,90.5163438518217,303800.0
2023-02-16 11:10:00,90.5163438518217,90.5163438518217,89.95775626209014,89.95775626209014,1143800.0
2023-02-16 11:15:00,89.95775626209014,89.95775626209014,88.8623624857659,88.8623624857659,902300.0
2023-02-16 11:20:00,88.8623624857659,88.8988793219551,88.8623624857659,88.8988793219551,196000.0
2023-02-16 11:25:00,88.8988793219551,89.53306858987722,88.8988793219551,89.53306858987722,961799.9999999999
2023-02-16 11:30:00,89.53306858987722,89.63364148205909,89.53306858987722,89.63364148205909,1225700.0
2023-02-16 11:35:00,89.63364148205909,89.63364148205909,89.43023187359009,89.43023187359009,1215900.0
2023-02-16 11:40:00,89.43023187359009,89.49594659824741,89.43023187359009,89.49594659824741,993299.9999999999
2023-02-16 11:45:00,89.49594659824741,90.81132486472525,89.49594659824741,90.81132486472525,1203300.0
2023-02-16 11:50:00,90.81132486472525,90.81132486472525,90.2744217454418,90.2744217454418,275100.0
2023-02-16 11:55:00,90.2744217454418,90.2744217454418,89.42365930673546,89.42365930673546,499799.99999999994
2023-02-16 12:00:00,89.42365930673546,90.1364144041189,89.42365930673546,90.1364144041189,763000.0
2023-02-16 12:05:00,90.1364144041189,90.1364144041189,88.31400404235293,88.31400404235293,612500.0
2023-02-16 12:10:00,88.31400404235293,89.5908040092895,88.31400404235293,89.5908040092895,448000.0
2023-02-16 12:15:00,89.5908040092895,90.87491790426226,89.5908040092895,90.87491790426226,937999.9999999999
2023-02-16 12:20:00,90.87491790426226,90.87491790426226,89.11805222418067,89.11805222418067,1012199.9999999999
2023-02-16 12:25:00,89.11805222418067,89.11805222418067,88.54675439911504,88.54675439911504,313600.0
2023-02-16 12:30:00,88.54675439911504,88.7133784371883,88.54675439911504,88.7133784371883,1249500.0
2023-02-16 12:35:00,88.7133784371883,88.7133784371883,88.29696294065444,88.29696294065444,1028299.9999999999
2023-02-16 12:40:00,88.29696294065444,88.55855196369798,88.29696294065444,88.55855196369798,487199.99999999994
2023-02-16 12:45:00,88.55855196369798,88.94036085045815,88.55855196369798,88.94036085045815,1061900.0
2023-02-16 12:50:00,88.94036085045815,88.94036085045815,88.13032618040079,88.13032618040079,378000.0
2023-02-16 12:55:00,88.13032618040079,89.3925648959287,88.13032618040079,89.3925648959287,1136100.0
2023-02-16 13:00:00,89.3925648959287,90.2097092511139,89.3925648959287,90.2097092511139,256899.99999999997
2023-02-16 13:05:00,90.2097092511139,90.2097092511139,88.61526343141233,88.61526343141233,1133300.0
2023-02-16 13:10:00,88.61526343141233,90.73811940066311,88.61526343141233,90.73811940066311,790300.0
2023-02-16 13:15:00,90.73811940066311,90.73811940066311,89.91145418183824,89.91145418183824,415100.0
2023-02-16 13:20:00,89.91145418183824,90.33200458446737,89.91145418183824,90.33200458446737,862400.0
2023-02-16 13:25:00,90.33200458446737,90.33200458446737,88.83287246038259,88.83287246038259,1394400.0
2023-02-16 13:30:00,88.83287246038259,90.18832344394372,88.83287246038259,90.18832344394372,905800.0
2023-02-16 13:35:00,90.18832344394372,90.18832344394372,88.48913615811239,88.48913615811239,663600.0
2023-02-16 13:40:00,88.48913615811239,90.2503075318185,88.48913615811239,90.2503075318185,1382500.0
2023-02-16 13:45:00,90.2503075318185,90.2503075318185,89.58358287075525,89.58358287075525,160300.0
2023-02-16 13:50:00,89.58358287075525,89.91789884713813,89.58358287075525,89.91789884713813,1341200.0
2023-02-16 13:55:00,89.91789884713813,89.91789884713813,88.39634458062056,88.39634458062056,919099.9999999999
2023-02-16 14:00:00,88.39634458062056,88.59151262802592,88.39634458062056,88.59151262802592,527800.0
2023-02-16 14:05:00,88.59151262802592,89.9002810381346,88.59151262802592,89.9002810381346,253399.99999999997
2023-02-16 14:10:00,89.9002810381346,89.9002810381346,88.4956905605338,88.4956905605338,628600.0
2023-02-16 14:15:00,88.4956905605338,89.72129049485133,88.4956905605338,89.72129049485133,1199800.0
2023-02-16 14:20:00,89.72129049485133,89.72129049485133,88.08024172884369,88.08024172884369,357700.0
2023-02-16 14:25:00,88.08024172884369,90.02205119756215,88.08024172884369,90.02205119756215,757400.0
2023-02-16 14:30:00,90.02205119756215,90.02205119756215,88.17316207117157,88.17316207117157,107100.0
2023-02-16 14:35:00,88.17316207117157,89.73644027036758,88.17316207117157,89.73644027036758,302400.0
2023-02-16 14:40:00,89.73644027036758,89.83167674759571,89.73644027036758,89.83167674759571,744100.0
2023-02-16 14:45:00,89.83167674759571,89.83167674759571,88.65794007061672,88.65794007061672,1386700.0
2023-02-16 14:50:00,88.65794007061672,89.82294752985382,88.65794007061672,89.82294752985382,830200.0
2023-02-16 14:55:00,89.82294752985382,89.82294752985382,89.45912215639821,89.45912215639821,494199.99999999994
2023-02-16 15:00:00,89.45912215639821,89.45912215639821,88.76922241474527,88.76922241474527,577500.0
2023-02-16 15:05:00,88.76922241474527,88.76922241474527,88.34368270765162,88.34368270765162,992599.9999999999
2023-02-16 15:10:00,88.34368270765162,88.34368270765162,87.4511410225671,87.4511410225671,1021999.9999999999
2023-02-16 15:15:00,87.4511410225671,89.47564382260435,87.4511410225671,89.47564382260435,427000.0
2023-02-16 15:20:00,89.47564382260435,89.47564382260435,87.78879368204161,87.78879368204161,1115800.0
2023-02-16 15:25:00,87.78879368204161,89.24778868850306,87.78879368204161,89.24778868850306,640500.0
2023-02-16 15:30:00,89.24778868850306,89.24778868850306,88.98130797192628,88.98130797192628,665700.0
2023-02-16 15:35:00,88.98130797192628,89.81779224171028,88.98130797192628,89.81779224171028,1044399.9999999999
2023-02-16 15:40:00,89.81779224171028,89.81779224171028,88.9472628670879,88.9472628670879,382900.0
2023-02-16 15:45:00,88.9472628670879,88.99507359336336,88.9472628670879,88.99507359336336,214900.0
2023-02-16 15:50:00,88.99507359336336,89.90996782960767,88.99507359336336,89.90996782960767,1138200.0
2023-02-16 15:55:00,89.90996782960767,89.90996782960767,89.65298280783068,89.65298280783068,287700.0
2023-02-16 16:00:00,89.65298280783068,89.65298280783068,89.60674933406024,89.60674933406024,333200.0
2023-02-17 09:30:00,89.60674933406024,89.68659520125172,89.60674933406024,89.68659520125172,1227100.0
2023-02-17 09:35:00,89.68659520125172,89.68659520125172,87.87250766508461,87.87250766508461,710500.0
2023-02-17 09:40:00,87.87250766508461,89.88075764688891,87.87250766508461,89.88075764688891,431200.0
2023-02-17 09:45:00,89.88075764688891,89.88075764688891,89.77764632892591,89.77764632892591,118299.99999999999
2023-02-17 09:50:00,89.77764632892591,89.77764632892591,88.29773895221958,88.29773895221958,768600.0
2023-02-17 09:55:00,88.29773895221958,89.01875964355746,88.29773895221958,89.01875964355746,176400.0
2023-02-17 10:00:00,89.01875964355746,89.20169982954691,89.01875964355746,89.20169982954691,616000.0
2023-02-17 10:05:00,89.20169982954691,89.20169982954691,89.13544308155913,89.13544308155913,851900.0
2023-02-17 10:10:00,89.13544308155913,89.47031042761357,89.13544308155913,89.47031042761357,1381800.0
2023-02-17 10:15:00,89.47031042761357,90.42025600351194,89.47031042761357,90.42025600351194,1093400.0
2023-02-17 10:20:00,90.42025600351194,90.42025600351194,90.13564975272237,90.13564975272237,370300.0
2023-02-17 10:25:00,90.13564975272237,90.13564975272237,88.05714233100778,88.05714233100778,907900.0
2023-02-17 10:30:00,88.05714233100778,89.66436769913346,88.05714233100778,89.66436769913346,316400.0
2023-02-17 10:35:00,89.66436769913346,90.27723283447868,89.66436769913346,90.27723283447868,874300.0
2023-02-17 10:40:00,90.27723283447868,90.27723283447868,89.54649913809058,89.54649913809058,1297800.0
2023-02-17 10:45:00,89.54649913809058,90.14868135143487,89.54649913809058,90.14868135143487,1180900.0
2023-02-17 10:50:00,90.14868135143487,91.0021536705409,90.14868135143487,91.0021536705409,910000.0
2023-02-17 10:55:00,91.0021536705409,91.0021536705409,90.04306279057914,90.04306279057914,942199.9999999999
2023-02-17 11:00:00,90.04306279057914,90.04306279057914,89.33923348328395,89.33923348328395,361900.0
2023-02-17 11:05:00,89.33923348328395,89.96432800787747,89.33923348328395,89.96432800787747,900200.0
2023-02-17 11:10:00,89.96432800787747,89.96432800787747,89.14148205235745,89.14148205235745,634900.0
2023-02-17 11:15:00,89.14148205235745,89.14148205235745,88.9902191062617,88.9902191062617,1172500.0
2023-02-17 11:20:00,88.9902191062617,88.9902191062617,88.70653501481185,88.70653501481185,666400.0
2023-02-17 11:25:00,88.70653501481185,90.44213054608335,88.70653501481185,90.44213054608335,585200.0
2023-02-17 11:30:00,90.44213054608335,90.44213054608335,88.3771974244683,88.3771974244683,602700.0
2023-02-17 11:35:00,88.3771974244683,90.40811673488149,88.3771974244683,90.40811673488149,940099.9999999999
2023-02-17 11:40:00,90.40811673488149,90.40811673488149,89.51641977374486,89.51641977374486,79800.0
2023-02-17 11:45:00,89.51641977374486,89.51641977374486,87.78771685619913,87.78771685619913,1016399.9999999999
2023-02-17 11:50:00,87.78771685619913,89.31924726232592,87.78771685619913,89.31924726232592,854700.0
2023-02-17 11:55:00,89.31924726232592,89.31924726232592,87.15965636094616,87.15965636094616,703500.0
2023-02-17 12:00:00,87.15965636094616,89.53483679875629,87.15965636094616,89.53483679875629,1229200.0
2023-02-17 12:05:00,89.53483679875629,89.82419386031476,89.53483679875629,89.82419386031476,381500.0
2023-02-17 12:10:00,89.82419386031476,89.82419386031476,88.46097422597676,88.46097422597676,126699.99999999999
2023-02-17 12:15:00,88.46097422597676,89.10641232811206,88.46097422597676,89.10641232811206,1396500.0
2023-02-17 12:20:00,89.10641232811206,90.71225179571427,89.10641232811206,90.71225179571427,1228500.0
2023-02-17 12:25:00,90.71225179571427,90.71225179571427,88.55045662961682,88.55045662961682,1145200.0
2023-02-17 12:30:00,88.55045662961682,88.55045662961682,88.01484416917765,88.01484416917765,1131900.0
2023-02-17 12:35:00,88.01484416917765,90.25290805348612,88.01484416917765,90.25290805348612,202300.0
2023-02-17 12:40:00,90.25290805348612,90.5735949817333,90.25290805348612,90.5735949817333,1019199.9999999999
2023-02-17 12:45:00,90.5735949817333,90.5735949817333,88.91226571118396,88.91226571118396,460599.99999999994
2023-02-17 12:50:00,88.91226571118396,89.81411668148968,88.91226571118396,89.81411668148968,1264900.0
2023-02-17 12:55:00,89.81411668148968,90.08499162827675,89.81411668148968,90.08499162827675,933099.9999999999
2023-02-17 13:00:00,90.08499162827675,90.08499162827675,88.28402629266375,88.28402629266375,1371300.0
2023-02-17 13:05:00,88.28402629266375,88.46141343399479,88.28402629266375,88.46141343399479,108500.0
2023-02-17 13:10:00,88.46141343399479,90.01402896324498,88.46141343399479,90.01402896324498,90300.0
2023-02-17 13:15:00,90.01402896324498,90.40984252610741,90.01402896324498,90.40984252610741,782600.0
2023-02-17 13:20:00,90.40984252610741,90.40984252610741,89.41862848414041,89.41862848414041,149800.0
2023-02-17 13:25:00,89.41862848414041,89.41862848414041,88.10951584823634,88.10951584823634,628600.0
2023-02-17 13:30:00,88.10951584823634,90.58733367101017,88.10951584823634,90.58733367101017,467599.99999999994
2023-02-17 13:35:00,90.58733367101017,90.58733367101017,88.41249886797111,88.41249886797111,602000.0
2023-02-17 13:40:00,88.41249886797111,88.56882217141568,88.41249886797111,88.56882217141568,1201200.0
2023-02-17 13:45:00,88.56882217141568,89.22635580630768,88.56882217141568,89.22635580630768,536200.0
2023-02-17 13:50:00,89.22635580630768,90.3229431083479,89.22635580630768,90.3229431083479,1079400.0
2023-02-17 13:55:00,90.3229431083479,90.3229431083479,89.70051050389556,89.70051050389556,303100.0
2023-02-17 14:00:00,89.70051050389556,89.70051050389556,89.3322989037657,89.3322989037657,1040199.9999999999
2023-02-17 14:05:00,89.3322989037657,89.40202874497987,89.3322989037657,89.40202874497987,921199.9999999999
2023-02-17 14:10:00,89.40202874497987,89.40202874497987,89.07007023472636,89.07007023472636,546000.0
2023-02-17 14:15:00,89.07007023472636,89.57630717787978,89.07007023472636,89.57630717787978,609700.0
2023-02-17 14:20:00,89.57630717787978,89.57630717787978,86.8097956821037,86.8097956821037,1355200.0
2023-02-17 14:25:00,86.8097956821037,88.67069400541185,86.8097956821037,88.67069400541185,1385300.0
2023-02-17 14:30:00,88.67069400541185,89.15502930693823,88.67069400541185,89.15502930693823,375200.0
2023-02-17 14:35:00,89.15502930693823,89.15502930693823,87.9183881411671,87.9183881411671,305900.0
2023-02-17 14:40:00,87.9183881411671,89.31711471026156,87.9183881411671,89.31711471026156,109200.0
2023-02-17 14:45:00,89.31711471026156,89.31711471026156,88.76065811086715,88.76065811086715,877800.0
2023-02-17 14:50:00,88.76065811086715,90.49137476168261,88.76065811086715,90.49137476168261,1281000.0
2023-02-17 14:55:00,90.49137476168261,90.49137476168261,90.25950180908794,90.25950180908794,1271200.0
2023-02-17 15:00:00,90.25950180908794,90.25950180908794,88.47896231192175,88.47896231192175,1141700.0
2023-02-17 15:05:00,88.47896231192175,88.70167301533246,88.47896231192175,88.70167301533246,287700.0
2023-02-17 15:10:00,88.70167301533246,88.87933728594126,88.70167301533246,88.87933728594126,793100.0
2023-02-17 15:15:00,88.87933728594126,88.87933728594126,88.57688539181216,88.57688539181216,230999.99999999997
2023-02-17 15:20:00,88.57688539181216,89.19594547047491,88.57688539181216,89.19594547047491,1398600.0
2023-02-17 15:25:00,89.19594547047491,89.19594547047491,88.35222965351063,88.35222965351063,691600.0
2023-02-17 15:30:00,88.35222965351063,88.35222965351063,88.0501980083457,88.0501980083457,1121400.0
2023-02-17 15:35:00,88.0501980083457,89.63811589190827,88.0501980083457,89.63811589190827,1075900.0
2023-02-17 15:40:00,89.63811589190827,89.65804869329041,89.63811589190827,89.65804869329041,553000.0
2023-02-17 15:45:00,89.65804869329041,89.65804869329041,88.26342220419524,88.26342220419524,177100.0
2023-02-17 15:50:00,88.26342220419524,89.82602472600254,88.26342220419524,89.82602472600254,1035999.9999999999
2023-02-17 15:55:00,89.82602472600254,89.82602472600254,88.4357852552516,88.4357852552516,692300.0
2023-02-17 16:00:00,88.4357852552516,89.19415969410382,88.4357852552516,89.19415969410382,542500.0
2023-02-20 09:30:00,89.19415969410382,89.72479372487581,89.19415969410382,89.72479372487581,1129100.0
2023-02-20 09:35:00,89.72479372487581,89.72479372487581,88.91916042570342,88.91916042570342,695800.0
2023-02-20 09:40:00,88.91916042570342,89.3820266589218,88.91916042570342,89.3820266589218,303800.0
2023-02-20 09:45:00,89.3820266589218,89.3820266589218,88.52808408692755,88.52808408692755,678300.0
2023-02-20 09:50:00,88.52808408692755,88.78538836789002,88.52808408692755,88.78538836789002,189000.0
2023-02-20 09:55:00,88.78538836789002,88.78538836789002,88.77017504389913,88.77017504389913,982799.9999999999
2023-02-20 10:00:00,88.77017504389913,88.77017504389913,88.25692287536229,88.25692287536229,1322300.0
2023-02-20 10:05:00,88.25692287536229,88.72969927247395,88.25692287536229,88.72969927247395,1142400.0
2023-02-20 10:10:00,88.72969927247395,88.72969927247395,87.50715421906631,87.50715421906631,1241800.0
2023-02-20 10:15:00,87.50715421906631,88.48379851575653,87.50715421906631,88.48379851575653,1012899.9999999999
2023-02-20 10:20:00,88.48379851575653,88.61103526824178,88.48379851575653,88.61103526824178,608300.0
2023-02-20 10:25:00,88.61103526824178,88.69361530005521,88.61103526824178,88.69361530005521,699300.0
2023-02-20 10:30:00,88.69361530005521,88.73465327402135,88.69361530005521,88.73465327402135,760900.0
2023-02-20 10:35:00,88.73465327402135,88.8786143073296,88.73465327402135,88.8786143073296,253399.99999999997
2023-02-20 10:40:00,88.8786143073296,89.35976748169603,88.8786143073296,89.35976748169603,752500.0
2023-02-20 10:45:00,89.35976748169603,89.6818104617061,89.35976748169603,89.6818104617061,1083600.0
2023-02-20 10:50:00,89.6818104617061,89.6818104617061,88.35912993680711,88.35912993680711,1096200.0
2023-02-20 10:55:00,88.35912993680711,88.35912993680711,87.94716513901596,87.94716513901596,112700.0
2023-02-20 11:00:00,87.94716513901596,87.99333688844209,87.94716513901596,87.99333688844209,1353100.0
2023-02-20 11:05:00,87.99333688844209,88.50560432264223,87.99333688844209,88.50560432264223,567000.0
2023-02-20 11:10:00,88.50560432264223,88.73809917162504,88.50560432264223,88.73809917162504,217000.0
2023-02-20 11:15:00,88.73809917162504,88.73809917162504,88.36042618888436,88.36042618888436,1304100.0
2023-02-20 11:20:00,88.36042618888436,88.36042618888436,87.90284920506737,87.90284920506737,280000.0
2023-02-20 11:25:00,87.90284920506737,88.70514219368623,87.90284920506737,88.70514219368623,412300.0
2023-02-20 11:30:00,88.70514219368623,89.28310300079751,88.70514219368623,89.28310300079751,258999.99999999997
2023-02-20 11:35:00,89.28310300079751,89.56952850244888,89.28310300079751,89.56952850244888,1095500.0
2023-02-20 11:40:00,89.56952850244888,89.56952850244888,88.53534843216461,88.53534843216461,247099.99999999997
2023-02-20 11:45:00,88.53534843216461,88.76291738674492,88.53534843216461,88.76291738674492,1052800.0
2023-02-20 11:50:00,88.76291738674492,88.76291738674492,88.30504478675587,88.30504478675587,755300.0
2023-02-20 11:55:00,88.30504478675587,89.04153547613328,88.30504478675587,89.04153547613328,680400.0
2023-02-20 12:00:00,89.04153547613328,89.04153547613328,88.31098972563376,88.31098972563376,735700.0
2023-02-20 12:05:00,88.31098972563376,89.55526659029542,88.31098972563376,89.55526659029542,1137500.0
2023-02-20 12:10:00,89.55526659029542,89.55526659029542,87.48071510216414,87.48071510216414,1271900.0
2023-02-20 12:15:00,87.48071510216414,88.86704076030097,87.48071510216414,88.86704076030097,88900.0
2023-02-20 12:20:00,88.86704076030097,89.43827683550539,88.86704076030097,89.43827683550539,194600.0
2023-02-20 12:25:00,89.43827683550539,89.43827683550539,89.35634671051517,89.35634671051517,1270500.0
2023-02-20 12:30:00,89.35634671051517,91.52595720902917,89.35634671051517,91.52595720902917,1304100.0
2023-02-20 12:35:00,91.52595720902917,91.52595720902917,89.37887412008052,89.37887412008052,1182300.0
2023-02-20 12:40:00,89.37887412008052,89.37887412008052,88.13893737506882,88.13893737506882,739900.0
2023-02-20 12:45:00,88.13893737506882,88.9773740865232,88.13893737506882,88.9773740865232,1243200.0
2023-02-20 12:50:00,88.9773740865232,88.9773740865232,87.50053913024513,87.50053913024513,957599.9999999999
2023-02-20 12:55:00,87.50053913024513,88.99835859828686,87.50053913024513,88.99835859828686,441700.0
2023-02-20 13:00:00,88.99835859828686,88.99835859828686,88.31080848332206,88.31080848332206,116899.99999999999
2023-02-20 13:05:00,88.31080848332206,89.88402588511862,88.31080848332206,89.88402588511862,361200.0
2023-02-20 13:10:00,89.88402588511862,89.88402588511862,88.56305833417366,88.56305833417366,615300.0
2023-02-20 13:15:00,88.56305833417366,88.87447584178845,88.56305833417366,88.87447584178845,674100.0
2023-02-20 13:20:00,88.87447584178845,88.87447584178845,88.37256215705011,88.37256215705011,927499.9999999999
2023-02-20 13:25:00,88.37256215705011,90.53040102661777,88.37256215705011,90.53040102661777,819000.0
2023-02-20 13:30:00,90.53040102661777,90.53040102661777,88.7024411536479,88.7024411536479,158200.0
2023-02-20 13:35:00,88.7024411536479,90.56892303593632,88.7024411536479,90.56892303593632,984199.9999999999
2023-02-20 13:40:00,90.56892303593632,90.56892303593632,89.74210100211788,89.74210100211788,1106000.0
2023-02-20 13:45:00,89.74210100211788,89.74210100211788,89.42422248452509,89.42422248452509,552300.0
2023-02-20 13:50:00,89.42422248452509,89.42422248452509,89.37731514663166,89.37731514663166,101500.0
2023-02-20 13:55:00,89.37731514663166,89.37731514663166,89.33516356856939,89.33516356856939,976499.9999999999
2023-02-20 14:00:00,89.33516356856939,89.33516356856939,87.31750943531443,87.31750943531443,381500.0
2023-02-20 14:05:00,87.31750943531443,88.81851578790238,87.31750943531443,88.81851578790238,840000.0
2023-02-20 14:10:00,88.81851578790238,89.8260619009774,88.81851578790238,89.8260619009774,799400.0
2023-02-20 14:15:00,89.8260619009774,89.8260619009774,89.04537633635523,89.04537633635523,287000.0
2023-02-20 14:20:00,89.04537633635523,89.04537633635523,87.82835719500916,87.82835719500916,107800.0
2023-02-20 14:25:00,87.82835719500916,89.05485629048435,87.82835719500916,89.05485629048435,1120700.0
2023-02-20 14:30:00,89.05485629048435,90.50168413336353,89.05485629048435,90.50168413336353,246399.99999999997
2023-02-20 14:35:00,90.50168413336353,90.50168413336353,90.05618563664416,90.05618563664416,233799.99999999997
2023-02-20 14:40:00,90.05618563664416,90.05618563664416,88.90446863978416,88.90446863978416,688800.0
2023-02-20 14:45:00,88.90446863978416,89.78543791806003,88.90446863978416,89.78543791806003,562100.0
2023-02-20 14:50:00,89.78543791806003,89.78543791806003,88.6074081461124,88.6074081461124,72100.0
2023-02-20 14:55:00,88.6074081461124,88.6074081461124,87.41438331908985,87.41438331908985,411600.0
2023-02-20 15:00:00,87.41438331908985,88.14051023896012,87.41438331908985,88.14051023896012,1129800.0
2023-02-20 15:05:00,88.14051023896012,90.39468380361272,88.14051023896012,90.39468380361272,1088500.0
2023-02-20 15:10:00,90.39468380361272,90.39468380361272,88.76985471015591,88.76985471015591,251299.99999999997
2023-02-20 15:15:00,88.76985471015591,88.76985471015591,88.75810802713671,88.75810802713671,168000.0
2023-02-20 15:20:00,88.75810802713671,88.75810802713671,88.63727719841613,88.63727719841613,1299200.0
2023-02-20 15:25:00,88.63727719841613,90.67722835780462,88.63727719841613,90.67722835780462,1340500.0
2023-02-20 15:30:00,90.67722835780462,90.67722835780462,90.46084285781377,90.46084285781377,590800.0
2023-02-20 15:35:00,90.46084285781377,90.92684137420902,90.46084285781377,90.92684137420902,471099.99999999994
2023-02-20 15:40:00,90.92684137420902,90.92684137420902,88.8845387692713,88.8845387692713,739200.0
2023-02-20 15:45:00,88.8845387692713,89.27590950097527,88.8845387692713,89.27590950097527,959699.9999999999
2023-02-20 15:50:00,89.27590950097527,89.27590950097527,87.6295529246538,87.6295529246538,283500.0
2023-02-20 15:55:00,87.6295529246538,90.41904702062483,87.6295529246538,90.41904702062483,560700.0
2023-02-20 16:00:00,90.41904702062483,90.41904702062483,88.04097689116367,88.04097689116367,679000.0
2023-02-21 09:30:00,88.04097689116367,89.27647525141836,88.04097689116367,89.27647525141836,496999.99999999994
2023-02-21 09:35:00,89.27647525141836,89.27647525141836,88.09556777399031,88.09556777399031,1000999.9999999999
2023-02-21 09:40:00,88.09556777399031,88.56967824678809,88.09556777399031,88.56967824678809,858200.0
2023-02-21 09:45:00,88.56967824678809,88.56967824678809,88.40904416597061,88.40904416597061,578900.0
2023-02-21 09:50:00,88.40904416597061,88.58299938031483,88.40904416597061,88.58299938031483,794500.0
2023-02-21 09:55:00,88.58299938031483,88.63784435357503,88.58299938031483,88.63784435357503,241499.99999999997
2023-02-21 10:00:00,88.63784435357503,88.65954591563957,88.63784435357503,88.65954591563957,973699.9999999999
2023-02-21 10:05:00,88.65954591563957,89.85690406261389,88.65954591563957,89.85690406261389,667100.0
2023-02-21 10:10:00,89.85690406261389,89.85690406261389,88.15640396518776,88.15640396518776,933799.9999999999
2023-02-21 10:15:00,88.15640396518776,89.2806750619883,88.15640396518776,89.2806750619883,1238300.0
2023-02-21 10:20:00,89.2806750619883,90.1513954406542,89.2806750619883,90.1513954406542,325500.0
2023-02-21 10:25:00,90.1513954406542,90.1513954406542,88.58547582025699,88.58547582025699,479499.99999999994
2023-02-21 10:30:00,88.58547582025699,88.58547582025699,88.37724523454078,88.37724523454078,736400.0
2023-02-21 10:35:00,88.37724523454078,88.70000296469031,88.37724523454078,88.70000296469031,1051400.0
2023-02-21 10:40:00,88.70000296469031,89.93972418421099,88.70000296469031,89.93972418421099,221200.0
2023-02-21 10:45:00,89.93972418421099,89.93972418421099,89.07724757262706,89.07724757262706,922599.9999999999
2023-02-21 10:50:00,89.07724757262706,89.07724757262706,88.44697486144536,88.44697486144536,672700.0
2023-02-21 10:55:00,88.44697486144536,89.33576745726825,88.44697486144536,89.33576745726825,1017099.9999999999
2023-02-21 11:00:00,89.33576745726825,89.33576745726825,87.90864553618904,87.90864553618904,1306900.0
2023-02-21 11:05:00,87.90864553618904,89.5014487563686,87.90864553618904,89.5014487563686,1354500.0
2023-02-21 11:10:00,89.5014487563686,89.5014487563686,89.29523114485326,89.29523114485326,728700.0
2023-02-21 11:15:00,89.29523114485326,89.29523114485326,88.67860294243478,88.67860294243478,311500.0
2023-02-21 11:20:00,88.67860294243478,88.67860294243478,88.10496796787587,88.10496796787587,618800.0
2023-02-21 11:25:00,88.10496796787587,88.10496796787587,88.08421758606475,88.08421758606475,158900.0
2023-02-21 11:30:00,88.08421758606475,89.3184047673962,88.08421758606475,89.3184047673962,873600.0
2023-02-21 11:35:00,89.3184047673962,89.98338073752656,89.3184047673962,89.98338073752656,1227100.0
2023-02-21 11:40:00,89.98338073752656,89.98338073752656,88.37784410950454,88.37784410950454,1267700.0
2023-02-21 11:45:00,88.37784410950454,89.34101014559235,88.37784410950454,89.34101014559235,699300.0
2023-02-21 11:50:00,89.34101014559235,89.34101014559235,87.03749799116451,87.03749799116451,96600.0
2023-02-21 11:55:00,87.03749799116451,88.40864444976464,87.03749799116451,88.40864444976464,143500.0
2023-02-21 12:00:00,88.40864444976464,88.88308079342633,88.40864444976464,88.88308079342633,682500.0
2023-02-21 12:05:00,88.88308079342633,88.88308079342633,88.1174640963537,88.1174640963537,414400.0
2023-02-21 12:10:00,88.1174640963537,88.14441259243415,88.1174640963537,88.14441259243415,886900.0
2023-02-21 12:15:00,88.14441259243415,88.39782034135078,88.14441259243415,88.39782034135078,388500.0
2023-02-21 12:20:00,88.39782034135078,89.23227546437462,88.39782034135078,89.23227546437462,315700.0
2023-02-21 12:25:00,89.23227546437462,89.23227546437462,88.8184407855545,88.8184407855545,1373400.0
2023-02-21 12:30:00,88.8184407855545,88.8184407855545,86.91821793794836,86.91821793794836,111300.0
2023-02-21 12:35:00,86.91821793794836,86.96810978558436,86.91821793794836,86.96810978558436,1370600.0
2023-02-21 12:40:00,86.96810978558436,88.21602248584588,86.96810978558436,88.21602248584588,1085000.0
2023-02-21 12:45:00,88.21602248584588,89.24679033844471,88.21602248584588,89.24679033844471,1006599.9999999999
2023-02-21 12:50:00,89.24679033844471,89.24679033844471,86.45682990575739,86.45682990575739,988399.9999999999
2023-02-21 12:55:00,86.45682990575739,88.48721927487284,86.45682990575739,88.48721927487284,615300.0
2023-02-21 13:00:00,88.48721927487284,88.48721927487284,88.44977286140531,88.44977286140531,377300.0
2023-02-21 13:05:00,88.44977286140531,90.21320225558212,88.44977286140531,90.21320225558212,548100.0
2023-02-21 13:10:00,90.21320225558212,90.21320225558212,88.6877783573186,88.6877783573186,1367800.0
2023-02-21 13:15:00,88.6877783573186,89.27160055163746,88.6877783573186,89.27160055163746,1107400.0
2023-02-21 13:20:00,89.27160055163746,89.27160055163746,89.06970574265299,89.06970574265299,599900.0
2023-02-21 13:25:00,89.06970574265299,89.06970574265299,87.03979503652823,87.03979503652823,555800.0
2023-02-21 13:30:00,87.03979503652823,89.61655187243896,87.03979503652823,89.61655187243896,940099.9999999999
2023-02-21 13:35:00,89.61655187243896,89.61655187243896,89.07069691941936,89.07069691941936,85400.0
2023-02-21 13:40:00,89.07069691941936,89.38980174740333,89.07069691941936,89.38980174740333,84700.0
2023-02-21 13:45:00,89.38980174740333,92.38703431435114,89.38980174740333,92.38703431435114,1297100.0
2023-02-21 13:50:00,92.38703431435114,92.38703431435114,87.14252924928881,87.14252924928881,991899.9999999999
2023-02-21 13:55:00,87.14252924928881,90.62109034699196,87.14252924928881,90.62109034699196,118999.99999999999
2023-02-21 14:00:00,90.62109034699196,90.62109034699196,88.79649852364457,88.79649852364457,980699.9999999999
2023-02-21 14:05:00,88.79649852364457,89.39618469640237,88.79649852364457,89.39618469640237,580300.0
2023-02-21 14:10:00,89.39618469640237,89.39618469640237,89.09604759005492,89.09604759005492,469699.99999999994
2023-02-21 14:15:00,89.09604759005492,89.09604759005492,88.75291032521658,88.75291032521658,1250900.0
2023-02-21 14:20:00,88.75291032521658,88.75291032521658,88.66637216828651,88.66637216828651,1318100.0
2023-02-21 14:25:00,88.66637216828651,89.4884412129889,88.66637216828651,89.4884412129889,820400.0
2023-02-21 14:30:00,89.4884412129889,89.4884412129889,87.80366304781826,87.80366304781826,604100.0
2023-02-21 14:35:00,87.80366304781826,89.85201306584705,87.80366304781826,89.85201306584705,697200.0
2023-02-21 14:40:00,89.85201306584705,89.85201306584705,88.88018541753843,88.88018541753843,984199.9999999999
2023-02-21 14:45:00,88.88018541753843,88.88018541753843,88.23856012031682,88.23856012031682,474599.99999999994
2023-02-21 14:50:00,88.23856012031682,88.86790148625512,88.23856012031682,88.86790148625512,1261400.0
2023-02-21 14:55:00,88.86790148625512,90.35658288935647,88.86790148625512,90.35658288935647,732200.0
2023-02-21 15:00:00,90.35658288935647,90.35658288935647,88.81749049350702,88.81749049350702,1275400.0
2023-02-21 15:05:00,88.81749049350702,89.56204538727138,88.81749049350702,89.56204538727138,961099.9999999999
2023-02-21 15:10:00,89.56204538727138,89.56204538727138,88.54547062784322,88.54547062784322,1359400.0
2023-02-21 15:15:00,88.54547062784322,89.86601524605064,88.54547062784322,89.86601524605064,666400.0
2023-02-21 15:20:00,89.86601524605064,89.86601524605064,89.8198352683673,89.8198352683673,919799.9999999999
2023-02-21 15:25:00,89.8198352683673,90.89640391248459,89.8198352683673,90.89640391248459,744800.0
2023-02-21 15:30:00,90.89640391248459,90.89640391248459,89.08538329806917,89.08538329806917,249199.99999999997
2023-02-21 15:35:00,89.08538329806917,89.85966492153872,89.08538329806917,89.85966492153872,79800.0
2023-02-21 15:40:00,89.85966492153872,89.85966492153872,89.3464799532194,89.3464799532194,422100.0
2023-02-21 15:45:00,89.3464799532194,90.43599745615064,89.3464799532194,90.43599745615064,229599.99999999997
2023-02-21 15:50:00,90.43599745615064,90.43599745615064,88.68986365433456,88.68986365433456,836500.0
2023-02-21 15:55:00,88.68986365433456,89.99623761937232,88.68986365433456,89.99623761937232,533400.0
2023-02-21 16:00:00,89.99623761937232,89.99623761937232,89.16063235839712,89.16063235839712,548100.0
2023-02-22 09:30:00,89.16063235839712,89.25129629690072,89.16063235839712,89.25129629690072,579600.0
2023-02-22 09:35:00,89.25129629690072,89.43486991494902,89.25129629690072,89.43486991494902,280000.0
2023-02-22 09:40:00,89.43486991494902,89.46156287892471,89.43486991494902,89.46156287892471,972299.9999999999
2023-02-22 09:45:00,89.46156287892471,89.46156287892471,89.09522504553753,89.09522504553753,540400.0
2023-02-22 09:50:00,89.09522504553753,89.38303630155423,89.09522504553753,89.38303630155423,289100.0
2023-02-22 09:55:00,89.38303630155423,90.5257208589153,89.38303630155423,90.5257208589153,623000.0
2023-02-22 10:00:00,90.5257208589153,90.5257208589153,90.01264871291966,90.01264871291966,692300.0
2023-02-22 10:05:00,90.01264871291966,90.01264871291966,89.9344239488272,89.9344239488272,381500.0
2023-02-22 10:10:00,89.9344239488272,89.9344239488272,88.81902689850419,88.81902689850419,450100.0
2023-02-22 10:15:00,88.81902689850419,88.81902689850419,88.51871954404857,88.51871954404857,940799.9999999999
2023-02-22 10:20:00,88.51871954404857,90.16248137635267,88.51871954404857,90.16248137635267,1122100.0
2023-02-22 10:25:00,90.16248137635267,90.16248137635267,90.0903703326355,90.0903703326355,795200.0
2023-02-22 10:30:00,90.0903703326355,90.63862719977716,90.0903703326355,90.63862719977716,415800.0
2023-02-22 10:35:00,90.63862719977716,90.63862719977716,88.74925747945721,88.74925747945721,193200.0
2023-02-22 10:40:00,88.74925747945721,89.08133466327676,88.74925747945721,89.08133466327676,489299.99999999994
2023-02-22 10:45:00,89.08133466327676,89.08133466327676,87.757404177256,87.757404177256,489299.99999999994
2023-02-22 10:50:00,87.757404177256,88.92345511550833,87.757404177256,88.92345511550833,1182300.0
2023-02-22 10:55:00,88.92345511550833,90.18364734324908,88.92345511550833,90.18364734324908,1020599.9999999999
2023-02-22 11:00:00,90.18364734324908,90.18364734324908,88.83908260218632,88.83908260218632,1035299.9999999999
2023-02-22 11:05:00,88.83908260218632,89.78539832195395,88.83908260218632,89.78539832195395,728700.0
2023-02-22 11:10:00,89.78539832195395,89.78539832195395,89.05723697242053,89.05723697242053,986299.9999999999
2023-02-22 11:15:00,89.05723697242053,89.55357098190389,89.05723697242053,89.55357098190389,307300.0
2023-02-22 11:20:00,89.55357098190389,89.55357098190389,88.2047792593174,88.2047792593174,890400.0
2023-02-22 11:25:00,88.2047792593174,89.29034752931108,88.2047792593174,89.29034752931108,446600.0
2023-02-22 11:30:00,89.29034752931108,89.29034752931108,86.56406935762247,86.56406935762247,229599.99999999997
2023-02-22 11:35:00,86.56406935762247,89.10520634047487,86.56406935762247,89.10520634047487,1353800.0
2023-02-22 11:40:00,89.10520634047487,89.10520634047487,87.90345758018685,87.90345758018685,320600.0
2023-02-22 11:45:00,87.90345758018685,90.44710857648387,87.90345758018685,90.44710857648387,156800.0
2023-02-22 11:50:00,90.44710857648387,90.44710857648387,89.9814736412727,89.9814736412727,1316700.0
2023-02-22 11:55:00,89.9814736412727,89.9814736412727,89.6898169160703,89.6898169160703,563500.0
2023-02-22 12:00:00,89.6898169160703,90.66435001115954,89.6898169160703,90.66435001115954,334600.0
2023-02-22 12:05:00,90.66435001115954,90.66435001115954,88.53554592433353,88.53554592433353,151200.0
2023-02-22 12:10:00,88.53554592433353,90.91437837516521,88.53554592433353,90.91437837516521,1078700.0
2023-02-22 12:15:00,90.91437837516521,90.91437837516521,90.22123398763549,90.22123398763549,481599.99999999994
2023-02-22 12:20:00,90.22123398763549,90.22123398763549,89.18390393432043,89.18390393432043,805000.0
2023-02-22 12:25:00,89.18390393432043,90.38542573510685,89.18390393432043,90.38542573510685,590800.0
2023-02-22 12:30:00,90.38542573510685,90.38542573510685,88.33456844354659,88.33456844354659,1376900.0
2023-02-22 12:35:00,88.33456844354659,88.59424753382936,88.33456844354659,88.59424753382936,1368500.0
2023-02-22 12:40:00,88.59424753382936,88.8715212944953,88.59424753382936,88.8715212944953,964599.9999999999
2023-02-22 12:45:00,88.8715212944953,88.97344071017044,88.8715212944953,88.97344071017044,240099.99999999997
2023-02-22 12:50:00,88.97344071017044,88.97344071017044,88.46090821371136,88.46090821371136,1239700.0
2023-02-22 12:55:00,88.46090821371136,90.49496669627266,88.46090821371136,90.49496669627266,84700.0
2023-02-22 13:00:00,90.49496669627266,90.49496669627266,89.19850216808109,89.19850216808109,578200.0
2023-02-22 13:05:00,89.19850216808109,89.76377608114868,89.19850216808109,89.76377608114868,746900.0
2023-02-22 13:10:00,89.76377608114868,89.76377608114868,88.98613076984087,88.98613076984087,480899.99999999994
2023-02-22 13:15:00,88.98613076984087,88.98613076984087,87.78021633747397,87.78021633747397,1241100.0
2023-02-22 13:20:00,87.78021633747397,89.75030125694694,87.78021633747397,89.75030125694694,334600.0
2023-02-22 13:25:00,89.75030125694694,89.75030125694694,87.8132557363917,87.8132557363917,260399.99999999997
2023-02-22 13:30:00,87.8132557363917,89.4442860221575,87.8132557363917,89.4442860221575,1087800.0
2023-02-22 13:35:00,89.4442860221575,89.4442860221575,88.29248128346306,88.29248128346306,276500.0
2023-02-22 13:40:00,88.29248128346306,91.24917417399685,88.29248128346306,91.24917417399685,157500.0
2023-02-22 13:45:00,91.24917417399685,91.24917417399685,90.3233251423308,90.3233251423308,94500.0
2023-02-22 13:50:00,90.3233251423308,90.3233251423308,89.57209329108916,89.57209329108916,799400.0
2023-02-22 13:55:00,89.57209329108916,90.5768187125377,89.57209329108916,90.5768187125377,864500.0
2023-02-22 14:00:00,90.5768187125377,90.5768187125377,88.71303813191952,88.71303813191952,955499.9999999999
2023-02-22 14:05:00,88.71303813191952,89.97251091050973,88.71303813191952,89.97251091050973,952699.9999999999
2023-02-22 14:10:00,89.97251091050973,89.97251091050973,89.6353640998525,89.6353640998525,385700.0
2023-02-22 14:15:00,89.6353640998525,89.6353640998525,89.61891022648784,89.61891022648784,1370600.0
2023-02-22 14:20:00,89.61891022648784,90.63321158866339,89.61891022648784,90.63321158866339,1145200.0
2023-02-22 14:25:00,90.63321158866339,90.63321158866339,90.11135547531362,90.11135547531362,1213800.0
2023-02-22 14:30:00,90.11135547531362,90.11135547531362,89.81580128944657,89.81580128944657,928199.9999999999
2023-02-22 14:35:00,89.81580128944657,89.81580128944657,88.13478110109892,88.13478110109892,719600.0
2023-02-22 14:40:00,88.13478110109892,88.72159515219829,88.13478110109892,88.72159515219829,413000.0
2023-02-22 14:45:00,88.72159515219829,89.51080084174431,88.72159515219829,89.51080084174431,377300.0
2023-02-22 14:50:00,89.51080084174431,89.76011067584712,89.51080084174431,89.76011067584712,106400.0
2023-02-22 14:55:00,89.76011067584712,89.76011067584712,88.70225854594608,88.70225854594608,1070300.0
2023-02-22 15:00:00,88.70225854594608,91.86679149478401,88.70225854594608,91.86679149478401,739200.0
2023-02-22 15:05:00,91.86679149478401,91.86679149478401,91.09886057017114,91.09886057017114,468999.99999999994
2023-02-22 15:10:00,91.09886057017114,91.09886057017114,90.35854446556074,90.35854446556074,939399.9999999999
2023-02-22 15:15:00,90.35854446556074,90.35854446556074,89.89083583621473,89.89083583621473,1112300.0
2023-02-22 15:20:00,89.89083583621473,89.89083583621473,89.59846537440696,89.59846537440696,728000.0
2023-02-22 15:25:00,89.59846537440696,89.59846537440696,88.95977575455808,88.95977575455808,973699.9999999999
2023-02-22 15:30:00,88.95977575455808,89.85924636022237,88.95977575455808,89.85924636022237,702800.0
2023-02-22 15:35:00,89.85924636022237,90.02172208914914,89.85924636022237,90.02172208914914,1376900.0
2023-02-22 15:40:00,90.02172208914914,90.02172208914914,88.68832192056207,88.68832192056207,724500.0
2023-02-22 15:45:00,88.68832192056207,90.08642681847317,88.68832192056207,90.08642681847317,449400.0
2023-02-22 15:50:00,90.08642681847317,90.08642681847317,89.71242423054545,89.71242423054545,1069600.0
2023-02-22 15:55:00,89.71242423054545,89.71242423054545,88.09477012544889,88.09477012544889,478099.99999999994
2023-02-22 16:00:00,88.09477012544889,88.97630926904415,88.09477012544889,88.97630926904415,1065400.0
2023-02-23 09:30:00,88.97630926904415,89.43572657516705,88.97630926904415,89.43572657516705,1094800.0
2023-02-23 09:35:00,89.43572657516705,91.4802018055559,89.43572657516705,91.4802018055559,802900.0
2023-02-23 09:40:00,91.4802018055559,91.4802018055559,90.31165902780766,90.31165902780766,197400.0
2023-02-23 09:45:00,90.31165902780766,90.31165902780766,88.58136901532869,88.58136901532869,669200.0
2023-02-23 09:50:00,88.58136901532869,90.16041441530119,88.58136901532869,90.16041441530119,1209600.0
2023-02-23 09:55:00,90.16041441530119,90.16041441530119,88.26305975245336,88.26305975245336,133000.0
2023-02-23 10:00:00,88.26305975245336,90.65811850739124,88.26305975245336,90.65811850739124,1244600.0
2023-02-23 10:05:00,90.65811850739124,90.65811850739124,89.26814709741528,89.26814709741528,641200.0
2023-02-23 10:10:00,89.26814709741528,89.5980919064188,89.26814709741528,89.5980919064188,602000.0
2023-02-23 10:15:00,89.5980919064188,90.81486078386143,89.5980919064188,90.81486078386143,113400.0
2023-02-23 10:20:00,90.81486078386143,90.81486078386143,88.5054800015118,88.5054800015118,877100.0
2023-02-23 10:25:00,88.5054800015118,88.5054800015118,88.43627714037646,88.43627714037646,520799.99999999994
2023-02-23 10:30:00,88.43627714037646,89.25585186410737,88.43627714037646,89.25585186410737,466199.99999999994
2023-02-23 10:35:00,89.25585186410737,90.73528192865123,89.25585186410737,90.73528192865123,718900.0
2023-02-23 10:40:00,90.73528192865123,90.73528192865123,88.51945158081284,88.51945158081284,1003799.9999999999
2023-02-23 10:45:00,88.51945158081284,88.51945158081284,87.28599852587031,87.28599852587031,158200.0
2023-02-23 10:50:00,87.28599852587031,89.35240814429736,87.28599852587031,89.35240814429736,168000.0
2023-02-23 10:55:00,89.35240814429736,90.25864827446074,89.35240814429736,90.25864827446074,481599.99999999994
2023-02-23 11:00:00,90.25864827446074,90.87544217900378,90.25864827446074,90.87544217900378,784000.0
2023-02-23 11:05:00,90.87544217900378,90.87544217900378,89.41150680617233,89.41150680617233,879900.0
2023-02-23 11:10:00,89.41150680617233,89.4522000561685,89.41150680617233,89.4522000561685,1258600.0
2023-02-23 11:15:00,89.4522000561685,90.96694262880679,89.4522000561685,90.96694262880679,1264200.0
2023-02-23 11:20:00,90.96694262880679,90.96694262880679,88.25788242120046,88.25788242120046,303800.0
2023-02-23 11:25:00,88.25788242120046,89.57379314962441,88.25788242120046,89.57379314962441,150500.0
2023-02-23 11:30:00,89.57379314962441,90.09442274143996,89.57379314962441,90.09442274143996,302400.0
2023-02-23 11:35:00,90.09442274143996,90.28802720606132,90.09442274143996,90.28802720606132,982099.9999999999
2023-02-23 11:40:00,90.28802720606132,90.28802720606132,89.43726657878612,89.43726657878612,742700.0
2023-02-23 11:45:00,89.43726657878612,89.98200256747758,89.43726657878612,89.98200256747758,125999.99999999999
2023-02-23 11:50:00,89.98200256747758,89.98200256747758,87.75066490483371,87.75066490483371,135100.0
2023-02-23 11:55:00,87.75066490483371,89.41404402942314,87.75066490483371,89.41404402942314,884100.0
2023-02-23 12:00:00,89.41404402942314,90.4045753693245,89.41404402942314,90.4045753693245,1038799.9999999999
2023-02-23 12:05:00,90.4045753693245,90.4045753693245,89.09252989865875,89.09252989865875,749700.0
2023-02-23 12:10:00,89.09252989865875,90.06923860592616,89.09252989865875,90.06923860592616,506099.99999999994
2023-02-23 12:15:00,90.06923860592616,90.36905421978618,90.06923860592616,90.36905421978618,1041599.9999999999
2023-02-23 12:20:00,90.36905421978618,90.36905421978618,89.61385257164336,89.61385257164336,122499.99999999999
2023-02-23 12:25:00,89.61385257164336,89.91411427008393,89.61385257164336,89.91411427008393,1318800.0
2023-02-23 12:30:00,89.91411427008393,89.91411427008393,88.86764983179967,88.86764983179967,1151500.0
2023-02-23 12:35:00,88.86764983179967,89.50342651556835,88.86764983179967,89.50342651556835,1199100.0
2023-02-23 12:40:00,89.50342651556835,90.24441680912959,89.50342651556835,90.24441680912959,884100.0
2023-02-23 12:45:00,90.24441680912959,90.24441680912959,89.76926630075482,89.76926630075482,211400.0
2023-02-23 12:50:00,89.76926630075482,89.76926630075482,89.07076178186773,89.07076178186773,1113000.0
2023-02-23 12:55:00,89.07076178186773,89.8487397804046,89.07076178186773,89.8487397804046,956899.9999999999
2023-02-23 13:00:00,89.8487397804046,90.25821122990197,89.8487397804046,90.25821122990197,107800.0
2023-02-23 13:05:00,90.25821122990197,90.25821122990197,87.70816122330513,87.70816122330513,379400.0
2023-02-23 13:10:00,87.70816122330513,90.53640879061898,87.70816122330513,90.53640879061898,862400.0
2023-02-23 13:15:00,90.53640879061898,90.53640879061898,89.15190808982376,89.15190808982376,270200.0
2023-02-23 13:20:00,89.15190808982376,89.85275909403455,89.15190808982376,89.85275909403455,1078700.0
2023-02-23 13:25:00,89.85275909403455,90.54705999148649,89.85275909403455,90.54705999148649,463399.99999999994
2023-02-23 13:30:00,90.54705999148649,90.54705999148649,88.21200487787229,88.21200487787229,246399.99999999997
2023-02-23 13:35:00,88.21200487787229,88.79824179704896,88.21200487787229,88.79824179704896,772100.0
2023-02-23 13:40:00,88.79824179704896,89.23583766758904,88.79824179704896,89.23583766758904,566300.0
2023-02-23 13:45:00,89.23583766758904,89.23583766758904,88.8412865472576,88.8412865472576,638400.0
2023-02-23 13:50:00,88.8412865472576,91.1149627090421,88.8412865472576,91.1149627090421,1035999.9999999999
2023-02-23 13:55:00,91.1149627090421,91.1149627090421,88.78669620041177,88.78669620041177,421400.0
2023-02-23 14:00:00,88.78669620041177,89.08327231775455,88.78669620041177,89.08327231775455,412300.0
2023-02-23 14:05:00,89.08327231775455,89.78513118920199,89.08327231775455,89.78513118920199,1247400.0
2023-02-23 14:10:00,89.78513118920199,89.78513118920199,88.5641727009693,88.5641727009693,932399.9999999999
2023-02-23 14:15:00,88.5641727009693,89.25619640343393,88.5641727009693,89.25619640343393,98700.0
2023-02-23 14:20:00,89.25619640343393,89.88692377983276,89.25619640343393,89.88692377983276,167300.0
2023-02-23 14:25:00,89.88692377983276,89.88692377983276,89.26458833291215,89.26458833291215,811300.0
2023-02-23 14:30:00,89.26458833291215,89.51093626010572,89.26458833291215,89.51093626010572,1102500.0
2023-02-23 14:35:00,89.51093626010572,89.51093626010572,89.14219427617358,89.14219427617358,1080800.0
2023-02-23 14:40:00,89.14219427617358,89.14219427617358,88.27625873700735,88.27625873700735,831600.0
2023-02-23 14:45:00,88.27625873700735,89.86568114083003,88.27625873700735,89.86568114083003,308000.0
2023-02-23 14:50:00,89.86568114083003,91.21065407519617,89.86568114083003,91.21065407519617,1209600.0
2023-02-23 14:55:00,91.21065407519617,91.21065407519617,89.70179191358481,89.70179191358481,539000.0
2023-02-23 15:00:00,89.70179191358481,89.84584564387845,89.70179191358481,89.84584564387845,1078000.0
2023-02-23 15:05:00,89.84584564387845,90.3460833821712,89.84584564387845,90.3460833821712,971599.9999999999
2023-02-23 15:10:00,90.3460833821712,90.3460833821712,88.6441633172082,88.6441633172082,740600.0
2023-02-23 15:15:00,88.6441633172082,91.23802068053696,88.6441633172082,91.23802068053696,503999.99999999994
2023-02-23 15:20:00,91.23802068053696,91.23802068053696,89.9865394945834,89.9865394945834,315700.0
2023-02-23 15:25:00,89.9865394945834,91.20967325496231,89.9865394945834,91.20967325496231,395500.0
2023-02-23 15:30:00,91.20967325496231,91.20967325496231,89.05421690563054,89.05421690563054,839300.0
2023-02-23 15:35:00,89.05421690563054,91.32537945480006,89.05421690563054,91.32537945480006,225400.0
2023-02-23 15:40:00,91.32537945480006,91.32537945480006,90.34053910474773,90.34053910474773,1215900.0
2023-02-23 15:45:00,90.34053910474773,90.34053910474773,90.17689175097273,90.17689175097273,460599.99999999994
2023-02-23 15:50:00,90.17689175097273,90.17689175097273,89.88365774151173,89.88365774151173,975799.9999999999
2023-02-23 15:55:00,89.88365774151173,89.88365774151173,89.4065298377959,89.4065298377959,914200.0
2023-02-23 16:00:00,89.4065298377959,90.71716491860393,89.4065298377959,90.71716491860393,1212400.0
2023-02-24 09:30:00,90.71716491860393,90.71716491860393,89.69469890886549,89.69469890886549,1106000.0
2023-02-24 09:35:00,89.69469890886549,89.69469890886549,87.82443457127529,87.82443457127529,230299.99999999997
2023-02-24 09:40:00,87.82443457127529,88.68964321880527,87.82443457127529,88.68964321880527,787500.0
2023-02-24 09:45:00,88.68964321880527,89.51759279902362,88.68964321880527,89.51759279902362,476699.99999999994
2023-02-24 09:50:00,89.51759279902362,89.99570452194739,89.51759279902362,89.99570452194739,595700.0
2023-02-24 09:55:00,89.99570452194739,89.99570452194739,89.71103797251378,89.71103797251378,544600.0
2023-02-24 10:00:00,89.71103797251378,90.84644350993747,89.71103797251378,90.84644350993747,760200.0
2023-02-24 10:05:00,90.84644350993747,90.84644350993747,88.0582241499351,88.0582241499351,254099.99999999997
2023-02-24 10:10:00,88.0582241499351,89.92050500322276,88.0582241499351,89.92050500322276,1078000.0
2023-02-24 10:15:00,89.92050500322276,89.92050500322276,88.15925053066432,88.15925053066432,1190700.0
2023-02-24 10:20:00,88.15925053066432,90.43993869009087,88.15925053066432,90.43993869009087,859600.0
2023-02-24 10:25:00,90.43993869009087,90.43993869009087,89.66572927736505,89.66572927736505,386400.0
2023-02-24 10:30:00,89.66572927736505,90.1171577257517,89.66572927736505,90.1171577257517,505399.99999999994
2023-02-24 10:35:00,90.1171577257517,90.1171577257517,89.00444957762309,89.00444957762309,1066800.0
2023-02-24 10:40:00,89.00444957762309,90.90990730516012,89.00444957762309,90.90990730516012,993299.9999999999
2023-02-24 10:45:00,90.90990730516012,90.90990730516012,90.69221741477769,90.69221741477769,88900.0
2023-02-24 10:50:00,90.69221741477769,90.69221741477769,90.22167628967382,90.22167628967382,1348900.0
2023-02-24 10:55:00,90.22167628967382,90.22167628967382,89.60776689938223,89.60776689938223,606900.0
2023-02-24 11:00:00,89.60776689938223,90.30001184609684,89.60776689938223,90.30001184609684,676900.0
2023-02-24 11:05:00,90.30001184609684,90.30001184609684,89.1670575359374,89.1670575359374,109200.0
2023-02-24 11:10:00,89.1670575359374,90.59680297153571,89.1670575359374,90.59680297153571,1012199.9999999999
2023-02-24 11:15:00,90.59680297153571,91.24360960299413,90.59680297153571,91.24360960299413,1203300.0
2023-02-24 11:20:00,91.24360960299413,91.24360960299413,90.83605599620785,90.83605599620785,275100.0
2023-02-24 11:25:00,90.83605599620785,90.83605599620785,89.233384294551,89.233384294551,1300600.0
2023-02-24 11:30:00,89.233384294551,90.11546228706094,89.233384294551,90.11546228706094,948499.9999999999
2023-02-24 11:35:00,90.11546228706094,90.11546228706094,88.67248731841208,88.67248731841208,646800.0
2023-02-24 11:40:00,88.67248731841208,90.3819499858919,88.67248731841208,90.3819499858919,278600.0
2023-02-24 11:45:00,90.3819499858919,90.3819499858919,90.36962722879926,90.36962722879926,639100.0
2023-02-24 11:50:00,90.36962722879926,90.36962722879926,88.34935302718684,88.34935302718684,1248100.0
2023-02-24 11:55:00,88.34935302718684,89.03361003603518,88.34935302718684,89.03361003603518,1242500.0
2023-02-24 12:00:00,89.03361003603518,89.85949410884554,89.03361003603518,89.85949410884554,815500.0
2023-02-24 12:05:00,89.85949410884554,89.85949410884554,89.84527556029848,89.84527556029848,1290100.0
2023-02-24 12:10:00,89.84527556029848,89.84527556029848,88.99979219256798,88.99979219256798,1222900.0
2023-02-24 12:15:00,88.99979219256798,90.41038966489864,88.99979219256798,90.41038966489864,653800.0
2023-02-24 12:20:00,90.41038966489864,90.43286713297869,90.41038966489864,90.43286713297869,447300.0
2023-02-24 12:25:00,90.43286713297869,90.43286713297869,89.95189732730711,89.95189732730711,658000.0
2023-02-24 12:30:00,89.95189732730711,89.95189732730711,89.46508771813164,89.46508771813164,933099.9999999999
2023-02-24 12:35:00,89.46508771813164,91.08444135095229,89.46508771813164,91.08444135095229,458500.0
2023-02-24 12:40:00,91.08444135095229,91.66264115157377,91.08444135095229,91.66264115157377,1101800.0
2023-02-24 12:45:00,91.66264115157377,91.66264115157377,89.77887976363996,89.77887976363996,308700.0
2023-02-24 12:50:00,89.77887976363996,89.77887976363996,89.684284939673,89.684284939673,403900.0
2023-02-24 12:55:00,89.684284939673,90.67045303315528,89.684284939673,90.67045303315528,111300.0
2023-02-24 13:00:00,90.67045303315528,90.67045303315528,89.93708725305726,89.93708725305726,1351000.0
2023-02-24 13:05:00,89.93708725305726,90.16906806925614,89.93708725305726,90.16906806925614,369600.0
2023-02-24 13:10:00,90.16906806925614,90.96677116177533,90.16906806925614,90.96677116177533,685300.0
2023-02-24 13:15:00,90.96677116177533,90.96677116177533,88.54632712746027,88.54632712746027,183400.0
2023-02-24 13:20:00,88.54632712746027,91.51488285808591,88.54632712746027,91.51488285808591,1008699.9999999999
2023-02-24 13:25:00,91.51488285808591,91.51488285808591,90.40836613956961,90.40836613956961,617400.0
2023-02-24 13:30:00,90.40836613956961,90.40836613956961,89.99589809905535,89.99589809905535,1038799.9999999999
2023-02-24 13:35:00,89.99589809905535,90.36404841155317,89.99589809905535,90.36404841155317,1337700.0
2023-02-24 13:40:00,90.36404841155317,90.38856581921023,90.36404841155317,90.38856581921023,661500.0
2023-02-24 13:45:00,90.38856581921023,90.38856581921023,88.8572106089278,88.8572106089278,1394400.0
2023-02-24 13:50:00,88.8572106089278,91.74506204386867,88.8572106089278,91.74506204386867,461999.99999999994
2023-02-24 13:55:00,91.74506204386867,91.74506204386867,90.49513700572774,90.49513700572774,959699.9999999999
2023-02-24 14:00:00,90.49513700572774,90.85909154244847,90.49513700572774,90.85909154244847,597100.0
2023-02-24 14:05:00,90.85909154244847,91.3074692301771,90.85909154244847,91.3074692301771,394800.0
2023-02-24 14:10:00,91.3074692301771,91.3074692301771,89.48580864189977,89.48580864189977,1191400.0
2023-02-24 14:15:00,89.48580864189977,90.88258561734986,89.48580864189977,90.88258561734986,912800.0
2023-02-24 14:20:00,90.88258561734986,90.88258561734986,90.24898669600348,90.24898669600348,337400.0
2023-02-24 14:25:00,90.24898669600348,91.23375104372518,90.24898669600348,91.23375104372518,1393000.0
2023-02-24 14:30:00,91.23375104372518,91.23375104372518,88.57840579035461,88.57840579035461,633500.0
2023-02-24 14:35:00,88.57840579035461,90.47152173368853,88.57840579035461,90.47152173368853,1338400.0
2023-02-24 14:40:00,90.47152173368853,90.47152173368853,89.98925482372753,89.98925482372753,996099.9999999999
2023-02-24 14:45:00,89.98925482372753,90.9970919597472,89.98925482372753,90.9970919597472,1150100.0
2023-02-24 14:50:00,90.9970919597472,91.07917302597701,90.9970919597472,91.07917302597701,1320900.0
2023-02-24 14:55:00,91.07917302597701,91.07917302597701,89.95519048178635,89.95519048178635,415800.0
2023-02-24 15:00:00,89.95519048178635,89.95519048178635,89.93444443929506,89.93444443929506,1354500.0
2023-02-24 15:05:00,89.93444443929506,90.51240603234609,89.93444443929506,90.51240603234609,1346100.0
2023-02-24 15:10:00,90.51240603234609,90.51240603234609,89.73416484702689,89.73416484702689,251999.99999999997
2023-02-24 15:15:00,89.73416484702689,91.38749744688937,89.73416484702689,91.38749744688937,730100.0
2023-02-24 15:20:00,91.38749744688937,91.38749744688937,90.18417346727801,90.18417346727801,982799.9999999999
2023-02-24 15:25:00,90.18417346727801,90.18417346727801,87.94274928155512,87.94274928155512,681100.0
2023-02-24 15:30:00,87.94274928155512,90.27200583234364,87.94274928155512,90.27200583234364,571200.0
2023-02-24 15:35:00,90.27200583234364,90.27200583234364,89.58831948376117,89.58831948376117,935199.9999999999
2023-02-24 15:40:00,89.58831948376117,89.58831948376117,89.0532380850031,89.0532380850031,1071000.0
2023-02-24 15:45:00,89.0532380850031,89.37974488250555,89.0532380850031,89.37974488250555,1188600.0
2023-02-24 15:50:00,89.37974488250555,90.66833875964936,89.37974488250555,90.66833875964936,207200.0
2023-02-24 15:55:00,90.66833875964936,91.76548338288994,90.66833875964936,91.76548338288994,402500.0
2023-02-24 16:00:00,91.76548338288994,91.76548338288994,90.84879068480683,90.84879068480683,1130500.0
2023-02-27 09:30:00,90.84879068480683,90.84879068480683,90.06443303244032,90.06443303244032,1331400.0
2023-02-27 09:35:00,90.06443303244032,91.0365410900897,90.06443303244032,91.0365410900897,905800.0
2023-02-27 09:40:00,91.0365410900897,91.0365410900897,90.23285986557826,90.23285986557826,198800.0
2023-02-27 09:45:00,90.23285986557826,90.23285986557826,90.00954661066484,90.00954661066484,1099000.0
2023-02-27 09:50:00,90.00954661066484,90.00954661066484,89.65783766213731,89.65783766213731,602700.0
2023-02-27 09:55:00,89.65783766213731,89.65783766213731,89.20780440762726,89.20780440762726,449400.0
2023-02-27 10:00:00,89.20780440762726,90.49026866986344,89.20780440762726,90.49026866986344,807100.0
2023-02-27 10:05:00,90.49026866986344,91.00952670851667,90.49026866986344,91.00952670851667,245699.99999999997
2023-02-27 10:10:00,91.00952670851667,91.00952670851667,90.75645298626668,90.75645298626668,1318800.0
2023-02-27 10:15:00,90.75645298626668,90.75645298626668,90.55460866207774,90.55460866207774,718200.0
2023-02-27 10:20:00,90.55460866207774,90.55460866207774,90.10897095275533,90.10897095275533,1062600.0
2023-02-27 10:25:00,90.10897095275533,91.47935631029578,90.10897095275533,91.47935631029578,676200.0
2023-02-27 10:30:00,91.47935631029578,91.47935631029578,89.82229017866996,89.82229017866996,395500.0
2023-02-27 10:35:00,89.82229017866996,91.72035132551825,89.82229017866996,91.72035132551825,637000.0
2023-02-27 10:40:00,91.72035132551825,91.72035132551825,90.10767034868226,90.10767034868226,472499.99999999994
2023-02-27 10:45:00,90.10767034868226,90.33311864621668,90.10767034868226,90.33311864621668,805700.0
2023-02-27 10:50:00,90.33311864621668,90.33311864621668,89.65460844836574,89.65460844836574,1360800.0
2023-02-27 10:55:00,89.65460844836574,90.51344247283791,89.65460844836574,90.51344247283791,577500.0
2023-02-27 11:00:00,90.51344247283791,91.80987190315354,90.51344247283791,91.80987190315354,642600.0
2023-02-27 11:05:00,91.80987190315354,91.80987190315354,91.43062484734756,91.43062484734756,984899.9999999999
2023-02-27 11:10:00,91.43062484734756,91.84969848787864,91.43062484734756,91.84969848787864,524300.0
2023-02-27 11:15:00,91.84969848787864,91.84969848787864,91.37709008865023,91.37709008865023,1292200.0
2023-02-27 11:20:00,91.37709008865023,91.37709008865023,89.8660210620934,89.8660210620934,420000.0
2023-02-27 11:25:00,89.8660210620934,90.62115164956336,89.8660210620934,90.62115164956336,482299.99999999994
2023-02-27 11:30:00,90.62115164956336,90.62115164956336,90.22982979325766,90.22982979325766,539000.0
2023-02-27 11:35:00,90.22982979325766,92.04619998526115,90.22982979325766,92.04619998526115,900900.0
2023-02-27 11:40:00,92.04619998526115,92.04619998526115,89.76821955904187,89.76821955904187,394800.0
2023-02-27 11:45:00,89.76821955904187,91.68005173650208,89.76821955904187,91.68005173650208,133000.0
2023-02-27 11:50:00,91.68005173650208,91.68005173650208,91.65560618617963,91.65560618617963,527800.0
2023-02-27 11:55:00,91.65560618617963,92.50147036878836,91.65560618617963,92.50147036878836,640500.0
2023-02-27 12:00:00,92.50147036878836,92.50147036878836,90.51783288198203,90.51783288198203,520099.99999999994
2023-02-27 12:05:00,90.51783288198203,91.51129130089323,90.51783288198203,91.51129130089323,613900.0
2023-02-27 12:10:00,91.51129130089323,92.95669024955274,91.51129130089323,92.95669024955274,1174600.0
2023-02-27 12:15:00,92.95669024955274,92.95669024955274,90.30826410039495,90.30826410039495,1121400.0
2023-02-27 12:20:00,90.30826410039495,90.30826410039495,89.468613477006,89.468613477006,938699.9999999999
2023-02-27 12:25:00,89.468613477006,89.468613477006,89.16620122241149,89.16620122241149,1257200.0
2023-02-27 12:30:00,89.16620122241149,91.53486409427103,89.16620122241149,91.53486409427103,126699.99999999999
2023-02-27 12:35:00,91.53486409427103,91.53486409427103,89.16965431455414,89.16965431455414,261099.99999999997
2023-02-27 12:40:00,89.16965431455414,90.5334915496803,89.16965431455414,90.5334915496803,116899.99999999999
2023-02-27 12:45:00,90.5334915496803,91.29957504168964,90.5334915496803,91.29957504168964,439600.0
2023-02-27 12:50:00,91.29957504168964,91.29957504168964,91.01880185847125,91.01880185847125,355600.0
2023-02-27 12:55:00,91.01880185847125,91.23859283253213,91.01880185847125,91.23859283253213,1132600.0
2023-02-27 13:00:00,91.23859283253213,91.23859283253213,91.04127704802218,91.04127704802218,677600.0
2023-02-27 13:05:00,91.04127704802218,92.09365236251453,91.04127704802218,92.09365236251453,812000.0
2023-02-27 13:10:00,92.09365236251453,92.09365236251453,90.0835492851609,90.0835492851609,1349600.0
2023-02-27 13:15:00,90.0835492851609,90.35761138385415,90.0835492851609,90.35761138385415,1005199.9999999999
2023-02-27 13:20:00,90.35761138385415,90.35761138385415,90.21507142516971,90.21507142516971,1276100.0
2023-02-27 13:25:00,90.21507142516971,91.68786118197207,90.21507142516971,91.68786118197207,814800.0
2023-02-27 13:30:00,91.68786118197207,91.83439607512786,91.68786118197207,91.83439607512786,310800.0
2023-02-27 13:35:00,91.83439607512786,91.83439607512786,91.38736673249953,91.38736673249953,375900.0
2023-02-27 13:40:00,91.38736673249953,92.08442812085059,91.38736673249953,92.08442812085059,143500.0
2023-02-27 13:45:00,92.08442812085059,92.08442812085059,89.95447904701214,89.95447904701214,88900.0
2023-02-27 13:50:00,89.95447904701214,92.51515996683653,89.95447904701214,92.51515996683653,456400.0
2023-02-27 13:55:00,92.51515996683653,92.51515996683653,92.32576790071133,92.32576790071133,799400.0
2023-02-27 14:00:00,92.32576790071133,92.32576790071133,91.59339368095898,91.59339368095898,496999.99999999994
2023-02-27 14:05:00,91.59339368095898,92.53651440934581,91.59339368095898,92.53651440934581,1124200.0
2023-02-27 14:10:00,92.53651440934581,92.53651440934581,89.42163347504797,89.42163347504797,532700.0
2023-02-27 14:15:00,89.42163347504797,90.45609945328779,89.42163347504797,90.45609945328779,784000.0
2023-02-27 14:20:00,90.45609945328779,90.45609945328779,90.30755822382086,90.30755822382086,751100.0
2023-02-27 14:25:00,90.30755822382086,91.72236440094757,90.30755822382086,91.72236440094757,707700.0
2023-02-27 14:30:00,91.72236440094757,91.72236440094757,90.19746863345762,90.19746863345762,560000.0
2023-02-27 14:35:00,90.19746863345762,91.84817501981303,90.19746863345762,91.84817501981303,109900.0
2023-02-27 14:40:00,91.84817501981303,92.46486088515266,91.84817501981303,92.46486088515266,1260700.0
2023-02-27 14:45:00,92.46486088515266,92.46486088515266,91.85471954589454,91.85471954589454,274400.0
2023-02-27 14:50:00,91.85471954589454,91.85471954589454,91.53677698618947,91.53677698618947,1136800.0
2023-02-27 14:55:00,91.53677698618947,91.53677698618947,90.41202899970624,90.41202899970624,587300.0
2023-02-27 15:00:00,90.41202899970624,90.51448257468915,90.41202899970624,90.51448257468915,1245300.0
2023-02-27 15:05:00,90.51448257468915,92.50606147462766,90.51448257468915,92.50606147462766,746200.0
2023-02-27 15:10:00,92.50606147462766,92.50606147462766,92.1151698898125,92.1151698898125,1342600.0
2023-02-27 15:15:00,92.1151698898125,92.1151698898125,91.43541311590623,91.43541311590623,1394400.0
2023-02-27 15:20:00,91.43541311590623,91.43541311590623,91.10625950323666,91.10625950323666,1197700.0
2023-02-27 15:25:00,91.10625950323666,91.10625950323666,89.66251087849842,89.66251087849842,851200.0
2023-02-27 15:30:00,89.66251087849842,90.5361086052095,89.66251087849842,90.5361086052095,435400.0
2023-02-27 15:35:00,90.5361086052095,93.30301872397949,90.5361086052095,93.30301872397949,1246700.0
2023-02-27 15:40:00,93.30301872397949,93.30301872397949,90.40007280675788,90.40007280675788,329700.0
2023-02-27 15:45:00,90.40007280675788,91.78676097546797,90.40007280675788,91.78676097546797,1154300.0
2023-02-27 15:50:00,91.78676097546797,92.5359895074376,91.78676097546797,92.5359895074376,1150800.0
2023-02-27 15:55:00,92.5359895074376,92.5359895074376,90.44356088354704,90.44356088354704,301700.0
2023-02-27 16:00:00,90.44356088354704,91.84401368685235,90.44356088354704,91.84401368685235,1354500.0
2023-02-28 09:30:00,91.84401368685235,92.55249735762796,91.84401368685235,92.55249735762796,543200.0
2023-02-28 09:35:00,92.55249735762796,92.55249735762796,91.6718177132886,91.6718177132886,1390200.0
2023-02-28 09:40:00,91.6718177132886,94.3240633785745,91.6718177132886,94.3240633785745,949899.9999999999
2023-02-28 09:45:00,94.3240633785745,94.3240633785745,90.11825539694948,90.11825539694948,788200.0
2023-02-28 09:50:00,90.11825539694948,92.64133562877387,90.11825539694948,92.64133562877387,86800.0
2023-02-28 09:55:00,92.64133562877387,92.64133562877387,91.5124020265647,91.5124020265647,707700.0
2023-02-28 10:00:00,91.5124020265647,92.37605870012791,91.5124020265647,92.37605870012791,683200.0
2023-02-28 10:05:00,92.37605870012791,92.37605870012791,92.05849091884566,92.05849091884566,501199.99999999994
2023-02-28 10:10:00,92.05849091884566,92.05849091884566,90.95666097619944,90.95666097619944,72800.0
2023-02-28 10:15:00,90.95666097619944,91.91537803614094,90.95666097619944,91.91537803614094,924699.9999999999
2023-02-28 10:20:00,91.91537803614094,91.91537803614094,89.9859061169736,89.9859061169736,581700.0
2023-02-28 10:25:00,89.9859061169736,92.34856410586275,89.9859061169736,92.34856410586275,1260000.0
2023-02-28 10:30:00,92.34856410586275,92.34856410586275,92.05678943699851,92.05678943699851,1251600.0
2023-02-28 10:35:00,92.05678943699851,92.38680718680801,92.05678943699851,92.38680718680801,88900.0
2023-02-28 10:40:00,92.38680718680801,92.8362176465405,92.38680718680801,92.8362176465405,1374800.0
2023-02-28 10:45:00,92.8362176465405,92.8362176465405,92.21570046714015,92.21570046714015,921199.9999999999
2023-02-28 10:50:00,92.21570046714015,92.21570046714015,92.0068664351624,92.0068664351624,984199.9999999999
2023-02-28 10:55:00,92.0068664351624,92.0068664351624,90.9817464448602,90.9817464448602,390600.0
2023-02-28 11:00:00,90.9817464448602,91.25179275619695,90.9817464448602,91.25179275619695,484399.99999999994
2023-02-28 11:05:00,91.25179275619695,92.97580352507387,91.25179275619695,92.97580352507387,629300.0
2023-02-28 11:10:00,92.97580352507387,93.31845586549196,92.97580352507387,93.31845586549196,432600.0
2023-02-28 11:15:00,93.31845586549196,93.31845586549196,91.74787122291625,91.74787122291625,973699.9999999999
2023-02-28 11:20:00,91.74787122291625,92.06767696117679,91.74787122291625,92.06767696117679,652400.0
2023-02-28 11:25:00,92.06767696117679,92.06767696117679,91.21324499194291,91.21324499194291,774200.0
2023-02-28 11:30:00,91.21324499194291,93.15403648426118,91.21324499194291,93.15403648426118,702100.0
2023-02-28 11:35:00,93.15403648426118,93.15403648426118,92.68607438873839,92.68607438873839,1187200.0
2023-02-28 11:40:00,92.68607438873839,93.86120640346165,92.68607438873839,93.86120640346165,467599.99999999994
2023-02-28 11:45:00,93.86120640346165,93.86120640346165,91.24546039648696,91.24546039648696,865900.0
2023-02-28 11:50:00,91.24546039648696,91.72951484828133,91.24546039648696,91.72951484828133,617400.0
2023-02-28 11:55:00,91.72951484828133,92.25949093724249,91.72951484828133,92.25949093724249,1127700.0
2023-02-28 12:00:00,92.25949093724249,92.61445450343112,92.25949093724249,92.61445450343112,1330000.0
2023-02-28 12:05:00,92.61445450343112,92.61445450343112,91.81983084539122,91.81983084539122,379400.0
2023-02-28 12:10:00,91.81983084539122,91.81983084539122,91.16019150280503,91.16019150280503,1232700.0
2023-02-28 12:15:00,91.16019150280503,92.83605219398507,91.16019150280503,92.83605219398507,819700.0
2023-02-28 12:20:00,92.83605219398507,92.83605219398507,92.63388108896558,92.63388108896558,315000.0
2023-02-28 12:25:00,92.63388108896558,92.63388108896558,91.09767958212358,91.09767958212358,662200.0
2023-02-28 12:30:00,91.09767958212358,93.16727476811205,91.09767958212358,93.16727476811205,721700.0
2023-02-28 12:35:00,93.16727476811205,93.16727476811205,92.9162540200097,92.9162540200097,148400.0
2023-02-28 12:40:00,92.9162540200097,92.9162540200097,92.00737007516777,92.00737007516777,538300.0
2023-02-28 12:45:00,92.00737007516777,92.00737007516777,91.9360589377815,91.9360589377815,868000.0
2023-02-28 12:50:00,91.9360589377815,92.38516817105098,91.9360589377815,92.38516817105098,852600.0
2023-02-28 12:55:00,92.38516817105098,92.38516817105098,91.10523311188422,91.10523311188422,250599.99999999997
2023-02-28 13:00:00,91.10523311188422,91.8711905142305,91.10523311188422,91.8711905142305,1377600.0
2023-02-28 13:05:00,91.8711905142305,91.8711905142305,89.89512844532602,89.89512844532602,277200.0
2023-02-28 13:10:00,89.89512844532602,92.68172531029998,89.89512844532602,92.68172531029998,1278200.0
2023-02-28 13:15:00,92.68172531029998,92.68172531029998,90.45045813145661,90.45045813145661,447300.0
2023-02-28 13:20:00,90.45045813145661,93.26156216968312,90.45045813145661,93.26156216968312,452900.0
2023-02-28 13:25:00,93.26156216968312,93.26156216968312,91.56248010615185,91.56248010615185,970199.9999999999
2023-02-28 13:30:00,91.56248010615185,91.7075454686506,91.56248010615185,91.7075454686506,1395800.0
2023-02-28 13:35:00,91.7075454686506,91.7075454686506,91.27272844618902,91.27272844618902,489999.99999999994
2023-02-28 13:40:00,91.27272844618902,91.53399979381919,91.27272844618902,91.53399979381919,660800.0
2023-02-28 13:45:00,91.53399979381919,93.17566701969767,91.53399979381919,93.17566701969767,1047199.9999999999
2023-02-28 13:50:00,93.17566701969767,93.17566701969767,89.59917346209818,89.59917346209818,704200.0
2023-02-28 13:55:00,89.59917346209818,93.04917314449807,89.59917346209818,93.04917314449807,1031799.9999999999
2023-02-28 14:00:00,93.04917314449807,93.04917314449807,92.17914819225231,92.17914819225231,1318100.0
2023-02-28 14:05:00,92.17914819225231,92.17914819225231,90.75871492680531,90.75871492680531,257599.99999999997
2023-02-28 14:10:00,90.75871492680531,90.93371094951813,90.75871492680531,90.93371094951813,487899.99999999994
2023-02-28 14:15:00,90.93371094951813,93.37275312923174,90.93371094951813,93.37275312923174,350700.0
2023-02-28 14:20:00,93.37275312923174,93.37275312923174,90.96658175447493,90.96658175447493,123199.99999999999
2023-02-28 14:25:00,90.96658175447493,90.96658175447493,90.84994038863935,90.84994038863935,456400.0
2023-02-28 14:30:00,90.84994038863935,92.98987404796381,90.84994038863935,92.98987404796381,576800.0
2023-02-28 14:35:00,92.98987404796381,92.98987404796381,92.26185952466497,92.26185952466497,768600.0
2023-02-28 14:40:00,92.26185952466497,92.26185952466497,91.1048502754092,91.1048502754092,503999.99999999994
2023-02-28 14:45:00,91.1048502754092,92.19107753992687,91.1048502754092,92.19107753992687,211400.0
2023-02-28 14:50:00,92.19107753992687,92.19107753992687,91.03157480690193,91.03157480690193,1245300.0
2023-02-28 14:55:00,91.03157480690193,92.96475788544197,91.03157480690193,92.96475788544197,1045799.9999999999
2023-02-28 15:00:00,92.96475788544197,92.97216757839423,92.96475788544197,92.97216757839423,142100.0
2023-02-28 15:05:00,92.97216757839423,92.97216757839423,92.45920601055826,92.45920601055826,1229900.0
2023-02-28 15:10:00,92.45920601055826,92.45920601055826,92.33328772728917,92.33328772728917,1378300.0
2023-02-28 15:15:00,92.33328772728917,93.58768806292444,92.33328772728917,93.58768806292444,601300.0
2023-02-28 15:20:00,93.58768806292444,93.58768806292444,92.07304789418144,92.07304789418144,540400.0
2023-02-28 15:25:00,92.07304789418144,92.07304789418144,90.96462921842563,90.96462921842563,344400.0
2023-02-28 15:30:00,90.96462921842563,92.55822291409815,90.96462921842563,92.55822291409815,510299.99999999994
2023-02-28 15:35:00,92.55822291409815,94.05754226957555,92.55822291409815,94.05754226957555,570500.0
2023-02-28 15:40:00,94.05754226957555,94.05754226957555,91.2050693029682,91.2050693029682,1348200.0
2023-02-28 15:45:00,91.2050693029682,91.78667973241484,91.2050693029682,91.78667973241484,371000.0
2023-02-28 15:50:00,91.78667973241484,92.48035021925939,91.78667973241484,92.48035021925939,448700.0
2023-02-28 15:55:00,92.48035021925939,92.48035021925939,92.07113772014374,92.07113772014374,875700.0
2023-02-28 16:00:00,92.07113772014374,92.07113772014374,91.19725273677115,91.19725273677115,1127000.0
2023-03-01 09:30:00,91.19725273677115,93.15967286646278,91.19725273677115,93.15967286646278,761600.0
2023-03-01 09:35:00,93.15967286646278,94.32101006049598,93.15967286646278,94.32101006049598,513099.99999999994
2023-03-01 09:40:00,94.32101006049598,94.32101006049598,92.38167837543678,92.38167837543678,933799.9999999999
2023-03-01 09:45:00,92.38167837543678,92.38167837543678,91.39231363731491,91.39231363731491,1393700.0
2023-03-01 09:50:00,91.39231363731491,91.39231363731491,90.80579388525148,90.80579388525148,1287300.0
2023-03-01 09:55:00,90.80579388525148,92.48210832582174,90.80579388525148,92.48210832582174,694400.0
2023-03-01 10:00:00,92.48210832582174,93.33304789717742,92.48210832582174,93.33304789717742,1186500.0
2023-03-01 10:05:00,93.33304789717742,93.33304789717742,92.67834650123976,92.67834650123976,384300.0
2023-03-01 10:10:00,92.67834650123976,92.67834650123976,92.22205362185369,92.22205362185369,1054900.0
2023-03-01 10:15:00,92.22205362185369,92.22205362185369,91.72985828046282,91.72985828046282,549500.0
2023-03-01 10:20:00,91.72985828046282,91.72985828046282,91.30660710190615,91.30660710190615,369600.0
2023-03-01 10:25:00,91.30660710190615,93.04661191156157,91.30660710190615,93.04661191156157,956199.9999999999
2023-03-01 10:30:00,93.04661191156157,93.21027192103334,93.04661191156157,93.21027192103334,798700.0
2023-03-01 10:35:00,93.21027192103334,93.21027192103334,90.81857077306813,90.81857077306813,1398600.0
2023-03-01 10:40:00,90.81857077306813,93.72269957598866,90.81857077306813,93.72269957598866,716100.0
2023-03-01 10:45:00,93.72269957598866,93.72269957598866,92.8130816234688,92.8130816234688,859600.0
2023-03-01 10:50:00,92.8130816234688,93.54297407341501,92.8130816234688,93.54297407341501,704200.0
2023-03-01 10:55:00,93.54297407341501,93.54297407341501,90.98312691397967,90.98312691397967,1226400.0
2023-03-01 11:00:00,90.98312691397967,90.98312691397967,90.93609494008608,90.93609494008608,1078000.0
2023-03-01 11:05:00,90.93609494008608,92.0640714625129,90.93609494008608,92.0640714625129,118299.99999999999
2023-03-01 11:10:00,92.0640714625129,92.72520480032213,92.0640714625129,92.72520480032213,1151500.0
2023-03-01 11:15:00,92.72520480032213,93.970136784658,92.72520480032213,93.970136784658,995399.9999999999
2023-03-01 11:20:00,93.970136784658,93.970136784658,93.00580850200593,93.00580850200593,693000.0
2023-03-01 11:25:00,93.00580850200593,93.00580850200593,92.12034080088459,92.12034080088459,485099.99999999994
2023-03-01 11:30:00,92.12034080088459,92.12034080088459,91.40527714397781,91.40527714397781,496299.99999999994
2023-03-01 11:35:00,91.40527714397781,93.44955345444805,91.40527714397781,93.44955345444805,1248100.0
2023-03-01 11:40:00,93.44955345444805,93.44955345444805,91.41338336758082,91.41338336758082,315000.0
2023-03-01 11:45:00,91.41338336758082,93.80030931490626,91.41338336758082,93.80030931490626,708400.0
2023-03-01 11:50:00,93.80030931490626,93.80030931490626,92.05887733663563,92.05887733663563,312200.0
2023-03-01 11:55:00,92.05887733663563,93.76289334819168,92.05887733663563,93.76289334819168,1075200.0
2023-03-01 12:00:00,93.76289334819168,93.76289334819168,92.86789934133157,92.86789934133157,485799.99999999994
2023-03-01 12:05:00,92.86789934133157,92.86789934133157,92.15516601988,92.15516601988,1113000.0
2023-03-01 12:10:00,92.15516601988,92.15516601988,91.79500535692407,91.79500535692407,1010799.9999999999
2023-03-01 12:15:00,91.79500535692407,91.94106926436606,91.79500535692407,91.94106926436606,504699.99999999994
2023-03-01 12:20:00,91.94106926436606,92.60324886193449,91.94106926436606,92.60324886193449,802200.0
2023-03-01 12:25:00,92.60324886193449,92.60324886193449,92.27796720607999,92.27796720607999,337400.0
2023-03-01 12:30:00,92.27796720607999,92.27796720607999,91.67606604475222,91.67606604475222,1204700.0
2023-03-01 12:35:00,91.67606604475222,92.1021900368954,91.67606604475222,92.1021900368954,249199.99999999997
2023-03-01 12:40:00,92.1021900368954,92.2642081909792,92.1021900368954,92.2642081909792,656600.0
2023-03-01 12:45:00,92.2642081909792,92.2642081909792,90.17528620899267,90.17528620899267,121099.99999999999
2023-03-01 12:50:00,90.17528620899267,92.57075093973201,90.17528620899267,92.57075093973201,100800.0
2023-03-01 12:55:00,92.57075093973201,92.57075093973201,91.23149474660616,91.23149474660616,395500.0
2023-03-01 13:00:00,91.23149474660616,91.23149474660616,91.07808546056737,91.07808546056737,827400.0
2023-03-01 13:05:00,91.07808546056737,91.07808546056737,90.54100308550865,90.54100308550865,143500.0
2023-03-01 13:10:00,90.54100308550865,90.5457172666139,90.54100308550865,90.5457172666139,975799.9999999999
2023-03-01 13:15:00,90.5457172666139,90.94758868595501,90.5457172666139,90.94758868595501,1155700.0
2023-03-01 13:20:00,90.94758868595501,91.57300118914671,90.94758868595501,91.57300118914671,1199800.0
2023-03-01 13:25:00,91.57300118914671,94.0067814473227,91.57300118914671,94.0067814473227,356300.0
2023-03-01 13:30:00,94.0067814473227,94.0067814473227,91.68180239240766,91.68180239240766,896700.0
2023-03-01 13:35:00,91.68180239240766,92.27518708400191,91.68180239240766,92.27518708400191,1365000.0
2023-03-01 13:40:00,92.27518708400191,92.53114579584677,92.27518708400191,92.53114579584677,913500.0
2023-03-01 13:45:00,92.53114579584677,92.53114579584677,92.34759116121292,92.34759116121292,1310400.0
2023-03-01 13:50:00,92.34759116121292,92.34759116121292,92.06090309550359,92.06090309550359,243599.99999999997
2023-03-01 13:55:00,92.06090309550359,92.06090309550359,91.02963410802164,91.02963410802164,401100.0
2023-03-01 14:00:00,91.02963410802164,93.56835218643798,91.02963410802164,93.56835218643798,123199.99999999999
2023-03-01 14:05:00,93.56835218643798,93.84838570635196,93.56835218643798,93.84838570635196,283500.0
2023-03-01 14:10:00,93.84838570635196,93.84838570635196,90.73313329655346,90.73313329655346,511699.99999999994
2023-03-01 14:15:00,90.73313329655346,91.3525147985899,90.73313329655346,91.3525147985899,617400.0
2023-03-01 14:20:00,91.3525147985899,92.08198974419071,91.3525147985899,92.08198974419071,1320900.0
2023-03-01 14:25:00,92.08198974419071,92.08198974419071,91.4387496795474,91.4387496795474,127399.99999999999
2023-03-01 14:30:00,91.4387496795474,92.7784124268585,91.4387496795474,92.7784124268585,891800.0
2023-03-01 14:35:00,92.7784124268585,92.7784124268585,91.63093383512945,91.63093383512945,531300.0
2023-03-01 14:40:00,91.63093383512945,94.29903535753006,91.63093383512945,94.29903535753006,459199.99999999994
2023-03-01 14:45:00,94.29903535753006,94.29903535753006,93.41114741054218,93.41114741054218,677600.0
2023-03-01 14:50:00,93.41114741054218,93.41114741054218,92.50651377649304,92.50651377649304,249899.99999999997
2023-03-01 14:55:00,92.50651377649304,93.16837061296961,92.50651377649304,93.16837061296961,784700.0
2023-03-01 15:00:00,93.16837061296961,93.21509216901534,93.16837061296961,93.21509216901534,1092700.0
2023-03-01 15:05:00,93.21509216901534,93.21509216901534,91.66353122439493,91.66353122439493,301000.0
2023-03-01 15:10:00,91.66353122439493,91.66353122439493,91.37290596329612,91.37290596329612,275800.0
2023-03-01 15:15:00,91.37290596329612,92.1878370054236,91.37290596329612,92.1878370054236,132300.0
2023-03-01 15:20:00,92.1878370054236,92.97063836596395,92.1878370054236,92.97063836596395,662200.0
2023-03-01 15:25:00,92.97063836596395,92.97063836596395,92.24038961996769,92.24038961996769,817600.0
2023-03-01 15:30:00,92.24038961996769,92.24038961996769,90.60791833646137,90.60791833646137,1029699.9999999999
2023-03-01 15:35:00,90.60791833646137,91.34172594538977,90.60791833646137,91.34172594538977,294700.0
2023-03-01 15:40:00,91.34172594538977,92.02620049351498,91.34172594538977,92.02620049351498,1342600.0
2023-03-01 15:45:00,92.02620049351498,92.02620049351498,91.97082974105538,91.97082974105538,972999.9999999999
2023-03-01 15:50:00,91.97082974105538,93.88008277570653,91.97082974105538,93.88008277570653,895300.0
2023-03-01 15:55:00,93.88008277570653,93.88008277570653,90.77754093859612,90.77754093859612,1382500.0
2023-03-01 16:00:00,90.77754093859612,92.55283691430743,90.77754093859612,92.55283691430743,922599.9999999999
2023-03-02 09:30:00,92.55283691430743,93.40771206982198,92.55283691430743,93.40771206982198,1044399.9999999999
2023-03-02 09:35:00,93.40771206982198,94.16147057693718,93.40771206982198,94.16147057693718,1330000.0
2023-03-02 09:40:00,94.16147057693718,94.16147057693718,91.73835919215936,91.73835919215936,877800.0
2023-03-02 09:45:00,91.73835919215936,92.54791139352865,91.73835919215936,92.54791139352865,1246000.0
2023-03-02 09:50:00,92.54791139352865,92.56745573758894,92.54791139352865,92.56745573758894,669200.0
2023-03-02 09:55:00,92.56745573758894,92.56745573758894,92.26353702651156,92.26353702651156,1283100.0
2023-03-02 10:00:00,92.26353702651156,92.26353702651156,91.96892885191284,91.96892885191284,79100.0
2023-03-02 10:05:00,91.96892885191284,92.50214709797514,91.96892885191284,92.50214709797514,1173200.0
2023-03-02 10:10:00,92.50214709797514,92.50214709797514,89.72149286695684,89.72149286695684,183400.0
2023-03-02 10:15:00,89.72149286695684,92.64959716241404,89.72149286695684,92.64959716241404,275800.0
2023-03-02 10:20:00,92.64959716241404,92.64959716241404,92.0904311879642,92.0904311879642,1295000.0
2023-03-02 10:25:00,92.0904311879642,92.0904311879642,91.80780915975446,91.80780915975446,421400.0
2023-03-02 10:30:00,91.80780915975446,93.95758423367425,91.80780915975446,93.95758423367425,268100.0
2023-03-02 10:35:00,93.95758423367425,93.95758423367425,91.44218041903267,91.44218041903267,553000.0
2023-03-02 10:40:00,91.44218041903267,91.66537919879171,91.44218041903267,91.66537919879171,1012199.9999999999
2023-03-02 10:45:00,91.66537919879171,93.8314376005733,91.66537919879171,93.8314376005733,560000.0
2023-03-02 10:50:00,93.8314376005733,93.8314376005733,91.22731372564685,91.22731372564685,368900.0
2023-03-02 10:55:00,91.22731372564685,91.50533748395718,91.22731372564685,91.50533748395718,938699.9999999999
2023-03-02 11:00:00,91.50533748395718,91.84299417997356,91.50533748395718,91.84299417997356,695800.0
2023-03-02 11:05:00,91.84299417997356,92.79050479689019,91.84299417997356,92.79050479689019,1183000.0
2023-03-02 11:10:00,92.79050479689019,92.79050479689019,92.17477248949375,92.17477248949375,1304100.0
2023-03-02 11:15:00,92.17477248949375,92.17477248949375,90.83996733316026,90.83996733316026,343700.0
2023-03-02 11:20:00,90.83996733316026,91.53785396221694,90.83996733316026,91.53785396221694,1085000.0
2023-03-02 11:25:00,91.53785396221694,91.53785396221694,91.5215406477755,91.5215406477755,417900.0
2023-03-02 11:30:00,91.5215406477755,92.08135651886386,91.5215406477755,92.08135651886386,100800.0
2023-03-02 11:35:00,92.08135651886386,92.48598636959414,92.08135651886386,92.48598636959414,275800.0
2023-03-02 11:40:00,92.48598636959414,92.48598636959414,92.45749075953844,92.45749075953844,147000.0
2023-03-02 11:45:00,92.45749075953844,92.45749075953844,90.44261609202957,90.44261609202957,529900.0
2023-03-02 11:50:00,90.44261609202957,93.04154426960154,90.44261609202957,93.04154426960154,984199.9999999999
2023-03-02 11:55:00,93.04154426960154,93.04154426960154,92.2725648523468,92.2725648523468,888300.0
2023-03-02 12:00:00,92.2725648523468,93.38266903753076,92.2725648523468,93.38266903753076,1264200.0
2023-03-02 12:05:00,93.38266903753076,93.38266903753076,92.44964988794482,92.44964988794482,952699.9999999999
2023-03-02 12:10:00,92.44964988794482,92.98148113372572,92.44964988794482,92.98148113372572,1363600.0
2023-03-02 12:15:00,92.98148113372572,92.98148113372572,92.44664023024879,92.44664023024879,1050000.0
2023-03-02 12:20:00,92.44664023024879,93.25060202084126,92.44664023024879,93.25060202084126,664300.0
2023-03-02 12:25:00,93.25060202084126,93.25060202084126,92.50644783315282,92.50644783315282,1253700.0
2023-03-02 12:30:00,92.50644783315282,92.50644783315282,91.9017732589973,91.9017732589973,1269800.0
2023-03-02 12:35:00,91.9017732589973,94.06790792822437,91.9017732589973,94.06790792822437,1297100.0
2023-03-02 12:40:00,94.06790792822437,94.06790792822437,92.85861340963362,92.85861340963362,323400.0
2023-03-02 12:45:00,92.85861340963362,92.85861340963362,92.60407619358762,92.60407619358762,396900.0
2023-03-02 12:50:00,92.60407619358762,92.60407619358762,90.89894610674783,90.89894610674783,995399.9999999999
2023-03-02 12:55:00,90.89894610674783,90.89894610674783,90.80473053275122,90.80473053275122,667100.0
2023-03-02 13:00:00,90.80473053275122,92.32224951364516,90.80473053275122,92.32224951364516,385000.0
2023-03-02 13:05:00,92.32224951364516,92.32224951364516,92.17929075558861,92.17929075558861,439600.0
2023-03-02 13:10:00,92.17929075558861,92.17929075558861,91.42415092677113,91.42415092677113,208600.0
2023-03-02 13:15:00,91.42415092677113,92.17748024699016,91.42415092677113,92.17748024699016,865900.0
2023-03-02 13:20:00,92.17748024699016,93.45974910515706,92.17748024699016,93.45974910515706,75600.0
2023-03-02 13:25:00,93.45974910515706,93.45974910515706,92.67071746970146,92.67071746970146,112700.0
2023-03-02 13:30:00,92.67071746970146,92.67071746970146,91.0308775626267,91.0308775626267,1318100.0
2023-03-02 13:35:00,91.0308775626267,91.97346071652873,91.0308775626267,91.97346071652873,1318100.0
2023-03-02 13:40:00,91.97346071652873,91.97346071652873,91.32094453802434,91.32094453802434,682500.0
2023-03-02 13:45:00,91.32094453802434,91.70197938461416,91.32094453802434,91.70197938461416,1135400.0
2023-03-02 13:50:00,91.70197938461416,91.70197938461416,91.68891577556403,91.68891577556403,1241100.0
2023-03-02 13:55:00,91.68891577556403,91.68891577556403,91.61098304049277,91.61098304049277,419300.0
2023-03-02 14:00:00,91.61098304049277,91.61098304049277,90.98346439199985,90.98346439199985,451500.0
2023-03-02 14:05:00,90.98346439199985,91.98833029321668,90.98346439199985,91.98833029321668,1162700.0
2023-03-02 14:10:00,91.98833029321668,91.98833029321668,91.54926149818472,91.54926149818472,518699.99999999994
2023-03-02 14:15:00,91.54926149818472,91.54926149818472,89.3954688115882,89.3954688115882,125299.99999999999
2023-03-02 14:20:00,89.3954688115882,94.0026886539204,89.3954688115882,94.0026886539204,1189300.0
2023-03-02 14:25:00,94.0026886539204,94.0026886539204,93.07290042943026,93.07290042943026,233099.99999999997
2023-03-02 14:30:00,93.07290042943026,93.07290042943026,91.81662318983804,91.81662318983804,877800.0
2023-03-02 14:35:00,91.81662318983804,92.1653556606928,91.81662318983804,92.1653556606928,229599.99999999997
2023-03-02 14:40:00,92.1653556606928,92.1653556606928,91.12795023922921,91.12795023922921,1246700.0
2023-03-02 14:45:00,91.12795023922921,93.72567873299613,91.12795023922921,93.72567873299613,502599.99999999994
2023-03-02 14:50:00,93.72567873299613,93.8769642763435,93.72567873299613,93.8769642763435,1394400.0
2023-03-02 14:55:00,93.8769642763435,93.8769642763435,92.33830167381662,92.33830167381662,1172500.0
2023-03-02 15:00:00,92.33830167381662,93.0444793321269,92.33830167381662,93.0444793321269,1249500.0
2023-03-02 15:05:00,93.0444793321269,93.0444793321269,92.31866648233355,92.31866648233355,1009399.9999999999
2023-03-02 15:10:00,92.31866648233355,92.31866648233355,90.915535241119,90.915535241119,387800.0
2023-03-02 15:15:00,90.915535241119,91.82883025754491,90.915535241119,91.82883025754491,228200.0
2023-03-02 15:20:00,91.82883025754491,92.29867485835175,91.82883025754491,92.29867485835175,846300.0
2023-03-02 15:25:00,92.29867485835175,92.29867485835175,91.84642562921063,91.84642562921063,1200500.0
2023-03-02 15:30:00,91.84642562921063,92.07880874234269,91.84642562921063,92.07880874234269,1096900.0
2023-03-02 15:35:00,92.07880874234269,92.20761844038454,92.07880874234269,92.20761844038454,808500.0
2023-03-02 15:40:00,92.20761844038454,92.20761844038454,92.16547569647209,92.16547569647209,739200.0
2023-03-02 15:45:00,92.16547569647209,92.35992823001452,92.16547569647209,92.35992823001452,1012899.9999999999
2023-03-02 15:50:00,92.35992823001452,92.35992823001452,91.26703098510912,91.26703098510912,1293600.0
2023-03-02 15:55:00,91.26703098510912,91.56749397121679,91.26703098510912,91.56749397121679,662200.0
2023-03-02 16:00:00,91.56749397121679,91.56749397121679,90.99607171352385,90.99607171352385,1099000.0
2023-03-03 09:30:00,90.99607171352385,93.16128865355813,90.99607171352385,93.16128865355813,1322300.0
2023-03-03 09:35:00,93.16128865355813,93.16128865355813,90.31084154689589,90.31084154689589,88200.0
2023-03-03 09:40:00,90.31084154689589,93.28558068551187,90.31084154689589,93.28558068551187,1048600.0
2023-03-03 09:45:00,93.28558068551187,93.49192414798817,93.28558068551187,93.49192414798817,1235500.0
2023-03-03 09:50:00,93.49192414798817,93.49192414798817,92.0360066839329,92.0360066839329,186900.0
2023-03-03 09:55:00,92.0360066839329,92.0360066839329,89.91031798401941,89.91031798401941,383600.0
2023-03-03 10:00:00,89.91031798401941,91.93697930971854,89.91031798401941,91.93697930971854,1004499.9999999999
2023-03-03 10:05:00,91.93697930971854,92.16366606174589,91.93697930971854,92.16366606174589,79100.0
2023-03-03 10:10:00,92.16366606174589,92.16366606174589,91.31492978925702,91.31492978925702,364700.0
2023-03-03 10:15:00,91.31492978925702,91.73927703922699,91.31492978925702,91.73927703922699,496299.99999999994
2023-03-03 10:20:00,91.73927703922699,93.63913545610808,91.73927703922699,93.63913545610808,420700.0
2023-03-03 10:25:00,93.63913545610808,93.63913545610808,92.8065675744439,92.8065675744439,572600.0
2023-03-03 10:30:00,92.8065675744439,92.8065675744439,91.32433429305291,91.32433429305291,147700.0
2023-03-03 10:35:00,91.32433429305291,91.32433429305291,90.71196902358122,90.71196902358122,1145900.0
2023-03-03 10:40:00,90.71196902358122,91.83281568587186,90.71196902358122,91.83281568587186,469699.99999999994
2023-03-03 10:45:00,91.83281568587186,91.85532397427238,91.83281568587186,91.85532397427238,801500.0
2023-03-03 10:50:00,91.85532397427238,92.53806483378598,91.85532397427238,92.53806483378598,535500.0
2023-03-03 10:55:00,92.53806483378598,92.53806483378598,91.63193929135672,91.63193929135672,1275400.0
2023-03-03 11:00:00,91.63193929135672,92.60199165124598,91.63193929135672,92.60199165124598,966699.9999999999
2023-03-03 11:05:00,92.60199165124598,93.95372821701626,92.60199165124598,93.95372821701626,959699.9999999999
2023-03-03 11:10:00,93.95372821701626,93.95372821701626,92.87513995336231,92.87513995336231,1217300.0
2023-03-03 11:15:00,92.87513995336231,92.87513995336231,92.22387371970503,92.22387371970503,305200.0
2023-03-03 11:20:00,92.22387371970503,92.22387371970503,92.09717504438727,92.09717504438727,496999.99999999994
2023-03-03 11:25:00,92.09717504438727,92.09717504438727,92.07358784703246,92.07358784703246,550200.0
2023-03-03 11:30:00,92.07358784703246,93.56546951359434,92.07358784703246,93.56546951359434,865200.0
2023-03-03 11:35:00,93.56546951359434,93.56546951359434,91.9184037997375,91.9184037997375,705600.0
2023-03-03 11:40:00,91.9184037997375,92.49282858225615,91.9184037997375,92.49282858225615,489299.99999999994
2023-03-03 11:45:00,92.49282858225615,92.51240532304621,92.49282858225615,92.51240532304621,560700.0
2023-03-03 11:50:00,92.51240532304621,92.51240532304621,91.98840087951413,91.98840087951413,504699.99999999994
2023-03-03 11:55:00,91.98840087951413,91.98840087951413,91.20844720197822,91.20844720197822,966699.9999999999
2023-03-03 12:00:00,91.20844720197822,92.81652854935675,91.20844720197822,92.81652854935675,205800.0
2023-03-03 12:05:00,92.81652854935675,92.81652854935675,92.41763304240911,92.41763304240911,1141000.0
2023-03-03 12:10:00,92.41763304240911,93.04548736341495,92.41763304240911,93.04548736341495,443100.0
2023-03-03 12:15:00,93.04548736341495,93.04548736341495,92.0479622493389,92.0479622493389,1311800.0
2023-03-03 12:20:00,92.0479622493389,93.56598375970593,92.0479622493389,93.56598375970593,1280300.0
2023-03-03 12:25:00,93.56598375970593,93.56598375970593,91.62485285355658,91.62485285355658,530600.0
2023-03-03 12:30:00,91.62485285355658,93.97521141513717,91.62485285355658,93.97521141513717,1073100.0
2023-03-03 12:35:00,93.97521141513717,93.97521141513717,90.78186258674486,90.78186258674486,541800.0
2023-03-03 12:40:00,90.78186258674486,92.77730866930526,90.78186258674486,92.77730866930526,807800.0
2023-03-03 12:45:00,92.77730866930526,92.84037834549368,92.77730866930526,92.84037834549368,1203300.0
2023-03-03 12:50:00,92.84037834549368,92.84037834549368,91.71453957228474,91.71453957228474,731500.0
2023-03-03 12:55:00,91.71453957228474,92.8171225750621,91.71453957228474,92.8171225750621,204400.0
2023-03-03 13:00:00,92.8171225750621,93.59034675511755,92.8171225750621,93.59034675511755,883400.0
2023-03-03 13:05:00,93.59034675511755,93.59034675511755,90.36060088717484,90.36060088717484,1042299.9999999999
2023-03-03 13:10:00,90.36060088717484,92.87401879823426,90.36060088717484,92.87401879823426,567000.0
2023-03-03 13:15:00,92.87401879823426,92.87401879823426,90.02758768233062,90.02758768233062,589400.0
2023-03-03 13:20:00,90.02758768233062,91.46976823150092,90.02758768233062,91.46976823150092,76300.0
2023-03-03 13:25:00,91.46976823150092,93.84220878934339,91.46976823150092,93.84220878934339,133000.0
2023-03-03 13:30:00,93.84220878934339,93.84220878934339,91.76246505106408,91.76246505106408,599200.0
2023-03-03 13:35:00,91.76246505106408,91.76246505106408,91.23962275179757,91.23962275179757,174300.0
2023-03-03 13:40:00,91.23962275179757,92.13316668761956,91.23962275179757,92.13316668761956,735700.0
2023-03-03 13:45:00,92.13316668761956,94.27417165070946,92.13316668761956,94.27417165070946,284900.0
2023-03-03 13:50:00,94.27417165070946,94.27417165070946,90.6424764572608,90.6424764572608,616000.0
2023-03-03 13:55:00,90.6424764572608,91.4387373740316,90.6424764572608,91.4387373740316,1164100.0
2023-03-03 14:00:00,91.4387373740316,93.7187416465837,91.4387373740316,93.7187416465837,443100.0
2023-03-03 14:05:00,93.7187416465837,94.03036035349204,93.7187416465837,94.03036035349204,326900.0
2023-03-03 14:10:00,94.03036035349204,94.03036035349204,92.18569700714347,92.18569700714347,179900.0
2023-03-03 14:15:00,92.18569700714347,92.18569700714347,91.14695214107802,91.14695214107802,80500.0
2023-03-03 14:20:00,91.14695214107802,94.24766882698235,91.14695214107802,94.24766882698235,303100.0
2023-03-03 14:25:00,94.24766882698235,94.24766882698235,93.77804247180843,93.77804247180843,72800.0
2023-03-03 14:30:00,93.77804247180843,93.77804247180843,92.95516938566273,92.95516938566273,1390200.0
2023-03-03 14:35:00,92.95516938566273,92.95516938566273,91.62990708457208,91.62990708457208,494199.99999999994
2023-03-03 14:40:00,91.62990708457208,92.32262662291295,91.62990708457208,92.32262662291295,523599.99999999994
2023-03-03 14:45:00,92.32262662291295,92.32262662291295,92.2951309473855,92.2951309473855,525000.0
2023-03-03 14:50:00,92.2951309473855,92.67756925973518,92.2951309473855,92.67756925973518,237999.99999999997
2023-03-03 14:55:00,92.67756925973518,93.59890607777245,92.67756925973518,93.59890607777245,711200.0
2023-03-03 15:00:00,93.59890607777245,93.59890607777245,93.10515875428909,93.10515875428909,792400.0
2023-03-03 15:05:00,93.10515875428909,93.10515875428909,91.34022283634361,91.34022283634361,820400.0
2023-03-03 15:10:00,91.34022283634361,93.5826039001418,91.34022283634361,93.5826039001418,611100.0
2023-03-03 15:15:00,93.5826039001418,93.5826039001418,92.58140414810997,92.58140414810997,882700.0
2023-03-03 15:20:00,92.58140414810997,92.97883695522364,92.58140414810997,92.97883695522364,774200.0
2023-03-03 15:25:00,92.97883695522364,93.72645415059284,92.97883695522364,93.72645415059284,819000.0
2023-03-03 15:30:00,93.72645415059284,93.72645415059284,91.31751216536337,91.31751216536337,1289400.0
2023-03-03 15:35:00,91.31751216536337,92.31220763351249,91.31751216536337,92.31220763351249,313600.0
2023-03-03 15:40:00,92.31220763351249,92.31220763351249,91.88431223050515,91.88431223050515,1066800.0
2023-03-03 15:45:00,91.88431223050515,91.88431223050515,90.88775119904889,90.88775119904889,82600.0
2023-03-03 15:50:00,90.88775119904889,92.62409379426934,90.88775119904889,92.62409379426934,752500.0
2023-03-03 15:55:00,92.62409379426934,94.68385550835364,92.62409379426934,94.68385550835364,1211000.0
2023-03-03 16:00:00,94.68385550835364,94.68385550835364,90.5879615988203,90.5879615988203,1334200.0
2023-03-06 09:30:00,90.5879615988203,92.21359009420564,90.5879615988203,92.21359009420564,299600.0
2023-03-06 09:35:00,92.21359009420564,92.79012230636357,92.21359009420564,92.79012230636357,833000.0
2023-03-06 09:40:00,92.79012230636357,92.79012230636357,92.32746871264226,92.32746871264226,613900.0
2023-03-06 09:45:00,92.32746871264226,92.32746871264226,92.09064615339516,92.09064615339516,823900.0
2023-03-06 09:50:00,92.09064615339516,92.09064615339516,91.03446539433979,91.03446539433979,345100.0
2023-03-06 09:55:00,91.03446539433979,92.43434615706714,91.03446539433979,92.43434615706714,563500.0
2023-03-06 10:00:00,92.43434615706714,92.43434615706714,91.58563537350646,91.58563537350646,1279600.0
2023-03-06 10:05:00,91.58563537350646,91.58563537350646,90.25271523435825,90.25271523435825,873600.0
2023-03-06 10:10:00,90.25271523435825,93.40539859071555,90.25271523435825,93.40539859071555,441700.0
2023-03-06 10:15:00,93.40539859071555,93.40539859071555,93.22925757954576,93.22925757954576,1178100.0
2023-03-06 10:20:00,93.22925757954576,93.22925757954576,92.37208638797865,92.37208638797865,637000.0
2023-03-06 10:25:00,92.37208638797865,92.53655440421848,92.37208638797865,92.53655440421848,721000.0
2023-03-06 10:30:00,92.53655440421848,93.34453915224495,92.53655440421848,93.34453915224495,392700.0
2023-03-06 10:35:00,93.34453915224495,93.34453915224495,92.52251293833861,92.52251293833861,819700.0
2023-03-06 10:40:00,92.52251293833861,93.21036726205546,92.52251293833861,93.21036726205546,1218700.0
2023-03-06 10:45:00,93.21036726205546,93.21036726205546,92.16160202288128,92.16160202288128,482999.99999999994
2023-03-06 10:50:00,92.16160202288128,93.66783095508532,92.16160202288128,93.66783095508532,592900.0
2023-03-06 10:55:00,93.66783095508532,93.66783095508532,92.7940539449607,92.7940539449607,684600.0
2023-03-06 11:00:00,92.7940539449607,92.7940539449607,92.69620720196187,92.69620720196187,1096900.0
2023-03-06 11:05:00,92.69620720196187,92.69620720196187,91.25467120768171,91.25467120768171,394800.0
2023-03-06 11:10:00,91.25467120768171,92.68344968513448,91.25467120768171,92.68344968513448,1092000.0
2023-03-06 11:15:00,92.68344968513448,92.68344968513448,91.67668186289464,91.67668186289464,76300.0
2023-03-06 11:20:00,91.67668186289464,91.82771268421175,91.67668186289464,91.82771268421175,248499.99999999997
2023-03-06 11:25:00,91.82771268421175,91.82771268421175,91.58496584722509,91.58496584722509,307300.0
2023-03-06 11:30:00,91.58496584722509,91.58496584722509,91.38969634138752,91.38969634138752,721700.0
2023-03-06 11:35:00,91.38969634138752,94.37232833354604,91.38969634138752,94.37232833354604,864500.0
2023-03-06 11:40:00,94.37232833354604,94.37232833354604,93.62911112956769,93.62911112956769,761600.0
2023-03-06 11:45:00,93.62911112956769,94.1417833012445,93.62911112956769,94.1417833012445,1254400.0
2023-03-06 11:50:00,94.1417833012445,94.1417833012445,91.39030339441109,91.39030339441109,1224300.0
2023-03-06 11:55:00,91.39030339441109,92.59902228404376,91.39030339441109,92.59902228404376,721000.0
2023-03-06 12:00:00,92.59902228404376,92.59902228404376,91.285235703435,91.285235703435,1285200.0
2023-03-06 12:05:00,91.285235703435,91.81953095149696,91.285235703435,91.81953095149696,1247400.0
2023-03-06 12:10:00,91.81953095149696,91.81953095149696,91.65772635000323,91.65772635000323,178500.0
2023-03-06 12:15:00,91.65772635000323,93.66380104330418,91.65772635000323,93.66380104330418,698600.0
2023-03-06 12:20:00,93.66380104330418,93.66380104330418,92.14638089377058,92.14638089377058,766500.0
2023-03-06 12:25:00,92.14638089377058,93.50925874138554,92.14638089377058,93.50925874138554,253399.99999999997
2023-03-06 12:30:00,93.50925874138554,93.50925874138554,93.07303647622741,93.07303647622741,384300.0
2023-03-06 12:35:00,93.07303647622741,94.68414705022046,93.07303647622741,94.68414705022046,465499.99999999994
2023-03-06 12:40:00,94.68414705022046,94.68414705022046,91.18532759817252,91.18532759817252,303800.0
2023-03-06 12:45:00,91.18532759817252,93.69471341981217,91.18532759817252,93.69471341981217,524300.0
2023-03-06 12:50:00,93.69471341981217,93.69471341981217,93.66450393995069,93.66450393995069,157500.0
2023-03-06 12:55:00,93.66450393995069,93.66450393995069,91.63355314709946,91.63355314709946,390600.0
2023-03-06 13:00:00,91.63355314709946,93.47129041745931,91.63355314709946,93.47129041745931,336000.0
2023-03-06 13:05:00,93.47129041745931,93.47129041745931,92.85123693620987,92.85123693620987,756700.0
2023-03-06 13:10:00,92.85123693620987,92.85123693620987,92.36545722069577,92.36545722069577,93100.0
2023-03-06 13:15:00,92.36545722069577,92.36545722069577,91.82056380994872,91.82056380994872,1007299.9999999999
2023-03-06 13:20:00,91.82056380994872,92.01769591462417,91.82056380994872,92.01769591462417,958999.9999999999
2023-03-06 13:25:00,92.01769591462417,94.56741607625843,92.01769591462417,94.56741607625843,828800.0
2023-03-06 13:30:00,94.56741607625843,94.56741607625843,92.65138008358333,92.65138008358333,133000.0
2023-03-06 13:35:00,92.65138008358333,93.42603451869695,92.65138008358333,93.42603451869695,1030399.9999999999
2023-03-06 13:40:00,93.42603451869695,93.42603451869695,91.92871690701632,91.92871690701632,497699.99999999994
2023-03-06 13:45:00,91.92871690701632,92.00748890970368,91.92871690701632,92.00748890970368,1246700.0
2023-03-06 13:50:00,92.00748890970368,93.74527186809749,92.00748890970368,93.74527186809749,1372700.0
2023-03-06 13:55:00,93.74527186809749,93.74527186809749,91.48789835872248,91.48789835872248,499799.99999999994
2023-03-06 14:00:00,91.48789835872248,92.39086930210601,91.48789835872248,92.39086930210601,1305500.0
2023-03-06 14:05:00,92.39086930210601,92.8061827897331,92.39086930210601,92.8061827897331,743400.0
2023-03-06 14:10:00,92.8061827897331,92.85014855664349,92.8061827897331,92.85014855664349,1242500.0
2023-03-06 14:15:00,92.85014855664349,92.85014855664349,92.6063606309754,92.6063606309754,1294300.0
2023-03-06 14:20:00,92.6063606309754,93.03738790250792,92.6063606309754,93.03738790250792,646800.0
2023-03-06 14:25:00,93.03738790250792,93.26265082104014,93.03738790250792,93.26265082104014,347200.0
2023-03-06 14:30:00,93.26265082104014,93.28375359353954,93.26265082104014,93.28375359353954,1321600.0
2023-03-06 14:35:00,93.28375359353954,93.28375359353954,91.72087430253816,91.72087430253816,1021299.9999999999
2023-03-06 14:40:00,91.72087430253816,92.45998533844161,91.72087430253816,92.45998533844161,1337000.0
2023-03-06 14:45:00,92.45998533844161,93.89148373573174,92.45998533844161,93.89148373573174,702100.0
2023-03-06 14:50:00,93.89148373573174,93.89148373573174,93.5269974164771,93.5269974164771,665000.0
2023-03-06 14:55:00,93.5269974164771,93.5269974164771,91.4665566065215,91.4665566065215,1085000.0
2023-03-06 15:00:00,91.4665566065215,93.01906736854099,91.4665566065215,93.01906736854099,1220100.0
2023-03-06 15:05:00,93.01906736854099,93.01906736854099,90.86742563207143,90.86742563207143,1006599.9999999999
2023-03-06 15:10:00,90.86742563207143,92.76155426342818,90.86742563207143,92.76155426342818,539000.0
2023-03-06 15:15:00,92.76155426342818,94.51253700265643,92.76155426342818,94.51253700265643,1350300.0
2023-03-06 15:20:00,94.51253700265643,94.51253700265643,91.94494960510583,91.94494960510583,717500.0
2023-03-06 15:25:00,91.94494960510583,91.9722894149948,91.94494960510583,91.9722894149948,1308300.0
2023-03-06 15:30:00,91.9722894149948,93.42315558530511,91.9722894149948,93.42315558530511,1389500.0
2023-03-06 15:35:00,93.42315558530511,93.42315558530511,91.34832354965029,91.34832354965029,628600.0
2023-03-06 15:40:00,91.34832354965029,92.25551307450553,91.34832354965029,92.25551307450553,223300.0
2023-03-06 15:45:00,92.25551307450553,93.38974756014902,92.25551307450553,93.38974756014902,112700.0
2023-03-06 15:50:00,93.38974756014902,93.38974756014902,92.26123696861458,92.26123696861458,292600.0
2023-03-06 15:55:00,92.26123696861458,92.66924678702154,92.26123696861458,92.66924678702154,963199.9999999999
2023-03-06 16:00:00,92.66924678702154,93.59983605497688,92.66924678702154,93.59983605497688,228900.0
2023-03-07 09:30:00,93.59983605497688,93.59983605497688,93.34994007440763,93.34994007440763,895300.0
2023-03-07 09:35:00,93.34994007440763,93.34994007440763,93.15222499108111,93.15222499108111,963899.9999999999
2023-03-07 09:40:00,93.15222499108111,93.15222499108111,92.64551134967436,92.64551134967436,447300.0
2023-03-07 09:45:00,92.64551134967436,93.28733933445938,92.64551134967436,93.28733933445938,1050000.0
2023-03-07 09:50:00,93.28733933445938,93.28733933445938,92.78169223251602,92.78169223251602,1164100.0
2023-03-07 09:55:00,92.78169223251602,93.2854642660596,92.78169223251602,93.2854642660596,588700.0
2023-03-07 10:00:00,93.2854642660596,93.2854642660596,92.3694175950726,92.3694175950726,1087100.0
2023-03-07 10:05:00,92.3694175950726,92.73091614507673,92.3694175950726,92.73091614507673,765100.0
2023-03-07 10:10:00,92.73091614507673,92.73091614507673,91.9598658122943,91.9598658122943,865200.0
2023-03-07 10:15:00,91.9598658122943,92.8650646587621,91.9598658122943,92.8650646587621,157500.0
2023-03-07 10:20:00,92.8650646587621,92.8650646587621,92.04583391739297,92.04583391739297,789600.0
2023-03-07 10:25:00,92.04583391739297,92.04583391739297,91.7945363279387,91.7945363279387,339500.0
2023-03-07 10:30:00,91.7945363279387,93.03531951587156,91.7945363279387,93.03531951587156,996099.9999999999
2023-03-07 10:35:00,93.03531951587156,93.03531951587156,93.032882572838,93.032882572838,251999.99999999997
2023-03-07 10:40:00,93.032882572838,93.5803654416038,93.032882572838,93.5803654416038,1090600.0
2023-03-07 10:45:00,93.5803654416038,93.5803654416038,92.4702996280147,92.4702996280147,655200.0
2023-03-07 10:50:00,92.4702996280147,93.27504662024658,92.4702996280147,93.27504662024658,527800.0
2023-03-07 10:55:00,93.27504662024658,93.46541228629503,93.27504662024658,93.46541228629503,733600.0
2023-03-07 11:00:00,93.46541228629503,93.46541228629503,93.39606393711821,93.39606393711821,1114400.0
2023-03-07 11:05:00,93.39606393711821,93.39606393711821,92.31882898276598,92.31882898276598,1348200.0
2023-03-07 11:10:00,92.31882898276598,93.24019726226337,92.31882898276598,93.24019726226337,170100.0
2023-03-07 11:15:00,93.24019726226337,93.43404885418008,93.24019726226337,93.43404885418008,672700.0
2023-03-07 11:20:00,93.43404885418008,93.43404885418008,93.16132012339177,93.16132012339177,1198400.0
2023-03-07 11:25:00,93.16132012339177,93.16132012339177,91.20854243468777,91.20854243468777,671300.0
2023-03-07 11:30:00,91.20854243468777,93.33478532503824,91.20854243468777,93.33478532503824,915600.0
2023-03-07 11:35:00,93.33478532503824,95.23540050181582,93.33478532503824,95.23540050181582,355600.0
2023-03-07 11:40:00,95.23540050181582,95.23540050181582,92.8566055717156,92.8566055717156,234499.99999999997
2023-03-07 11:45:00,92.8566055717156,92.8566055717156,92.62212466939647,92.62212466939647,347200.0
2023-03-07 11:50:00,92.62212466939647,93.73499901711065,92.62212466939647,93.73499901711065,769300.0
2023-03-07 11:55:00,93.73499901711065,93.73499901711065,93.67275369587593,93.67275369587593,71400.0
2023-03-07 12:00:00,93.67275369587593,94.57338842529673,93.67275369587593,94.57338842529673,1150800.0
2023-03-07 12:05:00,94.57338842529673,94.57338842529673,92.32352881885441,92.32352881885441,144900.0
2023-03-07 12:10:00,92.32352881885441,94.20412984766429,92.32352881885441,94.20412984766429,1390900.0
2023-03-07 12:15:00,94.20412984766429,94.20412984766429,94.11524480514386,94.11524480514386,476699.99999999994
2023-03-07 12:20:00,94.11524480514386,94.11524480514386,93.44719017783288,93.44719017783288,128099.99999999999
2023-03-07 12:25:00,93.44719017783288,93.93796328441861,93.44719017783288,93.93796328441861,1024799.9999999999
2023-03-07 12:30:00,93.93796328441861,94.55349700792956,93.93796328441861,94.55349700792956,686000.0
2023-03-07 12:35:00,94.55349700792956,94.55349700792956,94.40453754852885,94.40453754852885,376600.0
2023-03-07 12:40:00,94.40453754852885,94.40453754852885,92.46682284427804,92.46682284427804,175700.0
2023-03-07 12:45:00,92.46682284427804,94.31315007068297,92.46682284427804,94.31315007068297,119699.99999999999
2023-03-07 12:50:00,94.31315007068297,94.31315007068297,93.5122780264505,93.5122780264505,672700.0
2023-03-07 12:55:00,93.5122780264505,93.67575079382861,93.5122780264505,93.67575079382861,213500.0
2023-03-07 13:00:00,93.67575079382861,93.67575079382861,93.64264539781902,93.64264539781902,98000.0
2023-03-07 13:05:00,93.64264539781902,93.64264539781902,93.48937610985735,93.48937610985735,798700.0
2023-03-07 13:10:00,93.48937610985735,94.75004205796247,93.48937610985735,94.75004205796247,1122100.0
2023-03-07 13:15:00,94.75004205796247,94.75004205796247,93.67084729734688,93.67084729734688,1260000.0
2023-03-07 13:20:00,93.67084729734688,93.67084729734688,92.7065222591855,92.7065222591855,1000299.9999999999
2023-03-07 13:25:00,92.7065222591855,93.37097579168551,92.7065222591855,93.37097579168551,575400.0
2023-03-07 13:30:00,93.37097579168551,93.84361160604212,93.37097579168551,93.84361160604212,394100.0
2023-03-07 13:35:00,93.84361160604212,94.84438836691724,93.84361160604212,94.84438836691724,421400.0
2023-03-07 13:40:00,94.84438836691724,94.84438836691724,94.25235036717622,94.25235036717622,1395100.0
2023-03-07 13:45:00,94.25235036717622,94.25235036717622,92.82734659176937,92.82734659176937,208600.0
2023-03-07 13:50:00,92.82734659176937,95.90782328888166,92.82734659176937,95.90782328888166,1100400.0
2023-03-07 13:55:00,95.90782328888166,95.90782328888166,93.81299861051536,93.81299861051536,823900.0
2023-03-07 14:00:00,93.81299861051536,94.84723424836193,93.81299861051536,94.84723424836193,758100.0
2023-03-07 14:05:00,94.84723424836193,94.84723424836193,93.42923125060724,93.42923125060724,399000.0
2023-03-07 14:10:00,93.42923125060724,94.06254613482864,93.42923125060724,94.06254613482864,144900.0
2023-03-07 14:15:00,94.06254613482864,94.3052865043359,94.06254613482864,94.3052865043359,306600.0
2023-03-07 14:20:00,94.3052865043359,94.58917017518056,94.3052865043359,94.58917017518056,1346100.0
2023-03-07 14:25:00,94.58917017518056,94.58917017518056,94.43272609683159,94.43272609683159,505399.99999999994
2023-03-07 14:30:00,94.43272609683159,94.43272609683159,94.28983684544205,94.28983684544205,1275400.0
2023-03-07 14:35:00,94.28983684544205,94.28983684544205,93.13390092280231,93.13390092280231,1073100.0
2023-03-07 14:40:00,93.13390092280231,93.13390092280231,92.8137742241864,92.8137742241864,1127000.0
2023-03-07 14:45:00,92.8137742241864,93.58206811697633,92.8137742241864,93.58206811697633,330400.0
2023-03-07 14:50:00,93.58206811697633,94.1618135363301,93.58206811697633,94.1618135363301,686700.0
2023-03-07 14:55:00,94.1618135363301,94.1618135363301,93.10837135465721,93.10837135465721,262500.0
2023-03-07 15:00:00,93.10837135465721,94.28077282222365,93.10837135465721,94.28077282222365,1118600.0
2023-03-07 15:05:00,94.28077282222365,94.57972431613165,94.28077282222365,94.57972431613165,1390200.0
2023-03-07 15:10:00,94.57972431613165,94.57972431613165,92.42892276851161,92.42892276851161,760200.0
2023-03-07 15:15:00,92.42892276851161,92.48645628227807,92.42892276851161,92.48645628227807,991899.9999999999
2023-03-07 15:20:00,92.48645628227807,93.13770705677877,92.48645628227807,93.13770705677877,243599.99999999997
2023-03-07 15:25:00,93.13770705677877,93.58130243871543,93.13770705677877,93.58130243871543,193200.0
2023-03-07 15:30:00,93.58130243871543,93.58130243871543,92.81257321482022,92.81257321482022,1368500.0
2023-03-07 15:35:00,92.81257321482022,94.5030213588245,92.81257321482022,94.5030213588245,554400.0
2023-03-07 15:40:00,94.5030213588245,94.5030213588245,93.68429421534069,93.68429421534069,1025499.9999999999
2023-03-07 15:45:00,93.68429421534069,93.68429421534069,93.25740456953629,93.25740456953629,1124200.0
2023-03-07 15:50:00,93.25740456953629,93.25740456953629,91.7988815505887,91.7988815505887,119699.99999999999
2023-03-07 15:55:00,91.7988815505887,91.89052979344609,91.7988815505887,91.89052979344609,521499.99999999994
2023-03-07 16:00:00,91.89052979344609,93.43774132128362,91.89052979344609,93.43774132128362,576100.0
2023-03-08 09:30:00,93.43774132128362,93.43774132128362,91.21572093089985,91.21572093089985,996799.9999999999
2023-03-08 09:35:00,91.21572093089985,94.11552769405037,91.21572093089985,94.11552769405037,154700.0
2023-03-08 09:40:00,94.11552769405037,94.11552769405037,93.05838014774564,93.05838014774564,1198400.0
2023-03-08 09:45:00,93.05838014774564,96.29632464235243,93.05838014774564,96.29632464235243,165200.0
2023-03-08 09:50:00,96.29632464235243,96.29632464235243,95.44414171777531,95.44414171777531,898800.0
2023-03-08 09:55:00,95.44414171777531,95.44414171777531,93.12342906667276,93.12342906667276,630000.0
2023-03-08 10:00:00,93.12342906667276,93.28128062398847,93.12342906667276,93.28128062398847,1386000.0
2023-03-08 10:05:00,93.28128062398847,94.30736825124312,93.28128062398847,94.30736825124312,617400.0
2023-03-08 10:10:00,94.30736825124312,94.93527868218905,94.30736825124312,94.93527868218905,676900.0
2023-03-08 10:15:00,94.93527868218905,94.93527868218905,91.87055785288103,91.87055785288103,347900.0
2023-03-08 10:20:00,91.87055785288103,91.87055785288103,91.68879876547994,91.68879876547994,276500.0
2023-03-08 10:25:00,91.68879876547994,92.81855399027909,91.68879876547994,92.81855399027909,1389500.0
2023-03-08 10:30:00,92.81855399027909,93.89474074653668,92.81855399027909,93.89474074653668,79100.0
2023-03-08 10:35:00,93.89474074653668,93.89474074653668,93.88021488410973,93.88021488410973,765100.0
2023-03-08 10:40:00,93.88021488410973,94.35193648136492,93.88021488410973,94.35193648136492,250599.99999999997
2023-03-08 10:45:00,94.35193648136492,94.35193648136492,92.22396647299658,92.22396647299658,1083600.0
2023-03-08 10:50:00,92.22396647299658,92.22396647299658,91.15322174378063,91.15322174378063,891100.0
2023-03-08 10:55:00,91.15322174378063,94.0526847339755,91.15322174378063,94.0526847339755,835100.0
2023-03-08 11:00:00,94.0526847339755,94.0526847339755,92.40391950065889,92.40391950065889,1253700.0
2023-03-08 11:05:00,92.40391950065889,92.40391950065889,91.30261378952152,91.30261378952152,707000.0
2023-03-08 11:10:00,91.30261378952152,93.32729990172493,91.30261378952152,93.32729990172493,221900.0
2023-03-08 11:15:00,93.32729990172493,93.94996234157368,93.32729990172493,93.94996234157368,1331400.0
2023-03-08 11:20:00,93.94996234157368,93.94996234157368,93.1054419537359,93.1054419537359,1303400.0
2023-03-08 11:25:00,93.1054419537359,93.1054419537359,92.76606937276335,92.76606937276335,178500.0
2023-03-08 11:30:00,92.76606937276335,93.0756098696695,92.76606937276335,93.0756098696695,135800.0
2023-03-08 11:35:00,93.0756098696695,93.0756098696695,92.922435001155,92.922435001155,314300.0
2023-03-08 11:40:00,92.922435001155,92.922435001155,92.01365778162156,92.01365778162156,172900.0
2023-03-08 11:45:00,92.01365778162156,92.62475145196429,92.01365778162156,92.62475145196429,916300.0
2023-03-08 11:50:00,92.62475145196429,93.74617396480363,92.62475145196429,93.74617396480363,593600.0
2023-03-08 11:55:00,93.74617396480363,93.74617396480363,93.64886700340107,93.64886700340107,970899.9999999999
2023-03-08 12:00:00,93.64886700340107,93.64886700340107,93.55596457965554,93.55596457965554,887600.0
2023-03-08 12:05:00,93.55596457965554,93.55596457965554,92.4574750452128,92.4574750452128,293300.0
2023-03-08 12:10:00,92.4574750452128,93.22934595705941,92.4574750452128,93.22934595705941,510299.99999999994
2023-03-08 12:15:00,93.22934595705941,93.22934595705941,91.31548507365504,91.31548507365504,153300.0
2023-03-08 12:20:00,91.31548507365504,93.51173249027597,91.31548507365504,93.51173249027597,508899.99999999994
2023-03-08 12:25:00,93.51173249027597,94.7003726477506,93.51173249027597,94.7003726477506,1010799.9999999999
2023-03-08 12:30:00,94.7003726477506,94.7003726477506,91.90226600614292,91.90226600614292,489299.99999999994
2023-03-08 12:35:00,91.90226600614292,92.75538335234987,91.90226600614292,92.75538335234987,1143800.0
2023-03-08 12:40:00,92.75538335234987,93.589243957401,92.75538335234987,93.589243957401,928899.9999999999
2023-03-08 12:45:00,93.589243957401,94.45346204441344,93.589243957401,94.45346204441344,1006599.9999999999
2023-03-08 12:50:00,94.45346204441344,94.45346204441344,92.8719568685819,92.8719568685819,934499.9999999999
2023-03-08 12:55:00,92.8719568685819,92.8719568685819,92.62084608508263,92.62084608508263,1106000.0
2023-03-08 13:00:00,92.62084608508263,92.62084608508263,91.48558190810395,91.48558190810395,513799.99999999994
2023-03-08 13:05:00,91.48558190810395,93.41222346361315,91.48558190810395,93.41222346361315,191100.0
2023-03-08 13:10:00,93.41222346361315,95.24218005355097,93.41222346361315,95.24218005355097,95900.0
2023-03-08 13:15:00,95.24218005355097,95.24218005355097,93.62695634484585,93.62695634484585,1102500.0
2023-03-08 13:20:00,93.62695634484585,93.62695634484585,93.45067872121824,93.45067872121824,1079400.0
2023-03-08 13:25:00,93.45067872121824,93.80567106847066,93.45067872121824,93.80567106847066,1332100.0
2023-03-08 13:30:00,93.80567106847066,93.80567106847066,93.45918803833499,93.45918803833499,1215200.0
2023-03-08 13:35:00,93.45918803833499,93.45918803833499,92.6888874413422,92.6888874413422,1237600.0
2023-03-08 13:40:00,92.6888874413422,94.21907469344823,92.6888874413422,94.21907469344823,1217300.0
2023-03-08 13:45:00,94.21907469344823,94.21907469344823,93.6512332175732,93.6512332175732,614600.0
2023-03-08 13:50:00,93.6512332175732,93.6512332175732,93.52456377896902,93.52456377896902,911400.0
2023-03-08 13:55:00,93.52456377896902,93.52456377896902,92.56756721135885,92.56756721135885,842100.0
2023-03-08 14:00:00,92.56756721135885,94.64847749866456,92.56756721135885,94.64847749866456,583800.0
2023-03-08 14:05:00,94.64847749866456,94.64847749866456,94.12872593838966,94.12872593838966,1167600.0
2023-03-08 14:10:00,94.12872593838966,94.12872593838966,92.92416683209393,92.92416683209393,205100.0
2023-03-08 14:15:00,92.92416683209393,94.36621199550905,92.92416683209393,94.36621199550905,1066100.0
2023-03-08 14:20:00,94.36621199550905,94.36621199550905,92.96815571845445,92.96815571845445,559300.0
2023-03-08 14:25:00,92.96815571845445,92.96815571845445,92.63040685214654,92.63040685214654,770000.0
2023-03-08 14:30:00,92.63040685214654,92.63040685214654,92.62184913757686,92.62184913757686,988399.9999999999
2023-03-08 14:35:00,92.62184913757686,92.62184913757686,91.74770208953511,91.74770208953511,362600.0
2023-03-08 14:40:00,91.74770208953511,93.74564486658905,91.74770208953511,93.74564486658905,1096200.0
2023-03-08 14:45:00,93.74564486658905,93.74564486658905,91.55395830772537,91.55395830772537,340900.0
2023-03-08 14:50:00,91.55395830772537,92.0645503117473,91.55395830772537,92.0645503117473,357700.0
2023-03-08 14:55:00,92.0645503117473,92.0645503117473,91.13454241421812,91.13454241421812,963199.9999999999
2023-03-08 15:00:00,91.13454241421812,93.06518220326352,91.13454241421812,93.06518220326352,388500.0
2023-03-08 15:05:00,93.06518220326352,93.06518220326352,93.0368733609259,93.0368733609259,196000.0
2023-03-08 15:10:00,93.0368733609259,93.0368733609259,92.82477014108264,92.82477014108264,172900.0
2023-03-08 15:15:00,92.82477014108264,92.82477014108264,92.11871691576223,92.11871691576223,1106700.0
2023-03-08 15:20:00,92.11871691576223,92.11871691576223,92.09100424539692,92.09100424539692,103600.0
2023-03-08 15:25:00,92.09100424539692,93.63595342236569,92.09100424539692,93.63595342236569,552300.0
2023-03-08 15:30:00,93.63595342236569,93.63595342236569,92.67883470628696,92.67883470628696,954799.9999999999
2023-03-08 15:35:00,92.67883470628696,93.51946876544328,92.67883470628696,93.51946876544328,1369200.0
2023-03-08 15:40:00,93.51946876544328,93.51946876544328,92.43990487302771,92.43990487302771,844200.0
2023-03-08 15:45:00,92.43990487302771,93.39771906479115,92.43990487302771,93.39771906479115,1106700.0
2023-03-08 15:50:00,93.39771906479115,94.42535067992588,93.39771906479115,94.42535067992588,977899.9999999999
2023-03-08 15:55:00,94.42535067992588,94.42535067992588,93.74059670638768,93.74059670638768,1201900.0
2023-03-08 16:00:00,93.74059670638768,93.74059670638768,92.76684764873781,92.76684764873781,1131900.0
2023-03-09 09:30:00,92.76684764873781,93.47452823086908,92.76684764873781,93.47452823086908,144200.0
2023-03-09 09:35:00,93.47452823086908,93.47452823086908,92.9807170198284,92.9807170198284,1078700.0
2023-03-09 09:40:00,92.9807170198284,93.24921294365684,92.9807170198284,93.24921294365684,419300.0
2023-03-09 09:45:00,93.24921294365684,93.24921294365684,92.89089665260866,92.89089665260866,130899.99999999999
2023-03-09 09:50:00,92.89089665260866,93.0253620090558,92.89089665260866,93.0253620090558,1321600.0
2023-03-09 09:55:00,93.0253620090558,93.36634109833845,93.0253620090558,93.36634109833845,1006599.9999999999
2023-03-09 10:00:00,93.36634109833845,93.36634109833845,92.20901107530408,92.20901107530408,1022699.9999999999
2023-03-09 10:05:00,92.20901107530408,92.20901107530408,92.1657998237057,92.1657998237057,751100.0
2023-03-09 10:10:00,92.1657998237057,92.1657998237057,91.85643194103203,91.85643194103203,1346800.0
2023-03-09 10:15:00,91.85643194103203,91.85643194103203,91.69778103609863,91.69778103609863,1088500.0
2023-03-09 10:20:00,91.69778103609863,92.07844798524818,91.69778103609863,92.07844798524818,1318100.0
2023-03-09 10:25:00,92.07844798524818,93.32029226132892,92.07844798524818,93.32029226132892,735700.0
2023-03-09 10:30:00,93.32029226132892,93.32029226132892,92.2981885049866,92.2981885049866,885500.0
2023-03-09 10:35:00,92.2981885049866,93.57831499671978,92.2981885049866,93.57831499671978,131600.0
2023-03-09 10:40:00,93.57831499671978,93.57831499671978,93.21717433162908,93.21717433162908,849100.0
2023-03-09 10:45:00,93.21717433162908,93.21717433162908,91.40026828439461,91.40026828439461,1375500.0
2023-03-09 10:50:00,91.40026828439461,93.86395152835179,91.40026828439461,93.86395152835179,684600.0
2023-03-09 10:55:00,93.86395152835179,94.00629567434609,93.86395152835179,94.00629567434609,1045799.9999999999
2023-03-09 11:00:00,94.00629567434609,94.00629567434609,92.25969457692874,92.25969457692874,1311800.0
2023-03-09 11:05:00,92.25969457692874,93.59961992710781,92.25969457692874,93.59961992710781,609000.0
2023-03-09 11:10:00,93.59961992710781,93.59961992710781,92.39196741855014,92.39196741855014,765100.0
2023-03-09 11:15:00,92.39196741855014,93.27672617213362,92.39196741855014,93.27672617213362,1281700.0
2023-03-09 11:20:00,93.27672617213362,93.27672617213362,92.04727104577029,92.04727104577029,653100.0
2023-03-09 11:25:00,92.04727104577029,92.04727104577029,91.52143129230346,91.52143129230346,515899.99999999994
2023-03-09 11:30:00,91.52143129230346,92.8692170035913,91.52143129230346,92.8692170035913,1339800.0
2023-03-09 11:35:00,92.8692170035913,93.10157597418358,92.8692170035913,93.10157597418358,842100.0
2023-03-09 11:40:00,93.10157597418358,93.10157597418358,92.82999184999369,92.82999184999369,807100.0
2023-03-09 11:45:00,92.82999184999369,92.82999184999369,92.14013441081521,92.14013441081521,1323700.0
2023-03-09 11:50:00,92.14013441081521,92.93415744932761,92.14013441081521,92.93415744932761,187600.0
2023-03-09 11:55:00,92.93415744932761,93.57652688607081,92.93415744932761,93.57652688607081,301000.0
2023-03-09 12:00:00,93.57652688607081,93.57652688607081,93.303002547131,93.303002547131,800100.0
2023-03-09 12:05:00,93.303002547131,93.5885108732018,93.303002547131,93.5885108732018,408800.0
2023-03-09 12:10:00,93.5885108732018,93.5885108732018,92.88151136069473,92.88151136069473,1288700.0
2023-03-09 12:15:00,92.88151136069473,94.63895298881147,92.88151136069473,94.63895298881147,1183000.0
2023-03-09 12:20:00,94.63895298881147,94.63895298881147,92.49986178320773,92.49986178320773,1046499.9999999999
2023-03-09 12:25:00,92.49986178320773,94.10101870856602,92.49986178320773,94.10101870856602,805000.0
2023-03-09 12:30:00,94.10101870856602,94.6884657299593,94.10101870856602,94.6884657299593,295400.0
2023-03-09 12:35:00,94.6884657299593,94.6884657299593,94.0375833622891,94.0375833622891,298200.0
2023-03-09 12:40:00,94.0375833622891,94.0375833622891,93.36990446858682,93.36990446858682,877100.0
2023-03-09 12:45:00,93.36990446858682,93.36990446858682,93.09219848117449,93.09219848117449,1082200.0
2023-03-09 12:50:00,93.09219848117449,94.5839472256978,93.09219848117449,94.5839472256978,1000999.9999999999
2023-03-09 12:55:00,94.5839472256978,94.5839472256978,92.2427501555736,92.2427501555736,92400.0
2023-03-09 13:00:00,92.2427501555736,92.71503441247741,92.2427501555736,92.71503441247741,687400.0
2023-03-09 13:05:00,92.71503441247741,93.25986901150931,92.71503441247741,93.25986901150931,807100.0
2023-03-09 13:10:00,93.25986901150931,94.81320110667141,93.25986901150931,94.81320110667141,216300.0
2023-03-09 13:15:00,94.81320110667141,94.81320110667141,93.96110933808674,93.96110933808674,1159200.0
2023-03-09 13:20:00,93.96110933808674,93.96110933808674,92.74759387391165,92.74759387391165,828800.0
2023-03-09 13:25:00,92.74759387391165,93.26414890972592,92.74759387391165,93.26414890972592,307300.0
2023-03-09 13:30:00,93.26414890972592,93.26414890972592,93.01752092987076,93.01752092987076,840000.0
2023-03-09 13:35:00,93.01752092987076,93.01752092987076,92.98478342045757,92.98478342045757,651000.0
2023-03-09 13:40:00,92.98478342045757,94.53693997551893,92.98478342045757,94.53693997551893,875000.0
2023-03-09 13:45:00,94.53693997551893,94.53693997551893,92.41171178172893,92.41171178172893,656600.0
2023-03-09 13:50:00,92.41171178172893,95.22382512175918,92.41171178172893,95.22382512175918,1320200.0
2023-03-09 13:55:00,95.22382512175918,95.22382512175918,94.51141191553322,94.51141191553322,752500.0
2023-03-09 14:00:00,94.51141191553322,94.78454689936969,94.51141191553322,94.78454689936969,410900.0
2023-03-09 14:05:00,94.78454689936969,94.78454689936969,93.39807429240082,93.39807429240082,1007999.9999999999
2023-03-09 14:10:00,93.39807429240082,93.68657386644409,93.39807429240082,93.68657386644409,489299.99999999994
2023-03-09 14:15:00,93.68657386644409,93.68657386644409,92.50875564336988,92.50875564336988,722400.0
2023-03-09 14:20:00,92.50875564336988,93.34136599336172,92.50875564336988,93.34136599336172,539000.0
2023-03-09 14:25:00,93.34136599336172,94.31580652199543,93.34136599336172,94.31580652199543,659400.0
2023-03-09 14:30:00,94.31580652199543,95.0916448834529,94.31580652199543,95.0916448834529,477399.99999999994
2023-03-09 14:35:00,95.0916448834529,95.0916448834529,92.81924419956131,92.81924419956131,1279600.0
2023-03-09 14:40:00,92.81924419956131,93.53547463959134,92.81924419956131,93.53547463959134,445900.0
2023-03-09 14:45:00,93.53547463959134,93.74650804352332,93.53547463959134,93.74650804352332,737800.0
2023-03-09 14:50:00,93.74650804352332,93.74650804352332,92.60757713165307,92.60757713165307,707000.0
2023-03-09 14:55:00,92.60757713165307,94.42499924271848,92.60757713165307,94.42499924271848,570500.0
2023-03-09 15:00:00,94.42499924271848,94.42499924271848,93.30549421324571,93.30549421324571,356300.0
2023-03-09 15:05:00,93.30549421324571,93.86631256385714,93.30549421324571,93.86631256385714,1269100.0
2023-03-09 15:10:00,93.86631256385714,93.86631256385714,93.67971109494216,93.67971109494216,900900.0
2023-03-09 15:15:00,93.67971109494216,93.67971109494216,93.30723824611269,93.30723824611269,627900.0
2023-03-09 15:20:00,93.30723824611269,94.07089325230508,93.30723824611269,94.07089325230508,1047899.9999999999
2023-03-09 15:25:00,94.07089325230508,94.07089325230508,93.89301628857771,93.89301628857771,796600.0
2023-03-09 15:30:00,93.89301628857771,93.89301628857771,93.67519757351944,93.67519757351944,429800.0
2023-03-09 15:35:00,93.67519757351944,93.67519757351944,93.38572959586035,93.38572959586035,128799.99999999999
2023-03-09 15:40:00,93.38572959586035,94.3847968768695,93.38572959586035,94.3847968768695,818300.0
2023-03-09 15:45:00,94.3847968768695,95.67938152578253,94.3847968768695,95.67938152578253,1283100.0
2023-03-09 15:50:00,95.67938152578253,95.67938152578253,94.2501341548852,94.2501341548852,608300.0
2023-03-09 15:55:00,94.2501341548852,95.09086337355534,94.2501341548852,95.09086337355534,75600.0
2023-03-09 16:00:00,95.09086337355534,95.09086337355534,92.84101832703334,92.84101832703334,819700.0
2023-03-10 09:30:00,92.84101832703334,94.31871924199206,92.84101832703334,94.31871924199206,551600.0
2023-03-10 09:35:00,94.31871924199206,94.31871924199206,93.16859819545657,93.16859819545657,1064000.0
2023-03-10 09:40:00,93.16859819545657,93.16859819545657,92.79497187106048,92.79497187106048,291900.0
2023-03-10 09:45:00,92.79497187106048,93.46799056877185,92.79497187106048,93.46799056877185,543200.0
2023-03-10 09:50:00,93.46799056877185,95.19991540861258,93.46799056877185,95.19991540861258,1052800.0
2023-03-10 09:55:00,95.19991540861258,95.19991540861258,94.94479856755707,94.94479856755707,951299.9999999999
2023-03-10 10:00:00,94.94479856755707,94.94479856755707,94.30298479392822,94.30298479392822,98000.0
2023-03-10 10:05:00,94.30298479392822,94.30298479392822,92.59323312436648,92.59323312436648,1199800.0
2023-03-10 10:10:00,92.59323312436648,93.92053059825373,92.59323312436648,93.92053059825373,347200.0
2023-03-10 10:15:00,93.92053059825373,94.4236495523593,93.92053059825373,94.4236495523593,228200.0
2023-03-10 10:20:00,94.4236495523593,94.4236495523593,94.30994601896782,94.30994601896782,664300.0
2023-03-10 10:25:00,94.30994601896782,94.30994601896782,92.42370138901285,92.42370138901285,938699.9999999999
2023-03-10 10:30:00,92.42370138901285,93.35855233077456,92.42370138901285,93.35855233077456,188300.0
2023-03-10 10:35:00,93.35855233077456,94.188286543373,93.35855233077456,94.188286543373,1389500.0
2023-03-10 10:40:00,94.188286543373,94.71902795480966,94.188286543373,94.71902795480966,1159900.0
2023-03-10 10:45:00,94.71902795480966,94.71902795480966,92.17793370038584,92.17793370038584,824600.0
2023-03-10 10:50:00,92.17793370038584,94.03115440719758,92.17793370038584,94.03115440719758,273000.0
2023-03-10 10:55:00,94.03115440719758,94.37278963533309,94.03115440719758,94.37278963533309,1171100.0
2023-03-10 11:00:00,94.37278963533309,94.94562200670656,94.37278963533309,94.94562200670656,641200.0
2023-03-10 11:05:00,94.94562200670656,94.94562200670656,94.7528646674187,94.7528646674187,784700.0
2023-03-10 11:10:00,94.7528646674187,94.7528646674187,94.64928148690366,94.64928148690366,874300.0
2023-03-10 11:15:00,94.64928148690366,94.64928148690366,93.32883862590461,93.32883862590461,127399.99999999999
2023-03-10 11:20:00,93.32883862590461,93.32883862590461,92.29086835203674,92.29086835203674,167300.0
2023-03-10 11:25:00,92.29086835203674,93.61210227709938,92.29086835203674,93.61210227709938,1158500.0
2023-03-10 11:30:00,93.61210227709938,94.877627506697,93.61210227709938,94.877627506697,599200.0
2023-03-10 11:35:00,94.877627506697,95.26226021604096,94.877627506697,95.26226021604096,1103200.0
2023-03-10 11:40:00,95.26226021604096,95.26226021604096,94.66557334542884,94.66557334542884,536200.0
2023-03-10 11:45:00,94.66557334542884,94.66557334542884,94.37791433971802,94.37791433971802,890400.0
2023-03-10 11:50:00,94.37791433971802,94.37791433971802,94.29919101215606,94.29919101215606,1132600.0
2023-03-10 11:55:00,94.29919101215606,94.29919101215606,93.38412688916722,93.38412688916722,1302000.0
2023-03-10 12:00:00,93.38412688916722,93.79263540981601,93.38412688916722,93.79263540981601,625100.0
2023-03-10 12:05:00,93.79263540981601,95.52083029473945,93.79263540981601,95.52083029473945,714000.0
2023-03-10 12:10:00,95.52083029473945,95.52083029473945,93.03106449941188,93.03106449941188,757400.0
2023-03-10 12:15:00,93.03106449941188,95.3973626287833,93.03106449941188,95.3973626287833,819000.0
2023-03-10 12:20:00,95.3973626287833,95.3973626287833,93.50067176785141,93.50067176785141,1276100.0
2023-03-10 12:25:00,93.50067176785141,95.01789059923718,93.50067176785141,95.01789059923718,800100.0
2023-03-10 12:30:00,95.01789059923718,95.01789059923718,92.50866755744934,92.50866755744934,1104600.0
2023-03-10 12:35:00,92.50866755744934,94.33773504965949,92.50866755744934,94.33773504965949,1021299.9999999999
2023-03-10 12:40:00,94.33773504965949,94.33773504965949,93.09466697683894,93.09466697683894,370300.0
2023-03-10 12:45:00,93.09466697683894,93.09466697683894,92.45059558427874,92.45059558427874,109200.0
2023-03-10 12:50:00,92.45059558427874,93.97634802207612,92.45059558427874,93.97634802207612,363300.0
2023-03-10 12:55:00,93.97634802207612,94.7079822183796,93.97634802207612,94.7079822183796,882000.0
2023-03-10 13:00:00,94.7079822183796,94.7079822183796,92.94633054050203,92.94633054050203,130199.99999999999
2023-03-10 13:05:00,92.94633054050203,92.94633054050203,92.29671142313373,92.29671142313373,833000.0
2023-03-10 13:10:00,92.29671142313373,93.70979207444793,92.29671142313373,93.70979207444793,1332800.0
2023-03-10 13:15:00,93.70979207444793,93.72050019979322,93.70979207444793,93.72050019979322,899500.0
2023-03-10 13:20:00,93.72050019979322,94.30234098702358,93.72050019979322,94.30234098702358,838600.0
2023-03-10 13:25:00,94.30234098702358,94.63730640255571,94.30234098702358,94.63730640255571,192500.0
2023-03-10 13:30:00,94.63730640255571,94.63730640255571,93.66867947560316,93.66867947560316,725200.0
2023-03-10 13:35:00,93.66867947560316,95.45926205343724,93.66867947560316,95.45926205343724,107100.0
2023-03-10 13:40:00,95.45926205343724,95.45926205343724,93.85941863877987,93.85941863877987,859600.0
2023-03-10 13:45:00,93.85941863877987,93.85941863877987,93.31797691902467,93.31797691902467,794500.0
2023-03-10 13:50:00,93.31797691902467,93.31797691902467,92.11859021668495,92.11859021668495,1038099.9999999999
2023-03-10 13:55:00,92.11859021668495,93.42786781411586,92.11859021668495,93.42786781411586,1162700.0
2023-03-10 14:00:00,93.42786781411586,93.42786781411586,93.28020606701212,93.28020606701212,553000.0
2023-03-10 14:05:00,93.28020606701212,94.54543687406658,93.28020606701212,94.54543687406658,571900.0
2023-03-10 14:10:00,94.54543687406658,94.54543687406658,94.0933002647285,94.0933002647285,315000.0
2023-03-10 14:15:00,94.0933002647285,94.0933002647285,92.50555447915822,92.50555447915822,324100.0
2023-03-10 14:20:00,92.50555447915822,93.77467510236451,92.50555447915822,93.77467510236451,748300.0
2023-03-10 14:25:00,93.77467510236451,94.22781579966379,93.77467510236451,94.22781579966379,166600.0
2023-03-10 14:30:00,94.22781579966379,95.0649236332036,94.22781579966379,95.0649236332036,1198400.0
2023-03-10 14:35:00,95.0649236332036,95.0649236332036,94.47302384475844,94.47302384475844,207200.0
2023-03-10 14:40:00,94.47302384475844,94.47302384475844,94.32520071356338,94.32520071356338,442400.0
2023-03-10 14:45:00,94.32520071356338,94.32520071356338,93.63004956333053,93.63004956333053,1272600.0
2023-03-10 14:50:00,93.63004956333053,93.97994236120698,93.63004956333053,93.97994236120698,1280300.0
2023-03-10 14:55:00,93.97994236120698,94.7973966370783,93.97994236120698,94.7973966370783,582400.0
2023-03-10 15:00:00,94.7973966370783,94.7973966370783,92.34539473028636,92.34539473028636,1354500.0
2023-03-10 15:05:00,92.34539473028636,93.22797745349021,92.34539473028636,93.22797745349021,1362200.0
2023-03-10 15:10:00,93.22797745349021,93.22797745349021,92.86765923403767,92.86765923403767,1021299.9999999999
2023-03-10 15:15:00,92.86765923403767,93.99025435785217,92.86765923403767,93.99025435785217,214200.0
2023-03-10 15:20:00,93.99025435785217,94.82679260277189,93.99025435785217,94.82679260277189,813400.0
2023-03-10 15:25:00,94.82679260277189,94.82679260277189,93.14467961035227,93.14467961035227,155400.0
2023-03-10 15:30:00,93.14467961035227,93.14467961035227,91.52096481997471,91.52096481997471,678300.0
2023-03-10 15:35:00,91.52096481997471,93.37641979384334,91.52096481997471,93.37641979384334,355600.0
2023-03-10 15:40:00,93.37641979384334,94.67947502577269,93.37641979384334,94.67947502577269,1234100.0
2023-03-10 15:45:00,94.67947502577269,94.67947502577269,94.28383399385723,94.28383399385723,1037399.9999999999
2023-03-10 15:50:00,94.28383399385723,94.28383399385723,94.19341796355168,94.19341796355168,1150100.0
2023-03-10 15:55:00,94.19341796355168,94.19341796355168,93.48453931556399,93.48453931556399,237999.99999999997
2023-03-10 16:00:00,93.48453931556399,93.48453931556399,92.55969862669673,92.55969862669673,408800.0
2023-03-13 09:30:00,92.55969862669673,94.30193146887166,92.55969862669673,94.30193146887166,637700.0
2023-03-13 09:35:00,94.30193146887166,94.30193146887166,93.0308889201887,93.0308889201887,123899.99999999999
2023-03-13 09:40:00,93.0308889201887,95.8755992095505,93.0308889201887,95.8755992095505,780500.0
2023-03-13 09:45:00,95.8755992095505,95.8755992095505,94.26514716254235,94.26514716254235,1258600.0
2023-03-13 09:50:00,94.26514716254235,94.26514716254235,93.20648119609558,93.20648119609558,795900.0
2023-03-13 09:55:00,93.20648119609558,93.20648119609558,93.18936145960186,93.18936145960186,534100.0
2023-03-13 10:00:00,93.18936145960186,93.71307357357544,93.18936145960186,93.71307357357544,1145900.0
2023-03-13 10:05:00,93.71307357357544,93.71307357357544,93.52150382122639,93.52150382122639,248499.99999999997
2023-03-13 10:10:00,93.52150382122639,94.73615509139508,93.52150382122639,94.73615509139508,727300.0
2023-03-13 10:15:00,94.73615509139508,94.73615509139508,93.86629696077969,93.86629696077969,837900.0
2023-03-13 10:20:00,93.86629696077969,93.86629696077969,92.93797915518084,92.93797915518084,1151500.0
2023-03-13 10:25:00,92.93797915518084,95.47083085728396,92.93797915518084,95.47083085728396,970199.9999999999
2023-03-13 10:30:00,95.47083085728396,95.47083085728396,93.77432901563594,93.77432901563594,766500.0
2023-03-13 10:35:00,93.77432901563594,94.4916258999107,93.77432901563594,94.4916258999107,1143100.0
2023-03-13 10:40:00,94.4916258999107,94.4916258999107,93.19777158869591,93.19777158869591,1269100.0
2023-03-13 10:45:00,93.19777158869591,94.05498333324648,93.19777158869591,94.05498333324648,896000.0
2023-03-13 10:50:00,94.05498333324648,94.05498333324648,94.03409568925873,94.03409568925873,947099.9999999999
2023-03-13 10:55:00,94.03409568925873,94.03409568925873,91.95886734677478,91.95886734677478,179200.0
2023-03-13 11:00:00,91.95886734677478,95.55875733969951,91.95886734677478,95.55875733969951,1358700.0
2023-03-13 11:05:00,95.55875733969951,95.55875733969951,94.91972060526705,94.91972060526705,550200.0
2023-03-13 11:10:00,94.91972060526705,94.91972060526705,93.38696690508493,93.38696690508493,385700.0
2023-03-13 11:15:00,93.38696690508493,93.38696690508493,92.75547463789043,92.75547463789043,889700.0
2023-03-13 11:20:00,92.75547463789043,94.03053212282315,92.75547463789043,94.03053212282315,683200.0
2023-03-13 11:25:00,94.03053212282315,94.03053212282315,93.80696075509023,93.80696075509023,693000.0
2023-03-13 11:30:00,93.80696075509023,94.04308161419328,93.80696075509023,94.04308161419328,991199.9999999999
2023-03-13 11:35:00,94.04308161419328,94.04308161419328,93.9301710329911,93.9301710329911,296800.0
2023-03-13 11:40:00,93.9301710329911,94.28533435299917,93.9301710329911,94.28533435299917,464099.99999999994
2023-03-13 11:45:00,94.28533435299917,95.16815264006799,94.28533435299917,95.16815264006799,73500.0
2023-03-13 11:50:00,95.16815264006799,95.16815264006799,94.24762526960231,94.24762526960231,796600.0
2023-03-13 11:55:00,94.24762526960231,94.24762526960231,92.75085563638,92.75085563638,507499.99999999994
2023-03-13 12:00:00,92.75085563638,94.98189364506331,92.75085563638,94.98189364506331,951299.9999999999
2023-03-13 12:05:00,94.98189364506331,95.26069434951502,94.98189364506331,95.26069434951502,520099.99999999994
2023-03-13 12:10:00,95.26069434951502,96.6497186550344,95.26069434951502,96.6497186550344,734300.0
2023-03-13 12:15:00,96.6497186550344,96.6497186550344,92.63751875408563,92.63751875408563,428400.0
2023-03-13 12:20:00,92.63751875408563,93.82355150220523,92.63751875408563,93.82355150220523,1173200.0
2023-03-13 12:25:00,93.82355150220523,93.82355150220523,91.59672571858738,91.59672571858738,739200.0
2023-03-13 12:30:00,91.59672571858738,94.02793822524063,91.59672571858738,94.02793822524063,106400.0
2023-03-13 12:35:00,94.02793822524063,94.02793822524063,92.96477366522423,92.96477366522423,981399.9999999999
2023-03-13 12:40:00,92.96477366522423,95.31273214844028,92.96477366522423,95.31273214844028,439600.0
2023-03-13 12:45:00,95.31273214844028,95.31273214844028,92.72041189601453,92.72041189601453,106400.0
2023-03-13 12:50:00,92.72041189601453,92.72041189601453,91.84491676067755,91.84491676067755,721000.0
2023-03-13 12:55:00,91.84491676067755,92.95029015619943,91.84491676067755,92.95029015619943,604800.0
2023-03-13 13:00:00,92.95029015619943,92.95029015619943,91.58991111442225,91.58991111442225,555800.0
2023-03-13 13:05:00,91.58991111442225,94.1247617055619,91.58991111442225,94.1247617055619,1218000.0
2023-03-13 13:10:00,94.1247617055619,94.1247617055619,91.4670315115794,91.4670315115794,1163400.0
2023-03-13 13:15:00,91.4670315115794,93.3457539847467,91.4670315115794,93.3457539847467,714000.0
2023-03-13 13:20:00,93.3457539847467,93.3457539847467,91.38701670429992,91.38701670429992,338100.0
2023-03-13 13:25:00,91.38701670429992,92.9585679482296,91.38701670429992,92.9585679482296,381500.0
2023-03-13 13:30:00,92.9585679482296,94.86299845357331,92.9585679482296,94.86299845357331,319900.0
2023-03-13 13:35:00,94.86299845357331,94.86299845357331,93.64664244108586,93.64664244108586,917000.0
2023-03-13 13:40:00,93.64664244108586,93.64664244108586,92.47837182709739,92.47837182709739,547400.0
2023-03-13 13:45:00,92.47837182709739,93.21592231651725,92.47837182709739,93.21592231651725,694400.0
2023-03-13 13:50:00,93.21592231651725,93.220759268477,93.21592231651725,93.220759268477,613900.0
2023-03-13 13:55:00,93.220759268477,93.64712363025613,93.220759268477,93.64712363025613,607600.0
2023-03-13 14:00:00,93.64712363025613,93.64712363025613,91.8914799631173,91.8914799631173,1094800.0
2023-03-13 14:05:00,91.8914799631173,93.67366015602062,91.8914799631173,93.67366015602062,495599.99999999994
2023-03-13 14:10:00,93.67366015602062,93.67366015602062,90.64347510836316,90.64347510836316,233799.99999999997
2023-03-13 14:15:00,90.64347510836316,92.5711464984849,90.64347510836316,92.5711464984849,410200.0
2023-03-13 14:20:00,92.5711464984849,92.6225612231533,92.5711464984849,92.6225612231533,441000.0
2023-03-13 14:25:00,92.6225612231533,93.73219918282597,92.6225612231533,93.73219918282597,251299.99999999997
2023-03-13 14:30:00,93.73219918282597,93.73219918282597,93.1075503954754,93.1075503954754,1285900.0
2023-03-13 14:35:00,93.1075503954754,93.1075503954754,91.77407357082492,91.77407357082492,558600.0
2023-03-13 14:40:00,91.77407357082492,92.18981432418693,91.77407357082492,92.18981432418693,179900.0
2023-03-13 14:45:00,92.18981432418693,93.25530050956958,92.18981432418693,93.25530050956958,249199.99999999997
2023-03-13 14:50:00,93.25530050956958,93.25530050956958,92.96587893441274,92.96587893441274,758100.0
2023-03-13 14:55:00,92.96587893441274,92.96587893441274,92.45797691531972,92.45797691531972,932399.9999999999
2023-03-13 15:00:00,92.45797691531972,92.55571985647404,92.45797691531972,92.55571985647404,1101100.0
2023-03-13 15:05:00,92.55571985647404,93.64443483784788,92.55571985647404,93.64443483784788,825300.0
2023-03-13 15:10:00,93.64443483784788,93.64443483784788,92.49214046465772,92.49214046465772,1397200.0
2023-03-13 15:15:00,92.49214046465772,92.92001041002491,92.49214046465772,92.92001041002491,965299.9999999999
2023-03-13 15:20:00,92.92001041002491,95.00330879985913,92.92001041002491,95.00330879985913,572600.0
2023-03-13 15:25:00,95.00330879985913,95.00330879985913,91.61273806452452,91.61273806452452,253399.99999999997
2023-03-13 15:30:00,91.61273806452452,91.61273806452452,91.23021682496834,91.23021682496834,667800.0
2023-03-13 15:35:00,91.23021682496834,93.7385985603258,91.23021682496834,93.7385985603258,781200.0
2023-03-13 15:40:00,93.7385985603258,93.7385985603258,92.41804775950474,92.41804775950474,665000.0
2023-03-13 15:45:00,92.41804775950474,92.68323016249724,92.41804775950474,92.68323016249724,529900.0
2023-03-13 15:50:00,92.68323016249724,92.68323016249724,92.28734661455117,92.28734661455117,692300.0
2023-03-13 15:55:00,92.28734661455117,92.7511399979481,92.28734661455117,92.7511399979481,172900.0
2023-03-13 16:00:00,92.7511399979481,94.54182964151711,92.7511399979481,94.54182964151711,1212400.0
2023-03-14 09:30:00,94.54182964151711,94.54182964151711,93.784819083342,93.784819083342,870800.0
2023-03-14 09:35:00,93.784819083342,93.8085168140769,93.784819083342,93.8085168140769,230299.99999999997
2023-03-14 09:40:00,93.8085168140769,93.8085168140769,91.72075916660386,91.72075916660386,206500.0
2023-03-14 09:45:00,91.72075916660386,91.98142797156545,91.72075916660386,91.98142797156545,963199.9999999999
2023-03-14 09:50:00,91.98142797156545,91.98142797156545,90.40308894792659,90.40308894792659,324800.0
2023-03-14 09:55:00,90.40308894792659,92.30031535204115,90.40308894792659,92.30031535204115,433300.0
2023-03-14 10:00:00,92.30031535204115,93.89534461463404,92.30031535204115,93.89534461463404,1069600.0
2023-03-14 10:05:00,93.89534461463404,93.89534461463404,93.46767879994533,93.46767879994533,307300.0
2023-03-14 10:10:00,93.46767879994533,93.46767879994533,92.81891246929027,92.81891246929027,777700.0
2023-03-14 10:15:00,92.81891246929027,93.01888002741661,92.81891246929027,93.01888002741661,102900.0
2023-03-14 10:20:00,93.01888002741661,93.01888002741661,92.44112182928397,92.44112182928397,329700.0
2023-03-14 10:25:00,92.44112182928397,93.28239186574335,92.44112182928397,93.28239186574335,430500.0
2023-03-14 10:30:00,93.28239186574335,93.79689833126967,93.28239186574335,93.79689833126967,1206800.0
2023-03-14 10:35:00,93.79689833126967,93.79689833126967,91.60108804234987,91.60108804234987,101500.0
2023-03-14 10:40:00,91.60108804234987,93.3645073500403,91.60108804234987,93.3645073500403,1068200.0
2023-03-14 10:45:00,93.3645073500403,93.9782320962388,93.3645073500403,93.9782320962388,403200.0
2023-03-14 10:50:00,93.9782320962388,93.9782320962388,92.74318136886312,92.74318136886312,968099.9999999999
2023-03-14 10:55:00,92.74318136886312,93.68637332453771,92.74318136886312,93.68637332453771,324100.0
2023-03-14 11:00:00,93.68637332453771,95.70960190198987,93.68637332453771,95.70960190198987,125299.99999999999
2023-03-14 11:05:00,95.70960190198987,95.70960190198987,93.08142170127407,93.08142170127407,404600.0
2023-03-14 11:10:00,93.08142170127407,93.55932600926563,93.08142170127407,93.55932600926563,418600.0
2023-03-14 11:15:00,93.55932600926563,93.55932600926563,92.46273281089309,92.46273281089309,655200.0
2023-03-14 11:20:00,92.46273281089309,93.2806955453417,92.46273281089309,93.2806955453417,328300.0
2023-03-14 11:25:00,93.2806955453417,93.49202773260899,93.2806955453417,93.49202773260899,157500.0
2023-03-14 11:30:00,93.49202773260899,93.49202773260899,93.25633115670955,93.25633115670955,512399.99999999994
2023-03-14 11:35:00,93.25633115670955,93.25633115670955,92.13788508061005,92.13788508061005,261799.99999999997
2023-03-14 11:40:00,92.13788508061005,93.23134730459316,92.13788508061005,93.23134730459316,471799.99999999994
2023-03-14 11:45:00,93.23134730459316,94.468627372942,93.23134730459316,94.468627372942,621600.0
2023-03-14 11:50:00,94.468627372942,94.468627372942,93.41203864296713,93.41203864296713,1144500.0
2023-03-14 11:55:00,93.41203864296713,93.9075259171581,93.41203864296713,93.9075259171581,737800.0
2023-03-14 12:00:00,93.9075259171581,93.9075259171581,92.80881046536913,92.80881046536913,707000.0
2023-03-14 12:05:00,92.80881046536913,93.6716098831933,92.80881046536913,93.6716098831933,1192100.0
2023-03-14 12:10:00,93.6716098831933,93.6716098831933,93.18303241205287,93.18303241205287,956899.9999999999
2023-03-14 12:15:00,93.18303241205287,93.18303241205287,92.07437376458051,92.07437376458051,180600.0
2023-03-14 12:20:00,92.07437376458051,93.35089180853772,92.07437376458051,93.35089180853772,1007299.9999999999
2023-03-14 12:25:00,93.35089180853772,93.35089180853772,92.22514418560185,92.22514418560185,916300.0
2023-03-14 12:30:00,92.22514418560185,92.49677690949241,92.22514418560185,92.49677690949241,1187200.0
2023-03-14 12:35:00,92.49677690949241,93.3307933806475,92.49677690949241,93.3307933806475,1070300.0
2023-03-14 12:40:00,93.3307933806475,93.4358589040055,93.3307933806475,93.4358589040055,933099.9999999999
2023-03-14 12:45:00,93.4358589040055,93.4358589040055,92.08609645222512,92.08609645222512,742000.0
2023-03-14 12:50:00,92.08609645222512,94.18022198905909,92.08609645222512,94.18022198905909,937299.9999999999
2023-03-14 12:55:00,94.18022198905909,94.18022198905909,93.69880990676006,93.69880990676006,1185100.0
2023-03-14 13:00:00,93.69880990676006,93.69880990676006,92.57097420171921,92.57097420171921,1330700.0
2023-03-14 13:05:00,92.57097420171921,92.57097420171921,91.85197451472882,91.85197451472882,1237600.0
2023-03-14 13:10:00,91.85197451472882,93.11828949291281,91.85197451472882,93.11828949291281,1148700.0
2023-03-14 13:15:00,93.11828949291281,93.11828949291281,92.88559220357926,92.88559220357926,714000.0
2023-03-14 13:20:00,92.88559220357926,93.408245941201,92.88559220357926,93.408245941201,798700.0
2023-03-14 13:25:00,93.408245941201,93.408245941201,93.08664463536311,93.08664463536311,889700.0
2023-03-14 13:30:00,93.08664463536311,93.08664463536311,91.46476703891503,91.46476703891503,499099.99999999994
2023-03-14 13:35:00,91.46476703891503,93.00291338660323,91.46476703891503,93.00291338660323,227500.0
2023-03-14 13:40:00,93.00291338660323,93.00291338660323,92.99363434006644,92.99363434006644,1371300.0
2023-03-14 13:45:00,92.99363434006644,93.81315305773091,92.99363434006644,93.81315305773091,74900.0
2023-03-14 13:50:00,93.81315305773091,93.81315305773091,92.56298246421898,92.56298246421898,203000.0
2023-03-14 13:55:00,92.56298246421898,94.74708230693643,92.56298246421898,94.74708230693643,355600.0
2023-03-14 14:00:00,94.74708230693643,94.74708230693643,91.38225376700461,91.38225376700461,949199.9999999999
2023-03-14 14:05:00,91.38225376700461,94.40531726195871,91.38225376700461,94.40531726195871,1334900.0
2023-03-14 14:10:00,94.40531726195871,94.40531726195871,93.03369251096211,93.03369251096211,830200.0
2023-03-14 14:15:00,93.03369251096211,94.05720382594438,93.03369251096211,94.05720382594438,825300.0
2023-03-14 14:20:00,94.05720382594438,94.05720382594438,93.2537530239836,93.2537530239836,1166200.0
2023-03-14 14:25:00,93.2537530239836,94.2637392446552,93.2537530239836,94.2637392446552,88900.0
2023-03-14 14:30:00,94.2637392446552,94.2637392446552,92.87194748463281,92.87194748463281,1056300.0
2023-03-14 14:35:00,92.87194748463281,92.87194748463281,92.14533802837583,92.14533802837583,74200.0
2023-03-14 14:40:00,92.14533802837583,94.5173637078669,92.14533802837583,94.5173637078669,556500.0
2023-03-14 14:45:00,94.5173637078669,94.5173637078669,93.06354201154474,93.06354201154474,716800.0
2023-03-14 14:50:00,93.06354201154474,93.38087872338633,93.06354201154474,93.38087872338633,711900.0
2023-03-14 14:55:00,93.38087872338633,94.25576500698372,93.38087872338633,94.25576500698372,457100.0
2023-03-14 15:00:00,94.25576500698372,94.25576500698372,92.17827404020449,92.17827404020449,773500.0
2023-03-14 15:05:00,92.17827404020449,93.74428421390974,92.17827404020449,93.74428421390974,1059800.0
2023-03-14 15:10:00,93.74428421390974,93.74428421390974,92.65482556896168,92.65482556896168,380100.0
2023-03-14 15:15:00,92.65482556896168,93.11077902588637,92.65482556896168,93.11077902588637,1239000.0
2023-03-14 15:20:00,93.11077902588637,93.36453171016397,93.11077902588637,93.36453171016397,527100.0
2023-03-14 15:25:00,93.36453171016397,93.36453171016397,91.91502606706517,91.91502606706517,1092000.0
2023-03-14 15:30:00,91.91502606706517,92.55937875809028,91.91502606706517,92.55937875809028,982799.9999999999
2023-03-14 15:35:00,92.55937875809028,94.57115650313183,92.55937875809028,94.57115650313183,808500.0
2023-03-14 15:40:00,94.57115650313183,94.57115650313183,94.13054885197359,94.13054885197359,639100.0
2023-03-14 15:45:00,94.13054885197359,94.13054885197359,93.2604509324845,93.2604509324845,71400.0
2023-03-14 15:50:00,93.2604509324845,93.55057279687213,93.2604509324845,93.55057279687213,1037399.9999999999
2023-03-14 15:55:00,93.55057279687213,93.55057279687213,93.00663449164625,93.00663449164625,225400.0
2023-03-14 16:00:00,93.00663449164625,94.51957706084897,93.00663449164625,94.51957706084897,328300.0
2023-03-15 09:30:00,94.51957706084897,94.51957706084897,92.9764583734974,92.9764583734974,261099.99999999997
2023-03-15 09:35:00,92.9764583734974,93.44337996433262,92.9764583734974,93.44337996433262,564200.0
2023-03-15 09:40:00,93.44337996433262,94.26726316065337,93.44337996433262,94.26726316065337,796600.0
2023-03-15 09:45:00,94.26726316065337,94.26726316065337,92.44118700799159,92.44118700799159,536900.0
2023-03-15 09:50:00,92.44118700799159,94.69627451871152,92.44118700799159,94.69627451871152,508199.99999999994
2023-03-15 09:55:00,94.69627451871152,94.69627451871152,91.84586531067431,91.84586531067431,620200.0
2023-03-15 10:00:00,91.84586531067431,94.77844308145862,91.84586531067431,94.77844308145862,239399.99999999997
2023-03-15 10:05:00,94.77844308145862,94.77844308145862,92.84177116770682,92.84177116770682,937299.9999999999
2023-03-15 10:10:00,92.84177116770682,92.99476314472236,92.84177116770682,92.99476314472236,1190700.0
2023-03-15 10:15:00,92.99476314472236,92.99476314472236,91.40774390126721,91.40774390126721,893900.0
2023-03-15 10:20:00,91.40774390126721,92.78898151177403,91.40774390126721,92.78898151177403,70700.0
2023-03-15 10:25:00,92.78898151177403,92.78898151177403,92.27211453704307,92.27211453704307,820400.0
2023-03-15 10:30:00,92.27211453704307,92.68417041999102,92.27211453704307,92.68417041999102,970899.9999999999
2023-03-15 10:35:00,92.68417041999102,93.09662677079598,92.68417041999102,93.09662677079598,826700.0
2023-03-15 10:40:00,93.09662677079598,94.10299659020974,93.09662677079598,94.10299659020974,276500.0
2023-03-15 10:45:00,94.10299659020974,94.10299659020974,93.462009390496,93.462009390496,1090600.0
2023-03-15 10:50:00,93.462009390496,93.58779067175581,93.462009390496,93.58779067175581,856100.0
2023-03-15 10:55:00,93.58779067175581,93.58779067175581,92.29787588878216,92.29787588878216,1328600.0
2023-03-15 11:00:00,92.29787588878216,92.48302196693942,92.29787588878216,92.48302196693942,70700.0
2023-03-15 11:05:00,92.48302196693942,94.96804977635853,92.48302196693942,94.96804977635853,291200.0
2023-03-15 11:10:00,94.96804977635853,94.96804977635853,92.71475163725317,92.71475163725317,228900.0
2023-03-15 11:15:00,92.71475163725317,94.93728282054948,92.71475163725317,94.93728282054948,325500.0
2023-03-15 11:20:00,94.93728282054948,94.93728282054948,93.17890404763435,93.17890404763435,1254400.0
2023-03-15 11:25:00,93.17890404763435,93.38187641002858,93.17890404763435,93.38187641002858,984199.9999999999
2023-03-15 11:30:00,93.38187641002858,94.377263365068,93.38187641002858,94.377263365068,1370600.0
2023-03-15 11:35:00,94.377263365068,94.63200558976716,94.377263365068,94.63200558976716,120399.99999999999
2023-03-15 11:40:00,94.63200558976716,94.63200558976716,93.27036565969176,93.27036565969176,609700.0
2023-03-15 11:45:00,93.27036565969176,93.27036565969176,92.98183367911616,92.98183367911616,680400.0
2023-03-15 11:50:00,92.98183367911616,93.33100532032489,92.98183367911616,93.33100532032489,1372700.0
2023-03-15 11:55:00,93.33100532032489,93.69331097256402,93.33100532032489,93.69331097256402,154700.0
2023-03-15 12:00:00,93.69331097256402,94.29467540949355,93.69331097256402,94.29467540949355,751100.0
2023-03-15 12:05:00,94.29467540949355,94.29467540949355,93.4721185215818,93.4721185215818,755300.0
2023-03-15 12:10:00,93.4721185215818,94.0975349068253,93.4721185215818,94.0975349068253,917699.9999999999
2023-03-15 12:15:00,94.0975349068253,95.1005630139192,94.0975349068253,95.1005630139192,676200.0
2023-03-15 12:20:00,95.1005630139192,95.1005630139192,93.992864071935,93.992864071935,333200.0
2023-03-15 12:25:00,93.992864071935,94.01837160310481,93.992864071935,94.01837160310481,503999.99999999994
2023-03-15 12:30:00,94.01837160310481,94.01837160310481,92.2676036655975,92.2676036655975,800100.0
2023-03-15 12:35:00,92.2676036655975,92.2676036655975,91.27308347375961,91.27308347375961,1012199.9999999999
2023-03-15 12:40:00,91.27308347375961,94.15815301494604,91.27308347375961,94.15815301494604,588000.0
2023-03-15 12:45:00,94.15815301494604,94.15815301494604,93.7291160665774,93.7291160665774,1145200.0
2023-03-15 12:50:00,93.7291160665774,93.7291160665774,93.3871591262803,93.3871591262803,816900.0
2023-03-15 12:55:00,93.3871591262803,94.06512710187977,93.3871591262803,94.06512710187977,349300.0
2023-03-15 13:00:00,94.06512710187977,94.06512710187977,93.81311292237976,93.81311292237976,177800.0
2023-03-15 13:05:00,93.81311292237976,94.9124584385359,93.81311292237976,94.9124584385359,925399.9999999999
2023-03-15 13:10:00,94.9124584385359,94.9124584385359,94.03299651097126,94.03299651097126,1300600.0
2023-03-15 13:15:00,94.03299651097126,94.03299651097126,93.23038215780109,93.23038215780109,301000.0
2023-03-15 13:20:00,93.23038215780109,94.77594755410301,93.23038215780109,94.77594755410301,1393000.0
2023-03-15 13:25:00,94.77594755410301,94.77594755410301,93.6493448239756,93.6493448239756,932399.9999999999
2023-03-15 13:30:00,93.6493448239756,94.34520074771305,93.6493448239756,94.34520074771305,242199.99999999997
2023-03-15 13:35:00,94.34520074771305,94.34520074771305,93.40288882015861,93.40288882015861,370300.0
2023-03-15 13:40:00,93.40288882015861,93.40288882015861,93.26115880881007,93.26115880881007,980699.9999999999
2023-03-15 13:45:00,93.26115880881007,93.94969140486505,93.26115880881007,93.94969140486505,1246700.0
2023-03-15 13:50:00,93.94969140486505,93.94969140486505,93.86806129031825,93.86806129031825,753200.0
2023-03-15 13:55:00,93.86806129031825,94.34084410445067,93.86806129031825,94.34084410445067,541800.0
2023-03-15 14:00:00,94.34084410445067,94.34084410445067,93.68631332923296,93.68631332923296,159600.0
2023-03-15 14:05:00,93.68631332923296,93.68631332923296,92.21335951984437,92.21335951984437,842100.0
2023-03-15 14:10:00,92.21335951984437,93.55080107050249,92.21335951984437,93.55080107050249,337400.0
2023-03-15 14:15:00,93.55080107050249,94.7061680592599,93.55080107050249,94.7061680592599,399700.0
2023-03-15 14:20:00,94.7061680592599,94.7061680592599,93.68174310093583,93.68174310093583,899500.0
2023-03-15 14:25:00,93.68174310093583,93.76072794200641,93.68174310093583,93.76072794200641,1251600.0
2023-03-15 14:30:00,93.76072794200641,94.92470674621686,93.76072794200641,94.92470674621686,1341900.0
2023-03-15 14:35:00,94.92470674621686,94.92470674621686,93.39450597353431,93.39450597353431,646800.0
2023-03-15 14:40:00,93.39450597353431,93.39450597353431,92.6509338596776,92.6509338596776,1166900.0
2023-03-15 14:45:00,92.6509338596776,93.91784590498777,92.6509338596776,93.91784590498777,331100.0
2023-03-15 14:50:00,93.91784590498777,93.91784590498777,93.7067506791451,93.7067506791451,1073100.0
2023-03-15 14:55:00,93.7067506791451,93.7067506791451,93.2678274082473,93.2678274082473,930299.9999999999
2023-03-15 15:00:00,93.2678274082473,94.0353136539397,93.2678274082473,94.0353136539397,289100.0
2023-03-15 15:05:00,94.0353136539397,94.66189925141542,94.0353136539397,94.66189925141542,502599.99999999994
2023-03-15 15:10:00,94.66189925141542,94.66189925141542,94.21053657424143,94.21053657424143,853300.0
2023-03-15 15:15:00,94.21053657424143,94.50789040513726,94.21053657424143,94.50789040513726,1287300.0
2023-03-15 15:20:00,94.50789040513726,95.9634367739566,94.50789040513726,95.9634367739566,1392300.0
2023-03-15 15:25:00,95.9634367739566,95.9634367739566,93.89608680716053,93.89608680716053,805000.0
2023-03-15 15:30:00,93.89608680716053,94.42184037669799,93.89608680716053,94.42184037669799,1196300.0
2023-03-15 15:35:00,94.42184037669799,94.42184037669799,93.68785365745238,93.68785365745238,691600.0
2023-03-15 15:40:00,93.68785365745238,93.68785365745238,93.38275434807166,93.38275434807166,912100.0
2023-03-15 15:45:00,93.38275434807166,93.68005140764474,93.38275434807166,93.68005140764474,1006599.9999999999
2023-03-15 15:50:00,93.68005140764474,93.80072256022505,93.68005140764474,93.80072256022505,282100.0
2023-03-15 15:55:00,93.80072256022505,94.59568145224806,93.80072256022505,94.59568145224806,669900.0
2023-03-15 16:00:00,94.59568145224806,96.47062451539816,94.59568145224806,96.47062451539816,1097600.0
2023-03-16 09:30:00,96.47062451539816,96.47062451539816,93.55062900225947,93.55062900225947,995399.9999999999
2023-03-16 09:35:00,93.55062900225947,93.80871506806629,93.55062900225947,93.80871506806629,1235500.0
2023-03-16 09:40:00,93.80871506806629,94.09539657323202,93.80871506806629,94.09539657323202,1175300.0
2023-03-16 09:45:00,94.09539657323202,94.54179829365657,94.09539657323202,94.54179829365657,138600.0
2023-03-16 09:50:00,94.54179829365657,94.54179829365657,94.44390191599827,94.44390191599827,1368500.0
2023-03-16 09:55:00,94.44390191599827,95.45234825885431,94.44390191599827,95.45234825885431,134400.0
2023-03-16 10:00:00,95.45234825885431,95.45234825885431,92.00124924072199,92.00124924072199,1259300.0
2023-03-16 10:05:00,92.00124924072199,92.04664621525006,92.00124924072199,92.04664621525006,297500.0
2023-03-16 10:10:00,92.04664621525006,93.75361661358197,92.04664621525006,93.75361661358197,541800.0
2023-03-16 10:15:00,93.75361661358197,95.29635451223886,93.75361661358197,95.29635451223886,1122100.0
2023-03-16 10:20:00,95.29635451223886,95.29635451223886,92.80506945325762,92.80506945325762,506099.99999999994
2023-03-16 10:25:00,92.80506945325762,92.80506945325762,91.37629929636915,91.37629929636915,219800.0
2023-03-16 10:30:00,91.37629929636915,94.73583714915021,91.37629929636915,94.73583714915021,697900.0
2023-03-16 10:35:00,94.73583714915021,94.73583714915021,94.41629387948078,94.41629387948078,1250200.0
2023-03-16 10:40:00,94.41629387948078,94.41629387948078,93.1454568912676,93.1454568912676,996799.9999999999
2023-03-16 10:45:00,93.1454568912676,93.23142503923503,93.1454568912676,93.23142503923503,571900.0
2023-03-16 10:50:00,93.23142503923503,93.23778912110595,93.23142503923503,93.23778912110595,498399.99999999994
2023-03-16 10:55:00,93.23778912110595,94.30825427717346,93.23778912110595,94.30825427717346,751800.0
2023-03-16 11:00:00,94.30825427717346,94.30825427717346,93.59163223748246,93.59163223748246,1132600.0
2023-03-16 11:05:00,93.59163223748246,94.6795720222008,93.59163223748246,94.6795720222008,217000.0
2023-03-16 11:10:00,94.6795720222008,94.6795720222008,91.52376341743587,91.52376341743587,1118600.0
2023-03-16 11:15:00,91.52376341743587,93.42670467918381,91.52376341743587,93.42670467918381,945699.9999999999
2023-03-16 11:20:00,93.42670467918381,93.42670467918381,93.1945060684968,93.1945060684968,426300.0
2023-03-16 11:25:00,93.1945060684968,94.0144805857429,93.1945060684968,94.0144805857429,1395800.0
2023-03-16 11:30:00,94.0144805857429,94.0144805857429,93.77583451827348,93.77583451827348,156800.0
2023-03-16 11:35:00,93.77583451827348,95.10166460005176,93.77583451827348,95.10166460005176,542500.0
2023-03-16 11:40:00,95.10166460005176,95.10166460005176,92.57094809401883,92.57094809401883,201600.0
2023-03-16 11:45:00,92.57094809401883,94.32808410642129,92.57094809401883,94.32808410642129,493499.99999999994
2023-03-16 11:50:00,94.32808410642129,94.77551515709017,94.32808410642129,94.77551515709017,412300.0
2023-03-16 11:55:00,94.77551515709017,96.0017024694089,94.77551515709017,96.0017024694089,1128400.0
2023-03-16 12:00:00,96.0017024694089,96.0017024694089,93.77332813112464,93.77332813112464,923999.9999999999
2023-03-16 12:05:00,93.77332813112464,94.53819156013382,93.77332813112464,94.53819156013382,732200.0
2023-03-16 12:10:00,94.53819156013382,94.53819156013382,92.42868499929304,92.42868499929304,1078700.0
2023-03-16 12:15:00,92.42868499929304,92.42868499929304,91.92124339266049,91.92124339266049,333200.0
2023-03-16 12:20:00,91.92124339266049,94.99429836097566,91.92124339266049,94.99429836097566,672000.0
2023-03-16 12:25:00,94.99429836097566,94.99429836097566,94.2400451823615,94.2400451823615,581000.0
2023-03-16 12:30:00,94.2400451823615,95.34571948626291,94.2400451823615,95.34571948626291,450100.0
2023-03-16 12:35:00,95.34571948626291,95.34571948626291,92.87832344659296,92.87832344659296,444500.0
2023-03-16 12:40:00,92.87832344659296,94.60268287091542,92.87832344659296,94.60268287091542,1111600.0
2023-03-16 12:45:00,94.60268287091542,95.82393086226661,94.60268287091542,95.82393086226661,503999.99999999994
2023-03-16 12:50:00,95.82393086226661,95.82393086226661,94.44172160271016,94.44172160271016,885500.0
2023-03-16 12:55:00,94.44172160271016,94.44172160271016,94.3349434698607,94.3349434698607,867300.0
2023-03-16 13:00:00,94.3349434698607,94.3349434698607,94.06309939160899,94.06309939160899,496299.99999999994
2023-03-16 13:05:00,94.06309939160899,94.06309939160899,92.62566738777072,92.62566738777072,1026899.9999999999
2023-03-16 13:10:00,92.62566738777072,95.41049148912131,92.62566738777072,95.41049148912131,249199.99999999997
2023-03-16 13:15:00,95.41049148912131,95.41049148912131,93.5072657373736,93.5072657373736,1029699.9999999999
2023-03-16 13:20:00,93.5072657373736,94.56391937002306,93.5072657373736,94.56391937002306,373100.0
2023-03-16 13:25:00,94.56391937002306,94.56391937002306,92.5813046960587,92.5813046960587,1067500.0
2023-03-16 13:30:00,92.5813046960587,92.97069742184526,92.5813046960587,92.97069742184526,700000.0
2023-03-16 13:35:00,92.97069742184526,95.44333163195216,92.97069742184526,95.44333163195216,1242500.0
2023-03-16 13:40:00,95.44333163195216,95.44333163195216,93.73093232081983,93.73093232081983,497699.99999999994
2023-03-16 13:45:00,93.73093232081983,95.45826823692134,93.73093232081983,95.45826823692134,601300.0
2023-03-16 13:50:00,95.45826823692134,95.45826823692134,94.04869339509494,94.04869339509494,851900.0
2023-03-16 13:55:00,94.04869339509494,94.04869339509494,92.35606855415287,92.35606855415287,524300.0
2023-03-16 14:00:00,92.35606855415287,94.88760173163097,92.35606855415287,94.88760173163097,97300.0
2023-03-16 14:05:00,94.88760173163097,94.88760173163097,93.5061316903414,93.5061316903414,1211000.0
2023-03-16 14:10:00,93.5061316903414,94.73474718650456,93.5061316903414,94.73474718650456,847000.0
2023-03-16 14:15:00,94.73474718650456,94.73474718650456,94.08025706486548,94.08025706486548,1028299.9999999999
2023-03-16 14:20:00,94.08025706486548,94.08025706486548,92.56435349249674,92.56435349249674,737100.0
2023-03-16 14:25:00,92.56435349249674,94.21499919927669,92.56435349249674,94.21499919927669,1062600.0
2023-03-16 14:30:00,94.21499919927669,96.17177283291467,94.21499919927669,96.17177283291467,681100.0
2023-03-16 14:35:00,96.17177283291467,96.17177283291467,94.59776117599758,94.59776117599758,1243200.0
2023-03-16 14:40:00,94.59776117599758,94.59776117599758,94.15724182007826,94.15724182007826,1291500.0
2023-03-16 14:45:00,94.15724182007826,95.19347049395844,94.15724182007826,95.19347049395844,1146600.0
2023-03-16 14:50:00,95.19347049395844,95.19347049395844,94.32348162302625,94.32348162302625,933799.9999999999
2023-03-16 14:55:00,94.32348162302625,94.33444782425615,94.32348162302625,94.33444782425615,517299.99999999994
2023-03-16 15:00:00,94.33444782425615,94.33444782425615,93.12544335057191,93.12544335057191,517999.99999999994
2023-03-16 15:05:00,93.12544335057191,94.3981420993981,93.12544335057191,94.3981420993981,935899.9999999999
2023-03-16 15:10:00,94.3981420993981,95.095057699471,94.3981420993981,95.095057699471,1316700.0
2023-03-16 15:15:00,95.095057699471,95.095057699471,93.30342053565165,93.30342053565165,1306900.0
2023-03-16 15:20:00,93.30342053565165,95.46667904815503,93.30342053565165,95.46667904815503,184800.0
2023-03-16 15:25:00,95.46667904815503,95.46667904815503,94.04249925787161,94.04249925787161,1210300.0
2023-03-16 15:30:00,94.04249925787161,94.04249925787161,93.32259422373022,93.32259422373022,326200.0
2023-03-16 15:35:00,93.32259422373022,95.08423758369686,93.32259422373022,95.08423758369686,223300.0
2023-03-16 15:40:00,95.08423758369686,95.08423758369686,93.79277373290574,93.79277373290574,429100.0
2023-03-16 15:45:00,93.79277373290574,94.8989304719289,93.79277373290574,94.8989304719289,773500.0
2023-03-16 15:50:00,94.8989304719289,94.8989304719289,93.93050426016208,93.93050426016208,1010799.9999999999
2023-03-16 15:55:00,93.93050426016208,94.26084447410554,93.93050426016208,94.26084447410554,77000.0
2023-03-16 16:00:00,94.26084447410554,94.79095432811702,94.26084447410554,94.79095432811702,912100.0
2023-03-17 09:30:00,94.79095432811702,94.79095432811702,94.53445734780445,94.53445734780445,700000.0
2023-03-17 09:35:00,94.53445734780445,94.53445734780445,92.39589586475572,92.39589586475572,391300.0
2023-03-17 09:40:00,92.39589586475572,93.23104385039653,92.39589586475572,93.23104385039653,424900.0
2023-03-17 09:45:00,93.23104385039653,95.21215970182618,93.23104385039653,95.21215970182618,80500.0
2023-03-17 09:50:00,95.21215970182618,95.21215970182618,94.19454409999373,94.19454409999373,179900.0
2023-03-17 09:55:00,94.19454409999373,94.19454409999373,93.84189802237427,93.84189802237427,133000.0
2023-03-17 10:00:00,93.84189802237427,93.84189802237427,93.06499737472981,93.06499737472981,853300.0
2023-03-17 10:05:00,93.06499737472981,93.32998351863165,93.06499737472981,93.32998351863165,175700.0
2023-03-17 10:10:00,93.32998351863165,93.32998351863165,92.50480229731794,92.50480229731794,982799.9999999999
2023-03-17 10:15:00,92.50480229731794,94.32707341091108,92.50480229731794,94.32707341091108,858200.0
2023-03-17 10:20:00,94.32707341091108,94.32707341091108,93.8525493464415,93.8525493464415,955499.9999999999
2023-03-17 10:25:00,93.8525493464415,93.8525493464415,93.44333872444983,93.44333872444983,1129100.0
2023-03-17 10:30:00,93.44333872444983,94.24890909717558,93.44333872444983,94.24890909717558,770000.0
2023-03-17 10:35:00,94.24890909717558,94.62877051471412,94.24890909717558,94.62877051471412,730800.0
2023-03-17 10:40:00,94.62877051471412,96.22574437609892,94.62877051471412,96.22574437609892,877800.0
2023-03-17 10:45:00,96.22574437609892,96.22574437609892,92.8523080233479,92.8523080233479,1232000.0
2023-03-17 10:50:00,92.8523080233479,95.40916000208229,92.8523080233479,95.40916000208229,1227800.0
2023-03-17 10:55:00,95.40916000208229,95.40916000208229,95.2360082002442,95.2360082002442,571900.0
2023-03-17 11:00:00,95.2360082002442,95.2360082002442,93.65420389090573,93.65420389090573,329700.0
2023-03-17 11:05:00,93.65420389090573,94.60668769419719,93.65420389090573,94.60668769419719,311500.0
2023-03-17 11:10:00,94.60668769419719,94.60668769419719,93.97079533413833,93.97079533413833,725200.0
2023-03-17 11:15:00,93.97079533413833,94.52619065000148,93.97079533413833,94.52619065000148,1369200.0
2023-03-17 11:20:00,94.52619065000148,95.79341200521878,94.52619065000148,95.79341200521878,457100.0
2023-03-17 11:25:00,95.79341200521878,95.79341200521878,94.9415611410669,94.9415611410669,103600.0
2023-03-17 11:30:00,94.9415611410669,94.9415611410669,94.84826676266108,94.84826676266108,1355900.0
2023-03-17 11:35:00,94.84826676266108,94.84826676266108,93.89042655358452,93.89042655358452,504699.99999999994
2023-03-17 11:40:00,93.89042655358452,93.89042655358452,92.95749743901547,92.95749743901547,1306900.0
2023-03-17 11:45:00,92.95749743901547,94.13497546205984,92.95749743901547,94.13497546205984,950599.9999999999
2023-03-17 11:50:00,94.13497546205984,95.45577014276543,94.13497546205984,95.45577014276543,88900.0
2023-03-17 11:55:00,95.45577014276543,95.45577014276543,92.89689833479892,92.89689833479892,365400.0
2023-03-17 12:00:00,92.89689833479892,93.36388324213574,92.89689833479892,93.36388324213574,1122800.0
2023-03-17 12:05:00,93.36388324213574,94.46428390992047,93.36388324213574,94.46428390992047,1145200.0
2023-03-17 12:10:00,94.46428390992047,94.46428390992047,93.39566122834562,93.39566122834562,1152200.0
2023-03-17 12:15:00,93.39566122834562,93.51816016330102,93.39566122834562,93.51816016330102,860300.0
2023-03-17 12:20:00,93.51816016330102,93.87212521061623,93.51816016330102,93.87212521061623,748300.0
2023-03-17 12:25:00,93.87212521061623,93.87212521061623,92.98903282527843,92.98903282527843,1152200.0
2023-03-17 12:30:00,92.98903282527843,93.42702478033975,92.98903282527843,93.42702478033975,868700.0
2023-03-17 12:35:00,93.42702478033975,95.05356739206461,93.42702478033975,95.05356739206461,155400.0
2023-03-17 12:40:00,95.05356739206461,95.05356739206461,93.16410472283991,93.16410472283991,301000.0
2023-03-17 12:45:00,93.16410472283991,93.16410472283991,92.86455197471929,92.86455197471929,1148700.0
2023-03-17 12:50:00,92.86455197471929,93.83973768470085,92.86455197471929,93.83973768470085,905100.0
2023-03-17 12:55:00,93.83973768470085,95.14484681147631,93.83973768470085,95.14484681147631,456400.0
2023-03-17 13:00:00,95.14484681147631,95.14484681147631,94.31360918473104,94.31360918473104,1096900.0
2023-03-17 13:05:00,94.31360918473104,94.31360918473104,94.16059261814443,94.16059261814443,803600.0
2023-03-17 13:10:00,94.16059261814443,94.59336116929437,94.16059261814443,94.59336116929437,273700.0
2023-03-17 13:15:00,94.59336116929437,94.59336116929437,92.93879514405431,92.93879514405431,648200.0
2023-03-17 13:20:00,92.93879514405431,95.03523476170989,92.93879514405431,95.03523476170989,795900.0
2023-03-17 13:25:00,95.03523476170989,95.03523476170989,94.98931262481574,94.98931262481574,135800.0
2023-03-17 13:30:00,94.98931262481574,94.98931262481574,94.20042043115372,94.20042043115372,489999.99999999994
2023-03-17 13:35:00,94.20042043115372,95.54526322731168,94.20042043115372,95.54526322731168,851200.0
2023-03-17 13:40:00,95.54526322731168,95.54526322731168,93.53024845657488,93.53024845657488,412300.0
2023-03-17 13:45:00,93.53024845657488,95.69141930866289,93.53024845657488,95.69141930866289,387100.0
2023-03-17 13:50:00,95.69141930866289,95.69141930866289,94.81148722861819,94.81148722861819,774200.0
2023-03-17 13:55:00,94.81148722861819,94.81148722861819,94.3476051392298,94.3476051392298,279300.0
2023-03-17 14:00:00,94.3476051392298,94.58089794663337,94.3476051392298,94.58089794663337,451500.0
2023-03-17 14:05:00,94.58089794663337,94.58089794663337,94.46936498216006,94.46936498216006,646800.0
2023-03-17 14:10:00,94.46936498216006,95.72615455880997,94.46936498216006,95.72615455880997,270900.0
2023-03-17 14:15:00,95.72615455880997,95.72615455880997,93.49857459561414,93.49857459561414,1141000.0
2023-03-17 14:20:00,93.49857459561414,93.7349896107212,93.49857459561414,93.7349896107212,1275400.0
2023-03-17 14:25:00,93.7349896107212,95.46325998417083,93.7349896107212,95.46325998417083,837900.0
2023-03-17 14:30:00,95.46325998417083,95.46325998417083,93.98746728786148,93.98746728786148,917000.0
2023-03-17 14:35:00,93.98746728786148,95.38276390529826,93.98746728786148,95.38276390529826,989799.9999999999
2023-03-17 14:40:00,95.38276390529826,96.12419426789602,95.38276390529826,96.12419426789602,380800.0
2023-03-17 14:45:00,96.12419426789602,96.12419426789602,94.18727749741414,94.18727749741414,192500.0
2023-03-17 14:50:00,94.18727749741414,95.22828464465377,94.18727749741414,95.22828464465377,1139600.0
2023-03-17 14:55:00,95.22828464465377,95.22828464465377,93.57304476110464,93.57304476110464,1368500.0
2023-03-17 15:00:00,93.57304476110464,95.38511404544097,93.57304476110464,95.38511404544097,1245300.0
2023-03-17 15:05:00,95.38511404544097,95.38511404544097,94.8473578279333,94.8473578279333,1099700.0
2023-03-17 15:10:00,94.8473578279333,95.12464686701493,94.8473578279333,95.12464686701493,1266300.0
2023-03-17 15:15:00,95.12464686701493,95.12464686701493,94.0255519733487,94.0255519733487,630700.0
2023-03-17 15:20:00,94.0255519733487,94.0255519733487,93.0760648159589,93.0760648159589,885500.0
2023-03-17 15:25:00,93.0760648159589,95.17062838604015,93.0760648159589,95.17062838604015,396900.0
2023-03-17 15:30:00,95.17062838604015,95.17062838604015,92.69187018394267,92.69187018394267,400400.0
2023-03-17 15:35:00,92.69187018394267,94.35737991260692,92.69187018394267,94.35737991260692,115499.99999999999
2023-03-17 15:40:00,94.35737991260692,95.51138849171844,94.35737991260692,95.51138849171844,690900.0
2023-03-17 15:45:00,95.51138849171844,95.51138849171844,94.7537529875936,94.7537529875936,542500.0
2023-03-17 15:50:00,94.7537529875936,96.40832140299817,94.7537529875936,96.40832140299817,164500.0
2023-03-17 15:55:00,96.40832140299817,96.40832140299817,95.60530305089428,95.60530305089428,936599.9999999999
2023-03-17 16:00:00,95.60530305089428,95.60530305089428,93.99081631635453,93.99081631635453,868700.0
2023-03-20 09:30:00,93.99081631635453,94.75931341308547,93.99081631635453,94.75931341308547,1109500.0
2023-03-20 09:35:00,94.75931341308547,94.75931341308547,94.72495226223741,94.72495226223741,209300.0
2023-03-20 09:40:00,94.72495226223741,94.72495226223741,93.29217485788695,93.29217485788695,1213800.0
2023-03-20 09:45:00,93.29217485788695,93.882248721495,93.29217485788695,93.882248721495,665000.0
2023-03-20 09:50:00,93.882248721495,94.24126502545309,93.882248721495,94.24126502545309,946399.9999999999
2023-03-20 09:55:00,94.24126502545309,94.24126502545309,92.77523921462269,92.77523921462269,361900.0
2023-03-20 10:00:00,92.77523921462269,94.7461162849299,92.77523921462269,94.7461162849299,683200.0
2023-03-20 10:05:00,94.7461162849299,94.7461162849299,94.44328923195553,94.44328923195553,247099.99999999997
2023-03-20 10:10:00,94.44328923195553,94.44328923195553,93.08017457387913,93.08017457387913,1026899.9999999999
2023-03-20 10:15:00,93.08017457387913,95.09532141810817,93.08017457387913,95.09532141810817,589400.0
2023-03-20 10:20:00,95.09532141810817,95.41717182253447,95.09532141810817,95.41717182253447,1373400.0
2023-03-20 10:25:00,95.41717182253447,95.41717182253447,94.9663830170251,94.9663830170251,1246000.0
2023-03-20 10:30:00,94.9663830170251,94.9663830170251,94.3813129230931,94.3813129230931,858900.0
2023-03-20 10:35:00,94.3813129230931,95.25404223260571,94.3813129230931,95.25404223260571,257599.99999999997
2023-03-20 10:40:00,95.25404223260571,95.34179286581266,95.25404223260571,95.34179286581266,1160600.0
2023-03-20 10:45:00,95.34179286581266,95.34179286581266,94.98863955039829,94.98863955039829,1164100.0
2023-03-20 10:50:00,94.98863955039829,94.98863955039829,93.94981230221083,93.94981230221083,1010799.9999999999
2023-03-20 10:55:00,93.94981230221083,94.94941783270258,93.94981230221083,94.94941783270258,1141700.0
2023-03-20 11:00:00,94.94941783270258,95.8821956557061,94.94941783270258,95.8821956557061,1297100.0
2023-03-20 11:05:00,95.8821956557061,95.8821956557061,94.16873495018453,94.16873495018453,443800.0
2023-03-20 11:10:00,94.16873495018453,96.78942511306856,94.16873495018453,96.78942511306856,588700.0
2023-03-20 11:15:00,96.78942511306856,96.78942511306856,94.31711383915489,94.31711383915489,537600.0
2023-03-20 11:20:00,94.31711383915489,94.90017150391022,94.31711383915489,94.90017150391022,1321600.0
2023-03-20 11:25:00,94.90017150391022,94.90017150391022,94.23772773314718,94.23772773314718,221200.0
2023-03-20 11:30:00,94.23772773314718,95.07157105002122,94.23772773314718,95.07157105002122,1241800.0
2023-03-20 11:35:00,95.07157105002122,95.07157105002122,93.24937906458928,93.24937906458928,884800.0
2023-03-20 11:40:00,93.24937906458928,94.36938771272284,93.24937906458928,94.36938771272284,301000.0
2023-03-20 11:45:00,94.36938771272284,94.36938771272284,93.82312700141493,93.82312700141493,991199.9999999999
2023-03-20 11:50:00,93.82312700141493,95.02367732934788,93.82312700141493,95.02367732934788,391300.0
2023-03-20 11:55:00,95.02367732934788,95.86633598140074,95.02367732934788,95.86633598140074,777700.0
2023-03-20 12:00:00,95.86633598140074,95.86633598140074,95.54645319073144,95.54645319073144,212100.0
2023-03-20 12:05:00,95.54645319073144,95.54645319073144,92.6836558438478,92.6836558438478,1253700.0
2023-03-20 12:10:00,92.6836558438478,96.82388616135869,92.6836558438478,96.82388616135869,382200.0
2023-03-20 12:15:00,96.82388616135869,96.82388616135869,95.21348937693598,95.21348937693598,140000.0
2023-03-20 12:20:00,95.21348937693598,95.21348937693598,94.16546993468546,94.16546993468546,711900.0
2023-03-20 12:25:00,94.16546993468546,94.96822861850578,94.16546993468546,94.96822861850578,603400.0
2023-03-20 12:30:00,94.96822861850578,95.07061293694233,94.96822861850578,95.07061293694233,1201900.0
2023-03-20 12:35:00,95.07061293694233,95.07061293694233,94.33714441064856,94.33714441064856,210700.0
2023-03-20 12:40:00,94.33714441064856,95.14676798677979,94.33714441064856,95.14676798677979,1222200.0
2023-03-20 12:45:00,95.14676798677979,95.14676798677979,94.42046378401851,94.42046378401851,1044399.9999999999
2023-03-20 12:50:00,94.42046378401851,94.6081480198998,94.42046378401851,94.6081480198998,389200.0
2023-03-20 12:55:00,94.6081480198998,94.6081480198998,94.34700455704468,94.34700455704468,708400.0
2023-03-20 13:00:00,94.34700455704468,94.34700455704468,93.59124897505134,93.59124897505134,800800.0
2023-03-20 13:05:00,93.59124897505134,95.04660655418213,93.59124897505134,95.04660655418213,913500.0
2023-03-20 13:10:00,95.04660655418213,95.46362914155773,95.04660655418213,95.46362914155773,530600.0
2023-03-20 13:15:00,95.46362914155773,95.46362914155773,95.3799675883243,95.3799675883243,1010799.9999999999
2023-03-20 13:20:00,95.3799675883243,95.57048433483772,95.3799675883243,95.57048433483772,328300.0
2023-03-20 13:25:00,95.57048433483772,95.57048433483772,95.07240681389479,95.07240681389479,350000.0
2023-03-20 13:30:00,95.07240681389479,95.07240681389479,94.23150238945617,94.23150238945617,354200.0
2023-03-20 13:35:00,94.23150238945617,95.54347231533201,94.23150238945617,95.54347231533201,704200.0
2023-03-20 13:40:00,95.54347231533201,95.54347231533201,93.45031501218119,93.45031501218119,984899.9999999999
2023-03-20 13:45:00,93.45031501218119,93.9146039638011,93.45031501218119,93.9146039638011,200900.0
2023-03-20 13:50:00,93.9146039638011,93.9146039638011,93.87806444080954,93.87806444080954,1228500.0
2023-03-20 13:55:00,93.87806444080954,95.74096364923822,93.87806444080954,95.74096364923822,683900.0
2023-03-20 14:00:00,95.74096364923822,95.74096364923822,95.58680441077483,95.58680441077483,976499.9999999999
2023-03-20 14:05:00,95.58680441077483,95.58680441077483,95.10766277522221,95.10766277522221,172200.0
2023-03-20 14:10:00,95.10766277522221,95.60286889468554,95.10766277522221,95.60286889468554,107800.0
2023-03-20 14:15:00,95.60286889468554,95.60286889468554,93.7263827773563,93.7263827773563,871500.0
2023-03-20 14:20:00,93.7263827773563,94.93801552353354,93.7263827773563,94.93801552353354,575400.0
2023-03-20 14:25:00,94.93801552353354,94.93801552353354,94.54036848457662,94.54036848457662,1178100.0
2023-03-20 14:30:00,94.54036848457662,95.33537178432967,94.54036848457662,95.33537178432967,1220100.0
2023-03-20 14:35:00,95.33537178432967,95.33537178432967,94.41611964029717,94.41611964029717,702100.0
2023-03-20 14:40:00,94.41611964029717,94.41611964029717,94.13818258034068,94.13818258034068,327600.0
2023-03-20 14:45:00,94.13818258034068,94.96704416529427,94.13818258034068,94.96704416529427,455700.0
2023-03-20 14:50:00,94.96704416529427,95.32532126794405,94.96704416529427,95.32532126794405,760200.0
2023-03-20 14:55:00,95.32532126794405,95.32532126794405,93.80950986576046,93.80950986576046,315700.0
2023-03-20 15:00:00,93.80950986576046,94.37457518778132,93.80950986576046,94.37457518778132,1319500.0
2023-03-20 15:05:00,94.37457518778132,94.37457518778132,93.41510682154097,93.41510682154097,567700.0
2023-03-20 15:10:00,93.41510682154097,93.41510682154097,92.06416948005702,92.06416948005702,1155700.0
2023-03-20 15:15:00,92.06416948005702,94.66260018429443,92.06416948005702,94.66260018429443,393400.0
2023-03-20 15:20:00,94.66260018429443,95.08974436981711,94.66260018429443,95.08974436981711,954799.9999999999
2023-03-20 15:25:00,95.08974436981711,95.08974436981711,94.71290894851691,94.71290894851691,290500.0
2023-03-20 15:30:00,94.71290894851691,94.71290894851691,92.74286713813831,92.74286713813831,1066800.0
2023-03-20 15:35:00,92.74286713813831,94.27371226877307,92.74286713813831,94.27371226877307,583100.0
2023-03-20 15:40:00,94.27371226877307,94.27371226877307,92.49753076269701,92.49753076269701,724500.0
2023-03-20 15:45:00,92.49753076269701,95.86204768438269,92.49753076269701,95.86204768438269,1090600.0
2023-03-20 15:50:00,95.86204768438269,95.86204768438269,93.53630567392838,93.53630567392838,1094800.0
2023-03-20 15:55:00,93.53630567392838,95.80079709942571,93.53630567392838,95.80079709942571,565600.0
2023-03-20 16:00:00,95.80079709942571,95.80079709942571,95.58892688748165,95.58892688748165,371700.0
2023-03-21 09:30:00,95.58892688748165,95.58892688748165,93.84082679042201,93.84082679042201,1099000.0
2023-03-21 09:35:00,93.84082679042201,93.84082679042201,93.60406154977201,93.60406154977201,1165500.0
2023-03-21 09:40:00,93.60406154977201,94.97730682628418,93.60406154977201,94.97730682628418,791000.0
2023-03-21 09:45:00,94.97730682628418,94.97730682628418,93.88824070553991,93.88824070553991,99400.0
2023-03-21 09:50:00,93.88824070553991,94.7386011334246,93.88824070553991,94.7386011334246,415100.0
2023-03-21 09:55:00,94.7386011334246,94.7386011334246,94.24439871805973,94.24439871805973,1199800.0
2023-03-21 10:00:00,94.24439871805973,94.24439871805973,92.97906307977215,92.97906307977215,664300.0
2023-03-21 10:05:00,92.97906307977215,92.97906307977215,92.59294547405143,92.59294547405143,850500.0
2023-03-21 10:10:00,92.59294547405143,94.97768239464177,92.59294547405143,94.97768239464177,998899.9999999999
2023-03-21 10:15:00,94.97768239464177,94.97768239464177,94.35767173599858,94.35767173599858,256899.99999999997
2023-03-21 10:20:00,94.35767173599858,94.35767173599858,94.35596623337757,94.35596623337757,436100.0
2023-03-21 10:25:00,94.35596623337757,95.51472355032622,94.35596623337757,95.51472355032622,347200.0
2023-03-21 10:30:00,95.51472355032622,95.95849895027621,95.51472355032622,95.95849895027621,345100.0
2023-03-21 10:35:00,95.95849895027621,95.95849895027621,94.58991634524283,94.58991634524283,255499.99999999997
2023-03-21 10:40:00,94.58991634524283,94.58991634524283,94.51989197645864,94.51989197645864,197400.0
2023-03-21 10:45:00,94.51989197645864,95.34967157685118,94.51989197645864,95.34967157685118,237999.99999999997
2023-03-21 10:50:00,95.34967157685118,95.34967157685118,93.63835650819694,93.63835650819694,528500.0
2023-03-21 10:55:00,93.63835650819694,95.12032868116745,93.63835650819694,95.12032868116745,778400.0
2023-03-21 11:00:00,95.12032868116745,95.4156048330622,95.12032868116745,95.4156048330622,467599.99999999994
2023-03-21 11:05:00,95.4156048330622,95.53322928453314,95.4156048330622,95.53322928453314,1075200.0
2023-03-21 11:10:00,95.53322928453314,95.53322928453314,93.02335111385224,93.02335111385224,1297800.0
2023-03-21 11:15:00,93.02335111385224,94.15711143172125,93.02335111385224,94.15711143172125,704200.0
2023-03-21 11:20:00,94.15711143172125,94.15711143172125,94.06001663368986,94.06001663368986,374500.0
2023-03-21 11:25:00,94.06001663368986,95.03016101279195,94.06001663368986,95.03016101279195,676200.0
2023-03-21 11:30:00,95.03016101279195,95.44442179140384,95.03016101279195,95.44442179140384,336700.0
2023-03-21 11:35:00,95.44442179140384,96.41356078404065,95.44442179140384,96.41356078404065,401800.0
2023-03-21 11:40:00,96.41356078404065,96.41356078404065,94.55871060026537,94.55871060026537,1111600.0
2023-03-21 11:45:00,94.55871060026537,94.6512225278213,94.55871060026537,94.6512225278213,533400.0
2023-03-21 11:50:00,94.6512225278213,96.23575939661052,94.6512225278213,96.23575939661052,1045099.9999999999
2023-03-21 11:55:00,96.23575939661052,96.23575939661052,95.40077265559582,95.40077265559582,718900.0
2023-03-21 12:00:00,95.40077265559582,96.31028000319493,95.40077265559582,96.31028000319493,806400.0
2023-03-21 12:05:00,96.31028000319493,96.31028000319493,95.3616999170856,95.3616999170856,104300.0
2023-03-21 12:10:00,95.3616999170856,95.3616999170856,93.96366204847642,93.96366204847642,1358000.0
2023-03-21 12:15:00,93.96366204847642,93.96366204847642,93.8161775968087,93.8161775968087,116199.99999999999
2023-03-21 12:20:00,93.8161775968087,93.8161775968087,93.54736289061591,93.54736289061591,1349600.0
2023-03-21 12:25:00,93.54736289061591,95.65086881559506,93.54736289061591,95.65086881559506,1320200.0
2023-03-21 12:30:00,95.65086881559506,96.17960505700891,95.65086881559506,96.17960505700891,627900.0
2023-03-21 12:35:00,96.17960505700891,96.79066633780158,96.17960505700891,96.79066633780158,1178100.0
2023-03-21 12:40:00,96.79066633780158,96.79066633780158,95.84423033057043,95.84423033057043,1117900.0
2023-03-21 12:45:00,95.84423033057043,96.19069362545216,95.84423033057043,96.19069362545216,156800.0
2023-03-21 12:50:00,96.19069362545216,96.19069362545216,94.54983842613957,94.54983842613957,1038099.9999999999
2023-03-21 12:55:00,94.54983842613957,94.54983842613957,93.97029971851921,93.97029971851921,651700.0
2023-03-21 13:00:00,93.97029971851921,95.9078738890773,93.97029971851921,95.9078738890773,299600.0
2023-03-21 13:05:00,95.9078738890773,95.9078738890773,95.50740603274542,95.50740603274542,359800.0
2023-03-21 13:10:00,95.50740603274542,95.50740603274542,95.21334744681329,95.21334744681329,1042999.9999999999
2023-03-21 13:15:00,95.21334744681329,95.50220754703618,95.21334744681329,95.50220754703618,875700.0
2023-03-21 13:20:00,95.50220754703618,95.5042702020672,95.50220754703618,95.5042702020672,955499.9999999999
2023-03-21 13:25:00,95.5042702020672,96.39124956475708,95.5042702020672,96.39124956475708,477399.99999999994
2023-03-21 13:30:00,96.39124956475708,96.44515096376935,96.39124956475708,96.44515096376935,1139600.0
2023-03-21 13:35:00,96.44515096376935,96.44515096376935,95.74182089110167,95.74182089110167,373800.0
2023-03-21 13:40:00,95.74182089110167,96.03781442662574,95.74182089110167,96.03781442662574,1151500.0
2023-03-21 13:45:00,96.03781442662574,96.03781442662574,95.75312305049539,95.75312305049539,157500.0
2023-03-21 13:50:00,95.75312305049539,95.75312305049539,94.86870758358307,94.86870758358307,1380400.0
2023-03-21 13:55:00,94.86870758358307,96.07581500274088,94.86870758358307,96.07581500274088,191800.0
2023-03-21 14:00:00,96.07581500274088,96.07581500274088,94.1353867418347,94.1353867418347,1001699.9999999999
2023-03-21 14:05:00,94.1353867418347,96.46209385575267,94.1353867418347,96.46209385575267,744800.0
2023-03-21 14:10:00,96.46209385575267,96.46209385575267,94.38922870795447,94.38922870795447,609000.0
2023-03-21 14:15:00,94.38922870795447,95.81405697823446,94.38922870795447,95.81405697823446,1183000.0
2023-03-21 14:20:00,95.81405697823446,95.81405697823446,94.73009329707138,94.73009329707138,757400.0
2023-03-21 14:25:00,94.73009329707138,96.08974664363853,94.73009329707138,96.08974664363853,224700.0
2023-03-21 14:30:00,96.08974664363853,96.08974664363853,95.5085449634708,95.5085449634708,286300.0
2023-03-21 14:35:00,95.5085449634708,95.5085449634708,94.01868216515147,94.01868216515147,861000.0
2023-03-21 14:40:00,94.01868216515147,95.91572063937173,94.01868216515147,95.91572063937173,482999.99999999994
2023-03-21 14:45:00,95.91572063937173,95.91572063937173,94.9672681595571,94.9672681595571,1313200.0
2023-03-21 14:50:00,94.9672681595571,96.4042569982607,94.9672681595571,96.4042569982607,861000.0
2023-03-21 14:55:00,96.4042569982607,96.4042569982607,95.59363901644143,95.59363901644143,271600.0
2023-03-21 15:00:00,95.59363901644143,95.96332879700135,95.59363901644143,95.96332879700135,1317400.0
2023-03-21 15:05:00,95.96332879700135,95.96332879700135,94.75315063417375,94.75315063417375,89600.0
2023-03-21 15:10:00,94.75315063417375,95.18978422800986,94.75315063417375,95.18978422800986,1157100.0
2023-03-21 15:15:00,95.18978422800986,95.33387490087907,95.18978422800986,95.33387490087907,814800.0
2023-03-21 15:20:00,95.33387490087907,96.63796703709568,95.33387490087907,96.63796703709568,184800.0
2023-03-21 15:25:00,96.63796703709568,97.44648867811019,96.63796703709568,97.44648867811019,1287300.0
2023-03-21 15:30:00,97.44648867811019,97.44648867811019,95.09148474892665,95.09148474892665,562800.0
2023-03-21 15:35:00,95.09148474892665,96.91823941348449,95.09148474892665,96.91823941348449,654500.0
2023-03-21 15:40:00,96.91823941348449,96.91823941348449,93.82211560419819,93.82211560419819,1348900.0
2023-03-21 15:45:00,93.82211560419819,94.65733277426989,93.82211560419819,94.65733277426989,1292200.0
2023-03-21 15:50:00,94.65733277426989,94.85033030252269,94.65733277426989,94.85033030252269,1385300.0
2023-03-21 15:55:00,94.85033030252269,94.85033030252269,94.42051412805209,94.42051412805209,157500.0
2023-03-21 16:00:00,94.42051412805209,94.42051412805209,94.21132129898848,94.21132129898848,1064000.0
2023-03-22 09:30:00,94.21132129898848,96.09593675880294,94.21132129898848,96.09593675880294,512399.99999999994
2023-03-22 09:35:00,96.09593675880294,96.09593675880294,95.47023520524205,95.47023520524205,1070300.0
2023-03-22 09:40:00,95.47023520524205,96.01921465623023,95.47023520524205,96.01921465623023,862400.0
2023-03-22 09:45:00,96.01921465623023,96.24021743461591,96.01921465623023,96.24021743461591,1106700.0
2023-03-22 09:50:00,96.24021743461591,96.24021743461591,95.83981941506069,95.83981941506069,835100.0
2023-03-22 09:55:00,95.83981941506069,96.15223975997118,95.83981941506069,96.15223975997118,263200.0
2023-03-22 10:00:00,96.15223975997118,96.15223975997118,95.49164375873464,95.49164375873464,248499.99999999997
2023-03-22 10:05:00,95.49164375873464,95.49164375873464,94.43045234211127,94.43045234211127,1225700.0
2023-03-22 10:10:00,94.43045234211127,96.61471862375194,94.43045234211127,96.61471862375194,847700.0
2023-03-22 10:15:00,96.61471862375194,96.61471862375194,94.96426902672546,94.96426902672546,1197000.0
2023-03-22 10:20:00,94.96426902672546,94.96426902672546,94.64464109796468,94.64464109796468,1083600.0
2023-03-22 10:25:00,94.64464109796468,95.39235791001188,94.64464109796468,95.39235791001188,1014999.9999999999
2023-03-22 10:30:00,95.39235791001188,95.39235791001188,94.74513654239479,94.74513654239479,928899.9999999999
2023-03-22 10:35:00,94.74513654239479,95.18636439405422,94.74513654239479,95.18636439405422,117599.99999999999
2023-03-22 10:40:00,95.18636439405422,95.88269098441637,95.18636439405422,95.88269098441637,1018499.9999999999
2023-03-22 10:45:00,95.88269098441637,95.88269098441637,95.82592173656877,95.82592173656877,590100.0
2023-03-22 10:50:00,95.82592173656877,95.82592173656877,94.65370192799483,94.65370192799483,198800.0
2023-03-22 10:55:00,94.65370192799483,95.07403590101669,94.65370192799483,95.07403590101669,805000.0
2023-03-22 11:00:00,95.07403590101669,96.46728850201588,95.07403590101669,96.46728850201588,1387400.0
2023-03-22 11:05:00,96.46728850201588,96.46728850201588,95.87890345277901,95.87890345277901,609700.0
2023-03-22 11:10:00,95.87890345277901,97.46789988088071,95.87890345277901,97.46789988088071,627900.0
2023-03-22 11:15:00,97.46789988088071,97.46789988088071,96.60551232161853,96.60551232161853,1301300.0
2023-03-22 11:20:00,96.60551232161853,96.60551232161853,96.5612700086493,96.5612700086493,485099.99999999994
2023-03-22 11:25:00,96.5612700086493,96.5612700086493,94.15767703333003,94.15767703333003,1184400.0
2023-03-22 11:30:00,94.15767703333003,96.20282797005584,94.15767703333003,96.20282797005584,401100.0
2023-03-22 11:35:00,96.20282797005584,96.20282797005584,95.39462418858415,95.39462418858415,824600.0
2023-03-22 11:40:00,95.39462418858415,95.39462418858415,94.89663576953767,94.89663576953767,133000.0
2023-03-22 11:45:00,94.89663576953767,95.46337539738457,94.89663576953767,95.46337539738457,564200.0
2023-03-22 11:50:00,95.46337539738457,96.24114919883282,95.46337539738457,96.24114919883282,1292900.0
2023-03-22 11:55:00,96.24114919883282,96.24114919883282,95.77838428178423,95.77838428178423,1361500.0
2023-03-22 12:00:00,95.77838428178423,95.77838428178423,94.41693057902921,94.41693057902921,882700.0
2023-03-22 12:05:00,94.41693057902921,95.9994297058266,94.41693057902921,95.9994297058266,310100.0
2023-03-22 12:10:00,95.9994297058266,95.9994297058266,94.73422272517095,94.73422272517095,780500.0
2023-03-22 12:15:00,94.73422272517095,95.58049137669921,94.73422272517095,95.58049137669921,364000.0
2023-03-22 12:20:00,95.58049137669921,95.58049137669921,95.02124084376314,95.02124084376314,443100.0
2023-03-22 12:25:00,95.02124084376314,95.05178392801984,95.02124084376314,95.05178392801984,1101800.0
2023-03-22 12:30:00,95.05178392801984,96.03878139677063,95.05178392801984,96.03878139677063,1291500.0
2023-03-22 12:35:00,96.03878139677063,96.03878139677063,94.33852488770114,94.33852488770114,773500.0
2023-03-22 12:40:00,94.33852488770114,97.24593126353369,94.33852488770114,97.24593126353369,760900.0
2023-03-22 12:45:00,97.24593126353369,97.24593126353369,93.66848129743207,93.66848129743207,626500.0
2023-03-22 12:50:00,93.66848129743207,94.81520646742463,93.66848129743207,94.81520646742463,197400.0
2023-03-22 12:55:00,94.81520646742463,95.7681632502758,94.81520646742463,95.7681632502758,611800.0
2023-03-22 13:00:00,95.7681632502758,95.9041661555089,95.7681632502758,95.9041661555089,314300.0
2023-03-22 13:05:00,95.9041661555089,95.9041661555089,95.26427223265898,95.26427223265898,1148700.0
2023-03-22 13:10:00,95.26427223265898,95.42132725253371,95.26427223265898,95.42132725253371,1071000.0
2023-03-22 13:15:00,95.42132725253371,95.88017962736882,95.42132725253371,95.88017962736882,310800.0
2023-03-22 13:20:00,95.88017962736882,95.88017962736882,95.18778714196623,95.18778714196623,766500.0
2023-03-22 13:25:00,95.18778714196623,96.76394651614126,95.18778714196623,96.76394651614126,334600.0
2023-03-22 13:30:00,96.76394651614126,96.76394651614126,96.2148863618806,96.2148863618806,93800.0
2023-03-22 13:35:00,96.2148863618806,96.24278958709871,96.2148863618806,96.24278958709871,424200.0
2023-03-22 13:40:00,96.24278958709871,96.24278958709871,94.51989878539521,94.51989878539521,802900.0
2023-03-22 13:45:00,94.51989878539521,95.36491240317787,94.51989878539521,95.36491240317787,898800.0
2023-03-22 13:50:00,95.36491240317787,95.36491240317787,95.10714261879224,95.10714261879224,777700.0
2023-03-22 13:55:00,95.10714261879224,95.10714261879224,94.50086805493258,94.50086805493258,892500.0
2023-03-22 14:00:00,94.50086805493258,95.73286867053045,94.50086805493258,95.73286867053045,1150100.0
2023-03-22 14:05:00,95.73286867053045,95.73286867053045,94.88598365182021,94.88598365182021,92400.0
2023-03-22 14:10:00,94.88598365182021,95.9960853345166,94.88598365182021,95.9960853345166,1248800.0
2023-03-22 14:15:00,95.9960853345166,95.9960853345166,94.29675706060429,94.29675706060429,182700.0
2023-03-22 14:20:00,94.29675706060429,96.88819562415208,94.29675706060429,96.88819562415208,376600.0
2023-03-22 14:25:00,96.88819562415208,96.88819562415208,94.41103948096902,94.41103948096902,977199.9999999999
2023-03-22 14:30:00,94.41103948096902,95.4988853656806,94.41103948096902,95.4988853656806,807800.0
2023-03-22 14:35:00,95.4988853656806,96.06022918950153,95.4988853656806,96.06022918950153,487199.99999999994
2023-03-22 14:40:00,96.06022918950153,96.06022918950153,94.74252898010083,94.74252898010083,393400.0
2023-03-22 14:45:00,94.74252898010083,96.15051722982119,94.74252898010083,96.15051722982119,907900.0
2023-03-22 14:50:00,96.15051722982119,96.15051722982119,94.16128080936568,94.16128080936568,587300.0
2023-03-22 14:55:00,94.16128080936568,96.765780394265,94.16128080936568,96.765780394265,79800.0
2023-03-22 15:00:00,96.765780394265,96.765780394265,95.4137276830739,95.4137276830739,784700.0
2023-03-22 15:05:00,95.4137276830739,95.4137276830739,94.82166385713579,94.82166385713579,96600.0
2023-03-22 15:10:00,94.82166385713579,95.10495957646287,94.82166385713579,95.10495957646287,660800.0
2023-03-22 15:15:00,95.10495957646287,96.20524113625511,95.10495957646287,96.20524113625511,865200.0
2023-03-22 15:20:00,96.20524113625511,96.20524113625511,94.94048166920196,94.94048166920196,1296400.0
2023-03-22 15:25:00,94.94048166920196,94.94048166920196,94.73344057590609,94.73344057590609,452900.0
2023-03-22 15:30:00,94.73344057590609,95.24343231729095,94.73344057590609,95.24343231729095,1335600.0
2023-03-22 15:35:00,95.24343231729095,95.24343231729095,94.36786030378885,94.36786030378885,1123500.0
2023-03-22 15:40:00,94.36786030378885,97.26883582071427,94.36786030378885,97.26883582071427,1181600.0
2023-03-22 15:45:00,97.26883582071427,97.26883582071427,94.96406010875852,94.96406010875852,970899.9999999999
2023-03-22 15:50:00,94.96406010875852,96.26375911642316,94.96406010875852,96.26375911642316,1360100.0
2023-03-22 15:55:00,96.26375911642316,96.26375911642316,95.63750347290102,95.63750347290102,599200.0
2023-03-22 16:00:00,95.63750347290102,95.63750347290102,94.53372907150548,94.53372907150548,1130500.0
2023-03-23 09:30:00,94.53372907150548,95.44529215691294,94.53372907150548,95.44529215691294,121099.99999999999
2023-03-23 09:35:00,95.44529215691294,96.18940783855368,95.44529215691294,96.18940783855368,466199.99999999994
2023-03-23 09:40:00,96.18940783855368,96.18940783855368,95.22311920616623,95.22311920616623,668500.0
2023-03-23 09:45:00,95.22311920616623,96.50968396772308,95.22311920616623,96.50968396772308,1304100.0
2023-03-23 09:50:00,96.50968396772308,96.50968396772308,96.34982900535658,96.34982900535658,1287300.0
2023-03-23 09:55:00,96.34982900535658,96.34982900535658,96.22003624033552,96.22003624033552,692300.0
2023-03-23 10:00:00,96.22003624033552,96.22003624033552,94.88150095784206,94.88150095784206,1237600.0
2023-03-23 10:05:00,94.88150095784206,94.88150095784206,94.26688167309898,94.26688167309898,357700.0
2023-03-23 10:10:00,94.26688167309898,94.81320474469122,94.26688167309898,94.81320474469122,751800.0
2023-03-23 10:15:00,94.81320474469122,95.52748184191428,94.81320474469122,95.52748184191428,701400.0
2023-03-23 10:20:00,95.52748184191428,95.87413207537209,95.52748184191428,95.87413207537209,1102500.0
2023-03-23 10:25:00,95.87413207537209,95.87413207537209,93.26731205497029,93.26731205497029,963199.9999999999
2023-03-23 10:30:00,93.26731205497029,95.27644733525514,93.26731205497029,95.27644733525514,138600.0
2023-03-23 10:35:00,95.27644733525514,95.41184363969698,95.27644733525514,95.41184363969698,485799.99999999994
2023-03-23 10:40:00,95.41184363969698,95.41184363969698,94.98655183671164,94.98655183671164,927499.9999999999
2023-03-23 10:45:00,94.98655183671164,96.53237309319165,94.98655183671164,96.53237309319165,987699.9999999999
2023-03-23 10:50:00,96.53237309319165,96.53237309319165,95.73885257749626,95.73885257749626,667100.0
2023-03-23 10:55:00,95.73885257749626,96.59624016320151,95.73885257749626,96.59624016320151,616000.0
2023-03-23 11:00:00,96.59624016320151,96.59624016320151,95.10688186927537,95.10688186927537,1051400.0
2023-03-23 11:05:00,95.10688186927537,96.21300288109202,95.10688186927537,96.21300288109202,517299.99999999994
2023-03-23 11:10:00,96.21300288109202,96.89118415387553,96.21300288109202,96.89118415387553,1043699.9999999999
2023-03-23 11:15:00,96.89118415387553,96.89118415387553,96.586051485143,96.586051485143,232399.99999999997
2023-03-23 11:20:00,96.586051485143,96.586051485143,94.31406526522848,94.31406526522848,511699.99999999994
2023-03-23 11:25:00,94.31406526522848,95.19214924040683,94.31406526522848,95.19214924040683,700000.0
2023-03-23 11:30:00,95.19214924040683,95.19214924040683,95.14712298307117,95.14712298307117,1197700.0
2023-03-23 11:35:00,95.14712298307117,95.98763653278027,95.14712298307117,95.98763653278027,450100.0
2023-03-23 11:40:00,95.98763653278027,96.17468863896414,95.98763653278027,96.17468863896414,1037399.9999999999
2023-03-23 11:45:00,96.17468863896414,96.17468863896414,94.65927076951263,94.65927076951263,228900.0
2023-03-23 11:50:00,94.65927076951263,95.4536251983284,94.65927076951263,95.4536251983284,854700.0
2023-03-23 11:55:00,95.4536251983284,95.4536251983284,93.37827071382593,93.37827071382593,768600.0
2023-03-23 12:00:00,93.37827071382593,96.67301403507716,93.37827071382593,96.67301403507716,158200.0
2023-03-23 12:05:00,96.67301403507716,96.67301403507716,94.8385440030335,94.8385440030335,776300.0
2023-03-23 12:10:00,94.8385440030335,95.40058617276348,94.8385440030335,95.40058617276348,1158500.0
2023-03-23 12:15:00,95.40058617276348,95.40058617276348,95.06274296786879,95.06274296786879,804300.0
2023-03-23 12:20:00,95.06274296786879,96.44178317613898,95.06274296786879,96.44178317613898,1028299.9999999999
2023-03-23 12:25:00,96.44178317613898,96.44178317613898,92.67532711217738,92.67532711217738,768600.0
2023-03-23 12:30:00,92.67532711217738,95.30574411647628,92.67532711217738,95.30574411647628,665000.0
2023-03-23 12:35:00,95.30574411647628,95.30574411647628,95.17325170740813,95.17325170740813,466199.99999999994
2023-03-23 12:40:00,95.17325170740813,95.17325170740813,94.86491491961505,94.86491491961505,492099.99999999994
2023-03-23 12:45:00,94.86491491961505,96.93652895077717,94.86491491961505,96.93652895077717,1158500.0
2023-03-23 12:50:00,96.93652895077717,96.93652895077717,94.3792313091429,94.3792313091429,718900.0
2023-03-23 12:55:00,94.3792313091429,95.89805372409768,94.3792313091429,95.89805372409768,364700.0
2023-03-23 13:00:00,95.89805372409768,95.89805372409768,95.54348930946794,95.54348930946794,1248100.0
2023-03-23 13:05:00,95.54348930946794,96.45771006193326,95.54348930946794,96.45771006193326,1062600.0
2023-03-23 13:10:00,96.45771006193326,96.45771006193326,94.6363751401739,94.6363751401739,1246700.0
2023-03-23 13:15:00,94.6363751401739,94.6363751401739,94.53912109019748,94.53912109019748,1253000.0
2023-03-23 13:20:00,94.53912109019748,96.28332780179893,94.53912109019748,96.28332780179893,695100.0
2023-03-23 13:25:00,96.28332780179893,96.28332780179893,95.66678279801624,95.66678279801624,1108100.0
2023-03-23 13:30:00,95.66678279801624,95.66678279801624,93.7684732954489,93.7684732954489,888300.0
2023-03-23 13:35:00,93.7684732954489,94.69924964067503,93.7684732954489,94.69924964067503,74900.0
2023-03-23 13:40:00,94.69924964067503,95.53909264046311,94.69924964067503,95.53909264046311,582400.0
2023-03-23 13:45:00,95.53909264046311,95.94043545423241,95.53909264046311,95.94043545423241,739900.0
2023-03-23 13:50:00,95.94043545423241,95.94043545423241,94.50970160267894,94.50970160267894,1107400.0
2023-03-23 13:55:00,94.50970160267894,94.50970160267894,92.39578549918595,92.39578549918595,1355200.0
2023-03-23 14:00:00,92.39578549918595,95.64380171007323,92.39578549918595,95.64380171007323,767900.0
2023-03-23 14:05:00,95.64380171007323,95.64380171007323,93.96131712923932,93.96131712923932,554400.0
2023-03-23 14:10:00,93.96131712923932,93.96131712923932,93.1687321476515,93.1687321476515,1123500.0
2023-03-23 14:15:00,93.1687321476515,93.1687321476515,92.41478419062169,92.41478419062169,877100.0
2023-03-23 14:20:00,92.41478419062169,95.89280022518592,92.41478419062169,95.89280022518592,184800.0
2023-03-23 14:25:00,95.89280022518592,95.89280022518592,95.20987373128341,95.20987373128341,1004499.9999999999
2023-03-23 14:30:00,95.20987373128341,95.20987373128341,94.90959136648914,94.90959136648914,1219400.0
2023-03-23 14:35:00,94.90959136648914,96.46853045885557,94.90959136648914,96.46853045885557,1217300.0
2023-03-23 14:40:00,96.46853045885557,96.46853045885557,95.76269740429458,95.76269740429458,1134000.0
2023-03-23 14:45:00,95.76269740429458,96.69040153517697,95.76269740429458,96.69040153517697,1015699.9999999999
2023-03-23 14:50:00,96.69040153517697,96.69040153517697,93.91301949895283,93.91301949895283,116899.99999999999
2023-03-23 14:55:00,93.91301949895283,95.21020522382773,93.91301949895283,95.21020522382773,588000.0
2023-03-23 15:00:00,95.21020522382773,95.21020522382773,93.69539126803471,93.69539126803471,690900.0
2023-03-23 15:05:00,93.69539126803471,95.07298545930853,93.69539126803471,95.07298545930853,953399.9999999999
2023-03-23 15:10:00,95.07298545930853,95.07298545930853,95.05505684405773,95.05505684405773,989799.9999999999
2023-03-23 15:15:00,95.05505684405773,95.83645115009897,95.05505684405773,95.83645115009897,301000.0
2023-03-23 15:20:00,95.83645115009897,95.83645115009897,95.34838492653603,95.34838492653603,884100.0
2023-03-23 15:25:00,95.34838492653603,95.8536777764832,95.34838492653603,95.8536777764832,300300.0
2023-03-23 15:30:00,95.8536777764832,95.93222959620942,95.8536777764832,95.93222959620942,791700.0
2023-03-23 15:35:00,95.93222959620942,97.26683018920998,95.93222959620942,97.26683018920998,576800.0
2023-03-23 15:40:00,97.26683018920998,97.26683018920998,95.00552413845546,95.00552413845546,1241100.0
2023-03-23 15:45:00,95.00552413845546,95.00552413845546,94.35822612022773,94.35822612022773,1136100.0
2023-03-23 15:50:00,94.35822612022773,95.48011229991985,94.35822612022773,95.48011229991985,1185100.0
2023-03-23 15:55:00,95.48011229991985,95.48011229991985,94.46030638943071,94.46030638943071,1185800.0
2023-03-23 16:00:00,94.46030638943071,96.68421071612575,94.46030638943071,96.68421071612575,818300.0
2023-03-24 09:30:00,96.68421071612575,96.68421071612575,95.01347339621628,95.01347339621628,962499.9999999999
2023-03-24 09:35:00,95.01347339621628,95.01347339621628,94.70699442335216,94.70699442335216,303100.0
2023-03-24 09:40:00,94.70699442335216,94.82320025655783,94.70699442335216,94.82320025655783,1141000.0
2023-03-24 09:45:00,94.82320025655783,96.01734051197086,94.82320025655783,96.01734051197086,488599.99999999994
2023-03-24 09:50:00,96.01734051197086,96.01734051197086,95.11222367173781,95.11222367173781,1078000.0
2023-03-24 09:55:00,95.11222367173781,95.11222367173781,94.63292488466969,94.63292488466969,1129800.0
2023-03-24 10:00:00,94.63292488466969,96.8312017248087,94.63292488466969,96.8312017248087,343000.0
2023-03-24 10:05:00,96.8312017248087,96.8312017248087,94.398162182626,94.398162182626,632800.0
2023-03-24 10:10:00,94.398162182626,95.24384474641515,94.398162182626,95.24384474641515,1339100.0
2023-03-24 10:15:00,95.24384474641515,95.87797665601455,95.24384474641515,95.87797665601455,739200.0
2023-03-24 10:20:00,95.87797665601455,95.87797665601455,93.72073150748022,93.72073150748022,139300.0
2023-03-24 10:25:00,93.72073150748022,95.75263726280562,93.72073150748022,95.75263726280562,434700.0
2023-03-24 10:30:00,95.75263726280562,95.75263726280562,94.31670658492729,94.31670658492729,1110200.0
2023-03-24 10:35:00,94.31670658492729,96.1263650252196,94.31670658492729,96.1263650252196,445900.0
2023-03-24 10:40:00,96.1263650252196,96.1263650252196,94.42501145044982,94.42501145044982,428400.0
2023-03-24 10:45:00,94.42501145044982,96.03585604985673,94.42501145044982,96.03585604985673,577500.0
2023-03-24 10:50:00,96.03585604985673,96.43018234063186,96.03585604985673,96.43018234063186,294000.0
2023-03-24 10:55:00,96.43018234063186,96.43018234063186,96.1526919604794,96.1526919604794,180600.0
2023-03-24 11:00:00,96.1526919604794,96.1526919604794,95.50745347096921,95.50745347096921,1318800.0
2023-03-24 11:05:00,95.50745347096921,95.50745347096921,95.04129734622967,95.04129734622967,1341200.0
2023-03-24 11:10:00,95.04129734622967,95.04129734622967,94.72652536990883,94.72652536990883,510999.99999999994
2023-03-24 11:15:00,94.72652536990883,96.69323621504806,94.72652536990883,96.69323621504806,792400.0
2023-03-24 11:20:00,96.69323621504806,96.69323621504806,94.64504399736819,94.64504399736819,1394400.0
2023-03-24 11:25:00,94.64504399736819,94.64504399736819,94.34217968934833,94.34217968934833,1045099.9999999999
2023-03-24 11:30:00,94.34217968934833,95.9077085931191,94.34217968934833,95.9077085931191,1272600.0
2023-03-24 11:35:00,95.9077085931191,95.9077085931191,94.52150496283713,94.52150496283713,634900.0
2023-03-24 11:40:00,94.52150496283713,94.52150496283713,94.3822437170684,94.3822437170684,438200.0
2023-03-24 11:45:00,94.3822437170684,94.3822437170684,93.9432380447307,93.9432380447307,109200.0
2023-03-24 11:50:00,93.9432380447307,94.76670772278237,93.9432380447307,94.76670772278237,1368500.0
2023-03-24 11:55:00,94.76670772278237,95.14709066728572,94.76670772278237,95.14709066728572,220500.0
2023-03-24 12:00:00,95.14709066728572,95.4425663488595,95.14709066728572,95.4425663488595,1308300.0
2023-03-24 12:05:00,95.4425663488595,96.03605726643784,95.4425663488595,96.03605726643784,533400.0
2023-03-24 12:10:00,96.03605726643784,96.03605726643784,95.59985111244707,95.59985111244707,609000.0
2023-03-24 12:15:00,95.59985111244707,95.59985111244707,94.93840888245714,94.93840888245714,322700.0
2023-03-24 12:20:00,94.93840888245714,94.93840888245714,94.90962886274481,94.90962886274481,454300.0
2023-03-24 12:25:00,94.90962886274481,95.55107868732952,94.90962886274481,95.55107868732952,1040199.9999999999
2023-03-24 12:30:00,95.55107868732952,96.26738407870815,95.55107868732952,96.26738407870815,1158500.0
2023-03-24 12:35:00,96.26738407870815,96.26738407870815,95.11569992314263,95.11569992314263,1022699.9999999999
2023-03-24 12:40:00,95.11569992314263,95.11569992314263,94.52172481893145,94.52172481893145,210000.0
2023-03-24 12:45:00,94.52172481893145,94.52172481893145,94.01530930428925,94.01530930428925,499099.99999999994
2023-03-24 12:50:00,94.01530930428925,94.01530930428925,93.63196481977644,93.63196481977644,1084300.0
2023-03-24 12:55:00,93.63196481977644,95.66165759709497,93.63196481977644,95.66165759709497,1138200.0
2023-03-24 13:00:00,95.66165759709497,95.66165759709497,95.59769229140389,95.59769229140389,511699.99999999994
2023-03-24 13:05:00,95.59769229140389,95.71382548400135,95.59769229140389,95.71382548400135,515199.99999999994
2023-03-24 13:10:00,95.71382548400135,95.71382548400135,95.02313499710438,95.02313499710438,802900.0
2023-03-24 13:15:00,95.02313499710438,96.46861432334639,95.02313499710438,96.46861432334639,475299.99999999994
2023-03-24 13:20:00,96.46861432334639,96.46861432334639,94.6435115768119,94.6435115768119,1290800.0
2023-03-24 13:25:00,94.6435115768119,95.97154833999844,94.6435115768119,95.97154833999844,719600.0
2023-03-24 13:30:00,95.97154833999844,95.97154833999844,95.01560491306621,95.01560491306621,303100.0
2023-03-24 13:35:00,95.01560491306621,95.01560491306621,94.47457033661578,94.47457033661578,364000.0
2023-03-24 13:40:00,94.47457033661578,95.58338548699199,94.47457033661578,95.58338548699199,1303400.0
2023-03-24 13:45:00,95.58338548699199,95.58338548699199,95.42661536095696,95.42661536095696,234499.99999999997
2023-03-24 13:50:00,95.42661536095696,95.43254814852709,95.42661536095696,95.43254814852709,1200500.0
2023-03-24 13:55:00,95.43254814852709,95.43254814852709,95.17219182037168,95.17219182037168,1101100.0
2023-03-24 14:00:00,95.17219182037168,95.17219182037168,94.99411622045874,94.99411622045874,268800.0
2023-03-24 14:05:00,94.99411622045874,97.32987284608129,94.99411622045874,97.32987284608129,1221500.0
2023-03-24 14:10:00,97.32987284608129,97.32987284608129,96.14103618674987,96.14103618674987,110600.0
2023-03-24 14:15:00,96.14103618674987,96.14103618674987,95.79208415729136,95.79208415729136,1204000.0
2023-03-24 14:20:00,95.79208415729136,95.79208415729136,95.13714767842515,95.13714767842515,285600.0
2023-03-24 14:25:00,95.13714767842515,96.00766075076628,95.13714767842515,96.00766075076628,761600.0
2023-03-24 14:30:00,96.00766075076628,96.00766075076628,95.59398693616579,95.59398693616579,359100.0
2023-03-24 14:35:00,95.59398693616579,95.59398693616579,95.16050385290637,95.16050385290637,536200.0
2023-03-24 14:40:00,95.16050385290637,95.16050385290637,94.86170188009861,94.86170188009861,1090600.0
2023-03-24 14:45:00,94.86170188009861,95.05630812495092,94.86170188009861,95.05630812495092,455000.0
2023-03-24 14:50:00,95.05630812495092,95.05630812495092,92.1914793432592,92.1914793432592,1127700.0
2023-03-24 14:55:00,92.1914793432592,95.40943704213463,92.1914793432592,95.40943704213463,473899.99999999994
2023-03-24 15:00:00,95.40943704213463,95.40943704213463,94.79526106436074,94.79526106436074,417900.0
2023-03-24 15:05:00,94.79526106436074,96.76331911652137,94.79526106436074,96.76331911652137,674800.0
2023-03-24 15:10:00,96.76331911652137,96.76331911652137,95.27058882371514,95.27058882371514,1073800.0
2023-03-24 15:15:00,95.27058882371514,95.27058882371514,94.10591527930085,94.10591527930085,240799.99999999997
2023-03-24 15:20:00,94.10591527930085,95.15826944986853,94.10591527930085,95.15826944986853,1306900.0
2023-03-24 15:25:00,95.15826944986853,95.15826944986853,94.14352027053575,94.14352027053575,1076600.0
2023-03-24 15:30:00,94.14352027053575,95.57646513261545,94.14352027053575,95.57646513261545,994699.9999999999
2023-03-24 15:35:00,95.57646513261545,95.57646513261545,95.3629178551554,95.3629178551554,889000.0
2023-03-24 15:40:00,95.3629178551554,96.00587727034076,95.3629178551554,96.00587727034076,1266300.0
2023-03-24 15:45:00,96.00587727034076,96.00587727034076,94.33173911357329,94.33173911357329,1251600.0
2023-03-24 15:50:00,94.33173911357329,95.07543438924716,94.33173911357329,95.07543438924716,746200.0
2023-03-24 15:55:00,95.07543438924716,95.07543438924716,93.75560852824458,93.75560852824458,271600.0
2023-03-24 16:00:00,93.75560852824458,95.65472117149397,93.75560852824458,95.65472117149397,1117900.0
2023-03-27 09:30:00,95.65472117149397,95.65472117149397,95.48672852211355,95.48672852211355,1138200.0
2023-03-27 09:35:00,95.48672852211355,95.48672852211355,95.46165327040596,95.46165327040596,1255800.0
2023-03-27 09:40:00,95.46165327040596,95.46165327040596,95.06545938322816,95.06545938322816,1086400.0
2023-03-27 09:45:00,95.06545938322816,95.4259315478919,95.06545938322816,95.4259315478919,196000.0
2023-03-27 09:50:00,95.4259315478919,96.47922366935845,95.4259315478919,96.47922366935845,481599.99999999994
2023-03-27 09:55:00,96.47922366935845,96.47922366935845,94.67260700201231,94.67260700201231,715400.0
2023-03-27 10:00:00,94.67260700201231,95.06283161300803,94.67260700201231,95.06283161300803,841400.0
2023-03-27 10:05:00,95.06283161300803,95.06283161300803,93.92139411675663,93.92139411675663,748300.0
2023-03-27 10:10:00,93.92139411675663,94.14631487911686,93.92139411675663,94.14631487911686,1170400.0
2023-03-27 10:15:00,94.14631487911686,95.00555427463556,94.14631487911686,95.00555427463556,198800.0
2023-03-27 10:20:00,95.00555427463556,95.95372006404766,95.00555427463556,95.95372006404766,935899.9999999999
2023-03-27 10:25:00,95.95372006404766,95.95372006404766,94.59526538215464,94.59526538215464,235899.99999999997
2023-03-27 10:30:00,94.59526538215464,94.61467736171998,94.59526538215464,94.61467736171998,614600.0
2023-03-27 10:35:00,94.61467736171998,94.61467736171998,94.52550535028682,94.52550535028682,901600.0
2023-03-27 10:40:00,94.52550535028682,94.52550535028682,94.3957882979714,94.3957882979714,752500.0
2023-03-27 10:45:00,94.3957882979714,95.21329332007575,94.3957882979714,95.21329332007575,302400.0
2023-03-27 10:50:00,95.21329332007575,95.21329332007575,93.45087397773598,93.45087397773598,1148700.0
2023-03-27 10:55:00,93.45087397773598,96.02448746032795,93.45087397773598,96.02448746032795,467599.99999999994
2023-03-27 11:00:00,96.02448746032795,96.02448746032795,94.13703097101224,94.13703097101224,866600.0
2023-03-27 11:05:00,94.13703097101224,95.5002759542032,94.13703097101224,95.5002759542032,992599.9999999999
2023-03-27 11:10:00,95.5002759542032,95.5002759542032,93.58858570871314,93.58858570871314,950599.9999999999
2023-03-27 11:15:00,93.58858570871314,95.43275983044573,93.58858570871314,95.43275983044573,560000.0
2023-03-27 11:20:00,95.43275983044573,95.52175081231152,95.43275983044573,95.52175081231152,1089200.0
2023-03-27 11:25:00,95.52175081231152,95.52175081231152,95.21006750374757,95.21006750374757,712600.0
2023-03-27 11:30:00,95.21006750374757,95.21006750374757,93.91797320977003,93.91797320977003,1215900.0
2023-03-27 11:35:00,93.91797320977003,95.1607355763915,93.91797320977003,95.1607355763915,1196300.0
2023-03-27 11:40:00,95.1607355763915,95.1607355763915,93.8560792227453,93.8560792227453,119699.99999999999
2023-03-27 11:45:00,93.8560792227453,94.67440828928936,93.8560792227453,94.67440828928936,613900.0
2023-03-27 11:50:00,94.67440828928936,95.7910959215245,94.67440828928936,95.7910959215245,525700.0
2023-03-27 11:55:00,95.7910959215245,95.7910959215245,95.58008323212036,95.58008323212036,109900.0
2023-03-27 12:00:00,95.58008323212036,95.58008323212036,94.80195056577733,94.80195056577733,674100.0
2023-03-27 12:05:00,94.80195056577733,94.80195056577733,93.91465817683157,93.91465817683157,182700.0
2023-03-27 12:10:00,93.91465817683157,95.40892711008391,93.91465817683157,95.40892711008391,623000.0
2023-03-27 12:15:00,95.40892711008391,95.40892711008391,94.80793424048888,94.80793424048888,1073800.0
2023-03-27 12:20:00,94.80793424048888,94.80793424048888,92.59821467516859,92.59821467516859,599200.0
2023-03-27 12:25:00,92.59821467516859,95.51049821723551,92.59821467516859,95.51049821723551,441700.0
2023-03-27 12:30:00,95.51049821723551,95.51049821723551,94.77011875252515,94.77011875252515,972299.9999999999
2023-03-27 12:35:00,94.77011875252515,95.92722599653945,94.77011875252515,95.92722599653945,714000.0
2023-03-27 12:40:00,95.92722599653945,95.92722599653945,93.73414946483335,93.73414946483335,513799.99999999994
2023-03-27 12:45:00,93.73414946483335,93.73414946483335,91.68814328189946,91.68814328189946,876400.0
2023-03-27 12:50:00,91.68814328189946,94.98145411490906,91.68814328189946,94.98145411490906,521499.99999999994
2023-03-27 12:55:00,94.98145411490906,95.06817123628043,94.98145411490906,95.06817123628043,1030399.9999999999
2023-03-27 13:00:00,95.06817123628043,95.06817123628043,93.11752654015135,93.11752654015135,502599.99999999994
2023-03-27 13:05:00,93.11752654015135,93.84159065961119,93.11752654015135,93.84159065961119,1335600.0
2023-03-27 13:10:00,93.84159065961119,97.35141724462581,93.84159065961119,97.35141724462581,500499.99999999994
2023-03-27 13:15:00,97.35141724462581,97.35141724462581,94.40331910169927,94.40331910169927,662900.0
2023-03-27 13:20:00,94.40331910169927,95.35374278632756,94.40331910169927,95.35374278632756,102900.0
2023-03-27 13:25:00,95.35374278632756,95.35374278632756,94.03857161866905,94.03857161866905,883400.0
2023-03-27 13:30:00,94.03857161866905,94.03857161866905,92.61764127983905,92.61764127983905,533400.0
2023-03-27 13:35:00,92.61764127983905,94.49112199665483,92.61764127983905,94.49112199665483,765800.0
2023-03-27 13:40:00,94.49112199665483,94.49112199665483,94.33745779038986,94.33745779038986,203700.0
2023-03-27 13:45:00,94.33745779038986,94.33745779038986,94.20998767206227,94.20998767206227,522899.99999999994
2023-03-27 13:50:00,94.20998767206227,94.41648741301452,94.20998767206227,94.41648741301452,207200.0
2023-03-27 13:55:00,94.41648741301452,94.83264646713394,94.41648741301452,94.83264646713394,493499.99999999994
2023-03-27 14:00:00,94.83264646713394,94.83264646713394,94.39924541089842,94.39924541089842,1344000.0
2023-03-27 14:05:00,94.39924541089842,94.39924541089842,93.36188847051032,93.36188847051032,1319500.0
2023-03-27 14:10:00,93.36188847051032,95.02631425017427,93.36188847051032,95.02631425017427,103600.0
2023-03-27 14:15:00,95.02631425017427,95.02631425017427,92.69661179872779,92.69661179872779,1295700.0
2023-03-27 14:20:00,92.69661179872779,92.69661179872779,92.58409650400827,92.58409650400827,1337000.0
2023-03-27 14:25:00,92.58409650400827,95.21577884529054,92.58409650400827,95.21577884529054,91700.0
2023-03-27 14:30:00,95.21577884529054,95.21577884529054,95.0101356913069,95.0101356913069,554400.0
2023-03-27 14:35:00,95.0101356913069,95.0101356913069,94.4476098561807,94.4476098561807,1080100.0
2023-03-27 14:40:00,94.4476098561807,94.4476098561807,93.21753547182136,93.21753547182136,846300.0
2023-03-27 14:45:00,93.21753547182136,93.88240852874449,93.21753547182136,93.88240852874449,518699.99999999994
2023-03-27 14:50:00,93.88240852874449,94.3169132343455,93.88240852874449,94.3169132343455,1236200.0
2023-03-27 14:55:00,94.3169132343455,94.3169132343455,93.02415876970146,93.02415876970146,653800.0
2023-03-27 15:00:00,93.02415876970146,93.81660620560366,93.02415876970146,93.81660620560366,303800.0
2023-03-27 15:05:00,93.81660620560366,95.15005475035179,93.81660620560366,95.15005475035179,623000.0
2023-03-27 15:10:00,95.15005475035179,95.86936216584834,95.15005475035179,95.86936216584834,391300.0
2023-03-27 15:15:00,95.86936216584834,95.86936216584834,94.14560330851701,94.14560330851701,522899.99999999994
2023-03-27 15:20:00,94.14560330851701,95.3437808966895,94.14560330851701,95.3437808966895,893900.0
2023-03-27 15:25:00,95.3437808966895,95.3437808966895,92.82142732021617,92.82142732021617,281400.0
2023-03-27 15:30:00,92.82142732021617,95.30629509878048,92.82142732021617,95.30629509878048,904400.0
2023-03-27 15:35:00,95.30629509878048,95.30629509878048,93.89813581069039,93.89813581069039,586600.0
2023-03-27 15:40:00,93.89813581069039,95.00909781015221,93.89813581069039,95.00909781015221,484399.99999999994
2023-03-27 15:45:00,95.00909781015221,95.00909781015221,94.45739091507951,94.45739091507951,1270500.0
2023-03-27 15:50:00,94.45739091507951,96.06219675850461,94.45739091507951,96.06219675850461,186200.0
2023-03-27 15:55:00,96.06219675850461,96.06219675850461,93.95957286940357,93.95957286940357,140700.0
2023-03-27 16:00:00,93.95957286940357,95.43256314406239,93.95957286940357,95.43256314406239,1257900.0
2023-03-28 09:30:00,95.43256314406239,95.43256314406239,94.6318469587079,94.6318469587079,873600.0
2023-03-28 09:35:00,94.6318469587079,94.79469153285514,94.6318469587079,94.79469153285514,641900.0
2023-03-28 09:40:00,94.79469153285514,94.79469153285514,94.75165817977347,94.75165817977347,1065400.0
2023-03-28 09:45:00,94.75165817977347,94.75165817977347,94.10269427707647,94.10269427707647,186200.0
2023-03-28 09:50:00,94.10269427707647,94.85694553173501,94.10269427707647,94.85694553173501,539000.0
2023-03-28 09:55:00,94.85694553173501,94.85694553173501,94.8257573250477,94.8257573250477,1138900.0
2023-03-28 10:00:00,94.8257573250477,95.20361725196447,94.8257573250477,95.20361725196447,359800.0
2023-03-28 10:05:00,95.20361725196447,95.20361725196447,95.07202805420258,95.07202805420258,805000.0
2023-03-28 10:10:00,95.07202805420258,95.73352929105134,95.07202805420258,95.73352929105134,1305500.0
2023-03-28 10:15:00,95.73352929105134,95.84471520240987,95.73352929105134,95.84471520240987,130199.99999999999
2023-03-28 10:20:00,95.84471520240987,95.84471520240987,93.95927554321253,93.95927554321253,356300.0
2023-03-28 10:25:00,93.95927554321253,95.74076092076086,93.95927554321253,95.74076092076086,1383200.0
2023-03-28 10:30:00,95.74076092076086,95.74076092076086,93.7753823496323,93.7753823496323,828100.0
2023-03-28 10:35:00,93.7753823496323,95.42810780435207,93.7753823496323,95.42810780435207,907200.0
2023-03-28 10:40:00,95.42810780435207,95.56923624914849,95.42810780435207,95.56923624914849,990499.9999999999
2023-03-28 10:45:00,95.56923624914849,95.56923624914849,93.22587679413147,93.22587679413147,1027599.9999999999
2023-03-28 10:50:00,93.22587679413147,95.07781751514675,93.22587679413147,95.07781751514675,1359400.0
2023-03-28 10:55:00,95.07781751514675,95.07781751514675,94.48918402682975,94.48918402682975,434700.0
2023-03-28 11:00:00,94.48918402682975,94.48918402682975,94.16629076326716,94.16629076326716,719600.0
2023-03-28 11:05:00,94.16629076326716,96.18540738921651,94.16629076326716,96.18540738921651,917699.9999999999
2023-03-28 11:10:00,96.18540738921651,96.18540738921651,94.26525494625228,94.26525494625228,683900.0
2023-03-28 11:15:00,94.26525494625228,94.26525494625228,94.17920661132709,94.17920661132709,753900.0
2023-03-28 11:20:00,94.17920661132709,95.01703119759843,94.17920661132709,95.01703119759843,179200.0
2023-03-28 11:25:00,95.01703119759843,95.61110861739519,95.01703119759843,95.61110861739519,623000.0
2023-03-28 11:30:00,95.61110861739519,95.61110861739519,94.77390555523769,94.77390555523769,1104600.0
2023-03-28 11:35:00,94.77390555523769,96.0573930361589,94.77390555523769,96.0573930361589,1131900.0
2023-03-28 11:40:00,96.0573930361589,96.0573930361589,95.46609501223527,95.46609501223527,349300.0
2023-03-28 11:45:00,95.46609501223527,95.46609501223527,92.97506169754615,92.97506169754615,1281700.0
2023-03-28 11:50:00,92.97506169754615,94.50830601145779,92.97506169754615,94.50830601145779,132300.0
2023-03-28 11:55:00,94.50830601145779,94.50830601145779,94.49774138940387,94.49774138940387,609000.0
2023-03-28 12:00:00,94.49774138940387,95.56670017713958,94.49774138940387,95.56670017713958,534100.0
2023-03-28 12:05:00,95.56670017713958,95.56670017713958,92.62652768928616,92.62652768928616,962499.9999999999
2023-03-28 12:10:00,92.62652768928616,97.48924965837438,92.62652768928616,97.48924965837438,363300.0
2023-03-28 12:15:00,97.48924965837438,97.48924965837438,95.59437465061886,95.59437465061886,893900.0
2023-03-28 12:20:00,95.59437465061886,95.59437465061886,95.2751445567996,95.2751445567996,912800.0
2023-03-28 12:25:00,95.2751445567996,96.32981346202254,95.2751445567996,96.32981346202254,746200.0
2023-03-28 12:30:00,96.32981346202254,97.45945705388328,96.32981346202254,97.45945705388328,755300.0
2023-03-28 12:35:00,97.45945705388328,97.45945705388328,96.09898569630121,96.09898569630121,669200.0
2023-03-28 12:40:00,96.09898569630121,96.18446011522339,96.09898569630121,96.18446011522339,779800.0
2023-03-28 12:45:00,96.18446011522339,96.18446011522339,95.3681749651862,95.3681749651862,651700.0
2023-03-28 12:50:00,95.3681749651862,95.3681749651862,95.15205153021955,95.15205153021955,121099.99999999999
2023-03-28 12:55:00,95.15205153021955,95.15205153021955,94.83297965465034,94.83297965465034,612500.0
2023-03-28 13:00:00,94.83297965465034,94.83297965465034,94.55965129479377,94.55965129479377,1269800.0
2023-03-28 13:05:00,94.55965129479377,94.64815390070402,94.55965129479377,94.64815390070402,400400.0
2023-03-28 13:10:00,94.64815390070402,94.64815390070402,93.98330389046275,93.98330389046275,158200.0
2023-03-28 13:15:00,93.98330389046275,95.21203121869665,93.98330389046275,95.21203121869665,259699.99999999997
2023-03-28 13:20:00,95.21203121869665,95.21203121869665,93.77178042793875,93.77178042793875,963899.9999999999
2023-03-28 13:25:00,93.77178042793875,95.53229824767705,93.77178042793875,95.53229824767705,930299.9999999999
2023-03-28 13:30:00,95.53229824767705,95.53229824767705,95.30428520088282,95.30428520088282,567700.0
2023-03-28 13:35:00,95.30428520088282,95.50873503555333,95.30428520088282,95.50873503555333,655900.0
2023-03-28 13:40:00,95.50873503555333,95.50873503555333,94.82155302300444,94.82155302300444,530600.0
2023-03-28 13:45:00,94.82155302300444,98.32347968694485,94.82155302300444,98.32347968694485,754600.0
2023-03-28 13:50:00,98.32347968694485,98.32347968694485,96.6630250890468,96.6630250890468,389200.0
2023-03-28 13:55:00,96.6630250890468,96.6630250890468,94.22657638411631,94.22657638411631,284900.0
2023-03-28 14:00:00,94.22657638411631,95.57192544612518,94.22657638411631,95.57192544612518,233099.99999999997
2023-03-28 14:05:00,95.57192544612518,95.57192544612518,94.82221262971122,94.82221262971122,809900.0
2023-03-28 14:10:00,94.82221262971122,94.82221262971122,94.36949635259163,94.36949635259163,331800.0
2023-03-28 14:15:00,94.36949635259163,94.36949635259163,94.00308749267228,94.00308749267228,612500.0
2023-03-28 14:20:00,94.00308749267228,95.80270637942714,94.00308749267228,95.80270637942714,824600.0
2023-03-28 14:25:00,95.80270637942714,95.80270637942714,94.73991771288712,94.73991771288712,1205400.0
2023-03-28 14:30:00,94.73991771288712,96.29844450035453,94.73991771288712,96.29844450035453,690900.0
2023-03-28 14:35:00,96.29844450035453,96.29844450035453,96.28155991568987,96.28155991568987,937299.9999999999
2023-03-28 14:40:00,96.28155991568987,96.6004097925817,96.28155991568987,96.6004097925817,503299.99999999994
2023-03-28 14:45:00,96.6004097925817,96.6004097925817,94.5012720678486,94.5012720678486,1073800.0
2023-03-28 14:50:00,94.5012720678486,95.76795268671715,94.5012720678486,95.76795268671715,1184400.0
2023-03-28 14:55:00,95.76795268671715,95.94334584568773,95.76795268671715,95.94334584568773,475299.99999999994
2023-03-28 15:00:00,95.94334584568773,95.94334584568773,94.83700540207228,94.83700540207228,735700.0
2023-03-28 15:05:00,94.83700540207228,94.83700540207228,94.5347564867138,94.5347564867138,1224300.0
2023-03-28 15:10:00,94.5347564867138,96.81625182104321,94.5347564867138,96.81625182104321,468299.99999999994
2023-03-28 15:15:00,96.81625182104321,96.81625182104321,95.53430615494581,95.53430615494581,1039499.9999999999
2023-03-28 15:20:00,95.53430615494581,95.91516676885344,95.53430615494581,95.91516676885344,1105300.0
2023-03-28 15:25:00,95.91516676885344,95.91516676885344,94.4841476745041,94.4841476745041,114799.99999999999
2023-03-28 15:30:00,94.4841476745041,94.4841476745041,94.07488556168357,94.07488556168357,837200.0
2023-03-28 15:35:00,94.07488556168357,94.72518243801342,94.07488556168357,94.72518243801342,163800.0
2023-03-28 15:40:00,94.72518243801342,95.11515044345731,94.72518243801342,95.11515044345731,482999.99999999994
2023-03-28 15:45:00,95.11515044345731,95.11515044345731,94.17848340339359,94.17848340339359,1349600.0
2023-03-28 15:50:00,94.17848340339359,95.20513937580341,94.17848340339359,95.20513937580341,238699.99999999997
2023-03-28 15:55:00,95.20513937580341,95.20513937580341,93.58537204021388,93.58537204021388,184800.0
2023-03-28 16:00:00,93.58537204021388,94.12014012299471,93.58537204021388,94.12014012299471,1049300.0
2023-03-29 09:30:00,94.12014012299471,95.76557129771423,94.12014012299471,95.76557129771423,99400.0
2023-03-29 09:35:00,95.76557129771423,95.76557129771423,95.73751702258183,95.73751702258183,1175300.0
2023-03-29 09:40:00,95.73751702258183,95.73751702258183,94.74794432664696,94.74794432664696,349300.0
2023-03-29 09:45:00,94.74794432664696,94.74794432664696,94.15381555288702,94.15381555288702,598500.0
2023-03-29 09:50:00,94.15381555288702,94.16572118243428,94.15381555288702,94.16572118243428,1291500.0
2023-03-29 09:55:00,94.16572118243428,94.82771049388096,94.16572118243428,94.82771049388096,295400.0
2023-03-29 10:00:00,94.82771049388096,95.78677465101954,94.82771049388096,95.78677465101954,1048600.0
2023-03-29 10:05:00,95.78677465101954,96.02553851874335,95.78677465101954,96.02553851874335,315000.0
2023-03-29 10:10:00,96.02553851874335,96.02553851874335,94.71333343900508,94.71333343900508,966699.9999999999
2023-03-29 10:15:00,94.71333343900508,94.71333343900508,94.0878472120674,94.0878472120674,1177400.0
2023-03-29 10:20:00,94.0878472120674,95.43744286027008,94.0878472120674,95.43744286027008,553000.0
2023-03-29 10:25:00,95.43744286027008,95.43744286027008,94.34675027310774,94.34675027310774,476699.99999999994
2023-03-29 10:30:00,94.34675027310774,94.65520784649257,94.34675027310774,94.65520784649257,149100.0
2023-03-29 10:35:00,94.65520784649257,96.39486831069414,94.65520784649257,96.39486831069414,434000.0
2023-03-29 10:40:00,96.39486831069414,96.39486831069414,95.85175326712813,95.85175326712813,204400.0
2023-03-29 10:45:00,95.85175326712813,95.85175326712813,95.20153126402992,95.20153126402992,311500.0
2023-03-29 10:50:00,95.20153126402992,95.20153126402992,93.82882767578124,93.82882767578124,493499.99999999994
2023-03-29 10:55:00,93.82882767578124,95.26835004136979,93.82882767578124,95.26835004136979,146300.0
2023-03-29 11:00:00,95.26835004136979,96.06520019511726,95.26835004136979,96.06520019511726,888300.0
2023-03-29 11:05:00,96.06520019511726,96.06520019511726,94.65458890730022,94.65458890730022,1169000.0
2023-03-29 11:10:00,94.65458890730022,96.2814803156216,94.65458890730022,96.2814803156216,275100.0
2023-03-29 11:15:00,96.2814803156216,96.2814803156216,96.2116096839805,96.2116096839805,1370600.0
2023-03-29 11:20:00,96.2116096839805,96.54936600781738,96.2116096839805,96.54936600781738,328300.0
2023-03-29 11:25:00,96.54936600781738,96.54936600781738,95.33459075330249,95.33459075330249,302400.0
2023-03-29 11:30:00,95.33459075330249,95.60380253891955,95.33459075330249,95.60380253891955,509599.99999999994
2023-03-29 11:35:00,95.60380253891955,96.44963578694718,95.60380253891955,96.44963578694718,235899.99999999997
2023-03-29 11:40:00,96.44963578694718,96.44963578694718,95.45412254563786,95.45412254563786,946399.9999999999
2023-03-29 11:45:00,95.45412254563786,95.45412254563786,94.54086363858812,94.54086363858812,798700.0
2023-03-29 11:50:00,94.54086363858812,94.54086363858812,94.53804636240461,94.53804636240461,247799.99999999997
2023-03-29 11:55:00,94.53804636240461,95.14333853855706,94.53804636240461,95.14333853855706,1236900.0
2023-03-29 12:00:00,95.14333853855706,95.14333853855706,93.65607788110309,93.65607788110309,1121400.0
2023-03-29 12:05:00,93.65607788110309,94.75408098646511,93.65607788110309,94.75408098646511,840700.0
2023-03-29 12:10:00,94.75408098646511,95.92473993991555,94.75408098646511,95.92473993991555,84700.0
2023-03-29 12:15:00,95.92473993991555,95.92473993991555,92.76651146836883,92.76651146836883,474599.99999999994
2023-03-29 12:20:00,92.76651146836883,96.27599640748124,92.76651146836883,96.27599640748124,487899.99999999994
2023-03-29 12:25:00,96.27599640748124,96.27599640748124,95.88321389417015,95.88321389417015,1375500.0
2023-03-29 12:30:00,95.88321389417015,95.88321389417015,94.3852907732675,94.3852907732675,93800.0
2023-03-29 12:35:00,94.3852907732675,95.39290967722503,94.3852907732675,95.39290967722503,1194900.0
2023-03-29 12:40:00,95.39290967722503,95.39290967722503,94.89191962149694,94.89191962149694,445200.0
2023-03-29 12:45:00,94.89191962149694,96.06496308432477,94.89191962149694,96.06496308432477,1220800.0
2023-03-29 12:50:00,96.06496308432477,96.06496308432477,95.8102421070581,95.8102421070581,1238300.0
2023-03-29 12:55:00,95.8102421070581,95.8102421070581,93.52261884917594,93.52261884917594,323400.0
2023-03-29 13:00:00,93.52261884917594,95.47502011026926,93.52261884917594,95.47502011026926,441700.0
2023-03-29 13:05:00,95.47502011026926,95.47502011026926,94.72136055395029,94.72136055395029,1374800.0
2023-03-29 13:10:00,94.72136055395029,95.06288430329653,94.72136055395029,95.06288430329653,1143800.0
2023-03-29 13:15:00,95.06288430329653,95.06288430329653,94.26778137568016,94.26778137568016,1081500.0
2023-03-29 13:20:00,94.26778137568016,96.65534789550057,94.26778137568016,96.65534789550057,803600.0
2023-03-29 13:25:00,96.65534789550057,96.65534789550057,96.01895759247408,96.01895759247408,499099.99999999994
2023-03-29 13:30:00,96.01895759247408,96.01895759247408,94.3661539180252,94.3661539180252,940099.9999999999
2023-03-29 13:35:00,94.3661539180252,94.3661539180252,93.77483182892418,93.77483182892418,217000.0
2023-03-29 13:40:00,93.77483182892418,94.66816497659663,93.77483182892418,94.66816497659663,560000.0
2023-03-29 13:45:00,94.66816497659663,95.4899887057005,94.66816497659663,95.4899887057005,1323700.0
2023-03-29 13:50:00,95.4899887057005,95.4899887057005,95.2846956249498,95.2846956249498,284200.0
2023-03-29 13:55:00,95.2846956249498,96.29312973639036,95.2846956249498,96.29312973639036,842100.0
2023-03-29 14:00:00,96.29312973639036,96.29312973639036,95.81384854271445,95.81384854271445,332500.0
2023-03-29 14:05:00,95.81384854271445,96.04126449175989,95.81384854271445,96.04126449175989,200200.0
2023-03-29 14:10:00,96.04126449175989,96.04126449175989,95.45104866584417,95.45104866584417,622300.0
2023-03-29 14:15:00,95.45104866584417,95.45104866584417,93.83618139441548,93.83618139441548,366800.0
2023-03-29 14:20:00,93.83618139441548,94.99843720426703,93.83618139441548,94.99843720426703,1243900.0
2023-03-29 14:25:00,94.99843720426703,96.24008807487655,94.99843720426703,96.24008807487655,401100.0
2023-03-29 14:30:00,96.24008807487655,96.24008807487655,95.16427335618377,95.16427335618377,701400.0
2023-03-29 14:35:00,95.16427335618377,95.70835139512057,95.16427335618377,95.70835139512057,403900.0
2023-03-29 14:40:00,95.70835139512057,95.70835139512057,94.95831855985878,94.95831855985878,1251600.0
2023-03-29 14:45:00,94.95831855985878,94.95831855985878,94.24299197837173,94.24299197837173,359800.0
2023-03-29 14:50:00,94.24299197837173,95.07469325191381,94.24299197837173,95.07469325191381,1344700.0
2023-03-29 14:55:00,95.07469325191381,95.54130008509365,95.07469325191381,95.54130008509365,308000.0
2023-03-29 15:00:00,95.54130008509365,95.54130008509365,94.66950544838768,94.66950544838768,885500.0
2023-03-29 15:05:00,94.66950544838768,95.0579029187762,94.66950544838768,95.0579029187762,826700.0
2023-03-29 15:10:00,95.0579029187762,95.0579029187762,94.38546541434116,94.38546541434116,296100.0
2023-03-29 15:15:00,94.38546541434116,96.38196319134181,94.38546541434116,96.38196319134181,1241100.0
2023-03-29 15:20:00,96.38196319134181,96.38196319134181,95.00357434795283,95.00357434795283,1186500.0
2023-03-29 15:25:00,95.00357434795283,96.73706738228476,95.00357434795283,96.73706738228476,507499.99999999994
2023-03-29 15:30:00,96.73706738228476,96.7910330951451,96.73706738228476,96.7910330951451,996099.9999999999
2023-03-29 15:35:00,96.7910330951451,96.7910330951451,95.25636606338112,95.25636606338112,931699.9999999999
2023-03-29 15:40:00,95.25636606338112,95.25636606338112,94.38156789526353,94.38156789526353,1122100.0
2023-03-29 15:45:00,94.38156789526353,94.38156789526353,93.26871337030576,93.26871337030576,637000.0
2023-03-29 15:50:00,93.26871337030576,93.82789093390768,93.26871337030576,93.82789093390768,843500.0
2023-03-29 15:55:00,93.82789093390768,93.85577842382855,93.82789093390768,93.85577842382855,180600.0
2023-03-29 16:00:00,93.85577842382855,96.53899937455454,93.85577842382855,96.53899937455454,1136800.0
2023-03-30 09:30:00,96.53899937455454,96.53899937455454,95.2381082928509,95.2381082928509,665000.0
2023-03-30 09:35:00,95.2381082928509,95.53713099869752,95.2381082928509,95.53713099869752,1337000.0
2023-03-30 09:40:00,95.53713099869752,95.53713099869752,93.00737749936205,93.00737749936205,1014299.9999999999
2023-03-30 09:45:00,93.00737749936205,94.04664325911901,93.00737749936205,94.04664325911901,343000.0
2023-03-30 09:50:00,94.04664325911901,95.96431223250204,94.04664325911901,95.96431223250204,1168300.0
2023-03-30 09:55:00,95.96431223250204,95.96431223250204,95.39278333362579,95.39278333362579,597100.0
2023-03-30 10:00:00,95.39278333362579,95.39278333362579,95.0434182976064,95.0434182976064,774900.0
2023-03-30 10:05:00,95.0434182976064,95.75802827867813,95.0434182976064,95.75802827867813,913500.0
2023-03-30 10:10:00,95.75802827867813,96.65845656903593,95.75802827867813,96.65845656903593,816200.0
2023-03-30 10:15:00,96.65845656903593,96.65845656903593,94.98214435014329,94.98214435014329,210700.0
2023-03-30 10:20:00,94.98214435014329,95.27292911218126,94.98214435014329,95.27292911218126,732900.0
2023-03-30 10:25:00,95.27292911218126,95.29504454499035,95.27292911218126,95.29504454499035,901600.0
2023-03-30 10:30:00,95.29504454499035,97.42842780453263,95.29504454499035,97.42842780453263,549500.0
2023-03-30 10:35:00,97.42842780453263,97.42842780453263,93.25119146110855,93.25119146110855,139300.0
2023-03-30 10:40:00,93.25119146110855,95.95655884623677,93.25119146110855,95.95655884623677,1173900.0
2023-03-30 10:45:00,95.95655884623677,95.95655884623677,95.17285588024318,95.17285588024318,730800.0
2023-03-30 10:50:00,95.17285588024318,95.84779823115862,95.17285588024318,95.84779823115862,933099.9999999999
2023-03-30 10:55:00,95.84779823115862,95.84779823115862,94.6545986023391,94.6545986023391,553700.0
2023-03-30 11:00:00,94.6545986023391,95.27199109653719,94.6545986023391,95.27199109653719,912100.0
2023-03-30 11:05:00,95.27199109653719,95.97336757432382,95.27199109653719,95.97336757432382,1222200.0
2023-03-30 11:10:00,95.97336757432382,98.28378534764516,95.97336757432382,98.28378534764516,1359400.0
2023-03-30 11:15:00,98.28378534764516,98.28378534764516,96.1427272886931,96.1427272886931,118999.99999999999
2023-03-30 11:20:00,96.1427272886931,96.1427272886931,94.588178012719,94.588178012719,833000.0
2023-03-30 11:25:00,94.588178012719,95.09619565250983,94.588178012719,95.09619565250983,895300.0
2023-03-30 11:30:00,95.09619565250983,95.10634726668975,95.09619565250983,95.10634726668975,1138900.0
2023-03-30 11:35:00,95.10634726668975,95.10634726668975,93.84962589006142,93.84962589006142,956199.9999999999
2023-03-30 11:40:00,93.84962589006142,95.31986962732647,93.84962589006142,95.31986962732647,783300.0
2023-03-30 11:45:00,95.31986962732647,96.3416408422823,95.31986962732647,96.3416408422823,1204000.0
2023-03-30 11:50:00,96.3416408422823,96.3416408422823,94.47109591242952,94.47109591242952,1284500.0
2023-03-30 11:55:00,94.47109591242952,96.62344934642684,94.47109591242952,96.62344934642684,362600.0
2023-03-30 12:00:00,96.62344934642684,96.62344934642684,96.09929635978297,96.09929635978297,1190700.0
2023-03-30 12:05:00,96.09929635978297,96.09929635978297,94.9238327798308,94.9238327798308,1232700.0
2023-03-30 12:10:00,94.9238327798308,95.55759705019734,94.9238327798308,95.55759705019734,192500.0
2023-03-30 12:15:00,95.55759705019734,97.20618703696326,95.55759705019734,97.20618703696326,373100.0
2023-03-30 12:20:00,97.20618703696326,97.20618703696326,96.35815388656374,96.35815388656374,461999.99999999994
2023-03-30 12:25:00,96.35815388656374,96.35815388656374,95.65521926898953,95.65521926898953,394800.0
2023-03-30 12:30:00,95.65521926898953,95.65521926898953,95.41673486418821,95.41673486418821,1013599.9999999999
2023-03-30 12:35:00,95.41673486418821,95.73779060954527,95.41673486418821,95.73779060954527,438200.0
2023-03-30 12:40:00,95.73779060954527,95.73779060954527,95.1768086809251,95.1768086809251,447300.0
2023-03-30 12:45:00,95.1768086809251,95.1768086809251,93.69204647676776,93.69204647676776,130199.99999999999
2023-03-30 12:50:00,93.69204647676776,97.65370659049164,93.69204647676776,97.65370659049164,136500.0
2023-03-30 12:55:00,97.65370659049164,97.65370659049164,95.83845250747588,95.83845250747588,943599.9999999999
2023-03-30 13:00:00,95.83845250747588,96.05403072627915,95.83845250747588,96.05403072627915,511699.99999999994
2023-03-30 13:05:00,96.05403072627915,96.05403072627915,95.55492630392567,95.55492630392567,442400.0
2023-03-30 13:10:00,95.55492630392567,95.55492630392567,95.02182876182951,95.02182876182951,876400.0
2023-03-30 13:15:00,95.02182876182951,95.53923797778089,95.02182876182951,95.53923797778089,1313900.0
2023-03-30 13:20:00,95.53923797778089,95.53923797778089,94.19633545600045,94.19633545600045,1334900.0
2023-03-30 13:25:00,94.19633545600045,97.97600275722621,94.19633545600045,97.97600275722621,230299.99999999997
2023-03-30 13:30:00,97.97600275722621,97.97600275722621,94.62801648656782,94.62801648656782,144900.0
2023-03-30 13:35:00,94.62801648656782,94.8035555179969,94.62801648656782,94.8035555179969,509599.99999999994
2023-03-30 13:40:00,94.8035555179969,95.31847867366803,94.8035555179969,95.31847867366803,1021299.9999999999
2023-03-30 13:45:00,95.31847867366803,96.96340510740939,95.31847867366803,96.96340510740939,133700.0
2023-03-30 13:50:00,96.96340510740939,96.96340510740939,95.73678593967988,95.73678593967988,618100.0
2023-03-30 13:55:00,95.73678593967988,95.73678593967988,94.60273170509697,94.60273170509697,231699.99999999997
2023-03-30 14:00:00,94.60273170509697,96.94620661896855,94.60273170509697,96.94620661896855,164500.0
2023-03-30 14:05:00,96.94620661896855,96.94620661896855,96.42336612238324,96.42336612238324,1134700.0
2023-03-30 14:10:00,96.42336612238324,96.42336612238324,96.24604330605746,96.24604330605746,1166200.0
2023-03-30 14:15:00,96.24604330605746,96.44562500013205,96.24604330605746,96.44562500013205,1364300.0
2023-03-30 14:20:00,96.44562500013205,98.05362138691875,96.44562500013205,98.05362138691875,1094100.0
2023-03-30 14:25:00,98.05362138691875,98.05362138691875,97.84644821821512,97.84644821821512,1264900.0
2023-03-30 14:30:00,97.84644821821512,97.84644821821512,95.14736248334604,95.14736248334604,1390900.0
2023-03-30 14:35:00,95.14736248334604,97.32435052428313,95.14736248334604,97.32435052428313,326900.0
2023-03-30 14:40:00,97.32435052428313,97.32435052428313,96.14748045312011,96.14748045312011,1059800.0
2023-03-30 14:45:00,96.14748045312011,96.24015047952233,96.14748045312011,96.24015047952233,1280300.0
2023-03-30 14:50:00,96.24015047952233,96.24015047952233,94.15942819258942,94.15942819258942,1222200.0
2023-03-30 14:55:00,94.15942819258942,95.55458261212142,94.15942819258942,95.55458261212142,77000.0
2023-03-30 15:00:00,95.55458261212142,95.55458261212142,94.99810068816119,94.99810068816119,376600.0
2023-03-30 15:05:00,94.99810068816119,96.5162287688628,94.99810068816119,96.5162287688628,1218000.0
2023-03-30 15:10:00,96.5162287688628,96.75250191348269,96.5162287688628,96.75250191348269,261099.99999999997
2023-03-30 15:15:00,96.75250191348269,96.75250191348269,93.79795214748742,93.79795214748742,411600.0
2023-03-30 15:20:00,93.79795214748742,95.72305892340526,93.79795214748742,95.72305892340526,324100.0
2023-03-30 15:25:00,95.72305892340526,96.84382581804711,95.72305892340526,96.84382581804711,565600.0
2023-03-30 15:30:00,96.84382581804711,96.84382581804711,95.6314085796418,95.6314085796418,1297100.0
2023-03-30 15:35:00,95.6314085796418,96.36469324842648,95.6314085796418,96.36469324842648,1002399.9999999999
2023-03-30 15:40:00,96.36469324842648,96.36469324842648,96.02438142016311,96.02438142016311,258999.99999999997
2023-03-30 15:45:00,96.02438142016311,96.02438142016311,95.93783327986243,95.93783327986243,532700.0
2023-03-30 15:50:00,95.93783327986243,95.93783327986243,95.38879600781561,95.38879600781561,1184400.0
2023-03-30 15:55:00,95.38879600781561,95.38879600781561,94.46178637671566,94.46178637671566,970899.9999999999
2023-03-30 16:00:00,94.46178637671566,94.62030456951352,94.46178637671566,94.62030456951352,944299.9999999999
2023-03-31 09:30:00,94.62030456951352,96.33897856192905,94.62030456951352,96.33897856192905,1157100.0
2023-03-31 09:35:00,96.33897856192905,96.33897856192905,95.69273120525709,95.69273120525709,1255100.0
2023-03-31 09:40:00,95.69273120525709,95.69273120525709,95.50065059743766,95.50065059743766,1019199.9999999999
2023-03-31 09:45:00,95.50065059743766,95.50065059743766,95.22385515366601,95.22385515366601,1269800.0
2023-03-31 09:50:00,95.22385515366601,95.32463249996043,95.22385515366601,95.32463249996043,640500.0
2023-03-31 09:55:00,95.32463249996043,96.61379651532089,95.32463249996043,96.61379651532089,448000.0
2023-03-31 10:00:00,96.61379651532089,96.61379651532089,95.38078118867735,95.38078118867735,997499.9999999999
2023-03-31 10:05:00,95.38078118867735,95.38078118867735,94.49638918734752,94.49638918734752,928899.9999999999
2023-03-31 10:10:00,94.49638918734752,96.44859075099056,94.49638918734752,96.44859075099056,1073800.0
2023-03-31 10:15:00,96.44859075099056,96.44859075099056,95.52727073767687,95.52727073767687,905100.0
2023-03-31 10:20:00,95.52727073767687,95.71003551088312,95.52727073767687,95.71003551088312,93100.0
2023-03-31 10:25:00,95.71003551088312,97.18600766180852,95.71003551088312,97.18600766180852,413000.0
2023-03-31 10:30:00,97.18600766180852,97.18600766180852,95.62588801983328,95.62588801983328,968099.9999999999
2023-03-31 10:35:00,95.62588801983328,95.98646691953932,95.62588801983328,95.98646691953932,646100.0
2023-03-31 10:40:00,95.98646691953932,95.98646691953932,94.47940504207638,94.47940504207638,984899.9999999999
2023-03-31 10:45:00,94.47940504207638,95.44350128239047,94.47940504207638,95.44350128239047,818300.0
2023-03-31 10:50:00,95.44350128239047,96.23869995356593,95.44350128239047,96.23869995356593,324100.0
2023-03-31 10:55:00,96.23869995356593,96.23869995356593,94.13526862120403,94.13526862120403,316400.0
2023-03-31 11:00:00,94.13526862120403,95.84400366415568,94.13526862120403,95.84400366415568,288400.0
2023-03-31 11:05:00,95.84400366415568,95.84400366415568,95.78310898702688,95.78310898702688,1397200.0
2023-03-31 11:10:00,95.78310898702688,95.78310898702688,95.71240833625399,95.71240833625399,800100.0
2023-03-31 11:15:00,95.71240833625399,96.63413327583653,95.71240833625399,96.63413327583653,413000.0
2023-03-31 11:20:00,96.63413327583653,96.63413327583653,95.97628701158489,95.97628701158489,565600.0
2023-03-31 11:25:00,95.97628701158489,97.0427854955973,95.97628701158489,97.0427854955973,175700.0
2023-03-31 11:30:00,97.0427854955973,97.0427854955973,94.68390148679066,94.68390148679066,410200.0
2023-03-31 11:35:00,94.68390148679066,95.7640993426471,94.68390148679066,95.7640993426471,660100.0
2023-03-31 11:40:00,95.7640993426471,95.7640993426471,95.71364015461343,95.71364015461343,196700.0
2023-03-31 11:45:00,95.71364015461343,95.71364015461343,94.58504769227478,94.58504769227478,1364300.0
2023-03-31 11:50:00,94.58504769227478,96.52533254144414,94.58504769227478,96.52533254144414,997499.9999999999
2023-03-31 11:55:00,96.52533254144414,97.80351553221331,96.52533254144414,97.80351553221331,786100.0
2023-03-31 12:00:00,97.80351553221331,97.80351553221331,95.61566407510747,95.61566407510747,1234100.0
2023-03-31 12:05:00,95.61566407510747,96.04447751730949,95.61566407510747,96.04447751730949,326900.0
2023-03-31 12:10:00,96.04447751730949,96.04447751730949,95.69854100535468,95.69854100535468,973699.9999999999
2023-03-31 12:15:00,95.69854100535468,95.69854100535468,94.96677554105284,94.96677554105284,1313200.0
2023-03-31 12:20:00,94.96677554105284,94.96677554105284,93.86629831959641,93.86629831959641,1014999.9999999999
2023-03-31 12:25:00,93.86629831959641,94.92716056994345,93.86629831959641,94.92716056994345,715400.0
2023-03-31 12:30:00,94.92716056994345,94.92716056994345,94.21913383656697,94.21913383656697,700700.0
2023-03-31 12:35:00,94.21913383656697,97.18466719822534,94.21913383656697,97.18466719822534,660800.0
2023-03-31 12:40:00,97.18466719822534,97.18466719822534,95.50105491817082,95.50105491817082,529200.0
2023-03-31 12:45:00,95.50105491817082,95.50105491817082,95.28223671209803,95.28223671209803,183400.0
2023-03-31 12:50:00,95.28223671209803,96.52013820508292,95.28223671209803,96.52013820508292,641200.0
2023-03-31 12:55:00,96.52013820508292,96.52013820508292,94.59572428108171,94.59572428108171,486499.99999999994
2023-03-31 13:00:00,94.59572428108171,94.9895088510182,94.59572428108171,94.9895088510182,697200.0
2023-03-31 13:05:00,94.9895088510182,95.80324668414829,94.9895088510182,95.80324668414829,112000.0
2023-03-31 13:10:00,95.80324668414829,96.7122255461879,95.80324668414829,96.7122255461879,1184400.0
2023-03-31 13:15:00,96.7122255461879,96.7122255461879,96.23225382327588,96.23225382327588,1101100.0
2023-03-31 13:20:00,96.23225382327588,96.23225382327588,95.97370709321774,95.97370709321774,203000.0
2023-03-31 13:25:00,95.97370709321774,95.97370709321774,95.8864503555287,95.8864503555287,105700.0
2023-03-31 13:30:00,95.8864503555287,96.16996637521983,95.8864503555287,96.16996637521983,1141700.0
2023-03-31 13:35:00,96.16996637521983,96.16996637521983,96.04047136940187,96.04047136940187,1353100.0
2023-03-31 13:40:00,96.04047136940187,96.04047136940187,94.8039300927899,94.8039300927899,921899.9999999999
2023-03-31 13:45:00,94.8039300927899,95.78421141586101,94.8039300927899,95.78421141586101,1159200.0
2023-03-31 13:50:00,95.78421141586101,95.78421141586101,94.74299791848559,94.74299791848559,599900.0
2023-03-31 13:55:00,94.74299791848559,95.76168478612999,94.74299791848559,95.76168478612999,576100.0
2023-03-31 14:00:00,95.76168478612999,95.76168478612999,95.32764623137587,95.32764623137587,443800.0
2023-03-31 14:05:00,95.32764623137587,98.19775466471656,95.32764623137587,98.19775466471656,171500.0
2023-03-31 14:10:00,98.19775466471656,98.19775466471656,95.72153733802496,95.72153733802496,1343300.0
2023-03-31 14:15:00,95.72153733802496,95.72153733802496,94.39396342127844,94.39396342127844,298200.0
2023-03-31 14:20:00,94.39396342127844,95.6185291623179,94.39396342127844,95.6185291623179,599200.0
2023-03-31 14:25:00,95.6185291623179,96.26081129222652,95.6185291623179,96.26081129222652,171500.0
2023-03-31 14:30:00,96.26081129222652,97.35596691507453,96.26081129222652,97.35596691507453,625800.0
2023-03-31 14:35:00,97.35596691507453,97.35596691507453,95.0811960018902,95.0811960018902,624400.0
2023-03-31 14:40:00,95.0811960018902,95.0811960018902,94.08337732413436,94.08337732413436,1360800.0
2023-03-31 14:45:00,94.08337732413436,96.35256691726548,94.08337732413436,96.35256691726548,609000.0
2023-03-31 14:50:00,96.35256691726548,96.35256691726548,94.27346926023785,94.27346926023785,325500.0
2023-03-31 14:55:00,94.27346926023785,95.17601416890918,94.27346926023785,95.17601416890918,647500.0
2023-03-31 15:00:00,95.17601416890918,95.37019901149098,95.17601416890918,95.37019901149098,303800.0
2023-03-31 15:05:00,95.37019901149098,95.50863366418008,95.37019901149098,95.50863366418008,891800.0
2023-03-31 15:10:00,95.50863366418008,96.17525702518972,95.50863366418008,96.17525702518972,149100.0
2023-03-31 15:15:00,96.17525702518972,96.17525702518972,94.85408440759512,94.85408440759512,869400.0
2023-03-31 15:20:00,94.85408440759512,95.27746961417,94.85408440759512,95.27746961417,866600.0
2023-03-31 15:25:00,95.27746961417,95.68047825185093,95.27746961417,95.68047825185093,808500.0
2023-03-31 15:30:00,95.68047825185093,95.8152952885832,95.68047825185093,95.8152952885832,772100.0
2023-03-31 15:35:00,95.8152952885832,95.8152952885832,95.77559835534552,95.77559835534552,487199.99999999994
2023-03-31 15:40:00,95.77559835534552,96.11726205051673,95.77559835534552,96.11726205051673,143500.0
2023-03-31 15:45:00,96.11726205051673,96.52958191683909,96.11726205051673,96.52958191683909,193200.0
2023-03-31 15:50:00,96.52958191683909,96.52958191683909,96.03906210720584,96.03906210720584,586600.0
2023-03-31 15:55:00,96.03906210720584,96.14775646076173,96.03906210720584,96.14775646076173,490699.99999999994
2023-03-31 16:00:00,96.14775646076173,96.14775646076173,94.10389109588094,94.10389109588094,114799.99999999999
