timestamp,open,high,low,close,volume
2023-02-01 09:30:00,5299.001043,5301.650013995272,5296.918148528797,5301.444354,447000
2023-02-01 09:35:00,5301.444354,5301.127983274157,5295.935303294569,5298.720279,113000
2023-02-01 09:40:00,5298.720279,5297.584906100015,5293.885708204911,5295.906767832896,1740000
2023-02-01 09:45:00,5295.906767832896,5300.8520370115375,5297.189223399434,5299.503350578903,896000
2023-02-01 09:50:00,5299.503350578903,5300.258927351005,5295.631554253123,5297.034832888238,588000
2023-02-01 09:55:00,5297.034832888238,5296.973046981538,5291.7923496332505,5296.218828718155,438000
2023-02-01 10:00:00,5296.218828718155,5299.220844616182,5294.671491585227,5296.299221980084,1517000
2023-02-01 10:05:00,5296.299221980084,5294.847681104993,5291.445497493484,5290.887184093947,574000
2023-02-01 10:10:00,5290.887184093947,5295.786934215518,5290.546419929096,5293.754416256092,1678000
2023-02-01 10:15:00,5293.754416256092,5296.4362635931175,5293.0360685806845,5295.392174972272,776000
2023-02-01 10:20:00,5295.392174972272,5300.651310374672,5296.348714246933,5299.207773601153,1448000
2023-02-01 10:25:00,5299.207773601153,5300.345045926943,5295.173772,5297.705019284158,1489000
2023-02-01 10:30:00,5297.705019284158,5299.767255009242,5297.164599047427,5298.469258506693,150000
2023-02-01 10:35:00,5298.469258506693,5302.288008240685,5298.817366,5301.513179707286,368000
2023-02-01 10:40:00,5301.513179707286,5305.674650455167,5303.883243430144,5303.901992900971,1039000
2023-02-01 10:45:00,5303.901992900971,5308.485387916736,5301.761487168935,5305.611748868715,203000
2023-02-01 10:50:00,5305.611748868715,5303.903657299176,5301.184598991018,5302.6241295925975,1327000
2023-02-01 10:55:00,5302.6241295925975,5307.611860764883,5301.509876262794,5304.584717835425,1181000
2023-02-01 11:00:00,5304.584717835425,5309.330222434602,5306.800542707225,5307.216721,549000
2023-02-01 11:05:00,5307.216721,5313.312089800457,5308.717294981521,5312.030733,274000
2023-02-01 11:10:00,5312.030733,5317.079631426437,5312.264880712589,5311.983393855112,1785000
2023-02-01 11:15:00,5311.983393855112,5313.894762009863,5308.850242609512,5312.401501857164,665000
2023-02-01 11:20:00,5312.401501857164,5310.3457684247405,5306.378797786448,5306.314217628013,1940000
2023-02-01 11:25:00,5306.314217628013,5316.552306354221,5309.439428534635,5312.549509366527,352000
2023-02-01 11:30:00,5312.549509366527,5318.139896161795,5316.478111074296,5317.382953111482,1894000
2023-02-01 11:35:00,5317.382953111482,5316.872260513764,5311.697236423896,5315.569140543535,1964000
2023-02-01 11:40:00,5315.569140543535,5318.853646468915,5312.839386652629,5316.132369562766,455000
2023-02-01 11:45:00,5316.132369562766,5317.744270338397,5312.788854570516,5316.802017213681,1662000
2023-02-01 11:50:00,5316.802017213681,5319.072045729506,5313.939797845169,5316.916061567076,1068000
2023-02-01 11:55:00,5316.916061567076,5315.673753,5312.748044,5315.018038731261,599000
2023-02-01 12:00:00,5315.018038731261,5318.662597,5313.625563052804,5315.997163890963,388000
2023-02-01 12:05:00,5315.997163890963,5317.777185702507,5312.404057780833,5313.063419807781,846000
2023-02-01 12:10:00,5313.063419807781,5315.059297657111,5309.708241521065,5314.201375605669,228000
2023-02-01 12:15:00,5314.201375605669,5316.443169945856,5313.087054171259,5315.882961842319,1842000
2023-02-01 12:20:00,5315.882961842319,5314.276990423449,5308.359157139769,5309.013870134593,720000
2023-02-01 12:25:00,5309.013870134593,5315.161591272394,5310.539514776471,5310.996528564491,1040000
2023-02-01 12:30:00,5310.996528564491,5313.486435410995,5306.928092792701,5310.868007493702,139000
2023-02-01 12:35:00,5310.868007493702,5315.296154256833,5313.299692355771,5313.405163,1067000
2023-02-01 12:40:00,5313.405163,5315.761317597357,5312.483319,5315.898600565243,1176000
2023-02-01 12:45:00,5315.898600565243,5313.926155873823,5312.494338,5312.173040451718,201000
2023-02-01 12:50:00,5312.173040451718,5318.328205,5313.993235624167,5316.891247,596000
2023-02-01 12:55:00,5316.891247,5320.620443550993,5313.310512788093,5317.963477887864,1566000
2023-02-01 13:00:00,5317.963477887864,5319.177767832848,5316.315363,5316.353244769275,1906000
2023-02-01 13:05:00,5316.353244769275,5323.302115521539,5317.4806040580615,5320.829353612759,512000
2023-02-01 13:10:00,5320.829353612759,5319.618731732479,5315.014823,5318.049957180252,600000
2023-02-01 13:15:00,5318.049957180252,5322.699212821328,5319.846249,5322.181219661141,1937000
2023-02-01 13:20:00,5322.181219661141,5323.806180901604,5321.964566282279,5322.346694438768,961000
2023-02-01 13:25:00,5322.346694438768,5324.452197141014,5318.934665147974,5322.398393477884,1600000
2023-02-01 13:30:00,5322.398393477884,5322.530833711828,5317.403590228771,5322.225948924502,1967000
2023-02-01 13:35:00,5322.225948924502,5320.907982511601,5316.366642140547,5317.376303039514,701000
2023-02-01 13:40:00,5317.376303039514,5321.249164688705,5315.078542034905,5318.655019531261,1092000
2023-02-01 13:45:00,5318.655019531261,5320.058183974956,5314.711309042676,5317.848649750102,696000
2023-02-01 13:50:00,5317.848649750102,5321.944115767968,5318.1328020197325,5317.712273830527,963000
2023-02-01 13:55:00,5317.712273830527,5317.354613473445,5311.938176,5313.561397569812,1356000
2023-02-01 14:00:00,5313.561397569812,5314.699222426487,5310.419777605322,5315.279123588474,1319000
2023-02-01 14:05:00,5315.279123588474,5314.542266755682,5309.977834281868,5311.773210632305,1161000
2023-02-01 14:10:00,5311.773210632305,5313.299722081842,5309.582018181622,5312.365798005861,1740000
2023-02-01 14:15:00,5312.365798005861,5313.512866087274,5308.093589309165,5312.365509189384,1000000
2023-02-01 14:20:00,5312.365509189384,5315.034301772784,5308.964859938025,5312.825242736518,1158000
2023-02-01 14:25:00,5312.825242736518,5314.882772487022,5309.120415251379,5312.530286632217,1592000
2023-02-01 14:30:00,5312.530286632217,5317.644861888913,5314.019181485807,5314.275752371361,1248000
2023-02-01 14:35:00,5314.275752371361,5318.011988264281,5312.019438724117,5317.098599230538,1342000
2023-02-01 14:40:00,5317.098599230538,5320.067148866368,5314.632857772304,5318.028239055379,266000
2023-02-01 14:45:00,5318.028239055379,5320.199983657508,5317.318761420695,5317.625580128952,383000
2023-02-01 14:50:00,5317.625580128952,5322.835533507048,5316.9181677571705,5319.518151218309,681000
2023-02-01 14:55:00,5319.518151218309,5319.182186153524,5317.581874472905,5318.498621568057,1252000
2023-02-01 15:00:00,5318.498621568057,5321.474389925556,5315.734639229385,5319.065262,784000
2023-02-01 15:05:00,5319.065262,5319.011340204849,5316.619448045996,5316.372698590613,1464000
2023-02-01 15:10:00,5316.372698590613,5322.792454150166,5318.117783140754,5322.210420062311,965000
2023-02-01 15:15:00,5322.210420062311,5321.989799958493,5318.489242476391,5319.724243987193,1788000
2023-02-01 15:20:00,5319.724243987193,5327.056636838128,5320.861185353811,5324.062771088256,879000
2023-02-01 15:25:00,5324.062771088256,5323.054641907312,5320.284147202101,5321.315571307995,1429000
2023-02-01 15:30:00,5321.315571307995,5324.156119036544,5319.030971934407,5323.015531657368,271000
2023-02-01 15:35:00,5323.015531657368,5323.948205623599,5319.387211446795,5321.152627410882,931000
2023-02-01 15:40:00,5321.152627410882,5324.453476570175,5318.215755002352,5322.8326919269375,413000
2023-02-01 15:45:00,5322.8326919269375,5324.30264,5319.271575711637,5319.131923275346,1344000
2023-02-01 15:50:00,5319.131923275346,5322.784803175427,5317.784424179321,5320.622453381825,1552000
2023-02-01 15:55:00,5320.622453381825,5322.534352,5318.405979381544,5320.605507,1346000
2023-02-01 16:00:00,5320.605507,5320.109823573074,5316.361672043402,5318.512122481452,757000
2023-02-02 09:30:00,5318.512122481452,5321.029498223229,5318.122813394278,5319.751587135601,1321000
2023-02-02 09:35:00,5319.751587135601,5318.919247792407,5314.973034551954,5319.194165749843,837000
2023-02-02 09:40:00,5319.194165749843,5322.306406113616,5316.714526,5319.468477895143,1024000
2023-02-02 09:45:00,5319.468477895143,5324.978814166799,5318.652866944227,5320.4488496431,1956000
2023-02-02 09:50:00,5320.4488496431,5321.756333459581,5319.430226353026,5320.099566663826,809000
2023-02-02 09:55:00,5320.099566663826,5320.025370101453,5316.713041869013,5317.348124941813,1191000
2023-02-02 10:00:00,5317.348124941813,5325.264034030227,5320.891160623322,5322.426188157399,1591000
2023-02-02 10:05:00,5322.426188157399,5327.285184605355,5321.343431,5323.9180673016745,852000
2023-02-02 10:10:00,5323.9180673016745,5322.611364722767,5318.795792408977,5322.361548649779,1717000
2023-02-02 10:15:00,5322.361548649779,5326.062792073824,5320.037099252123,5322.546637,1313000
2023-02-02 10:20:00,5322.546637,5321.355762772537,5318.259228,5320.245709977263,107000
2023-02-02 10:25:00,5320.245709977263,5322.998593626734,5319.469772,5321.6102772792765,844000
2023-02-02 10:30:00,5321.6102772792765,5330.708640720292,5323.4658083034365,5326.250752436285,684000
2023-02-02 10:35:00,5326.250752436285,5332.452373256468,5326.742982,5328.978154670481,1817000
2023-02-02 10:40:00,5328.978154670481,5328.132867878944,5323.862616849644,5325.935242282959,1979000
2023-02-02 10:45:00,5325.935242282959,5325.749889136685,5319.016692789076,5321.697157497156,1637000
2023-02-02 10:50:00,5321.697157497156,5329.535458881063,5322.9137608063775,5325.288974929559,1655000
2023-02-02 10:55:00,5325.288974929559,5326.650491594865,5322.572402610956,5325.034413230012,836000
2023-02-02 11:00:00,5325.034413230012,5327.183804365943,5323.130733087939,5324.762677378829,253000
2023-02-02 11:05:00,5324.762677378829,5328.698463914684,5326.225950363038,5326.642954472122,959000
2023-02-02 11:10:00,5326.642954472122,5328.064669305886,5322.610768835862,5326.143971,657000
2023-02-02 11:15:00,5326.143971,5328.802388787168,5327.637135557652,5329.620719297009,1644000
2023-02-02 11:20:00,5329.620719297009,5331.575021804148,5327.347861607362,5328.222871250923,270000
2023-02-02 11:25:00,5328.222871250923,5329.410322654151,5325.986591389588,5328.735052327727,1494000
2023-02-02 11:30:00,5328.735052327727,5336.188397538049,5329.438637469922,5333.7995266350445,1591000
2023-02-02 11:35:00,5333.7995266350445,5332.488419460719,5327.948784536092,5331.744940544919,1781000
2023-02-02 11:40:00,5331.744940544919,5333.165276950704,5328.264801275394,5329.898030217863,1294000
2023-02-02 11:45:00,5329.898030217863,5332.754545854006,5328.994473461696,5329.293402101212,1000000
2023-02-02 11:50:00,5329.293402101212,5329.714717092945,5324.235868349589,5325.056807282138,1909000
2023-02-02 11:55:00,5325.056807282138,5330.499557039228,5329.1775785781565,5330.080347877077,801000
2023-02-02 12:00:00,5330.080347877077,5335.641187712872,5331.044138929936,5332.179132263065,148000
2023-02-02 12:05:00,5332.179132263065,5335.255747654755,5327.790049929815,5331.112045041723,563000
2023-02-02 12:10:00,5331.112045041723,5331.277432572401,5326.186065180595,5329.428555923327,265000
2023-02-02 12:15:00,5329.428555923327,5325.286238613215,5322.606337051209,5322.838153337099,697000
2023-02-02 12:20:00,5322.838153337099,5323.314096719912,5319.942735179955,5320.57529,652000
2023-02-02 12:25:00,5320.57529,5322.556729904031,5316.962278,5321.288518559749,305000
2023-02-02 12:30:00,5321.288518559749,5319.529844072688,5312.840605652118,5316.406478711423,636000
2023-02-02 12:35:00,5316.406478711423,5324.651841,5319.001319568553,5323.885329411791,1955000
2023-02-02 12:40:00,5323.885329411791,5324.9539841926535,5322.762128101357,5324.217146505216,786000
2023-02-02 12:45:00,5324.217146505216,5328.295759337128,5323.390489413877,5325.593651609535,807000
2023-02-02 12:50:00,5325.593651609535,5327.384433037103,5321.396279349972,5326.372486447551,1063000
2023-02-02 12:55:00,5326.372486447551,5329.967216201984,5323.226761848257,5325.1093396008855,1312000
2023-02-02 13:00:00,5325.1093396008855,5328.825996291096,5321.715295447703,5326.196992,1469000
2023-02-02 13:05:00,5326.196992,5325.837754820998,5323.635183445237,5326.22874,173000
2023-02-02 13:10:00,5326.22874,5332.682596299184,5326.375207674647,5327.988663174715,527000
2023-02-02 13:15:00,5327.988663174715,5334.296376535245,5329.234423667676,5331.542257099629,1309000
2023-02-02 13:20:00,5331.542257099629,5332.851889045888,5328.655203998889,5332.722288053118,1935000
2023-02-02 13:25:00,5332.722288053118,5338.364017485063,5334.259249635058,5336.4034826469215,594000
2023-02-02 13:30:00,5336.4034826469215,5339.106407810719,5334.323448846859,5337.070683109395,1925000
2023-02-02 13:35:00,5337.070683109395,5335.895662160369,5331.497067277474,5334.919858525437,192000
2023-02-02 13:40:00,5334.919858525437,5337.670412924264,5334.758178928503,5335.283581331392,1269000
2023-02-02 13:45:00,5335.283581331392,5339.344467396433,5335.104271,5339.076376119536,1927000
2023-02-02 13:50:00,5339.076376119536,5334.352271590193,5331.875026389424,5332.617943045869,1096000
2023-02-02 13:55:00,5332.617943045869,5335.747778264376,5331.6498206206825,5334.3095539780925,1453000
2023-02-02 14:00:00,5334.3095539780925,5343.266032478798,5338.784761447992,5339.872130548768,457000
2023-02-02 14:05:00,5339.872130548768,5345.067416351124,5338.879695070122,5341.225740433816,906000
2023-02-02 14:10:00,5341.225740433816,5347.067809594688,5342.551684042652,5343.148608884752,292000
2023-02-02 14:15:00,5343.148608884752,5348.192849,5344.200475950122,5343.767853514642,1606000
2023-02-02 14:20:00,5343.767853514642,5345.435495,5341.441794406935,5344.042906780752,552000
2023-02-02 14:25:00,5344.042906780752,5341.247577347686,5337.526239441111,5341.240398077234,503000
2023-02-02 14:30:00,5341.240398077234,5343.144628,5338.833903261833,5341.718016343519,1076000
2023-02-02 14:35:00,5341.718016343519,5341.828768886456,5338.996511614095,5340.250118214127,494000
2023-02-02 14:40:00,5340.250118214127,5340.494876066053,5335.343377216394,5335.689337138952,1495000
2023-02-02 14:45:00,5335.689337138952,5338.199136327731,5335.089938,5337.002253654601,1214000
2023-02-02 14:50:00,5337.002253654601,5340.395517102422,5334.1515874611005,5337.217575891586,1676000
2023-02-02 14:55:00,5337.217575891586,5340.1008727044045,5335.682639654112,5339.14998,826000
2023-02-02 15:00:00,5339.14998,5339.836177032627,5333.262959343251,5337.088374663016,669000
2023-02-02 15:05:00,5337.088374663016,5338.256383,5332.929906363564,5337.402673,1346000
2023-02-02 15:10:00,5337.402673,5338.846651595159,5333.846131049314,5338.1519096609245,1706000
2023-02-02 15:15:00,5338.1519096609245,5338.4034531630905,5331.289753942336,5337.232827141249,483000
2023-02-02 15:20:00,5337.232827141249,5335.648595383276,5332.324668838188,5333.614960702155,528000
2023-02-02 15:25:00,5333.614960702155,5335.220787590646,5330.412012,5333.189426855041,1198000
2023-02-02 15:30:00,5333.189426855041,5334.060851383374,5328.451158797387,5332.0036844151455,1669000
2023-02-02 15:35:00,5332.0036844151455,5334.186061038888,5326.755008521369,5329.316213,1114000
2023-02-02 15:40:00,5329.316213,5339.790081499961,5335.543334846198,5336.154663407257,523000
2023-02-02 15:45:00,5336.154663407257,5333.322037020055,5331.248828543006,5332.323162316757,903000
2023-02-02 15:50:00,5332.323162316757,5338.803704260656,5332.395871139757,5335.396499961204,1276000
2023-02-02 15:55:00,5335.396499961204,5337.809839559349,5336.274342,5337.171358602181,618000
2023-02-02 16:00:00,5337.171358602181,5336.491983,5331.662066183543,5333.725066545491,598000
2023-02-03 09:30:00,5333.725066545491,5338.354529471059,5333.134700735583,5337.047707923859,1842000
2023-02-03 09:35:00,5337.047707923859,5337.311754751708,5333.283409441152,5336.870335,1493000
2023-02-03 09:40:00,5336.870335,5342.785160176782,5335.347559702423,5338.297786,1445000
2023-02-03 09:45:00,5338.297786,5342.443176269042,5339.203378057036,5340.227206085772,405000
2023-02-03 09:50:00,5340.227206085772,5342.616043070857,5340.852289005941,5341.672977377416,1921000
2023-02-03 09:55:00,5341.672977377416,5342.048657432958,5339.897432105577,5340.301708895623,657000
2023-02-03 10:00:00,5340.301708895623,5344.513080511857,5343.174171067207,5343.636126358532,1018000
2023-02-03 10:05:00,5343.636126358532,5345.408408719987,5342.208786425893,5341.448198913097,152000
2023-02-03 10:10:00,5341.448198913097,5342.974756958459,5338.552212926084,5338.771801697734,1436000
2023-02-03 10:15:00,5338.771801697734,5337.964412253616,5333.987654458978,5333.395771844138,886000
2023-02-03 10:20:00,5333.395771844138,5333.712758606221,5329.817803695173,5331.505058769551,924000
2023-02-03 10:25:00,5331.505058769551,5336.207510706516,5332.472974202424,5333.861744472357,1782000
2023-02-03 10:30:00,5333.861744472357,5335.056908820409,5331.838115135593,5334.035307097067,565000
2023-02-03 10:35:00,5334.035307097067,5335.339076711897,5329.782231325723,5331.712856884792,1508000
2023-02-03 10:40:00,5331.712856884792,5332.368268571039,5327.862086093016,5330.711044981235,279000
2023-02-03 10:45:00,5330.711044981235,5334.547497436364,5330.187094686082,5333.023692451491,1209000
2023-02-03 10:50:00,5333.023692451491,5335.363788587743,5331.607350627721,5334.452800541824,1045000
2023-02-03 10:55:00,5334.452800541824,5337.572617531511,5332.535461762719,5333.419172,864000
2023-02-03 11:00:00,5333.419172,5335.525462805311,5330.383694730969,5332.881202294141,1531000
2023-02-03 11:05:00,5332.881202294141,5335.205539,5331.754972265301,5333.271157771354,305000
2023-02-03 11:10:00,5333.271157771354,5335.344225085739,5329.277769103299,5331.796748429832,1977000
2023-02-03 11:15:00,5331.796748429832,5334.092618599577,5329.363047003155,5331.700670860328,584000
2023-02-03 11:20:00,5331.700670860328,5332.798866239853,5327.516296220791,5328.718786970774,659000
2023-02-03 11:25:00,5328.718786970774,5329.737796792727,5324.294151671059,5326.803154422998,384000
2023-02-03 11:30:00,5326.803154422998,5332.822063459665,5326.396499155525,5328.478322276438,1566000
2023-02-03 11:35:00,5328.478322276438,5333.252949874345,5327.164429644245,5330.027782734352,1776000
2023-02-03 11:40:00,5330.027782734352,5335.372364852126,5331.148748,5332.246373906778,1623000
2023-02-03 11:45:00,5332.246373906778,5335.699993341012,5331.617023,5334.334575,871000
2023-02-03 11:50:00,5334.334575,5334.733302517422,5331.762653649196,5335.016325,945000
2023-02-03 11:55:00,5335.016325,5335.562286,5331.833533104404,5331.416972583967,1220000
2023-02-03 12:00:00,5331.416972583967,5335.061755778932,5330.461927,5332.395729715693,1422000
2023-02-03 12:05:00,5332.395729715693,5331.728561,5327.350811123579,5328.979368353716,705000
2023-02-03 12:10:00,5328.979368353716,5326.781996024834,5323.9692467160585,5325.684741545673,750000
2023-02-03 12:15:00,5325.684741545673,5329.206009966131,5322.062694,5324.978075692741,396000
2023-02-03 12:20:00,5324.978075692741,5325.259556129607,5321.443911953988,5324.167973419236,442000
2023-02-03 12:25:00,5324.167973419236,5326.207992089029,5324.428311354298,5326.600986564818,1947000
2023-02-03 12:30:00,5326.600986564818,5326.723346740416,5320.550775368513,5322.660194497197,598000
2023-02-03 12:35:00,5322.660194497197,5331.993813522318,5327.334983836992,5330.037620999945,1764000
2023-02-03 12:40:00,5330.037620999945,5330.722146659664,5325.832756431358,5328.978536560801,577000
2023-02-03 12:45:00,5328.978536560801,5331.587093828292,5328.449838899711,5328.276529101697,1436000
2023-02-03 12:50:00,5328.276529101697,5328.668750274348,5324.894663365141,5326.882566859352,1851000
2023-02-03 12:55:00,5326.882566859352,5333.437975551815,5328.340464,5330.483758590905,1955000
2023-02-03 13:00:00,5330.483758590905,5331.351357048056,5327.895311622871,5330.107042308274,615000
2023-02-03 13:05:00,5330.107042308274,5329.775349427609,5324.706934398978,5327.388920282136,1043000
2023-02-03 13:10:00,5327.388920282136,5323.544475463816,5322.370398645304,5322.089685760036,291000
2023-02-03 13:15:00,5322.089685760036,5326.501399971389,5320.733889878261,5323.211207190992,123000
2023-02-03 13:20:00,5323.211207190992,5329.113907668705,5325.229731398632,5325.331399750224,1520000
2023-02-03 13:25:00,5325.331399750224,5327.409003446179,5324.586681,5327.031424561416,916000
2023-02-03 13:30:00,5327.031424561416,5330.152338,5323.194537,5326.738135353276,666000
2023-02-03 13:35:00,5326.738135353276,5328.084411417653,5322.222490379573,5326.041079996914,1465000
2023-02-03 13:40:00,5326.041079996914,5328.755259922524,5325.165446640828,5327.575042136792,496000
2023-02-03 13:45:00,5327.575042136792,5329.454422945161,5325.297314515568,5327.092193325394,378000
2023-02-03 13:50:00,5327.092193325394,5332.8096744550685,5329.387122332259,5331.367720801125,448000
2023-02-03 13:55:00,5331.367720801125,5330.722391,5328.218569472807,5330.123682898584,974000
2023-02-03 14:00:00,5330.123682898584,5332.8479300960535,5327.122925790045,5329.738216661878,1835000
2023-02-03 14:05:00,5329.738216661878,5332.098368178725,5328.106804514752,5331.618867329028,392000
2023-02-03 14:10:00,5331.618867329028,5337.065695347788,5330.704507391422,5334.256476656619,1037000
2023-02-03 14:15:00,5334.256476656619,5338.270007,5336.568419486638,5337.157706935695,1048000
2023-02-03 14:20:00,5337.157706935695,5339.695893500368,5335.0097980312685,5338.759455030162,1978000
2023-02-03 14:25:00,5338.759455030162,5338.422076892754,5334.929668103725,5336.213876824533,1225000
2023-02-03 14:30:00,5336.213876824533,5336.829457810747,5332.472066713361,5332.609889352348,780000
2023-02-03 14:35:00,5332.609889352348,5338.12112943062,5333.049412352083,5335.0798785650295,827000
2023-02-03 14:40:00,5335.0798785650295,5334.5187200428845,5330.417333884488,5330.373383682356,908000
2023-02-03 14:45:00,5330.373383682356,5336.800244374614,5334.241606412192,5337.551823143012,1320000
2023-02-03 14:50:00,5337.551823143012,5338.166419951108,5334.6214348644735,5337.814156648081,1605000
2023-02-03 14:55:00,5337.814156648081,5336.353239,5331.764657395155,5333.893184930022,1708000
2023-02-03 15:00:00,5333.893184930022,5342.506648885411,5336.397978267882,5339.118709297142,157000
2023-02-03 15:05:00,5339.118709297142,5343.988368949032,5336.6395519479165,5340.885414037355,928000
2023-02-03 15:10:00,5340.885414037355,5341.647373249455,5340.722715987325,5341.479710136301,1957000
2023-02-03 15:15:00,5341.479710136301,5342.831213839641,5337.765973305146,5341.380250261874,1766000
2023-02-03 15:20:00,5341.380250261874,5343.239596431545,5339.041034706575,5342.106982664241,480000
2023-02-03 15:25:00,5342.106982664241,5341.350731732528,5337.708844914881,5338.273731204004,1808000
2023-02-03 15:30:00,5338.273731204004,5339.983845530073,5338.209991379629,5339.138847312014,1037000
2023-02-03 15:35:00,5339.138847312014,5338.749946082681,5336.506697531215,5337.525684821868,106000
2023-02-03 15:40:00,5337.525684821868,5339.260422542962,5333.288769466649,5337.575811157032,1433000
2023-02-03 15:45:00,5337.575811157032,5337.779775212644,5331.717288268896,5335.882727223871,1366000
2023-02-03 15:50:00,5335.882727223871,5337.005868037068,5331.286499569873,5335.426177593073,1742000
2023-02-03 15:55:00,5335.426177593073,5338.214519370001,5333.389979,5335.959547835656,389000
2023-02-03 16:00:00,5335.959547835656,5337.170544958686,5331.717804558517,5332.618603694777,1232000
2023-02-06 09:30:00,5332.618603694777,5336.201868185307,5331.826421992522,5334.387868929298,477000
2023-02-06 09:35:00,5334.387868929298,5333.933849068428,5329.807377,5332.328497463953,1694000
2023-02-06 09:40:00,5332.328497463953,5338.839361054914,5333.8430040572575,5335.250034570181,401000
2023-02-06 09:45:00,5335.250034570181,5338.929541682126,5334.281789314665,5336.908995342167,1925000
2023-02-06 09:50:00,5336.908995342167,5333.8067721470525,5330.303799961375,5332.192717543299,940000
2023-02-06 09:55:00,5332.192717543299,5337.8957973316365,5330.145077501645,5334.010811,552000
2023-02-06 10:00:00,5334.010811,5334.101769767806,5328.958822231224,5331.960210011006,1494000
2023-02-06 10:05:00,5331.960210011006,5335.872410348186,5330.648654070842,5333.587170353377,1978000
2023-02-06 10:10:00,5333.587170353377,5333.5751943423975,5326.198745241091,5329.611851051601,432000
2023-02-06 10:15:00,5329.611851051601,5334.604826212883,5330.387149248154,5332.530927132492,1789000
2023-02-06 10:20:00,5332.530927132492,5331.905900124232,5326.969321430362,5328.450857414066,973000
2023-02-06 10:25:00,5328.450857414066,5328.814058481489,5324.658916928311,5326.434249974958,104000
2023-02-06 10:30:00,5326.434249974958,5324.276462983878,5322.708574,5324.77371,618000
2023-02-06 10:35:00,5324.77371,5325.526028947873,5323.881707197659,5325.6486023812895,210000
2023-02-06 10:40:00,5325.6486023812895,5326.209503327113,5321.161202881254,5322.501301055416,1083000
2023-02-06 10:45:00,5322.501301055416,5326.853933979365,5321.021137096688,5323.0180095729465,1674000
2023-02-06 10:50:00,5323.0180095729465,5323.455468905868,5321.415685016282,5323.254381350422,1151000
2023-02-06 10:55:00,5323.254381350422,5321.145366664263,5316.603825855707,5318.2621989425625,475000
2023-02-06 11:00:00,5318.2621989425625,5320.094741498324,5314.919801,5318.529261169704,1872000
2023-02-06 11:05:00,5318.529261169704,5316.105090368147,5314.136971,5315.313055483348,956000
2023-02-06 11:10:00,5315.313055483348,5313.338800749161,5309.987534029991,5310.224435351981,1816000
2023-02-06 11:15:00,5310.224435351981,5315.238378373428,5311.289181410526,5314.211833309588,173000
2023-02-06 11:20:00,5314.211833309588,5313.209254596403,5305.882495829676,5309.4187882403085,246000
2023-02-06 11:25:00,5309.4187882403085,5315.914814648744,5310.671186132285,5313.348083785111,1600000
2023-02-06 11:30:00,5313.348083785111,5320.4193028623085,5315.441293466983,5314.858975662415,110000
2023-02-06 11:35:00,5314.858975662415,5322.532811290263,5316.707665947442,5319.470211030212,112000
2023-02-06 11:40:00,5319.470211030212,5319.951776,5312.366601617668,5315.192410787854,1287000
2023-02-06 11:45:00,5315.192410787854,5323.0518544967645,5319.579370411234,5320.983541211358,1208000
2023-02-06 11:50:00,5320.983541211358,5316.506243487993,5314.162454409676,5316.032073782101,1267000
2023-02-06 11:55:00,5316.032073782101,5317.581578279255,5311.10632,5314.152402674303,737000
2023-02-06 12:00:00,5314.152402674303,5318.330112077365,5313.244474567375,5314.429400177226,226000
2023-02-06 12:05:00,5314.429400177226,5318.8731,5314.283155848224,5318.184902751804,1753000
2023-02-06 12:10:00,5318.184902751804,5317.161475613207,5312.515357978765,5314.592508509657,1480000
2023-02-06 12:15:00,5314.592508509657,5316.682051,5311.786379867571,5313.985042550989,1496000
2023-02-06 12:20:00,5313.985042550989,5317.178573549065,5312.677386833219,5313.538128031805,706000
2023-02-06 12:25:00,5313.538128031805,5314.641333870233,5309.7793957343165,5312.310267885733,1894000
2023-02-06 12:30:00,5312.310267885733,5313.316845786709,5310.617407,5313.400674079101,1863000
2023-02-06 12:35:00,5313.400674079101,5319.498961217712,5313.007040999705,5316.743745746174,967000
2023-02-06 12:40:00,5316.743745746174,5317.412897360728,5312.679551993708,5315.996197054064,914000
2023-02-06 12:45:00,5315.996197054064,5321.625956469538,5315.501099856544,5319.541402440145,1324000
2023-02-06 12:50:00,5319.541402440145,5322.306594468045,5316.186480187821,5319.880842,1828000
2023-02-06 12:55:00,5319.880842,5325.490517931752,5321.243725325255,5322.372488,1363000
2023-02-06 13:00:00,5322.372488,5322.273490155278,5315.749074465894,5319.072135525739,1229000
2023-02-06 13:05:00,5319.072135525739,5323.423596,5320.562599832536,5321.387929687122,843000
2023-02-06 13:10:00,5321.387929687122,5326.525614907004,5321.2673128276665,5324.42467,662000
2023-02-06 13:15:00,5324.42467,5325.241313583759,5319.288830989349,5323.151926346851,669000
2023-02-06 13:20:00,5323.151926346851,5325.870057164024,5321.827521,5323.674482260103,685000
2023-02-06 13:25:00,5323.674482260103,5324.437742337664,5317.730933921372,5320.035985216754,296000
2023-02-06 13:30:00,5320.035985216754,5320.973256923674,5317.515410386385,5320.490396,1633000
2023-02-06 13:35:00,5320.490396,5326.073798088257,5319.019967579502,5323.286879788603,180000
2023-02-06 13:40:00,5323.286879788603,5323.052296210387,5320.281437354738,5322.940968493151,1622000
2023-02-06 13:45:00,5322.940968493151,5322.622391623509,5318.974396322667,5321.463888093953,1090000
2023-02-06 13:50:00,5321.463888093953,5328.430761496529,5322.057183120988,5324.992432979694,1399000
2023-02-06 13:55:00,5324.992432979694,5323.451646737512,5319.750773485067,5320.840666898737,293000
2023-02-06 14:00:00,5320.840666898737,5320.970866,5319.851169709928,5320.529618708642,1681000
2023-02-06 14:05:00,5320.529618708642,5323.672526,5317.481914301668,5320.985159934008,1438000
2023-02-06 14:10:00,5320.985159934008,5319.603455117789,5315.498481393965,5317.620958,583000
2023-02-06 14:15:00,5317.620958,5325.147559203654,5317.947016737455,5322.790870748188,1489000
2023-02-06 14:20:00,5322.790870748188,5322.119807547793,5315.856727172386,5319.755370943128,1136000
2023-02-06 14:25:00,5319.755370943128,5318.121977935057,5316.192168983424,5318.243313684998,1834000
2023-02-06 14:30:00,5318.243313684998,5313.077464,5308.849673315756,5311.082517055605,1887000
2023-02-06 14:35:00,5311.082517055605,5317.966689757643,5312.029061612696,5313.9591609667805,775000
2023-02-06 14:40:00,5313.9591609667805,5314.6741913503465,5312.295869,5313.182891,450000
2023-02-06 14:45:00,5313.182891,5316.898334521917,5312.175589613388,5312.935212515396,267000
2023-02-06 14:50:00,5312.935212515396,5314.804256955778,5310.582258,5312.753526231491,1329000
2023-02-06 14:55:00,5312.753526231491,5316.39514,5313.436889036763,5316.230278296713,1843000
2023-02-06 15:00:00,5316.230278296713,5320.069116359134,5317.213018,5320.485598643479,203000
2023-02-06 15:05:00,5320.485598643479,5319.368767554505,5311.783782877946,5315.765198,1468000
2023-02-06 15:10:00,5315.765198,5315.471721864632,5311.602275421772,5313.829566185088,1745000
2023-02-06 15:15:00,5313.829566185088,5315.117699370563,5309.662221633341,5311.4110771327005,972000
2023-02-06 15:20:00,5311.4110771327005,5314.365927498089,5308.550047643264,5310.284880113946,1939000
2023-02-06 15:25:00,5310.284880113946,5313.055064253018,5309.245484018018,5311.022238614139,1122000
2023-02-06 15:30:00,5311.022238614139,5310.876568057368,5304.699177229998,5308.219846134198,1644000
2023-02-06 15:35:00,5308.219846134198,5310.6351290389175,5307.407937,5308.731136,1064000
2023-02-06 15:40:00,5308.731136,5307.921178257623,5306.558104011184,5307.746885645526,391000
2023-02-06 15:45:00,5307.746885645526,5310.313793828922,5307.222516686336,5310.143604118965,628000
2023-02-06 15:50:00,5310.143604118965,5312.200089534052,5305.959684317414,5309.897264032052,556000
2023-02-06 15:55:00,5309.897264032052,5306.909514244296,5301.305111379847,5305.411184973484,1109000
2023-02-06 16:00:00,5305.411184973484,5310.469684785003,5306.137992518379,5306.327550097183,1699000
2023-02-07 09:30:00,5306.327550097183,5306.268513,5300.123333204776,5303.065569485771,851000
2023-02-07 09:35:00,5303.065569485771,5304.324521507209,5299.120680934844,5300.741513607726,564000
2023-02-07 09:40:00,5300.741513607726,5302.729582809654,5296.283383,5300.294801590194,1694000
2023-02-07 09:45:00,5300.294801590194,5302.033614934171,5296.096051742064,5298.966233990524,1874000
2023-02-07 09:50:00,5298.966233990524,5296.796947199606,5292.104717253455,5295.071915135446,775000
2023-02-07 09:55:00,5295.071915135446,5296.320994882156,5291.901661303969,5294.552777646287,935000
2023-02-07 10:00:00,5294.552777646287,5295.505440018836,5292.441331879535,5293.717209175624,511000
2023-02-07 10:05:00,5293.717209175624,5295.485154757447,5293.765899548215,5294.843020664096,1358000
2023-02-07 10:10:00,5294.843020664096,5294.096044146139,5288.549978873721,5291.3496485271135,364000
2023-02-07 10:15:00,5291.3496485271135,5294.282147489229,5288.034285848596,5291.102625310712,1372000
2023-02-07 10:20:00,5291.102625310712,5293.341100942042,5288.992022164166,5292.412174453034,1092000
2023-02-07 10:25:00,5292.412174453034,5290.859647272595,5286.719906791067,5289.251752,1793000
2023-02-07 10:30:00,5289.251752,5290.223472216157,5285.417445797235,5287.459485481945,1238000
2023-02-07 10:35:00,5287.459485481945,5289.742273163334,5287.679523519308,5288.224259292175,804000
2023-02-07 10:40:00,5288.224259292175,5294.377876268983,5289.604822330409,5294.490967498075,1585000
2023-02-07 10:45:00,5294.490967498075,5293.849576106444,5291.503436097578,5292.370323355481,1434000
2023-02-07 10:50:00,5292.370323355481,5294.791792,5289.922470732218,5290.715034,658000
2023-02-07 10:55:00,5290.715034,5294.317220304163,5288.875399915696,5292.786714090659,1326000
2023-02-07 11:00:00,5292.786714090659,5298.739040633285,5292.330192459305,5295.247034,1454000
2023-02-07 11:05:00,5295.247034,5294.918666,5291.089079241783,5293.396605985976,1857000
2023-02-07 11:10:00,5293.396605985976,5295.381871809016,5289.821261,5292.046474280093,737000
2023-02-07 11:15:00,5292.046474280093,5293.562005491292,5289.570920528949,5290.951753213273,1881000
2023-02-07 11:20:00,5290.951753213273,5291.507328280047,5287.165140914197,5288.826792,775000
2023-02-07 11:25:00,5288.826792,5294.018833,5286.860778396598,5288.442927215998,162000
2023-02-07 11:30:00,5288.442927215998,5291.317396621086,5288.317870262845,5290.439668689648,288000
2023-02-07 11:35:00,5290.439668689648,5286.573449474746,5283.377053394988,5285.995542938296,1123000
2023-02-07 11:40:00,5285.995542938296,5289.788111989503,5282.943331093696,5285.926652034491,1719000
2023-02-07 11:45:00,5285.926652034491,5291.505893755706,5286.296681,5290.0830668129865,688000
2023-02-07 11:50:00,5290.0830668129865,5294.087685866606,5289.826607,5291.653470794169,194000
2023-02-07 11:55:00,5291.653470794169,5295.588328079705,5291.162925120637,5295.274459625612,603000
2023-02-07 12:00:00,5295.274459625612,5295.435582485236,5292.859702608504,5293.5562049133705,1974000
2023-02-07 12:05:00,5293.5562049133705,5298.424806,5292.197833537712,5297.351637881788,981000
2023-02-07 12:10:00,5297.351637881788,5299.671721249435,5298.062941952459,5300.066634918753,1507000
2023-02-07 12:15:00,5300.066634918753,5299.628465018216,5298.154830747952,5300.1428683262975,831000
2023-02-07 12:20:00,5300.1428683262975,5300.243583077212,5296.463503130967,5298.972530396922,1586000
2023-02-07 12:25:00,5298.972530396922,5304.110003410376,5298.120591757826,5301.803595867952,1067000
2023-02-07 12:30:00,5301.803595867952,5303.087650363664,5298.351535461585,5302.461490820814,833000
2023-02-07 12:35:00,5302.461490820814,5305.552905336558,5303.125289259493,5304.986903023696,1294000
2023-02-07 12:40:00,5304.986903023696,5308.317840110968,5305.345926295329,5305.979229976124,901000
2023-02-07 12:45:00,5305.979229976124,5307.754319255681,5303.373820770944,5305.651273,1345000
2023-02-07 12:50:00,5305.651273,5309.274033782735,5303.333438099992,5306.153338035751,1846000
2023-02-07 12:55:00,5306.153338035751,5306.986145531319,5303.2355550020175,5303.748011425987,524000
2023-02-07 13:00:00,5303.748011425987,5309.594817,5303.496397292392,5306.071649930848,379000
2023-02-07 13:05:00,5306.071649930848,5308.408765424108,5301.660845482249,5305.259396744993,1442000
2023-02-07 13:10:00,5305.259396744993,5309.421019712182,5305.582749975243,5307.591672379722,1739000
2023-02-07 13:15:00,5307.591672379722,5306.092062225691,5301.402024301363,5305.586296,994000
2023-02-07 13:20:00,5305.586296,5305.381017742532,5301.324257237693,5303.266726941634,1593000
2023-02-07 13:25:00,5303.266726941634,5307.818034391868,5300.073703951129,5304.047513775268,1705000
2023-02-07 13:30:00,5304.047513775268,5306.952881577992,5303.375185066805,5304.744202118481,1474000
2023-02-07 13:35:00,5304.744202118481,5306.504963403917,5303.047169331136,5304.248074966023,124000
2023-02-07 13:40:00,5304.248074966023,5309.681424,5304.970032,5306.910143751692,1923000
2023-02-07 13:45:00,5306.910143751692,5308.216687912197,5303.648709,5305.961747632397,1686000
2023-02-07 13:50:00,5305.961747632397,5308.036584584659,5304.738884844897,5306.085113976331,274000
2023-02-07 13:55:00,5306.085113976331,5309.408781066247,5305.853253604061,5307.961899440659,1142000
2023-02-07 14:00:00,5307.961899440659,5309.519281981997,5306.671386235799,5307.791156342148,1499000
2023-02-07 14:05:00,5307.791156342148,5314.359418781905,5309.549358246773,5311.768012847175,178000
2023-02-07 14:10:00,5311.768012847175,5318.503350337721,5313.549462550288,5315.479839,1370000
2023-02-07 14:15:00,5315.479839,5315.326991462949,5310.017508793332,5312.851977342712,1468000
2023-02-07 14:20:00,5312.851977342712,5308.941939471131,5303.115338,5305.746493808565,1366000
2023-02-07 14:25:00,5305.746493808565,5309.036294800484,5302.711844839218,5306.341094177463,1438000
2023-02-07 14:30:00,5306.341094177463,5307.139131761277,5299.845890855949,5304.490602378732,1171000
2023-02-07 14:35:00,5304.490602378732,5304.448247038665,5300.127052599407,5303.195293256665,1232000
2023-02-07 14:40:00,5303.195293256665,5310.417749651977,5303.197170931778,5307.195204485623,1001000
2023-02-07 14:45:00,5307.195204485623,5317.055137587255,5312.672194274894,5313.024200898437,811000
2023-02-07 14:50:00,5313.024200898437,5312.0970684828335,5310.329846243123,5311.036618885282,1871000
2023-02-07 14:55:00,5311.036618885282,5315.070175738253,5311.067954493505,5311.070701713753,624000
2023-02-07 15:00:00,5311.070701713753,5315.599909022368,5310.444876987826,5311.633999143633,332000
2023-02-07 15:05:00,5311.633999143633,5316.704158,5311.143725532172,5314.676714991608,1578000
2023-02-07 15:10:00,5314.676714991608,5311.705351142983,5307.470207,5310.186910552755,1061000
2023-02-07 15:15:00,5310.186910552755,5317.328560244906,5311.552103547815,5313.186024550082,498000
2023-02-07 15:20:00,5313.186024550082,5317.530855063462,5313.063969285848,5315.798376060344,1117000
2023-02-07 15:25:00,5315.798376060344,5317.269863755897,5311.718214488081,5315.651617716136,1724000
2023-02-07 15:30:00,5315.651617716136,5319.982877,5314.096551639305,5317.916652,1287000
2023-02-07 15:35:00,5317.916652,5317.782478981152,5313.441972,5314.939143629513,392000
2023-02-07 15:40:00,5314.939143629513,5312.418542,5308.041891,5310.3652506363005,550000
2023-02-07 15:45:00,5310.3652506363005,5313.679290018255,5309.9902709426215,5311.492376362742,160000
2023-02-07 15:50:00,5311.492376362742,5312.849074829576,5310.746854814606,5312.622241550496,185000
2023-02-07 15:55:00,5312.622241550496,5314.548557634081,5309.883962621793,5311.694008857917,1658000
2023-02-07 16:00:00,5311.694008857917,5315.001972621118,5313.735021494496,5314.225259959162,535000
2023-02-08 09:30:00,5314.225259959162,5316.884269773219,5311.234386,5311.665696326691,799000
2023-02-08 09:35:00,5311.665696326691,5319.110442212911,5313.856911122596,5316.525924048599,982000
2023-02-08 09:40:00,5316.525924048599,5320.024781682196,5313.920666257131,5318.507277011597,134000
2023-02-08 09:45:00,5318.507277011597,5325.754279522704,5321.638575184809,5324.167475012302,764000
2023-02-08 09:50:00,5324.167475012302,5319.099923253256,5316.695221553434,5319.707930324324,539000
2023-02-08 09:55:00,5319.707930324324,5320.687717939728,5313.536401524208,5317.0210630473575,361000
2023-02-08 10:00:00,5317.0210630473575,5315.556018200779,5314.263932395541,5316.422210759968,1112000
2023-02-08 10:05:00,5316.422210759968,5320.757832387981,5314.197585047625,5316.924903677138,1104000
2023-02-08 10:10:00,5316.924903677138,5322.022825858524,5318.753914036749,5320.024415830592,1827000
2023-02-08 10:15:00,5320.024415830592,5324.061233,5317.490562729905,5319.211045434558,1706000
2023-02-08 10:20:00,5319.211045434558,5324.331066372658,5318.121033622147,5321.090921028604,1229000
2023-02-08 10:25:00,5321.090921028604,5327.231617255047,5323.478231438242,5324.522389,835000
2023-02-08 10:30:00,5324.522389,5329.958321544056,5322.306860254286,5325.597338,1798000
2023-02-08 10:35:00,5325.597338,5331.089049601939,5327.016619487132,5327.700016875817,1651000
2023-02-08 10:40:00,5327.700016875817,5325.913726966762,5319.277599325206,5321.836889781934,1636000
2023-02-08 10:45:00,5321.836889781934,5330.458662228044,5323.124176850679,5327.550295290467,1952000
2023-02-08 10:50:00,5327.550295290467,5330.0125270016615,5325.255735919649,5324.982378383998,1327000
2023-02-08 10:55:00,5324.982378383998,5336.326942707413,5331.397743391224,5333.608014915732,1388000
2023-02-08 11:00:00,5333.608014915732,5331.376516,5329.752603813954,5331.780238,1319000
2023-02-08 11:05:00,5331.780238,5334.563554912685,5330.692852,5331.778434102029,1032000
2023-02-08 11:10:00,5331.778434102029,5337.500352,5332.672903703874,5334.837568207596,232000
2023-02-08 11:15:00,5334.837568207596,5330.347676423883,5325.179284208168,5328.041272686329,645000
2023-02-08 11:20:00,5328.041272686329,5332.967230426332,5330.717048534362,5332.232511848229,1566000
2023-02-08 11:25:00,5332.232511848229,5338.166061380005,5330.427592412898,5334.223109618531,1079000
2023-02-08 11:30:00,5334.223109618531,5334.543311328069,5329.075834570058,5330.398042460629,1642000
2023-02-08 11:35:00,5330.398042460629,5333.7214439155005,5329.950347300206,5332.129475211667,512000
2023-02-08 11:40:00,5332.129475211667,5335.490781694727,5331.751884354602,5331.317441949419,1896000
2023-02-08 11:45:00,5331.317441949419,5334.177101582939,5331.2320287336615,5332.661361589009,1609000
2023-02-08 11:50:00,5332.661361589009,5334.793286339179,5328.587905428748,5331.693611587483,1319000
2023-02-08 11:55:00,5331.693611587483,5332.710511598457,5330.668755510576,5330.421626217443,1224000
2023-02-08 12:00:00,5330.421626217443,5334.620932278855,5331.092073336278,5332.258818992763,458000
2023-02-08 12:05:00,5332.258818992763,5338.968263719607,5334.256082023207,5335.092868066442,1855000
2023-02-08 12:10:00,5335.092868066442,5337.705962128767,5334.845680907537,5334.9951280224905,443000
2023-02-08 12:15:00,5334.9951280224905,5338.678864219193,5333.663852298004,5335.660816620667,1516000
2023-02-08 12:20:00,5335.660816620667,5338.223462627956,5335.253268369665,5335.616838975909,539000
2023-02-08 12:25:00,5335.616838975909,5336.137854397886,5331.095167321301,5333.5177507624685,1184000
2023-02-08 12:30:00,5333.5177507624685,5334.883851592893,5331.42699,5333.100785,975000
2023-02-08 12:35:00,5333.100785,5334.124488635355,5328.804211932111,5331.637574704885,1088000
2023-02-08 12:40:00,5331.637574704885,5331.143954140596,5328.980124,5329.712751362494,1009000
2023-02-08 12:45:00,5329.712751362494,5326.526908223333,5323.204863530082,5324.382964214778,512000
2023-02-08 12:50:00,5324.382964214778,5325.639434222405,5321.844207914066,5322.354538,1119000
2023-02-08 12:55:00,5322.354538,5326.646432496355,5322.007100740297,5325.168286343231,629000
2023-02-08 13:00:00,5325.168286343231,5329.846099107039,5326.856086890315,5327.79383,1040000
2023-02-08 13:05:00,5327.79383,5330.704231140863,5325.784974,5328.731931672585,492000
2023-02-08 13:10:00,5328.731931672585,5327.666194850579,5323.407584048287,5326.558196960802,179000
2023-02-08 13:15:00,5326.558196960802,5328.968742651988,5323.0544594931325,5325.343471212789,458000
2023-02-08 13:20:00,5325.343471212789,5324.511204707417,5321.1849456088985,5323.530832247634,847000
2023-02-08 13:25:00,5323.530832247634,5331.614275663999,5325.525165990704,5328.713561,1663000
2023-02-08 13:30:00,5328.713561,5328.075500821332,5323.2796583968375,5327.788706417442,1694000
2023-02-08 13:35:00,5327.788706417442,5327.427818721543,5322.613400779927,5326.127534303327,832000
2023-02-08 13:40:00,5326.127534303327,5328.5260717910605,5327.313983929037,5327.752444739008,365000
2023-02-08 13:45:00,5327.752444739008,5330.109884301065,5326.319949480271,5328.563021995676,1847000
2023-02-08 13:50:00,5328.563021995676,5334.412905031666,5326.826067,5330.575538515119,1519000
2023-02-08 13:55:00,5330.575538515119,5329.990659077112,5326.343020739788,5327.916149941743,1689000
2023-02-08 14:00:00,5327.916149941743,5331.947370555622,5326.414783664201,5326.694656074067,1520000
2023-02-08 14:05:00,5326.694656074067,5331.967906755637,5326.224003,5329.405973619519,879000
2023-02-08 14:10:00,5329.405973619519,5324.092824195382,5322.538304330995,5324.560703323649,1205000
2023-02-08 14:15:00,5324.560703323649,5325.700705,5318.120753941575,5321.488530086544,1433000
2023-02-08 14:20:00,5321.488530086544,5324.4453377534455,5318.634431360812,5321.340001860132,276000
2023-02-08 14:25:00,5321.340001860132,5324.481297404172,5317.85523,5319.351992491411,1868000
2023-02-08 14:30:00,5319.351992491411,5322.400066102255,5318.158400012629,5319.492961,104000
2023-02-08 14:35:00,5319.492961,5321.431743308015,5320.384277842347,5320.287793613655,631000
2023-02-08 14:40:00,5320.287793613655,5322.853606540353,5318.238985772695,5318.941122076599,1888000
2023-02-08 14:45:00,5318.941122076599,5325.720962565449,5320.778697635408,5324.011377260224,1487000
2023-02-08 14:50:00,5324.011377260224,5329.352820336436,5324.929470055143,5328.487118306028,1154000
2023-02-08 14:55:00,5328.487118306028,5327.430987497924,5323.630993853382,5326.336729686402,1072000
2023-02-08 15:00:00,5326.336729686402,5325.652066934654,5323.3087136942295,5324.677874290058,976000
2023-02-08 15:05:00,5324.677874290058,5330.843323013629,5324.350869861772,5327.309013855843,155000
2023-02-08 15:10:00,5327.309013855843,5328.411544996455,5323.086107173987,5325.858852283361,1096000
2023-02-08 15:15:00,5325.858852283361,5328.999538875686,5326.216437320111,5326.161587008944,1516000
2023-02-08 15:20:00,5326.161587008944,5329.879518147053,5323.148602150152,5325.906625154741,494000
2023-02-08 15:25:00,5325.906625154741,5326.998811362812,5320.209753950868,5322.033119434526,1342000
2023-02-08 15:30:00,5322.033119434526,5322.379631183399,5317.448772243555,5322.032543818249,1382000
2023-02-08 15:35:00,5322.032543818249,5319.348399383879,5313.180345,5316.201469,592000
2023-02-08 15:40:00,5316.201469,5316.657454542988,5312.159528760886,5317.0812593760265,1283000
2023-02-08 15:45:00,5317.0812593760265,5316.9319230926685,5312.626529872982,5317.392680931686,413000
2023-02-08 15:50:00,5317.392680931686,5317.483215598816,5311.5859015130845,5313.872840145556,375000
2023-02-08 15:55:00,5313.872840145556,5314.477628698613,5312.044158270322,5313.748250076541,259000
2023-02-08 16:00:00,5313.748250076541,5312.229822046807,5309.729657292516,5310.258712220868,435000
2023-02-09 09:30:00,5310.258712220868,5313.264675141405,5311.0937357881785,5311.830626569273,1275000
2023-02-09 09:35:00,5311.830626569273,5312.100315138011,5309.430587328617,5308.822027498069,1704000
2023-02-09 09:40:00,5308.822027498069,5315.687741307019,5312.012849378824,5312.166859999556,1059000
2023-02-09 09:45:00,5312.166859999556,5313.101376256341,5308.224070242942,5313.314918293441,1721000
2023-02-09 09:50:00,5313.314918293441,5310.387300192406,5305.920952,5308.144060644131,932000
2023-02-09 09:55:00,5308.144060644131,5310.922109,5305.076651,5309.6912500517865,322000
2023-02-09 10:00:00,5309.6912500517865,5314.261145202793,5310.189647235087,5312.254903774145,1998000
2023-02-09 10:05:00,5312.254903774145,5319.105738561567,5314.282551202066,5317.2612067397295,1230000
2023-02-09 10:10:00,5317.2612067397295,5317.715158094449,5310.183755670498,5313.641174197686,1802000
2023-02-09 10:15:00,5313.641174197686,5318.388306,5314.152645718541,5316.147316093238,1411000
2023-02-09 10:20:00,5316.147316093238,5314.002305775183,5313.04051293754,5313.630524454746,1164000
2023-02-09 10:25:00,5313.630524454746,5315.359598525423,5308.5158579756535,5312.046794454151,510000
2023-02-09 10:30:00,5312.046794454151,5314.989791340643,5311.049363953245,5313.02111,136000
2023-02-09 10:35:00,5313.02111,5314.583728485329,5310.325799636504,5313.450844899027,375000
2023-02-09 10:40:00,5313.450844899027,5313.131345482329,5310.65102,5311.301967796817,883000
2023-02-09 10:45:00,5311.301967796817,5317.137177510972,5311.136819165895,5312.8566972552735,1481000
2023-02-09 10:50:00,5312.8566972552735,5319.852249720814,5315.446534030732,5315.823277240056,492000
2023-02-09 10:55:00,5315.823277240056,5320.927514,5314.667583166096,5318.224652827444,401000
2023-02-09 11:00:00,5318.224652827444,5316.776481682402,5313.921861185937,5316.417189632489,1073000
2023-02-09 11:05:00,5316.417189632489,5318.012271533856,5313.576319179682,5313.643815766993,715000
2023-02-09 11:10:00,5313.643815766993,5320.054163959426,5313.399676046808,5318.375326217008,131000
2023-02-09 11:15:00,5318.375326217008,5322.488790946078,5317.587205,5321.212243734475,1530000
2023-02-09 11:20:00,5321.212243734475,5321.715535173407,5316.253411921522,5318.365082025329,643000
2023-02-09 11:25:00,5318.365082025329,5321.582903960228,5315.3971363476585,5319.3168910226605,239000
2023-02-09 11:30:00,5319.3168910226605,5324.453813,5319.376200518926,5320.986588602037,879000
2023-02-09 11:35:00,5320.986588602037,5319.832478245587,5314.775005837241,5317.724854124524,1902000
2023-02-09 11:40:00,5317.724854124524,5323.4427893813645,5318.999310042663,5320.992177875047,462000
2023-02-09 11:45:00,5320.992177875047,5327.605169583806,5322.919314908828,5324.038219846855,1676000
2023-02-09 11:50:00,5324.038219846855,5329.188476886505,5324.745379796006,5326.820712919607,579000
2023-02-09 11:55:00,5326.820712919607,5329.538839105119,5327.090098740565,5326.960453050168,847000
2023-02-09 12:00:00,5326.960453050168,5328.988783435091,5324.488671342304,5326.864709451623,1021000
2023-02-09 12:05:00,5326.864709451623,5326.678910822318,5322.632947815555,5324.818328954332,255000
2023-02-09 12:10:00,5324.818328954332,5324.617991033066,5321.172631951589,5324.143476649299,1618000
2023-02-09 12:15:00,5324.143476649299,5323.178236378438,5319.972776200791,5321.921787831386,1967000
2023-02-09 12:20:00,5321.921787831386,5324.985378584299,5318.621608608978,5321.382715235163,805000
2023-02-09 12:25:00,5321.382715235163,5324.248009270767,5321.076418656394,5322.299818472278,1550000
2023-02-09 12:30:00,5322.299818472278,5320.735052097589,5317.071034261491,5319.534964534806,1657000
2023-02-09 12:35:00,5319.534964534806,5322.571928973382,5317.163070350774,5318.65206,1069000
2023-02-09 12:40:00,5318.65206,5320.922568185081,5318.451676085992,5320.442512140476,103000
2023-02-09 12:45:00,5320.442512140476,5316.754615297677,5313.319696891804,5315.629087810531,1583000
2023-02-09 12:50:00,5315.629087810531,5319.572289120974,5315.811742596179,5318.399318397391,926000
2023-02-09 12:55:00,5318.399318397391,5320.702884336745,5316.056566214353,5318.371432343498,1427000
2023-02-09 13:00:00,5318.371432343498,5322.132158713002,5316.827047797054,5319.455595840286,1212000
2023-02-09 13:05:00,5319.455595840286,5322.471160584643,5320.918401595924,5322.942068503668,695000
2023-02-09 13:10:00,5322.942068503668,5324.563431282086,5320.721947696023,5323.714605364456,765000
2023-02-09 13:15:00,5323.714605364456,5327.154361929299,5323.618171948417,5324.995983672728,489000
2023-02-09 13:20:00,5324.995983672728,5328.910373,5322.681232929145,5327.557944379234,1453000
2023-02-09 13:25:00,5327.557944379234,5327.714207626781,5324.229412204314,5326.249134611083,201000
2023-02-09 13:30:00,5326.249134611083,5326.369715799023,5324.557067,5325.685681019093,1153000
2023-02-09 13:35:00,5325.685681019093,5325.035479356575,5321.489207191889,5321.875278671212,1154000
2023-02-09 13:40:00,5321.875278671212,5325.933166674006,5323.082973158851,5323.778816698287,1231000
2023-02-09 13:45:00,5323.778816698287,5326.4185733785735,5323.257384978932,5324.673875016956,734000
2023-02-09 13:50:00,5324.673875016956,5326.742260269351,5321.909873061108,5324.598219964472,702000
2023-02-09 13:55:00,5324.598219964472,5323.847736637779,5319.3166666953975,5322.067937,1460000
2023-02-09 14:00:00,5322.067937,5319.539341348956,5312.165752895352,5313.808681150188,1877000
2023-02-09 14:05:00,5313.808681150188,5319.123246001927,5313.823925248068,5315.198654475142,1605000
2023-02-09 14:10:00,5315.198654475142,5313.531324,5311.023883426782,5311.416316001597,644000
2023-02-09 14:15:00,5311.416316001597,5313.131450935036,5309.655491284344,5313.655888958924,781000
2023-02-09 14:20:00,5313.655888958924,5318.818267465152,5315.361468015614,5316.872770468382,1281000
2023-02-09 14:25:00,5316.872770468382,5318.789339,5317.606688149691,5317.469446382787,182000
2023-02-09 14:30:00,5317.469446382787,5318.878378252895,5314.124519835201,5318.509043586148,1471000
2023-02-09 14:35:00,5318.509043586148,5318.257821961328,5313.749548352153,5315.121565193143,1525000
2023-02-09 14:40:00,5315.121565193143,5314.104564554751,5309.855064292203,5313.380423435421,651000
2023-02-09 14:45:00,5313.380423435421,5314.963248,5310.3638438808175,5314.646564296638,919000
2023-02-09 14:50:00,5314.646564296638,5316.763568672592,5312.551446387705,5315.560294,1948000
2023-02-09 14:55:00,5315.560294,5318.207880132612,5315.875434508817,5317.383482587316,282000
2023-02-09 15:00:00,5317.383482587316,5317.739636345964,5312.588797497055,5314.728134484397,910000
2023-02-09 15:05:00,5314.728134484397,5319.896615327509,5316.823046623656,5317.703858322756,181000
2023-02-09 15:10:00,5317.703858322756,5323.704185664186,5319.239917,5320.5795706523695,320000
2023-02-09 15:15:00,5320.5795706523695,5324.928499113169,5318.877369,5322.0744927057085,261000
2023-02-09 15:20:00,5322.0744927057085,5325.122905662435,5320.769373305468,5323.476037287975,384000
2023-02-09 15:25:00,5323.476037287975,5320.164991361977,5316.167646310135,5319.190632636269,880000
2023-02-09 15:30:00,5319.190632636269,5316.808967026539,5313.5186362815775,5316.059674233508,838000
2023-02-09 15:35:00,5316.059674233508,5312.487762684103,5309.043878934456,5311.458259979146,723000
2023-02-09 15:40:00,5311.458259979146,5314.324408322723,5310.246319955316,5311.0856771019935,1005000
2023-02-09 15:45:00,5311.0856771019935,5313.228543768896,5306.854985917453,5309.401762063932,329000
2023-02-09 15:50:00,5309.401762063932,5310.101616183944,5306.075157933102,5307.983817688013,1177000
2023-02-09 15:55:00,5307.983817688013,5310.165339679703,5304.2066229040765,5304.786759550358,566000
2023-02-09 16:00:00,5304.786759550358,5307.459363986392,5304.415532265745,5305.058581,1337000
2023-02-10 09:30:00,5305.058581,5303.488920580669,5298.155963,5300.674074427635,1734000
2023-02-10 09:35:00,5300.674074427635,5304.299455058781,5299.5622981587885,5300.570650227655,1998000
2023-02-10 09:40:00,5300.570650227655,5306.284581365077,5302.391316,5302.785241,1565000
2023-02-10 09:45:00,5302.785241,5304.411641495949,5302.691442,5302.929909511179,192000
2023-02-10 09:50:00,5302.929909511179,5305.554847551532,5303.232245234404,5303.979764261371,1122000
2023-02-10 09:55:00,5303.979764261371,5308.285420621568,5302.916939401429,5303.746376386277,1363000
2023-02-10 10:00:00,5303.746376386277,5307.399704497009,5304.925119665965,5306.446621198814,418000
2023-02-10 10:05:00,5306.446621198814,5312.316078241076,5307.723738733716,5309.9870266980015,732000
2023-02-10 10:10:00,5309.9870266980015,5313.405324506374,5309.988357626676,5311.550313178827,825000
2023-02-10 10:15:00,5311.550313178827,5317.604892790378,5312.392585,5314.945057905643,313000
2023-02-10 10:20:00,5314.945057905643,5312.073422252048,5307.5520362975885,5309.404540436745,849000
2023-02-10 10:25:00,5309.404540436745,5312.708006521412,5308.447963614552,5312.3907622519855,1164000
2023-02-10 10:30:00,5312.3907622519855,5310.597596480755,5308.297584463493,5309.139237604437,513000
2023-02-10 10:35:00,5309.139237604437,5316.253246650333,5311.980151849852,5312.991165,1246000
2023-02-10 10:40:00,5312.991165,5315.584371498046,5309.975172112712,5312.432185125155,1851000
2023-02-10 10:45:00,5312.432185125155,5315.786591066958,5311.206009939548,5312.392021818972,455000
2023-02-10 10:50:00,5312.392021818972,5314.533444550824,5310.362797674438,5314.725498510424,953000
2023-02-10 10:55:00,5314.725498510424,5315.796620161971,5312.679391624463,5315.025603463843,1378000
2023-02-10 11:00:00,5315.025603463843,5319.680184729008,5317.643781552054,5317.940940020582,1160000
2023-02-10 11:05:00,5317.940940020582,5322.684967440873,5317.839954241478,5321.357701569732,1643000
2023-02-10 11:10:00,5321.357701569732,5329.286425224811,5323.7632,5327.042885610486,1897000
2023-02-10 11:15:00,5327.042885610486,5327.945459514677,5322.697394176477,5323.2554208063375,151000
2023-02-10 11:20:00,5323.2554208063375,5323.612312371526,5318.902125011084,5319.823505433302,1632000
2023-02-10 11:25:00,5319.823505433302,5322.914658,5319.9741290611855,5322.530804758298,131000
2023-02-10 11:30:00,5322.530804758298,5319.973975,5318.355805967064,5319.422541016954,670000
2023-02-10 11:35:00,5319.422541016954,5321.0515802205855,5316.035973,5316.937475347888,1977000
2023-02-10 11:40:00,5316.937475347888,5320.310845308145,5314.784814632717,5318.808049,1410000
2023-02-10 11:45:00,5318.808049,5319.172795,5316.861905935115,5319.004205059296,680000
2023-02-10 11:50:00,5319.004205059296,5322.568755872072,5316.636340689279,5321.033574905636,964000
2023-02-10 11:55:00,5321.033574905636,5319.392842525172,5314.671938291146,5317.501040820548,930000
2023-02-10 12:00:00,5317.501040820548,5323.437018680027,5316.515870581426,5320.804841084129,906000
2023-02-10 12:05:00,5320.804841084129,5322.936855200396,5317.426987282864,5319.069728,1789000
2023-02-10 12:10:00,5319.069728,5326.990506785424,5322.984707368223,5325.933809453984,1404000
2023-02-10 12:15:00,5325.933809453984,5323.877516267531,5318.652692698512,5321.822798659853,329000
2023-02-10 12:20:00,5321.822798659853,5325.481206147308,5321.275293616251,5323.209200273687,1600000
2023-02-10 12:25:00,5323.209200273687,5325.955299000662,5322.999056754142,5323.428975003214,203000
2023-02-10 12:30:00,5323.428975003214,5325.745788771021,5321.385547234379,5322.675102051212,1231000
2023-02-10 12:35:00,5322.675102051212,5325.388477,5317.922179754362,5321.265714991237,571000
2023-02-10 12:40:00,5321.265714991237,5326.842054529875,5321.813550829084,5325.726086300855,1566000
2023-02-10 12:45:00,5325.726086300855,5330.289302425019,5323.971257895311,5326.760643767629,1573000
2023-02-10 12:50:00,5326.760643767629,5327.8693204100255,5323.391002904238,5325.112697586487,531000
2023-02-10 12:55:00,5325.112697586487,5323.863708682096,5320.281920220554,5323.054387047493,1395000
2023-02-10 13:00:00,5323.054387047493,5324.9096697864525,5321.240799328431,5322.465075484286,1533000
2023-02-10 13:05:00,5322.465075484286,5327.820915014768,5321.679116417326,5324.1195230337735,1466000
2023-02-10 13:10:00,5324.1195230337735,5326.338253,5322.5894531372105,5323.395899548234,794000
2023-02-10 13:15:00,5323.395899548234,5328.310677849378,5321.707317590733,5324.954777076337,988000
2023-02-10 13:20:00,5324.954777076337,5329.556302020089,5324.796936640212,5326.009539157905,1682000
2023-02-10 13:25:00,5326.009539157905,5332.648609655927,5328.031466650844,5332.496656906178,180000
2023-02-10 13:30:00,5332.496656906178,5335.541061,5333.329852234588,5334.244530012669,977000
2023-02-10 13:35:00,5334.244530012669,5334.583935333988,5331.396132175036,5332.956555722775,897000
2023-02-10 13:40:00,5332.956555722775,5341.810079582236,5337.917218781506,5339.212745308301,1024000
2023-02-10 13:45:00,5339.212745308301,5344.257553473273,5339.409777779311,5340.593189296632,1574000
2023-02-10 13:50:00,5340.593189296632,5340.324159230555,5336.492420328444,5338.423101805454,1598000
2023-02-10 13:55:00,5338.423101805454,5339.516762452489,5337.108708856656,5339.741711034068,415000
2023-02-10 14:00:00,5339.741711034068,5341.136165814323,5337.530354652064,5339.695574,111000
2023-02-10 14:05:00,5339.695574,5339.827296241844,5335.7561651683645,5339.126324761693,109000
2023-02-10 14:10:00,5339.126324761693,5341.519571408319,5335.045241606935,5339.578099181357,1309000
2023-02-10 14:15:00,5339.578099181357,5343.861085437788,5338.002973018842,5340.006994204125,1269000
2023-02-10 14:20:00,5340.006994204125,5345.858830829908,5340.686357514903,5342.33713,945000
2023-02-10 14:25:00,5342.33713,5342.918016439989,5339.040486235471,5341.125841157559,1372000
2023-02-10 14:30:00,5341.125841157559,5343.473788091826,5337.311372143957,5339.720413375221,458000
2023-02-10 14:35:00,5339.720413375221,5340.788750890336,5335.829865101539,5339.026795641066,1696000
2023-02-10 14:40:00,5339.026795641066,5339.69190105786,5336.0992511941295,5337.765956603499,1829000
2023-02-10 14:45:00,5337.765956603499,5344.113833177652,5337.307744,5340.084770874257,1250000
2023-02-10 14:50:00,5340.084770874257,5344.642964557198,5341.349303486496,5342.530921925492,193000
2023-02-10 14:55:00,5342.530921925492,5344.732260969019,5340.548550389675,5342.628394728309,169000
2023-02-10 15:00:00,5342.628394728309,5346.092958999479,5342.286979763826,5346.269047701061,1933000
2023-02-10 15:05:00,5346.269047701061,5348.369460829712,5343.4248793449215,5347.995814,1137000
2023-02-10 15:10:00,5347.995814,5348.025829078604,5344.074936505389,5347.528102,1312000
2023-02-10 15:15:00,5347.528102,5352.511100255367,5347.992430306687,5352.120933329852,1678000
2023-02-10 15:20:00,5352.120933329852,5355.3295176784295,5351.363700613254,5351.960443040496,1863000
2023-02-10 15:25:00,5351.960443040496,5354.344512272894,5351.828059331359,5351.653472927823,1096000
2023-02-10 15:30:00,5351.653472927823,5356.885262564596,5352.382626092795,5354.956317782357,173000
2023-02-10 15:35:00,5354.956317782357,5352.953594299657,5351.008226761992,5350.607385397862,688000
2023-02-10 15:40:00,5350.607385397862,5352.076119106314,5347.415428771464,5351.124499728778,238000
2023-02-10 15:45:00,5351.124499728778,5354.093438142121,5349.309637580588,5352.186341052446,1756000
2023-02-10 15:50:00,5352.186341052446,5355.539345515212,5352.541289812018,5354.185607992874,524000
2023-02-10 15:55:00,5354.185607992874,5357.581895338844,5353.372897161432,5354.572937592178,720000
2023-02-10 16:00:00,5354.572937592178,5353.671361080481,5348.231552954059,5351.943188444364,1856000
2023-02-13 09:30:00,5351.943188444364,5351.270156149818,5345.798277961666,5349.463452126029,485000
2023-02-13 09:35:00,5349.463452126029,5350.043982231575,5347.848591,5347.3785332346415,1288000
2023-02-13 09:40:00,5347.3785332346415,5351.678553797034,5345.947162139285,5349.217091,1057000
2023-02-13 09:45:00,5349.217091,5347.422209,5345.1349713901645,5345.748647186669,361000
2023-02-13 09:50:00,5345.748647186669,5350.089126,5347.147147,5347.933470254004,1750000
2023-02-13 09:55:00,5347.933470254004,5353.014336266262,5346.534901666839,5350.538251895344,1601000
2023-02-13 10:00:00,5350.538251895344,5352.169327573347,5349.124502179758,5348.783113888185,554000
2023-02-13 10:05:00,5348.783113888185,5351.285716893271,5349.924442384556,5350.0608962767865,1601000
2023-02-13 10:10:00,5350.0608962767865,5350.847647809042,5344.931445792149,5347.931713,600000
2023-02-13 10:15:00,5347.931713,5349.394457764903,5345.155406621855,5347.576670560343,1588000
2023-02-13 10:20:00,5347.576670560343,5350.999147467885,5347.006465095826,5347.775701039967,1945000
2023-02-13 10:25:00,5347.775701039967,5351.082721526876,5346.151198726759,5348.543878388384,858000
2023-02-13 10:30:00,5348.543878388384,5353.257790135756,5348.455391789684,5352.286949101566,1355000
2023-02-13 10:35:00,5352.286949101566,5352.777871153524,5348.432816541574,5351.546945408338,1938000
2023-02-13 10:40:00,5351.546945408338,5355.960583175404,5351.231048339188,5353.770870725059,1470000
2023-02-13 10:45:00,5353.770870725059,5354.422299026323,5351.750368267946,5353.201484675676,1549000
2023-02-13 10:50:00,5353.201484675676,5356.488652,5353.009887183028,5353.611909592145,444000
2023-02-13 10:55:00,5353.611909592145,5358.893671996672,5353.337217773728,5355.660287660848,1072000
2023-02-13 11:00:00,5355.660287660848,5357.587844912552,5351.199370296153,5353.317490554719,204000
2023-02-13 11:05:00,5353.317490554719,5356.496343708854,5354.3934539728125,5355.602157,737000
2023-02-13 11:10:00,5355.602157,5362.048894929561,5356.197007951395,5357.884599738083,596000
2023-02-13 11:15:00,5357.884599738083,5367.166180338126,5359.563822841337,5364.520553350328,1533000
2023-02-13 11:20:00,5364.520553350328,5365.69461,5361.867722939574,5363.831370224867,539000
2023-02-13 11:25:00,5363.831370224867,5362.500875241366,5356.991378068649,5358.6280014474205,1038000
2023-02-13 11:30:00,5358.6280014474205,5358.006682553161,5351.394446072191,5353.282581,551000
2023-02-13 11:35:00,5353.282581,5354.136997414877,5349.102007434486,5352.221221,1952000
2023-02-13 11:40:00,5352.221221,5359.448554342536,5353.852887589358,5356.542479226148,1158000
2023-02-13 11:45:00,5356.542479226148,5361.647559666862,5359.149683873268,5361.720367472161,574000
2023-02-13 11:50:00,5361.720367472161,5361.136184426934,5356.869531502941,5358.748896430782,437000
2023-02-13 11:55:00,5358.748896430782,5362.882700717161,5357.658711647432,5361.338248276025,1802000
2023-02-13 12:00:00,5361.338248276025,5354.667065204348,5353.509575726284,5354.242727113223,1800000
2023-02-13 12:05:00,5354.242727113223,5359.001992643704,5352.632414774383,5355.846353953247,951000
2023-02-13 12:10:00,5355.846353953247,5359.009453856996,5355.085166735794,5356.939599862812,500000
2023-02-13 12:15:00,5356.939599862812,5359.434381354723,5352.761086911142,5354.530540705164,940000
2023-02-13 12:20:00,5354.530540705164,5355.882053719579,5352.676365552572,5353.594154709836,527000
2023-02-13 12:25:00,5353.594154709836,5356.097493157066,5351.217860523803,5352.864593384116,1712000
2023-02-13 12:30:00,5352.864593384116,5350.057330858374,5345.750649,5348.971727,1470000
2023-02-13 12:35:00,5348.971727,5349.455657013623,5344.194192763804,5347.167566,944000
2023-02-13 12:40:00,5347.167566,5346.2016589140685,5342.572230853725,5344.336361,378000
2023-02-13 12:45:00,5344.336361,5342.980365059205,5341.16104,5344.474762002607,526000
2023-02-13 12:50:00,5344.474762002607,5340.440826,5338.028026636448,5339.405921735359,514000
2023-02-13 12:55:00,5339.405921735359,5345.056324482842,5338.368053113865,5339.711779639433,1714000
2023-02-13 13:00:00,5339.711779639433,5338.989648,5337.813534732671,5338.944744195472,617000
2023-02-13 13:05:00,5338.944744195472,5340.702715690964,5335.449237370261,5336.924443,1699000
2023-02-13 13:10:00,5336.924443,5337.297076093975,5334.151514972503,5336.127463,448000
2023-02-13 13:15:00,5336.127463,5337.230237613757,5330.147740723961,5333.051560620605,1896000
2023-02-13 13:20:00,5333.051560620605,5332.4101425937415,5327.455386663165,5330.293888793163,1658000
2023-02-13 13:25:00,5330.293888793163,5334.883592623053,5332.306769056425,5333.635625996994,1381000
2023-02-13 13:30:00,5333.635625996994,5335.256587821712,5329.1925353763945,5332.668612836562,393000
2023-02-13 13:35:00,5332.668612836562,5332.150247956388,5329.650452502929,5329.297476978007,575000
2023-02-13 13:40:00,5329.297476978007,5332.502569218556,5327.435571329089,5328.798035,1999000
2023-02-13 13:45:00,5328.798035,5328.761145079314,5323.671270728966,5326.064268629055,809000
2023-02-13 13:50:00,5326.064268629055,5327.635887464848,5320.184577248902,5321.910864719899,1790000
2023-02-13 13:55:00,5321.910864719899,5324.6346193188765,5319.199593728452,5319.782567966936,1460000
2023-02-13 14:00:00,5319.782567966936,5323.656071697836,5317.634440721438,5318.225410204756,1071000
2023-02-13 14:05:00,5318.225410204756,5320.031228330653,5315.913728026367,5317.784780344064,559000
2023-02-13 14:10:00,5317.784780344064,5319.938111473687,5315.649855314416,5315.831456851652,813000
2023-02-13 14:15:00,5315.831456851652,5321.855277240508,5316.1708594086285,5320.078459917429,932000
2023-02-13 14:20:00,5320.078459917429,5322.774549867717,5318.275666212388,5318.065747617834,683000
2023-02-13 14:25:00,5318.065747617834,5320.6343378383735,5314.938236213309,5318.5678186953455,466000
2023-02-13 14:30:00,5318.5678186953455,5323.844288277823,5319.550380208681,5321.224803215928,1890000
2023-02-13 14:35:00,5321.224803215928,5321.438024419275,5315.717883486444,5318.022651335037,1602000
2023-02-13 14:40:00,5318.022651335037,5318.0418403781405,5313.657039216806,5317.544640102009,667000
2023-02-13 14:45:00,5317.544640102009,5314.521893759768,5311.398458652652,5312.974150078634,309000
2023-02-13 14:50:00,5312.974150078634,5316.550549,5310.839702909292,5314.507741246042,1060000
2023-02-13 14:55:00,5314.507741246042,5318.421905264619,5311.809737498133,5314.467638739086,449000
2023-02-13 15:00:00,5314.467638739086,5312.541876,5306.918773939074,5309.980076389171,436000
2023-02-13 15:05:00,5309.980076389171,5314.983240355234,5309.117138231899,5311.269058470282,1556000
2023-02-13 15:10:00,5311.269058470282,5314.687158732784,5310.234034,5313.559519245064,1737000
2023-02-13 15:15:00,5313.559519245064,5314.157082127973,5310.832403813757,5311.2438191457295,232000
2023-02-13 15:20:00,5311.2438191457295,5312.113122055799,5306.439169132455,5307.06835372854,1740000
2023-02-13 15:25:00,5307.06835372854,5312.703434282178,5311.147528773917,5311.989813965473,714000
2023-02-13 15:30:00,5311.989813965473,5318.611510921604,5315.614650261105,5314.865408397695,1135000
2023-02-13 15:35:00,5314.865408397695,5317.158843851706,5314.103602004394,5314.704635,1304000
2023-02-13 15:40:00,5314.704635,5315.388627386147,5313.007330473763,5313.965044,764000
2023-02-13 15:45:00,5313.965044,5318.603677874782,5313.352369775624,5314.799736934057,589000
2023-02-13 15:50:00,5314.799736934057,5317.453396278938,5312.393137203803,5314.483849880791,235000
2023-02-13 15:55:00,5314.483849880791,5317.177218818592,5312.218337620577,5312.746997778098,1202000
2023-02-13 16:00:00,5312.746997778098,5317.855538593716,5315.365994934972,5317.118924858945,1027000
2023-02-14 09:30:00,5317.118924858945,5318.254594788159,5314.935091370761,5315.478277,400000
2023-02-14 09:35:00,5315.478277,5320.050451767931,5313.373350497924,5316.234935296867,1639000
2023-02-14 09:40:00,5316.234935296867,5323.855440596225,5318.832732148911,5321.085473124235,738000
2023-02-14 09:45:00,5321.085473124235,5327.198615089624,5321.34044135666,5324.791824035634,1448000
2023-02-14 09:50:00,5324.791824035634,5325.473141888424,5322.324709933008,5322.746924792197,599000
2023-02-14 09:55:00,5322.746924792197,5328.088842879815,5324.455844587814,5326.964602629664,1649000
2023-02-14 10:00:00,5326.964602629664,5331.020342785702,5328.872035851797,5330.761191980849,543000
2023-02-14 10:05:00,5330.761191980849,5337.677155070149,5330.711533956035,5334.235412,1467000
2023-02-14 10:10:00,5334.235412,5334.372506332961,5331.076083233134,5333.528773497849,679000
2023-02-14 10:15:00,5333.528773497849,5333.748368259153,5332.665817000823,5334.4067256188055,869000
2023-02-14 10:20:00,5334.4067256188055,5334.940895051091,5329.611338424361,5331.876305119276,1817000
2023-02-14 10:25:00,5331.876305119276,5333.389117,5330.415253979782,5331.751715831604,1152000
2023-02-14 10:30:00,5331.751715831604,5339.728328234256,5334.919289244974,5337.442583,1053000
2023-02-14 10:35:00,5337.442583,5339.994796,5334.920285665632,5337.313181578227,1801000
2023-02-14 10:40:00,5337.313181578227,5334.936333710784,5331.5514783530125,5332.7204533442455,271000
2023-02-14 10:45:00,5332.7204533442455,5333.214350890656,5329.977601545125,5332.571928103743,211000
2023-02-14 10:50:00,5332.571928103743,5332.874893341526,5328.616161991137,5330.811344785368,171000
2023-02-14 10:55:00,5330.811344785368,5336.160440096846,5334.056585036124,5333.281469,1531000
2023-02-14 11:00:00,5333.281469,5335.549215755808,5331.840167429839,5334.406160779248,577000
2023-02-14 11:05:00,5334.406160779248,5336.695482624448,5332.193364392608,5332.119673838534,1062000
2023-02-14 11:10:00,5332.119673838534,5333.342366746321,5330.419164512092,5331.858574393804,1935000
2023-02-14 11:15:00,5331.858574393804,5337.627825204974,5332.170491720475,5336.503925463056,694000
2023-02-14 11:20:00,5336.503925463056,5340.260595807776,5335.144309,5336.933997012147,983000
2023-02-14 11:25:00,5336.933997012147,5340.350198352637,5338.777095581881,5339.925389205578,270000
2023-02-14 11:30:00,5339.925389205578,5342.168021304307,5338.034497714015,5342.868527241272,551000
2023-02-14 11:35:00,5342.868527241272,5343.985731577598,5340.162949660682,5340.556015914631,1002000
2023-02-14 11:40:00,5340.556015914631,5342.711023598529,5337.318204032543,5341.534477425685,158000
2023-02-14 11:45:00,5341.534477425685,5348.397540405891,5344.273734319438,5345.341739,613000
2023-02-14 11:50:00,5345.341739,5344.476356704995,5341.620193062424,5341.606550098686,791000
2023-02-14 11:55:00,5341.606550098686,5340.645505342233,5335.9497282485645,5338.078881,421000
2023-02-14 12:00:00,5338.078881,5339.928895003049,5333.801731527205,5337.870147914249,902000
2023-02-14 12:05:00,5337.870147914249,5343.383882845661,5338.095237412258,5341.844978293738,1783000
2023-02-14 12:10:00,5341.844978293738,5344.058711186976,5341.350399,5341.831958241023,874000
2023-02-14 12:15:00,5341.831958241023,5339.954716177905,5335.419314690275,5335.877459272305,257000
2023-02-14 12:20:00,5335.877459272305,5342.7819334522765,5337.649541786802,5340.461600896747,1131000
2023-02-14 12:25:00,5340.461600896747,5336.994799,5333.532679031755,5337.331258,1493000
2023-02-14 12:30:00,5337.331258,5334.759142732551,5331.367341150228,5333.698593585975,151000
2023-02-14 12:35:00,5333.698593585975,5335.203035983407,5328.653226864699,5332.267372492516,170000
2023-02-14 12:40:00,5332.267372492516,5329.038177754335,5324.157018190792,5324.728870096356,567000
2023-02-14 12:45:00,5324.728870096356,5329.140335827097,5325.311085176449,5328.218903727697,1679000
2023-02-14 12:50:00,5328.218903727697,5329.706822515524,5324.792926710733,5327.430021,1282000
2023-02-14 12:55:00,5327.430021,5325.349797511825,5319.459544356104,5322.436231049788,667000
2023-02-14 13:00:00,5322.436231049788,5332.764774331379,5325.82905641146,5328.944245792278,1703000
2023-02-14 13:05:00,5328.944245792278,5331.348416524141,5324.027695071831,5327.406399,1387000
2023-02-14 13:10:00,5327.406399,5330.886794639221,5325.111114338421,5327.660664130952,931000
2023-02-14 13:15:00,5327.660664130952,5335.121083703546,5330.602511118559,5330.9928160283725,1152000
2023-02-14 13:20:00,5330.9928160283725,5334.73614915786,5331.252206527861,5332.433354940775,1352000
2023-02-14 13:25:00,5332.433354940775,5342.223340161246,5337.063306358288,5339.192075244242,686000
2023-02-14 13:30:00,5339.192075244242,5338.735040794666,5333.10937440514,5335.145222192908,519000
2023-02-14 13:35:00,5335.145222192908,5341.706641185687,5336.330417106216,5339.008007,863000
2023-02-14 13:40:00,5339.008007,5341.131043312849,5338.375780998204,5342.294213421683,208000
2023-02-14 13:45:00,5342.294213421683,5344.783209972857,5342.329110439198,5342.488193845552,1468000
2023-02-14 13:50:00,5342.488193845552,5347.673633838684,5343.320877,5345.205526637194,519000
2023-02-14 13:55:00,5345.205526637194,5345.557133902479,5340.721119,5343.525035565552,626000
2023-02-14 14:00:00,5343.525035565552,5353.160720626501,5346.91752,5350.002355,746000
2023-02-14 14:05:00,5350.002355,5345.945729,5342.4839743724215,5344.621308251492,248000
2023-02-14 14:10:00,5344.621308251492,5343.4213128596975,5342.236294604802,5342.960759326127,1860000
2023-02-14 14:15:00,5342.960759326127,5347.561891650476,5342.545388187673,5345.670288396781,1870000
2023-02-14 14:20:00,5345.670288396781,5348.464408,5344.997701643883,5345.083652129714,913000
2023-02-14 14:25:00,5345.083652129714,5346.826142,5343.730460823904,5345.3018163974575,1244000
2023-02-14 14:30:00,5345.3018163974575,5351.563787079222,5343.7832836243215,5349.005653188478,1992000
2023-02-14 14:35:00,5349.005653188478,5346.387583,5344.922461,5345.717202135317,1837000
2023-02-14 14:40:00,5345.717202135317,5350.105389024512,5347.159993824949,5347.315106170714,1688000
2023-02-14 14:45:00,5347.315106170714,5350.369472291246,5347.134471397989,5347.908632055409,1296000
2023-02-14 14:50:00,5347.908632055409,5353.294795119534,5350.382565733822,5351.070815696364,537000
2023-02-14 14:55:00,5351.070815696364,5352.742328,5348.480620569912,5350.576848336535,609000
2023-02-14 15:00:00,5350.576848336535,5353.466732721528,5348.602944529601,5351.384394323256,1183000
2023-02-14 15:05:00,5351.384394323256,5355.165765785066,5351.175305377649,5352.801176609808,1729000
2023-02-14 15:10:00,5352.801176609808,5357.609476765564,5351.788770681617,5356.212262,1590000
2023-02-14 15:15:00,5356.212262,5357.534153062412,5354.164702,5356.328345,191000
2023-02-14 15:20:00,5356.328345,5356.685744918298,5354.365495640674,5353.208470052116,647000
2023-02-14 15:25:00,5353.208470052116,5353.890258294784,5349.432350969806,5352.157032398712,1218000
2023-02-14 15:30:00,5352.157032398712,5357.734806462313,5351.601091736324,5355.043393324784,1713000
2023-02-14 15:35:00,5355.043393324784,5351.999783157671,5346.856424,5349.700134986553,1375000
2023-02-14 15:40:00,5349.700134986553,5351.782753734016,5346.998528515385,5350.957287351121,113000
2023-02-14 15:45:00,5350.957287351121,5355.554018009563,5348.1060412562265,5351.394250964654,1307000
2023-02-14 15:50:00,5351.394250964654,5358.922927395947,5355.811466952346,5356.532913180808,1717000
2023-02-14 15:55:00,5356.532913180808,5356.399534712725,5354.366221731836,5356.844567258983,845000
2023-02-14 16:00:00,5356.844567258983,5358.793987606263,5351.725122,5357.3097934062425,1108000
2023-02-15 09:30:00,5357.3097934062425,5358.464124905743,5354.342451001841,5355.781090217297,1175000
2023-02-15 09:35:00,5355.781090217297,5356.271237603405,5349.819726,5352.051202,1965000
2023-02-15 09:40:00,5352.051202,5355.837912,5351.312062689688,5352.553003183369,1921000
2023-02-15 09:45:00,5352.553003183369,5353.151155135871,5349.426677043202,5349.253027538168,1972000
2023-02-15 09:50:00,5349.253027538168,5353.807765,5350.625973244445,5353.007522701863,521000
2023-02-15 09:55:00,5353.007522701863,5355.346883689343,5351.734615728081,5354.020066031758,1647000
2023-02-15 10:00:00,5354.020066031758,5358.565241840756,5351.334697122453,5355.161276526324,1739000
2023-02-15 10:05:00,5355.161276526324,5357.800124926884,5351.048372627067,5353.007562864369,1178000
2023-02-15 10:10:00,5353.007562864369,5358.941505783394,5356.237903847149,5357.753811163856,1300000
2023-02-15 10:15:00,5357.753811163856,5356.145734762316,5351.206650642864,5354.1356087778295,1853000
2023-02-15 10:20:00,5354.1356087778295,5355.574907597461,5353.8703016851405,5354.4912237745775,295000
2023-02-15 10:25:00,5354.4912237745775,5354.331984248859,5349.60461,5351.569152835535,219000
2023-02-15 10:30:00,5351.569152835535,5355.508697310572,5348.175541082079,5352.603375,1388000
2023-02-15 10:35:00,5352.603375,5356.394102562891,5354.366040442442,5355.766896827914,1109000
2023-02-15 10:40:00,5355.766896827914,5358.558361253616,5354.050932303897,5355.923503183426,210000
2023-02-15 10:45:00,5355.923503183426,5356.275707698967,5353.507737742642,5353.943074638172,1487000
2023-02-15 10:50:00,5353.943074638172,5355.531155771913,5349.032149153526,5353.050774412465,1163000
2023-02-15 10:55:00,5353.050774412465,5354.232670275892,5349.160434381683,5351.441745130088,1374000
2023-02-15 11:00:00,5351.441745130088,5351.033506,5348.050216556728,5351.074982559873,1818000
2023-02-15 11:05:00,5351.074982559873,5351.794548911525,5347.023633741002,5350.195247371144,1927000
2023-02-15 11:10:00,5350.195247371144,5357.444923778104,5355.657022119635,5355.472206873132,956000
2023-02-15 11:15:00,5355.472206873132,5356.198162146256,5353.084890292796,5353.416736458516,451000
2023-02-15 11:20:00,5353.416736458516,5362.130594674498,5355.860991779249,5358.792485900241,372000
2023-02-15 11:25:00,5358.792485900241,5362.436066284055,5357.093219953785,5359.421602,1055000
2023-02-15 11:30:00,5359.421602,5361.343125379442,5359.049983134507,5362.176957876113,1284000
2023-02-15 11:35:00,5362.176957876113,5363.278572939729,5359.485298543889,5361.218389894805,1193000
2023-02-15 11:40:00,5361.218389894805,5359.694621018892,5353.745933673498,5357.455185156223,1141000
2023-02-15 11:45:00,5357.455185156223,5362.039526048522,5357.873681911152,5358.455508472619,129000
2023-02-15 11:50:00,5358.455508472619,5354.460695422069,5350.290502897244,5354.320696838344,609000
2023-02-15 11:55:00,5354.320696838344,5356.168790216711,5349.557033961976,5353.176505604028,808000
2023-02-15 12:00:00,5353.176505604028,5356.980734063272,5352.396179526038,5354.324995745084,1100000
2023-02-15 12:05:00,5354.324995745084,5350.8089413434745,5346.593028632888,5350.995281629469,455000
2023-02-15 12:10:00,5350.995281629469,5354.106384806792,5348.331234149173,5350.423329673032,1229000
2023-02-15 12:15:00,5350.423329673032,5351.436176754896,5348.721179,5349.479598598754,1289000
2023-02-15 12:20:00,5349.479598598754,5350.280231110448,5346.028333315657,5350.558651810556,626000
2023-02-15 12:25:00,5350.558651810556,5352.741289738462,5346.709093868439,5348.565535414625,945000
2023-02-15 12:30:00,5348.565535414625,5351.840628786627,5345.483440504219,5347.142311020524,759000
2023-02-15 12:35:00,5347.142311020524,5349.509113466379,5345.766954725528,5348.179722051817,808000
2023-02-15 12:40:00,5348.179722051817,5351.266691094743,5348.387679343731,5350.746615845854,711000
2023-02-15 12:45:00,5350.746615845854,5352.766607395628,5348.650057635528,5349.2228382111325,655000
2023-02-15 12:50:00,5349.2228382111325,5350.2179323554365,5348.8926415837805,5350.428623769123,1816000
2023-02-15 12:55:00,5350.428623769123,5354.683309753305,5349.843712753256,5352.130727793024,1729000
2023-02-15 13:00:00,5352.130727793024,5359.487532600871,5353.994871,5355.767834500532,1410000
2023-02-15 13:05:00,5355.767834500532,5360.479336941841,5354.589786962428,5358.069239500488,957000
2023-02-15 13:10:00,5358.069239500488,5355.384933,5350.531272601927,5352.6451627145225,1176000
2023-02-15 13:15:00,5352.6451627145225,5352.1723828490285,5346.776593489528,5350.125527039826,1585000
2023-02-15 13:20:00,5350.125527039826,5354.07538,5351.170642585152,5353.439948720959,711000
2023-02-15 13:25:00,5353.439948720959,5357.404689100286,5352.776459824768,5354.771221856367,520000
2023-02-15 13:30:00,5354.771221856367,5356.551262863703,5352.940327261346,5353.437987909576,948000
2023-02-15 13:35:00,5353.437987909576,5356.715925254086,5352.860921678314,5354.052530976319,895000
2023-02-15 13:40:00,5354.052530976319,5354.824963134915,5351.990655946726,5353.706373385334,405000
2023-02-15 13:45:00,5353.706373385334,5353.928895869934,5347.942231503471,5351.385231487465,684000
2023-02-15 13:50:00,5351.385231487465,5357.050041308293,5352.277512434347,5355.8277230578615,238000
2023-02-15 13:55:00,5355.8277230578615,5360.004542289439,5356.714759790095,5359.268120507149,367000
2023-02-15 14:00:00,5359.268120507149,5362.652875486674,5356.103538153847,5359.714637327746,1405000
2023-02-15 14:05:00,5359.714637327746,5359.103531094288,5355.484326894422,5358.813212622827,582000
2023-02-15 14:10:00,5358.813212622827,5363.329148132201,5359.260595937302,5360.969066166056,526000
2023-02-15 14:15:00,5360.969066166056,5364.069058757952,5359.366032719794,5362.055928939774,739000
2023-02-15 14:20:00,5362.055928939774,5363.219318762878,5357.984553,5362.035899944687,1256000
2023-02-15 14:25:00,5362.035899944687,5366.341493535182,5359.968300419918,5363.549217399601,564000
2023-02-15 14:30:00,5363.549217399601,5366.843919036387,5360.647699027692,5364.441096771637,1708000
2023-02-15 14:35:00,5364.441096771637,5362.174852561541,5359.524333564944,5361.433859,1891000
2023-02-15 14:40:00,5361.433859,5362.012485323511,5357.072678628926,5357.699973566758,1226000
2023-02-15 14:45:00,5357.699973566758,5357.540028589332,5352.467945610028,5354.625228581852,1037000
2023-02-15 14:50:00,5354.625228581852,5360.871465,5355.334464472149,5358.452875595706,246000
2023-02-15 14:55:00,5358.452875595706,5359.965550892284,5355.463877115635,5356.162304758625,1390000
2023-02-15 15:00:00,5356.162304758625,5361.783496420667,5354.799699482934,5357.255758080501,1241000
2023-02-15 15:05:00,5357.255758080501,5364.949323847437,5362.007862521438,5364.314433723608,1547000
2023-02-15 15:10:00,5364.314433723608,5366.000010831656,5362.347894834038,5363.8918857763865,1803000
2023-02-15 15:15:00,5363.8918857763865,5367.6869767800445,5363.079813669496,5363.792037919515,288000
2023-02-15 15:20:00,5363.792037919515,5364.434273500581,5361.693634277604,5363.043383566409,213000
2023-02-15 15:25:00,5363.043383566409,5362.670243447296,5358.624927638104,5361.827157,768000
2023-02-15 15:30:00,5361.827157,5362.1712487388295,5357.720994838751,5359.358456141368,1221000
2023-02-15 15:35:00,5359.358456141368,5359.289503026028,5353.745071762031,5355.326418,988000
2023-02-15 15:40:00,5355.326418,5355.785585990308,5352.215747220978,5354.836758856953,1395000
2023-02-15 15:45:00,5354.836758856953,5357.064326539073,5353.309734871925,5356.720889479051,620000
2023-02-15 15:50:00,5356.720889479051,5358.874194180424,5351.545994195749,5354.927725681501,1048000
2023-02-15 15:55:00,5354.927725681501,5357.423689,5351.432182030953,5353.375102011178,1167000
2023-02-15 16:00:00,5353.375102011178,5359.538740705292,5355.132574427016,5356.348963670269,663000
2023-02-16 09:30:00,5356.348963670269,5359.153339526138,5356.518965174529,5357.430555045172,1612000
2023-02-16 09:35:00,5357.430555045172,5355.680896,5350.891296186057,5354.895245,1591000
2023-02-16 09:40:00,5354.895245,5350.544441485491,5346.408853622511,5347.764894463624,357000
2023-02-16 09:45:00,5347.764894463624,5352.018158959096,5344.334252114528,5348.365447339766,999000
2023-02-16 09:50:00,5348.365447339766,5346.976890630713,5342.592086809663,5345.501576373754,1898000
2023-02-16 09:55:00,5345.501576373754,5349.873021384491,5344.600942232659,5347.797102106825,331000
2023-02-16 10:00:00,5347.797102106825,5349.647007,5344.447788602693,5346.568588769339,342000
2023-02-16 10:05:00,5346.568588769339,5352.050944337463,5350.104759619604,5351.722154601804,214000
2023-02-16 10:10:00,5351.722154601804,5352.623862074853,5348.445941247212,5349.340424973952,984000
2023-02-16 10:15:00,5349.340424973952,5352.739182494226,5348.255044245851,5350.632648,318000
2023-02-16 10:20:00,5350.632648,5352.589698451156,5345.341382,5349.442203,274000
2023-02-16 10:25:00,5349.442203,5353.116489836294,5348.093143,5349.684635052835,721000
2023-02-16 10:30:00,5349.684635052835,5352.612183703967,5349.793279556467,5349.879455076168,1209000
2023-02-16 10:35:00,5349.879455076168,5355.050087917994,5352.657649522094,5353.647549117492,630000
2023-02-16 10:40:00,5353.647549117492,5355.151436920618,5352.595936608914,5353.761961540309,538000
2023-02-16 10:45:00,5353.761961540309,5358.593135505674,5354.267491924014,5356.361090149091,269000
2023-02-16 10:50:00,5356.361090149091,5359.697861180691,5357.112720443047,5358.869167093995,950000
2023-02-16 10:55:00,5358.869167093995,5359.097516175555,5355.645285417314,5355.898057924664,804000
2023-02-16 11:00:00,5355.898057924664,5356.532663796656,5351.739358031556,5354.839211907496,611000
2023-02-16 11:05:00,5354.839211907496,5358.721851560337,5353.832111416653,5355.818680098445,434000
2023-02-16 11:10:00,5355.818680098445,5363.424055899758,5356.818485,5360.05736,1634000
2023-02-16 11:15:00,5360.05736,5358.261195067274,5353.733177,5355.468833616692,1289000
2023-02-16 11:20:00,5355.468833616692,5361.197641,5355.850260858578,5359.631816958113,280000
2023-02-16 11:25:00,5359.631816958113,5357.143335075617,5353.597312936529,5356.099234888483,1374000
2023-02-16 11:30:00,5356.099234888483,5357.467694008501,5352.345896995493,5353.223173128871,1751000
2023-02-16 11:35:00,5353.223173128871,5355.920140700465,5353.001700021483,5355.248421474499,1737000
2023-02-16 11:40:00,5355.248421474499,5354.449272722406,5352.375862526752,5353.0921557167085,1419000
2023-02-16 11:45:00,5353.0921557167085,5358.517732048052,5353.391670593295,5357.602532531258,1719000
2023-02-16 11:50:00,5357.602532531258,5362.137474,5356.043687488905,5359.040869266413,393000
2023-02-16 11:55:00,5359.040869266413,5358.755566346738,5355.348761647992,5355.210620973347,714000
2023-02-16 12:00:00,5355.210620973347,5359.389011302189,5354.918940093878,5357.751779852127,1090000
2023-02-16 12:05:00,5357.751779852127,5358.108682977721,5350.915283572783,5354.122840695585,875000
2023-02-16 12:10:00,5354.122840695585,5356.570561173656,5350.958199045203,5354.142658625957,640000
2023-02-16 12:15:00,5354.142658625957,5357.582648931876,5354.098792528933,5355.595936903296,1340000
2023-02-16 12:20:00,5355.595936903296,5361.396285752659,5355.319095408913,5358.767706478428,1446000
2023-02-16 12:25:00,5358.767706478428,5362.046193,5355.897828164254,5358.223383315083,448000
2023-02-16 12:30:00,5358.223383315083,5358.330583163856,5354.743935578188,5357.739933014196,1785000
2023-02-16 12:35:00,5357.739933014196,5356.423044,5352.509754,5356.180488582549,1469000
2023-02-16 12:40:00,5356.180488582549,5358.349836236162,5354.290468637427,5355.541366439719,696000
2023-02-16 12:45:00,5355.541366439719,5358.539499857233,5354.558862569324,5356.267054245579,1517000
2023-02-16 12:50:00,5356.267054245579,5364.055189,5359.144668742584,5363.202983126478,540000
2023-02-16 12:55:00,5363.202983126478,5364.235304336241,5358.103709944807,5362.716326811031,1623000
2023-02-16 13:00:00,5362.716326811031,5364.071047285185,5359.728067426139,5364.182758476898,367000
2023-02-16 13:05:00,5364.182758476898,5368.898266425339,5362.715828494196,5365.622576425601,1619000
2023-02-16 13:10:00,5365.622576425601,5364.815601390907,5361.091808901095,5362.810841076001,1129000
2023-02-16 13:15:00,5362.810841076001,5367.804678237641,5364.928389000484,5367.271651942388,593000
2023-02-16 13:20:00,5367.271651942388,5365.640214557864,5362.794208625275,5364.633404709207,1232000
2023-02-16 13:25:00,5364.633404709207,5368.253554835446,5364.188730133942,5365.266927377646,1992000
2023-02-16 13:30:00,5365.266927377646,5365.116049590745,5363.1893867429735,5365.450280444508,1294000
2023-02-16 13:35:00,5365.450280444508,5369.280476683232,5364.8292726169775,5367.962774785225,948000
2023-02-16 13:40:00,5367.962774785225,5369.093886407751,5363.790687660253,5367.236760782268,1975000
2023-02-16 13:45:00,5367.236760782268,5368.896742156407,5361.930676432929,5365.794426528091,229000
2023-02-16 13:50:00,5365.794426528091,5367.220102465654,5362.393920599743,5365.389846048088,1916000
2023-02-16 13:55:00,5365.389846048088,5368.6888462528605,5363.359640392198,5366.873348411882,1313000
2023-02-16 14:00:00,5366.873348411882,5364.146681748444,5362.7164101820845,5363.497809061633,754000
2023-02-16 14:05:00,5363.497809061633,5365.202344127172,5360.184198740836,5361.993523902412,362000
2023-02-16 14:10:00,5361.993523902412,5363.930027,5358.073858809301,5360.578371634297,898000
2023-02-16 14:15:00,5360.578371634297,5362.288934,5354.583739367297,5358.456721,1714000
2023-02-16 14:20:00,5358.456721,5359.548234923052,5352.648337,5358.066658717286,511000
2023-02-16 14:25:00,5358.066658717286,5359.495567674521,5355.308554067839,5355.895745284912,1082000
2023-02-16 14:30:00,5355.895745284912,5356.914581973016,5354.391096790843,5356.408710461018,153000
2023-02-16 14:35:00,5356.408710461018,5355.923269631731,5351.593200868797,5354.612892553502,432000
2023-02-16 14:40:00,5354.612892553502,5358.0308110426695,5353.940603319527,5356.3893759930015,1063000
2023-02-16 14:45:00,5356.3893759930015,5359.345591783361,5354.216617986196,5356.801084563572,1981000
2023-02-16 14:50:00,5356.801084563572,5358.740558742794,5356.888468943364,5358.190758064216,1186000
2023-02-16 14:55:00,5358.190758064216,5356.1532543532985,5352.241036542144,5353.604281223951,706000
2023-02-16 15:00:00,5353.604281223951,5357.055883291304,5351.973331706693,5355.008371392403,825000
2023-02-16 15:05:00,5355.008371392403,5356.965704141342,5352.640225205457,5354.625286601849,1418000
2023-02-16 15:10:00,5354.625286601849,5353.646779467096,5349.6143392249405,5352.110354212467,1460000
2023-02-16 15:15:00,5352.110354212467,5350.461299281609,5345.852067731747,5349.832935965204,610000
2023-02-16 15:20:00,5349.832935965204,5353.983879448948,5348.174760870284,5351.061174478008,1594000
2023-02-16 15:25:00,5351.061174478008,5352.386500520033,5348.004128961841,5349.766629145646,915000
2023-02-16 15:30:00,5349.766629145646,5355.422187067226,5349.225112340639,5352.980810768772,951000
2023-02-16 15:35:00,5352.980810768772,5353.92151,5350.347503742304,5352.714957578424,1492000
2023-02-16 15:40:00,5352.714957578424,5356.732558931852,5351.115660893508,5353.004280542151,547000
2023-02-16 15:45:00,5353.004280542151,5359.7074489712695,5352.977830103977,5357.354100091327,307000
2023-02-16 15:50:00,5357.354100091327,5357.681776,5355.182372461812,5355.403440896094,1626000
2023-02-16 15:55:00,5355.403440896094,5362.788048912198,5359.294001172822,5361.215784527258,411000
2023-02-16 16:00:00,5361.215784527258,5363.312707807555,5357.191147034069,5359.460705749517,476000
2023-02-17 09:30:00,5359.460705749517,5357.375179439264,5353.523321005877,5356.061451592552,1753000
2023-02-17 09:35:00,5356.061451592552,5356.553905881188,5349.892748898995,5354.573802533329,1015000
2023-02-17 09:40:00,5354.573802533329,5354.621767060997,5348.49397,5352.339558916986,616000
2023-02-17 09:45:00,5352.339558916986,5355.458395013841,5350.394960869327,5353.868008908314,169000
2023-02-17 09:50:00,5353.868008908314,5354.752117387631,5351.640575669918,5352.280065553823,1098000
2023-02-17 09:55:00,5352.280065553823,5356.398529093824,5351.140073410663,5354.194120985385,252000
2023-02-17 10:00:00,5354.194120985385,5357.320101235837,5351.379475626044,5354.206583154632,880000
2023-02-17 10:05:00,5354.206583154632,5359.260015111813,5352.613360466866,5355.329330637378,1217000
2023-02-17 10:10:00,5355.329330637378,5354.041108705778,5348.020815950342,5350.355929140488,1974000
2023-02-17 10:15:00,5350.355929140488,5349.926052148355,5345.478877865103,5348.656468249922,1562000
2023-02-17 10:20:00,5348.656468249922,5353.89612128614,5350.056597,5350.261634952977,529000
2023-02-17 10:25:00,5350.261634952977,5355.477208,5350.1549268608505,5353.680563773307,1297000
2023-02-17 10:30:00,5353.680563773307,5346.582374087742,5342.788222098652,5346.602452589481,452000
2023-02-17 10:35:00,5346.602452589481,5349.563550085884,5345.786377209562,5345.594582534144,1249000
2023-02-17 10:40:00,5345.594582534144,5351.250846037202,5349.872298741641,5352.087617346786,1854000
2023-02-17 10:45:00,5352.087617346786,5354.224793615936,5348.0821780297465,5350.547455704075,1687000
2023-02-17 10:50:00,5350.547455704075,5352.9450053227165,5350.700446520968,5352.423974465679,1300000
2023-02-17 10:55:00,5352.423974465679,5351.098352953226,5344.291643759514,5347.837445,1346000
2023-02-17 11:00:00,5347.837445,5348.377611186295,5345.763801722927,5347.02342,517000
2023-02-17 11:05:00,5347.02342,5344.172593474807,5339.190141025664,5342.030733,1286000
2023-02-17 11:10:00,5342.030733,5343.884125,5337.733069388059,5340.750825,907000
2023-02-17 11:15:00,5340.750825,5338.130394608444,5333.452999502556,5338.137169137553,1675000
2023-02-17 11:20:00,5338.137169137553,5343.067524634854,5339.977808165491,5341.161703467184,952000
2023-02-17 11:25:00,5341.161703467184,5345.398099116032,5341.7246076039855,5342.994739249872,836000
2023-02-17 11:30:00,5342.994739249872,5349.380750055848,5342.706263133987,5346.388219246962,861000
2023-02-17 11:35:00,5346.388219246962,5345.998414320156,5339.364216821958,5342.618443413323,1343000
2023-02-17 11:40:00,5342.618443413323,5344.187993984023,5340.336073934622,5344.271092557568,114000
2023-02-17 11:45:00,5344.271092557568,5345.322825360514,5338.745371488921,5342.014145164021,1452000
2023-02-17 11:50:00,5342.014145164021,5342.469412542169,5335.845082009496,5339.524113088678,1221000
2023-02-17 11:55:00,5339.524113088678,5343.122679313813,5338.174581,5341.757709531454,1005000
2023-02-17 12:00:00,5341.757709531454,5343.235551056268,5340.516928824393,5338.696234981313,1756000
2023-02-17 12:05:00,5338.696234981313,5345.748227751802,5341.025622086288,5342.161139341432,545000
2023-02-17 12:10:00,5342.161139341432,5340.573948109125,5334.938448017803,5339.286032360592,181000
2023-02-17 12:15:00,5339.286032360592,5342.214217812938,5335.528306976653,5339.787555193359,1995000
2023-02-17 12:20:00,5339.787555193359,5343.763984874921,5338.802862854861,5338.414091921205,1755000
2023-02-17 12:25:00,5338.414091921205,5339.362188423472,5336.389742733536,5340.034445994076,1636000
2023-02-17 12:30:00,5340.034445994076,5340.795506874886,5335.324180867824,5337.408877708952,1617000
2023-02-17 12:35:00,5337.408877708952,5337.383200526202,5331.700414477195,5336.111275327952,289000
2023-02-17 12:40:00,5336.111275327952,5330.966505716322,5326.565790579776,5329.8134626076735,1456000
2023-02-17 12:45:00,5329.8134626076735,5336.897832017241,5330.047886409628,5334.538795622556,658000
2023-02-17 12:50:00,5334.538795622556,5335.389268209053,5333.584788767322,5334.886595,1807000
2023-02-17 12:55:00,5334.886595,5334.68484,5332.936671900392,5333.551193,1333000
2023-02-17 13:00:00,5333.551193,5338.712826150764,5332.039798863604,5336.665477271888,1959000
2023-02-17 13:05:00,5336.665477271888,5334.462202877985,5330.699493412804,5333.568927277131,155000
2023-02-17 13:10:00,5333.568927277131,5335.299036844058,5333.468795564349,5335.172459754728,129000
2023-02-17 13:15:00,5335.172459754728,5338.0915098172845,5336.106752573901,5334.700093268593,1118000
2023-02-17 13:20:00,5334.700093268593,5336.693116411133,5330.500370917124,5335.087522510662,214000
2023-02-17 13:25:00,5335.087522510662,5336.176426,5331.211452078295,5333.495812596839,898000
2023-02-17 13:30:00,5333.495812596839,5332.905704824156,5329.502524591428,5329.342723492899,668000
2023-02-17 13:35:00,5329.342723492899,5335.822670751268,5329.939449629743,5333.066965626567,860000
2023-02-17 13:40:00,5333.066965626567,5333.756727896472,5328.939081456517,5331.998873,1716000
2023-02-17 13:45:00,5331.998873,5338.0994935997005,5333.220788084132,5335.316541267916,766000
2023-02-17 13:50:00,5335.316541267916,5338.613773539114,5336.059539,5336.439752,1542000
2023-02-17 13:55:00,5336.439752,5340.668794,5333.144109722182,5336.458556165415,433000
2023-02-17 14:00:00,5336.458556165415,5341.993288812036,5335.351314058884,5337.793271462007,1486000
2023-02-17 14:05:00,5337.793271462007,5339.867474622686,5335.490068655645,5339.384966569824,1316000
2023-02-17 14:10:00,5339.384966569824,5344.475211257115,5339.940615168091,5341.879712827213,780000
2023-02-17 14:15:00,5341.879712827213,5346.690805901268,5343.570591103324,5344.747284128909,871000
2023-02-17 14:20:00,5344.747284128909,5345.051122101557,5339.116922179437,5343.761395842698,1936000
2023-02-17 14:25:00,5343.761395842698,5340.713856180881,5337.118137162375,5336.068818461365,1979000
2023-02-17 14:30:00,5336.068818461365,5337.220113070558,5332.098530036453,5336.423797253403,536000
2023-02-17 14:35:00,5336.423797253403,5338.875394487594,5335.758289808854,5336.527471240225,437000
2023-02-17 14:40:00,5336.527471240225,5338.437344805591,5335.642957910014,5338.403385538516,156000
2023-02-17 14:45:00,5338.403385538516,5340.139955,5335.802200393246,5336.551198045222,1254000
2023-02-17 14:50:00,5336.551198045222,5339.481327976252,5333.685443032688,5335.813575082956,1830000
2023-02-17 14:55:00,5335.813575082956,5337.674340877162,5332.867920314255,5331.701393929214,1816000
2023-02-17 15:00:00,5331.701393929214,5336.213500820707,5331.785677079449,5333.581860052907,1631000
2023-02-17 15:05:00,5333.581860052907,5335.561901340687,5330.423301546682,5330.140242485008,411000
2023-02-17 15:10:00,5330.140242485008,5337.654195749735,5333.426308186463,5336.706601772149,1133000
2023-02-17 15:15:00,5336.706601772149,5340.100863716416,5336.141253579551,5338.725985327658,330000
2023-02-17 15:20:00,5338.725985327658,5341.892082,5337.4337042931975,5341.339781173373,1998000
2023-02-17 15:25:00,5341.339781173373,5344.057206104371,5338.519290867364,5341.638465882225,988000
2023-02-17 15:30:00,5341.638465882225,5347.976681769555,5343.044791887372,5343.425468255799,1602000
2023-02-17 15:35:00,5343.425468255799,5345.714417669972,5341.166973387369,5345.003019792441,1537000
2023-02-17 15:40:00,5345.003019792441,5347.2864628000925,5341.462557584993,5345.829344352713,790000
2023-02-17 15:45:00,5345.829344352713,5344.0274787598455,5339.151652163344,5338.745705327837,253000
2023-02-17 15:50:00,5338.745705327837,5342.721770813295,5339.547760215922,5341.733978288655,1480000
2023-02-17 15:55:00,5341.733978288655,5340.834087841599,5337.157826587524,5339.872561177302,989000
2023-02-17 16:00:00,5339.872561177302,5338.288057062124,5334.878592096508,5338.135278760964,775000
2023-02-20 09:30:00,5338.135278760964,5340.940151934759,5336.716098538232,5339.683846763192,1613000
2023-02-20 09:35:00,5339.683846763192,5338.265024742549,5334.251720703816,5336.943509132413,994000
2023-02-20 09:40:00,5336.943509132413,5337.837535303151,5335.909630406951,5338.644598392604,434000
2023-02-20 09:45:00,5338.644598392604,5342.921779,5339.013971,5339.2585591790585,969000
2023-02-20 09:50:00,5339.2585591790585,5340.168490917038,5335.400276773751,5337.609921923724,270000
2023-02-20 09:55:00,5337.609921923724,5341.323559,5336.284214782504,5337.197627294455,1404000
2023-02-20 10:00:00,5337.197627294455,5337.594611349542,5331.295352057154,5335.247172647121,1889000
2023-02-20 10:05:00,5335.247172647121,5335.010415164862,5329.648735889224,5333.209693150714,1632000
2023-02-20 10:10:00,5333.209693150714,5334.300008330991,5329.383191,5333.017335482841,1774000
2023-02-20 10:15:00,5333.017335482841,5336.320956659663,5333.289923367514,5335.232103339673,1447000
2023-02-20 10:20:00,5335.232103339673,5335.003243221085,5330.483951,5331.851253659105,869000
2023-02-20 10:25:00,5331.851253659105,5339.188820244736,5333.073543812684,5335.284837494931,999000
2023-02-20 10:30:00,5335.284837494931,5336.71471,5333.393331802042,5336.9678374556825,1087000
2023-02-20 10:35:00,5336.9678374556825,5338.712752239674,5332.670852473152,5336.012603929028,362000
2023-02-20 10:40:00,5336.012603929028,5338.225697056877,5331.780952507469,5336.003034945898,1075000
2023-02-20 10:45:00,5336.003034945898,5334.76364,5333.152325868264,5334.259616576846,1548000
2023-02-20 10:50:00,5334.259616576846,5339.842540137897,5335.829320286292,5336.220702762857,1566000
2023-02-20 10:55:00,5336.220702762857,5344.996694,5338.802682178618,5341.093997,161000
2023-02-20 11:00:00,5341.093997,5340.123062855991,5336.387482215574,5335.195318,1933000
2023-02-20 11:05:00,5335.195318,5338.068712670085,5334.673076597077,5336.335039555999,810000
2023-02-20 11:10:00,5336.335039555999,5347.512506,5342.683138240241,5343.089421,310000
2023-02-20 11:15:00,5343.089421,5344.064963427429,5340.684678673397,5342.764648956213,1863000
2023-02-20 11:20:00,5342.764648956213,5346.104980169708,5342.813993440184,5343.428013225657,400000
2023-02-20 11:25:00,5343.428013225657,5350.442632251331,5343.213008748488,5346.695925318264,589000
2023-02-20 11:30:00,5346.695925318264,5350.686998246442,5346.602205799685,5347.284782,370000
2023-02-20 11:35:00,5347.284782,5345.508131593348,5340.558122201799,5342.382957372787,1565000
2023-02-20 11:40:00,5342.382957372787,5344.654423,5339.617889130222,5341.897876165126,353000
2023-02-20 11:45:00,5341.897876165126,5348.123002521611,5346.499280262227,5347.861595123802,1504000
2023-02-20 11:50:00,5347.861595123802,5348.749898648151,5344.274081934602,5347.861226753175,1079000
2023-02-20 11:55:00,5347.861226753175,5346.253764462434,5343.823378804172,5344.172292,972000
2023-02-20 12:00:00,5344.172292,5346.312680000451,5341.769336861206,5343.999404698474,1051000
2023-02-20 12:05:00,5343.999404698474,5344.743893919134,5340.514300446964,5342.695521407745,1625000
2023-02-20 12:10:00,5342.695521407745,5346.075998541876,5342.449007911193,5344.284695744716,1817000
2023-02-20 12:15:00,5344.284695744716,5351.657376893762,5347.767365731495,5351.26719028654,127000
2023-02-20 12:20:00,5351.26719028654,5351.516387296988,5349.407648698903,5350.186805,278000
2023-02-20 12:25:00,5350.186805,5352.906747501615,5350.221849524007,5351.5428197723895,1815000
2023-02-20 12:30:00,5351.5428197723895,5349.731089,5346.249394150543,5347.546212833238,1863000
2023-02-20 12:35:00,5347.546212833238,5346.138013392909,5341.171192512543,5344.038997478732,1689000
2023-02-20 12:40:00,5344.038997478732,5343.855089980852,5342.042887972453,5341.972563590903,1057000
2023-02-20 12:45:00,5341.972563590903,5346.636630939959,5341.501097388984,5343.743809985964,1776000
2023-02-20 12:50:00,5343.743809985964,5345.467666514926,5341.956050704304,5344.972220913483,1368000
2023-02-20 12:55:00,5344.972220913483,5346.668101187904,5342.131706490461,5344.208934900636,631000
2023-02-20 13:00:00,5344.208934900636,5346.144293264168,5341.527418115237,5343.160027241503,167000
2023-02-20 13:05:00,5343.160027241503,5344.133082196964,5342.21562,5344.121980186417,516000
2023-02-20 13:10:00,5344.121980186417,5344.505936799709,5339.141379093772,5343.146240572904,879000
2023-02-20 13:15:00,5343.146240572904,5341.015505886962,5337.444830555017,5338.702335180563,963000
2023-02-20 13:20:00,5338.702335180563,5337.003894917291,5335.551362658635,5336.268804246814,1325000
2023-02-20 13:25:00,5336.268804246814,5343.333966,5338.423417623657,5338.987013733487,1170000
2023-02-20 13:30:00,5338.987013733487,5339.132668401727,5335.826024096644,5339.298579667492,226000
2023-02-20 13:35:00,5339.298579667492,5340.267460191228,5334.6955248832255,5336.343837301443,1406000
2023-02-20 13:40:00,5336.343837301443,5344.167514580668,5337.379162495448,5341.041873597703,1580000
2023-02-20 13:45:00,5341.041873597703,5341.555275122952,5339.151896622304,5339.712372388808,789000
2023-02-20 13:50:00,5339.712372388808,5343.976967745458,5338.270154291031,5342.937726360276,145000
2023-02-20 13:55:00,5342.937726360276,5340.780426781132,5338.655410610229,5339.084643040391,1395000
2023-02-20 14:00:00,5339.084643040391,5346.707415985344,5341.683768182888,5342.027362772164,545000
2023-02-20 14:05:00,5342.027362772164,5347.975143282149,5341.253286501052,5344.014516341224,1200000
2023-02-20 14:10:00,5344.014516341224,5347.970678342165,5342.899782341671,5344.395132584023,1142000
2023-02-20 14:15:00,5344.395132584023,5346.008537536277,5342.925699007655,5345.336299078783,410000
2023-02-20 14:20:00,5345.336299078783,5348.396270092096,5345.170822610252,5344.806104411072,154000
2023-02-20 14:25:00,5344.806104411072,5349.828809377847,5345.354322334372,5346.092968076342,1601000
2023-02-20 14:30:00,5346.092968076342,5341.816083043208,5335.700293492227,5339.116863019764,352000
2023-02-20 14:35:00,5339.116863019764,5339.487628080362,5335.618318,5336.826688349178,334000
2023-02-20 14:40:00,5336.826688349178,5342.430002334009,5338.220784706936,5337.577630520997,984000
2023-02-20 14:45:00,5337.577630520997,5339.502376059016,5334.402682849277,5336.353577548751,803000
2023-02-20 14:50:00,5336.353577548751,5338.718368340589,5332.788565148288,5336.001308168112,103000
2023-02-20 14:55:00,5336.001308168112,5335.613880666965,5333.934345937824,5335.777801033407,588000
2023-02-20 15:00:00,5335.777801033407,5340.631204,5334.772159170765,5337.776543,1614000
2023-02-20 15:05:00,5337.776543,5343.152921618248,5339.112145008909,5340.219339939152,1555000
2023-02-20 15:10:00,5340.219339939152,5343.4104756619245,5340.239576919722,5340.824773,359000
2023-02-20 15:15:00,5340.824773,5341.042370478533,5336.998324288202,5338.479485437981,240000
2023-02-20 15:20:00,5338.479485437981,5339.440790009888,5335.071214861674,5334.230693,1856000
2023-02-20 15:25:00,5334.230693,5339.068113548811,5335.394423793784,5338.972374969292,1915000
2023-02-20 15:30:00,5338.972374969292,5342.843865179708,5336.828572652886,5340.811176,844000
2023-02-20 15:35:00,5340.811176,5340.051779936044,5333.634544844323,5337.189966455255,673000
2023-02-20 15:40:00,5337.189966455255,5341.913773151269,5339.491786292184,5341.567833956456,1056000
2023-02-20 15:45:00,5341.567833956456,5340.658292405672,5335.581458,5340.765958,1371000
2023-02-20 15:50:00,5340.765958,5341.189116777649,5338.514478,5338.742820702144,405000
2023-02-20 15:55:00,5338.742820702144,5348.238744536242,5345.1605764948135,5346.183201057716,801000
2023-02-20 16:00:00,5346.183201057716,5348.861006034777,5342.573901210253,5344.874970415166,970000
2023-02-21 09:30:00,5344.874970415166,5347.700075723343,5342.846432164351,5345.001857176087,710000
2023-02-21 09:35:00,5345.001857176087,5345.880199766803,5340.950905904441,5344.378062,1430000
2023-02-21 09:40:00,5344.378062,5347.956534,5341.312160304584,5345.659510334045,1226000
2023-02-21 09:45:00,5345.659510334045,5351.272955273322,5344.815038526988,5349.330585261281,827000
2023-02-21 09:50:00,5349.330585261281,5349.788970227532,5345.605141234822,5347.486007325523,1135000
2023-02-21 09:55:00,5347.486007325523,5350.554604889628,5344.8365880811625,5347.098080928431,345000
2023-02-21 10:00:00,5347.098080928431,5350.444699993241,5347.288644368557,5348.899099573363,1391000
2023-02-21 10:05:00,5348.899099573363,5350.838209995418,5345.841392771364,5346.857070573324,953000
2023-02-21 10:10:00,5346.857070573324,5350.171668595172,5343.803790889443,5348.477576650975,1334000
2023-02-21 10:15:00,5348.477576650975,5348.415280641738,5344.011380458882,5345.052448774132,1769000
2023-02-21 10:20:00,5345.052448774132,5348.320997698488,5342.870771581835,5343.996037600451,465000
2023-02-21 10:25:00,5343.996037600451,5344.406258583956,5340.811817297296,5342.546302612874,685000
2023-02-21 10:30:00,5342.546302612874,5340.799796,5338.506405575119,5340.978608453322,1052000
2023-02-21 10:35:00,5340.978608453322,5338.079574752779,5333.707604,5334.297046153064,1502000
2023-02-21 10:40:00,5334.297046153064,5337.289158954455,5332.540255493015,5333.463240723196,316000
2023-02-21 10:45:00,5333.463240723196,5336.700188375383,5330.239922707004,5334.280608639789,1318000
2023-02-21 10:50:00,5334.280608639789,5338.344393621856,5335.003084328279,5335.159622240194,961000
2023-02-21 10:55:00,5335.159622240194,5336.426904847313,5332.057016777518,5334.334448543314,1453000
2023-02-21 11:00:00,5334.334448543314,5336.405990890112,5330.626525098342,5333.307360533147,1867000
2023-02-21 11:05:00,5333.307360533147,5336.667558195049,5332.570926798253,5333.7449469234825,1935000
2023-02-21 11:10:00,5333.7449469234825,5336.4850849566365,5334.752621480899,5335.910946630804,1041000
2023-02-21 11:15:00,5335.910946630804,5338.471255593092,5333.599944527768,5337.144359,445000
2023-02-21 11:20:00,5337.144359,5334.428451211594,5330.743100769555,5331.003113093736,884000
2023-02-21 11:25:00,5331.003113093736,5334.668998,5330.351137974834,5332.333842053841,227000
2023-02-21 11:30:00,5332.333842053841,5331.777163612611,5329.353203768187,5330.5953380454575,1248000
2023-02-21 11:35:00,5330.5953380454575,5335.106135091966,5331.612806934632,5333.455713424715,1753000
2023-02-21 11:40:00,5333.455713424715,5336.615253160869,5334.748630417007,5336.681732686957,1811000
2023-02-21 11:45:00,5336.681732686957,5335.861050443815,5331.526755919939,5336.001089241097,999000
2023-02-21 11:50:00,5336.001089241097,5338.366663188745,5333.128519868602,5333.562775651827,138000
2023-02-21 11:55:00,5333.562775651827,5336.493637430404,5333.04025678254,5335.712186484906,205000
2023-02-21 12:00:00,5335.712186484906,5336.404815718751,5331.5348436362365,5334.641730399528,975000
2023-02-21 12:05:00,5334.641730399528,5337.144334249436,5333.061633750684,5335.584775684632,592000
2023-02-21 12:10:00,5335.584775684632,5340.813683388965,5334.696932564519,5338.661662342332,1267000
2023-02-21 12:15:00,5338.661662342332,5338.633245076682,5334.918405859183,5339.525480049263,555000
2023-02-21 12:20:00,5339.525480049263,5341.896343618962,5337.669206,5338.338291561074,451000
2023-02-21 12:25:00,5338.338291561074,5339.216889087962,5336.519236190152,5339.108146014854,1962000
2023-02-21 12:30:00,5339.108146014854,5335.312956,5331.164360181928,5334.491327303623,159000
2023-02-21 12:35:00,5334.491327303623,5334.365871897232,5328.395638518394,5331.144169678632,1958000
2023-02-21 12:40:00,5331.144169678632,5328.806423,5323.264232852577,5325.278610662741,1550000
2023-02-21 12:45:00,5325.278610662741,5333.562608339555,5329.571624890604,5330.410844888086,1438000
2023-02-21 12:50:00,5330.410844888086,5336.4057828164105,5331.550892169335,5333.960620708465,1412000
2023-02-21 12:55:00,5333.960620708465,5338.308676101263,5335.399533326616,5335.898250217454,879000
2023-02-21 13:00:00,5335.898250217454,5337.645181562779,5333.534947265869,5335.062021214837,539000
2023-02-21 13:05:00,5335.062021214837,5341.663379034408,5337.003533542951,5338.673316822348,783000
2023-02-21 13:10:00,5338.673316822348,5344.265629182253,5339.853511790586,5341.833927204331,1954000
2023-02-21 13:15:00,5341.833927204331,5339.523024305519,5336.190104759056,5335.860276,1582000
2023-02-21 13:20:00,5335.860276,5338.733601870964,5331.618263853286,5336.643953933202,857000
2023-02-21 13:25:00,5336.643953933202,5339.561250487064,5334.430278687102,5336.076356377592,794000
2023-02-21 13:30:00,5336.076356377592,5336.181798272081,5331.915560896485,5336.001563257809,1343000
2023-02-21 13:35:00,5336.001563257809,5336.696818422748,5330.869723,5332.755246719192,122000
2023-02-21 13:40:00,5332.755246719192,5336.932990145589,5332.877319765954,5336.265540571712,121000
2023-02-21 13:45:00,5336.265540571712,5336.532392724259,5331.014482,5333.804226146606,1853000
2023-02-21 13:50:00,5333.804226146606,5342.741726057342,5338.354200569285,5339.840052438732,1417000
2023-02-21 13:55:00,5339.840052438732,5344.570001861572,5342.995746502249,5345.079022,170000
2023-02-21 14:00:00,5345.079022,5346.675533386342,5342.678369491168,5343.148659698852,1401000
2023-02-21 14:05:00,5343.148659698852,5349.141489346092,5342.816909915488,5348.403572396524,829000
2023-02-21 14:10:00,5348.403572396524,5350.124253379876,5346.012365485622,5348.196939913782,671000
2023-02-21 14:15:00,5348.196939913782,5348.166392971682,5344.636990078527,5347.862194,1787000
2023-02-21 14:20:00,5347.862194,5352.980789851964,5349.117167773591,5350.471076104726,1883000
2023-02-21 14:25:00,5350.471076104726,5354.484192485981,5350.892643432758,5351.672245232058,1172000
2023-02-21 14:30:00,5351.672245232058,5352.250098,5347.009864,5349.379156364698,863000
2023-02-21 14:35:00,5349.379156364698,5354.734859313689,5349.632389780952,5350.957610860781,996000
2023-02-21 14:40:00,5350.957610860781,5357.29668,5353.602130894207,5355.0987464109485,1406000
2023-02-21 14:45:00,5355.0987464109485,5358.565729013159,5352.83238,5354.826863765115,678000
2023-02-21 14:50:00,5354.826863765115,5359.958551866416,5354.913858,5356.177576968756,1802000
2023-02-21 14:55:00,5356.177576968756,5358.529539353824,5352.323064440843,5354.086121613378,1046000
2023-02-21 15:00:00,5354.086121613378,5357.211182284259,5355.192771375444,5357.731244832038,1822000
2023-02-21 15:05:00,5357.731244832038,5357.525119353066,5350.4832588272975,5354.529219510855,1373000
2023-02-21 15:10:00,5354.529219510855,5355.825268718672,5348.994799209929,5351.847905804821,1942000
2023-02-21 15:15:00,5351.847905804821,5353.094303481268,5347.944846267893,5351.401473716606,952000
2023-02-21 15:20:00,5351.401473716606,5353.926043198635,5350.227453538721,5352.498325859654,1314000
2023-02-21 15:25:00,5352.498325859654,5356.257283919891,5353.330217479175,5354.795020986208,1064000
2023-02-21 15:30:00,5354.795020986208,5358.300268416446,5351.087482402664,5354.5236107979545,356000
2023-02-21 15:35:00,5354.5236107979545,5357.701140518611,5354.769074255677,5355.768293267689,114000
2023-02-21 15:40:00,5355.768293267689,5357.3625790840415,5351.969989429127,5355.536754069344,603000
2023-02-21 15:45:00,5355.536754069344,5358.616938978855,5354.682806128247,5356.743322229436,328000
2023-02-21 15:50:00,5356.743322229436,5360.530172821184,5358.785497255333,5359.9206649498665,1195000
2023-02-21 15:55:00,5359.9206649498665,5362.958103313694,5356.055941498618,5359.843141,762000
2023-02-21 16:00:00,5359.843141,5362.599366188578,5359.870916,5360.0738603798445,783000
2023-02-22 09:30:00,5360.0738603798445,5362.274900083976,5358.334100865148,5358.517312396913,828000
2023-02-22 09:35:00,5358.517312396913,5362.925302198512,5360.232673465575,5361.173185303845,400000
2023-02-22 09:40:00,5361.173185303845,5356.435500386239,5352.973483060971,5354.188346824023,1389000
2023-02-22 09:45:00,5354.188346824023,5352.520945904861,5346.579284353107,5351.934004414101,772000
2023-02-22 09:50:00,5351.934004414101,5354.092190418033,5348.230332811474,5351.491819660151,413000
2023-02-22 09:55:00,5351.491819660151,5351.693419402782,5344.730424234796,5347.158773365911,890000
2023-02-22 10:00:00,5347.158773365911,5349.720580809695,5345.412244993754,5348.0565166453725,989000
2023-02-22 10:05:00,5348.0565166453725,5351.708476989261,5349.928500554017,5349.569408734805,545000
2023-02-22 10:10:00,5349.569408734805,5355.052934474775,5350.930939290783,5353.529054792001,643000
2023-02-22 10:15:00,5353.529054792001,5362.30645,5356.457123275231,5358.775593109983,1344000
2023-02-22 10:20:00,5358.775593109983,5360.619883761869,5357.027238523207,5358.558542907271,1603000
2023-02-22 10:25:00,5358.558542907271,5359.661675280169,5355.025919422655,5358.479432759075,1136000
2023-02-22 10:30:00,5358.479432759075,5360.531641827932,5354.911147704352,5359.391445766126,594000
2023-02-22 10:35:00,5359.391445766126,5357.933962146578,5353.150595256054,5357.312578816095,276000
2023-02-22 10:40:00,5357.312578816095,5358.9031561559805,5354.674859235199,5357.177408503093,699000
2023-02-22 10:45:00,5357.177408503093,5355.415037480195,5351.503149381768,5353.209268783916,699000
2023-02-22 10:50:00,5353.209268783916,5359.938382548442,5352.298745015458,5356.429746,1689000
2023-02-22 10:55:00,5356.429746,5360.323984,5355.711886361858,5357.626316656106,1458000
2023-02-22 11:00:00,5357.626316656106,5357.535074,5351.619797920272,5355.327310577569,1479000
2023-02-22 11:05:00,5355.327310577569,5354.812343225842,5353.044973646804,5352.8400403891255,1041000
2023-02-22 11:10:00,5352.8400403891255,5356.377823582446,5350.896220962865,5353.633055599874,1409000
2023-02-22 11:15:00,5353.633055599874,5358.310794,5353.074444623262,5355.858223918044,439000
2023-02-22 11:20:00,5355.858223918044,5356.941624310223,5349.425809801706,5353.731066037847,1272000
2023-02-22 11:25:00,5353.731066037847,5355.846968098039,5352.574070613548,5352.859709460558,638000
2023-02-22 11:30:00,5352.859709460558,5358.606232759548,5352.766824855819,5353.989260094188,328000
2023-02-22 11:35:00,5353.989260094188,5357.284551,5354.947055229715,5356.323142600752,1934000
2023-02-22 11:40:00,5356.323142600752,5363.402928265714,5359.553542411198,5361.627354249968,458000
2023-02-22 11:45:00,5361.627354249968,5362.999469468771,5360.506863457933,5362.159169041875,224000
2023-02-22 11:50:00,5362.159169041875,5358.748325890036,5356.608179676025,5357.240834325016,1881000
2023-02-22 11:55:00,5357.240834325016,5356.5862810390745,5353.860413608531,5356.392286482932,805000
2023-02-22 12:00:00,5356.392286482932,5361.2410449023055,5356.584645776708,5358.360011225219,478000
2023-02-22 12:05:00,5358.360011225219,5363.909596460082,5361.910424435479,5363.023370235876,216000
2023-02-22 12:10:00,5363.023370235876,5363.338783778554,5361.403882,5361.1833575473565,1541000
2023-02-22 12:15:00,5361.1833575473565,5365.654264470589,5362.323952758266,5363.278014043385,688000
2023-02-22 12:20:00,5363.278014043385,5367.7576478307865,5361.068701853911,5363.722405,1150000
2023-02-22 12:25:00,5363.722405,5366.091279968796,5360.9986546024365,5362.2309688852665,844000
2023-02-22 12:30:00,5362.2309688852665,5363.028312940986,5356.944667944124,5359.3644073578935,1967000
2023-02-22 12:35:00,5359.3644073578935,5363.143937365492,5359.973142667342,5359.847554150024,1955000
2023-02-22 12:40:00,5359.847554150024,5366.806106969598,5362.802605369526,5364.941761890377,1378000
2023-02-22 12:45:00,5364.941761890377,5367.446238872069,5363.810721194602,5366.795594944846,343000
2023-02-22 12:50:00,5366.795594944846,5368.257048,5364.134632531199,5364.331749909364,1771000
2023-02-22 12:55:00,5364.331749909364,5367.879457752475,5361.645463984344,5364.090716518984,121000
2023-02-22 13:00:00,5364.090716518984,5368.760035542727,5362.843042,5365.799738823844,826000
2023-02-22 13:05:00,5365.799738823844,5368.990907971254,5365.493948657708,5366.907947706116,1067000
2023-02-22 13:10:00,5366.907947706116,5372.572278244978,5366.633035414728,5369.794542738568,687000
2023-02-22 13:15:00,5369.794542738568,5365.903654559645,5364.856596190673,5364.478859420272,1773000
2023-02-22 13:20:00,5364.478859420272,5371.966554781828,5366.652299237566,5370.514605541067,478000
2023-02-22 13:25:00,5370.514605541067,5374.90833,5368.0858804392765,5371.512356475492,372000
2023-02-22 13:30:00,5371.512356475492,5372.764255350647,5370.044434,5370.343045049937,1554000
2023-02-22 13:35:00,5370.343045049937,5372.789169,5366.943791352784,5371.041647614061,395000
2023-02-22 13:40:00,5371.041647614061,5371.307944299146,5368.034696,5368.268146,225000
2023-02-22 13:45:00,5368.268146,5373.605371,5370.037493075944,5370.455182,135000
2023-02-22 13:50:00,5370.455182,5367.803921345281,5365.097005416194,5368.648048613918,1142000
2023-02-22 13:55:00,5368.648048613918,5371.072363390087,5364.393845651152,5366.788656129145,1235000
2023-02-22 14:00:00,5366.788656129145,5369.968271066759,5366.047578197252,5368.214343609748,1365000
2023-02-22 14:05:00,5368.214343609748,5372.305089589953,5368.072610616373,5369.170321129569,1361000
2023-02-22 14:10:00,5369.170321129569,5368.252112084173,5365.976134959456,5367.397226313846,551000
2023-02-22 14:15:00,5367.397226313846,5363.946294446231,5359.752716656519,5362.975281888125,1958000
2023-02-22 14:20:00,5362.975281888125,5371.072212728786,5365.215624918222,5369.671492145257,1636000
2023-02-22 14:25:00,5369.671492145257,5372.086998546341,5366.258087726919,5367.365797921736,1734000
2023-02-22 14:30:00,5367.365797921736,5374.483503172905,5369.587488558988,5373.433702760709,1326000
2023-02-22 14:35:00,5373.433702760709,5378.454680726466,5372.147690214494,5377.071344177766,1028000
2023-02-22 14:40:00,5377.071344177766,5379.219032043644,5374.252112172788,5374.897210678091,590000
2023-02-22 14:45:00,5374.897210678091,5379.328811172143,5373.096825062765,5377.246412233925,539000
2023-02-22 14:50:00,5377.246412233925,5381.356778566833,5377.028647786192,5380.582662768682,152000
2023-02-22 14:55:00,5380.582662768682,5383.733554793656,5380.720694,5382.974086379256,1529000
2023-02-22 15:00:00,5382.974086379256,5386.368433585201,5381.999233276646,5382.206081,1056000
2023-02-22 15:05:00,5382.206081,5389.962463,5383.835191620522,5384.284661682584,670000
2023-02-22 15:10:00,5384.284661682584,5390.088729069862,5387.016021045816,5389.064125536092,1342000
2023-02-22 15:15:00,5389.064125536092,5390.343144097717,5385.778628268136,5389.567674783208,1589000
2023-02-22 15:20:00,5389.567674783208,5391.513008511428,5387.013587160128,5387.340341909051,1040000
2023-02-22 15:25:00,5387.340341909051,5392.503115664947,5388.264646148063,5388.88433,1391000
2023-02-22 15:30:00,5388.88433,5390.173176,5384.931264,5387.380611181215,1004000
2023-02-22 15:35:00,5387.380611181215,5389.458150930511,5385.422227251309,5387.417120871815,1967000
2023-02-22 15:40:00,5387.417120871815,5392.085198623818,5385.838618,5388.207957373351,1035000
2023-02-22 15:45:00,5388.207957373351,5389.048489754214,5386.320519538116,5387.182914255103,642000
2023-02-22 15:50:00,5387.182914255103,5393.047245801347,5388.320436645103,5391.115648709957,1528000
2023-02-22 15:55:00,5391.115648709957,5390.435726562862,5387.388461927272,5388.488192519145,683000
2023-02-22 16:00:00,5388.488192519145,5386.062590836868,5382.664346000532,5384.909510414293,1522000
2023-02-23 09:30:00,5384.909510414293,5388.384409581468,5385.245709643321,5388.430440978486,1564000
2023-02-23 09:35:00,5388.430440978486,5391.176453936975,5384.524172561612,5387.120106987656,1147000
2023-02-23 09:40:00,5387.120106987656,5389.679365262815,5386.366832499496,5388.708516050366,282000
2023-02-23 09:45:00,5388.708516050366,5387.170628896014,5385.886301547632,5386.822158,956000
2023-02-23 09:50:00,5386.822158,5384.0002558503065,5380.144216802652,5383.459299098425,1728000
2023-02-23 09:55:00,5383.459299098425,5381.805146,5378.301264833944,5379.013272071487,190000
2023-02-23 10:00:00,5379.013272071487,5385.419096024852,5379.050956883817,5381.225068042252,1778000
2023-02-23 10:05:00,5381.225068042252,5384.972104750584,5378.189721,5381.442126325348,916000
2023-02-23 10:10:00,5381.442126325348,5382.086231949735,5378.579059457373,5380.924006543806,860000
2023-02-23 10:15:00,5380.924006543806,5379.504113454119,5374.203552143395,5377.595664,162000
2023-02-23 10:20:00,5377.595664,5384.861186144054,5380.409001389984,5379.572700031012,1253000
2023-02-23 10:25:00,5379.572700031012,5382.589218933516,5377.663030778484,5381.360595914615,744000
2023-02-23 10:30:00,5381.360595914615,5389.802106864449,5384.061391394219,5386.788372500037,666000
2023-02-23 10:35:00,5386.788372500037,5390.185447142326,5386.437823357235,5388.167325750943,1027000
2023-02-23 10:40:00,5388.167325750943,5393.800113159442,5389.114962242752,5393.1070552388055,1434000
2023-02-23 10:45:00,5393.1070552388055,5390.306855522485,5388.823328020352,5389.807650657713,226000
2023-02-23 10:50:00,5389.807650657713,5388.240875203695,5383.788115739416,5385.441384528566,240000
2023-02-23 10:55:00,5385.441384528566,5388.857529929644,5382.004001203559,5385.803222685174,688000
2023-02-23 11:00:00,5385.803222685174,5391.318201322131,5384.076633884892,5387.858130470002,1120000
2023-02-23 11:05:00,5387.858130470002,5390.884140629913,5388.394758341545,5389.653199541014,1257000
2023-02-23 11:10:00,5389.653199541014,5393.658903540549,5388.025340669087,5389.305038236056,1798000
2023-02-23 11:15:00,5389.305038236056,5397.660153009826,5392.184643950632,5395.754902292218,1806000
2023-02-23 11:20:00,5395.754902292218,5398.794052871471,5394.991697144381,5396.371146875491,434000
2023-02-23 11:25:00,5396.371146875491,5397.808148120304,5395.200714789994,5395.389799249654,215000
2023-02-23 11:30:00,5395.389799249654,5396.716251893464,5392.011913461228,5395.391250590346,432000
2023-02-23 11:35:00,5395.391250590346,5396.677641,5393.096812,5393.055019566584,1403000
2023-02-23 11:40:00,5393.055019566584,5396.013379864096,5393.821700713212,5393.733609682214,1061000
2023-02-23 11:45:00,5393.733609682214,5398.014590907851,5396.337473362631,5397.061351516807,180000
2023-02-23 11:50:00,5397.061351516807,5404.381465292436,5399.894786166254,5399.394504668364,193000
2023-02-23 11:55:00,5399.394504668364,5400.654271404415,5397.305268438934,5400.390627329612,1263000
2023-02-23 12:00:00,5400.390627329612,5402.270821926006,5398.008492281342,5399.786022089994,1484000
2023-02-23 12:05:00,5399.786022089994,5401.680480507225,5395.128958754224,5398.581740288744,1071000
2023-02-23 12:10:00,5398.581740288744,5401.794576394334,5397.809908085453,5400.968597070289,723000
2023-02-23 12:15:00,5400.968597070289,5400.021374906812,5396.462284216163,5398.020981831804,1488000
2023-02-23 12:20:00,5398.020981831804,5397.442375294055,5394.858594336743,5395.312755024716,175000
2023-02-23 12:25:00,5395.312755024716,5388.791663703996,5385.985594261679,5385.666246428084,1884000
2023-02-23 12:30:00,5385.666246428084,5385.775325165248,5380.499187180932,5383.8914663339565,1645000
2023-02-23 12:35:00,5383.8914663339565,5384.003070093016,5378.633448742516,5381.324013342659,1713000
2023-02-23 12:40:00,5381.324013342659,5384.990318388882,5379.630650720815,5381.824246775081,1263000
2023-02-23 12:45:00,5381.824246775081,5382.034784292452,5376.468787912197,5377.714420487025,302000
2023-02-23 12:50:00,5377.714420487025,5379.032833714235,5374.011289425452,5375.776315987141,1590000
2023-02-23 12:55:00,5375.776315987141,5382.520442975288,5375.765342327402,5378.864091167372,1367000
2023-02-23 13:00:00,5378.864091167372,5378.995923194428,5374.034700151114,5377.067622117317,154000
2023-02-23 13:05:00,5377.067622117317,5374.351042403079,5369.7959647638445,5372.625337944137,542000
2023-02-23 13:10:00,5372.625337944137,5372.949745007683,5369.565814362156,5369.942911843029,1232000
2023-02-23 13:15:00,5369.942911843029,5370.388523525113,5365.802192159544,5367.161821346384,386000
2023-02-23 13:20:00,5367.161821346384,5370.762606587387,5366.306819360932,5368.323868,1541000
2023-02-23 13:25:00,5368.323868,5371.588102381886,5367.863740934096,5368.548813969547,662000
2023-02-23 13:30:00,5368.548813969547,5366.261577176476,5364.666061469996,5366.328813514211,352000
2023-02-23 13:35:00,5366.328813514211,5367.858170325095,5364.222066051866,5365.962848444834,1103000
2023-02-23 13:40:00,5365.962848444834,5370.346968354352,5368.2844812405965,5369.644298652267,809000
2023-02-23 13:45:00,5369.644298652267,5375.830276394128,5369.348057504674,5372.585017082241,912000
2023-02-23 13:50:00,5372.585017082241,5377.113733686628,5370.685207362696,5373.668030418742,1480000
2023-02-23 13:55:00,5373.668030418742,5377.7112642365855,5373.385457524551,5373.238177262338,602000
2023-02-23 14:00:00,5373.238177262338,5376.252895130883,5373.000543494823,5374.856179472383,589000
2023-02-23 14:05:00,5374.856179472383,5381.479806321168,5376.090658909777,5376.119672415851,1782000
2023-02-23 14:10:00,5376.119672415851,5380.498063644983,5375.698951557827,5378.508071347829,1332000
2023-02-23 14:15:00,5378.508071347829,5378.777836950108,5375.113436748141,5376.646135905201,141000
2023-02-23 14:20:00,5376.646135905201,5379.964954875418,5374.995180817201,5376.148667515281,239000
2023-02-23 14:25:00,5376.148667515281,5377.214634590457,5373.262178625875,5373.762427320865,1159000
2023-02-23 14:30:00,5373.762427320865,5377.323709671431,5371.613230542572,5375.676350895072,1575000
2023-02-23 14:35:00,5375.676350895072,5378.722828278406,5374.929328969886,5376.993811499041,1544000
2023-02-23 14:40:00,5376.993811499041,5380.595081,5373.571805492429,5378.024102472979,1188000
2023-02-23 14:45:00,5378.024102472979,5379.027528776622,5373.237340400931,5374.656338532269,440000
2023-02-23 14:50:00,5374.656338532269,5379.744831,5375.257281399064,5378.254478,1728000
2023-02-23 14:55:00,5378.254478,5383.150359833408,5379.384681930503,5381.117301477248,770000
2023-02-23 15:00:00,5381.117301477248,5381.841103569899,5375.668636063508,5378.634604870075,1540000
2023-02-23 15:05:00,5378.634604870075,5383.883476471638,5381.898237,5383.472464155616,1388000
2023-02-23 15:10:00,5383.472464155616,5387.283405788974,5381.723176299919,5387.029001,1058000
2023-02-23 15:15:00,5387.029001,5384.955535,5382.480150374963,5382.640989,720000
2023-02-23 15:20:00,5382.640989,5388.0725644903005,5386.054580063885,5388.290306749591,451000
2023-02-23 15:25:00,5388.290306749591,5385.564781650214,5381.622569033106,5384.709639548845,565000
2023-02-23 15:30:00,5384.709639548845,5384.126928557636,5381.836259901025,5382.710055095067,1199000
2023-02-23 15:35:00,5382.710055095067,5383.178521,5379.831168242797,5381.680483621554,322000
2023-02-23 15:40:00,5381.680483621554,5379.572810537488,5376.299755319195,5378.7387572978905,1737000
2023-02-23 15:45:00,5378.7387572978905,5383.464801,5377.809933475047,5380.855218737069,658000
2023-02-23 15:50:00,5380.855218737069,5381.318952162172,5379.118338400022,5380.427947345065,1394000
2023-02-23 15:55:00,5380.427947345065,5380.809674548593,5375.077662,5377.757055561342,1306000
2023-02-23 16:00:00,5377.757055561342,5378.7841155627975,5373.391767283863,5378.459782686796,1732000
2023-02-24 09:30:00,5378.459782686796,5375.822749,5374.149893435712,5374.138800306366,1580000
2023-02-24 09:35:00,5374.138800306366,5379.252774262102,5372.046438332712,5375.200005083735,329000
2023-02-24 09:40:00,5375.200005083735,5382.30494,5379.715767661197,5381.499982368097,1125000
2023-02-24 09:45:00,5381.499982368097,5385.904386904289,5380.456186554891,5381.056032,681000
2023-02-24 09:50:00,5381.056032,5386.537986120688,5379.820774,5383.054856,851000
2023-02-24 09:55:00,5383.054856,5388.077985476922,5382.801019,5385.709970239516,778000
2023-02-24 10:00:00,5385.709970239516,5387.611040668488,5383.748763,5385.143286939916,1086000
2023-02-24 10:05:00,5385.143286939916,5392.542514730549,5385.904521314169,5388.631131447953,363000
2023-02-24 10:10:00,5388.631131447953,5390.988327070188,5383.663154,5387.494508,1540000
2023-02-24 10:15:00,5387.494508,5390.256252195416,5385.903060444773,5387.498637843877,1701000
2023-02-24 10:20:00,5387.498637843877,5389.531654816487,5384.563337161287,5385.482151330688,1228000
2023-02-24 10:25:00,5385.482151330688,5389.728817258122,5384.281087826161,5385.030387117885,552000
2023-02-24 10:30:00,5385.030387117885,5387.858715517364,5384.441810160157,5384.435833849031,722000
2023-02-24 10:35:00,5384.435833849031,5387.632544871526,5382.6857499882535,5386.802644826642,1524000
2023-02-24 10:40:00,5386.802644826642,5388.133182651534,5382.617614995916,5385.6864686146455,1419000
2023-02-24 10:45:00,5385.6864686146455,5388.414616753028,5384.107002849294,5385.431674863569,127000
2023-02-24 10:50:00,5385.431674863569,5385.270992,5381.489128448352,5381.894836666968,1927000
2023-02-24 10:55:00,5381.894836666968,5385.878508158062,5382.989867252032,5383.438495288618,867000
2023-02-24 11:00:00,5383.438495288618,5388.118519570391,5382.945276071761,5386.7651605406745,967000
2023-02-24 11:05:00,5386.7651605406745,5390.800246900487,5386.726761020075,5388.111612701293,156000
2023-02-24 11:10:00,5388.111612701293,5390.389466391956,5388.202718400384,5389.696326367871,1446000
2023-02-24 11:15:00,5389.696326367871,5389.955698688154,5384.999158769262,5385.779177634097,1719000
2023-02-24 11:20:00,5385.779177634097,5394.9097179167165,5389.363191541737,5392.431419555079,393000
2023-02-24 11:25:00,5392.431419555079,5394.954452100131,5390.438716153838,5393.353095060053,1858000
2023-02-24 11:30:00,5393.353095060053,5391.438579470126,5384.8474135853085,5387.456536340758,1355000
2023-02-24 11:35:00,5387.456536340758,5393.007055953041,5389.555612796588,5390.050217699248,924000
2023-02-24 11:40:00,5390.050217699248,5394.595556691496,5389.795018,5392.053407873428,398000
2023-02-24 11:45:00,5392.053407873428,5399.427464423383,5393.649731005033,5397.854716155597,913000
2023-02-24 11:50:00,5397.854716155597,5403.271185731344,5398.975266443819,5401.968063131961,1783000
2023-02-24 11:55:00,5401.968063131961,5405.766694059065,5403.909094035778,5404.808797566594,1775000
2023-02-24 12:00:00,5404.808797566594,5407.922592,5402.319063693168,5406.878623012204,1165000
2023-02-24 12:05:00,5406.878623012204,5411.101563371542,5404.875785356532,5406.983971923784,1843000
2023-02-24 12:10:00,5406.983971923784,5406.229580612564,5402.95535,5405.364164397865,1747000
2023-02-24 12:15:00,5405.364164397865,5405.228547644333,5402.189879572281,5403.604507740492,934000
2023-02-24 12:20:00,5403.604507740492,5414.910792502547,5409.188624967543,5412.361367518921,639000
2023-02-24 12:25:00,5412.361367518921,5408.439243,5406.342540921374,5407.619174469372,940000
2023-02-24 12:30:00,5407.619174469372,5411.428114734016,5405.979092655572,5408.784395813347,1333000
2023-02-24 12:35:00,5408.784395813347,5411.436578677013,5408.133614737088,5408.348742374396,655000
2023-02-24 12:40:00,5408.348742374396,5411.904507859076,5407.920481126596,5410.197672,1574000
2023-02-24 12:45:00,5410.197672,5411.951981223807,5408.625865465473,5412.907521749812,441000
2023-02-24 12:50:00,5412.907521749812,5414.792924881378,5412.619749869189,5414.201044,577000
2023-02-24 12:55:00,5414.201044,5417.554692833548,5410.941909143868,5413.634991931524,159000
2023-02-24 13:00:00,5413.634991931524,5419.065815502703,5413.261689781182,5415.614727,1930000
2023-02-24 13:05:00,5415.614727,5418.891420397367,5415.382055451164,5417.696201,528000
2023-02-24 13:10:00,5417.696201,5418.631068632587,5413.574485635175,5417.932362230968,979000
2023-02-24 13:15:00,5417.932362230968,5417.243764803136,5415.282862970083,5416.1940586170285,262000
2023-02-24 13:20:00,5416.1940586170285,5421.216899947122,5416.643015079026,5419.448259091366,1441000
2023-02-24 13:25:00,5419.448259091366,5421.350329108401,5418.645779370913,5420.562275290897,882000
2023-02-24 13:30:00,5420.562275290897,5425.064869683275,5419.062462,5422.065313,1484000
2023-02-24 13:35:00,5422.065313,5427.147316121092,5425.190461420509,5426.685361477763,1911000
2023-02-24 13:40:00,5426.685361477763,5426.934392348448,5422.384216232045,5425.352289,945000
2023-02-24 13:45:00,5425.352289,5427.748566110554,5422.749824093023,5425.356478609895,1992000
2023-02-24 13:50:00,5425.356478609895,5427.345571,5420.725080751338,5423.623895701982,660000
2023-02-24 13:55:00,5423.623895701982,5427.222234255519,5423.624594874494,5427.465285997957,1371000
2023-02-24 14:00:00,5427.465285997957,5427.696032988451,5422.662448005362,5427.501545072175,853000
2023-02-24 14:05:00,5427.501545072175,5430.273817735515,5426.100611920083,5426.809361779126,564000
2023-02-24 14:10:00,5426.809361779126,5426.787499178412,5423.587385989999,5424.541903931562,1702000
2023-02-24 14:15:00,5424.541903931562,5427.392701972774,5423.449000769625,5427.258592716503,1304000
2023-02-24 14:20:00,5427.258592716503,5431.8709074600665,5426.911291265762,5429.470696361983,482000
2023-02-24 14:25:00,5429.470696361983,5432.680536393773,5426.999403250256,5428.061821458714,1990000
2023-02-24 14:30:00,5428.061821458714,5433.988401531171,5428.193575493367,5430.217421393871,905000
2023-02-24 14:35:00,5430.217421393871,5435.245009817179,5430.922153125086,5433.675767,1912000
2023-02-24 14:40:00,5433.675767,5434.930570223335,5431.815153800858,5432.101117,1423000
2023-02-24 14:45:00,5432.101117,5437.852461498102,5436.115067265369,5436.326293143988,1643000
2023-02-24 14:50:00,5436.326293143988,5439.28241241346,5435.068602756246,5439.183814199704,1887000
2023-02-24 14:55:00,5439.183814199704,5438.532727479883,5433.949320276619,5435.776390229064,594000
2023-02-24 15:00:00,5435.776390229064,5435.658687356176,5434.667416270302,5434.771689910888,1935000
2023-02-24 15:05:00,5434.771689910888,5437.056167136156,5434.693154166369,5436.760973509681,1923000
2023-02-24 15:10:00,5436.760973509681,5435.431013139812,5433.225430477216,5432.762332,360000
2023-02-24 15:15:00,5432.762332,5441.102606818039,5435.520009488931,5437.467259046643,1043000
2023-02-24 15:20:00,5437.467259046643,5433.514925521176,5431.331496930857,5431.102429269219,1404000
2023-02-24 15:25:00,5431.102429269219,5437.309086733968,5430.894830648156,5434.546585919535,973000
2023-02-24 15:30:00,5434.546585919535,5438.774449526272,5434.818023532483,5436.698294299634,816000
2023-02-24 15:35:00,5436.698294299634,5432.036631745217,5430.439087205638,5431.709856102395,1336000
2023-02-24 15:40:00,5431.709856102395,5434.754160841059,5429.671803642351,5431.8019567646215,1530000
2023-02-24 15:45:00,5431.8019567646215,5434.171185297212,5427.618624370818,5429.976670723132,1698000
2023-02-24 15:50:00,5429.976670723132,5435.027140074898,5431.346098,5434.154899746113,296000
2023-02-24 15:55:00,5434.154899746113,5435.180730493889,5428.495860213406,5433.734192,575000
2023-02-24 16:00:00,5433.734192,5434.924002020206,5433.927406064253,5433.9092808967325,1615000
2023-02-27 09:30:00,5433.9092808967325,5438.643052,5432.9739421054655,5436.840604424141,1902000
2023-02-27 09:35:00,5436.840604424141,5438.601774301082,5432.317331828711,5437.403116488966,1294000
2023-02-27 09:40:00,5437.403116488966,5441.217232889799,5438.305538425873,5438.941244165164,284000
2023-02-27 09:45:00,5438.941244165164,5439.109023008333,5435.0294823777485,5438.347579,1570000
2023-02-27 09:50:00,5438.347579,5445.360034212037,5438.431536787772,5442.294070776742,861000
2023-02-27 09:55:00,5442.294070776742,5449.656541,5444.154422545397,5447.906255608209,642000
2023-02-27 10:00:00,5447.906255608209,5453.116616647982,5449.841582170357,5450.669573023247,1153000
2023-02-27 10:05:00,5450.669573023247,5452.446115147979,5449.963192419004,5451.954598,351000
2023-02-27 10:10:00,5451.954598,5453.740775610828,5447.6061025310655,5450.653800918254,1884000
2023-02-27 10:15:00,5450.653800918254,5459.127729367797,5453.847447818963,5455.971557,1026000
2023-02-27 10:20:00,5455.971557,5460.006306,5454.747950017815,5458.158576892867,1518000
2023-02-27 10:25:00,5458.158576892867,5459.380657717825,5452.748935519521,5455.578032997637,966000
2023-02-27 10:30:00,5455.578032997637,5462.300259218468,5459.665953,5461.269535,565000
2023-02-27 10:35:00,5461.269535,5463.067232878215,5459.778983,5460.843410335609,910000
2023-02-27 10:40:00,5460.843410335609,5466.007306,5461.653317332969,5461.1932288974185,675000
2023-02-27 10:45:00,5461.1932288974185,5463.162311,5458.239472409893,5461.078195455007,1151000
2023-02-27 10:50:00,5461.078195455007,5459.686907809147,5455.499200159432,5459.353495476959,1944000
2023-02-27 10:55:00,5459.353495476959,5460.434500570092,5453.471641804307,5458.173949734999,825000
2023-02-27 11:00:00,5458.173949734999,5460.097313285083,5455.497284241046,5455.385262070269,918000
2023-02-27 11:05:00,5455.385262070269,5458.045894,5456.524840185133,5457.696076886522,1407000
2023-02-27 11:10:00,5457.696076886522,5457.3340945586615,5455.748788073581,5457.583703534894,749000
2023-02-27 11:15:00,5457.583703534894,5457.393014346513,5452.452031980698,5454.146983400906,1846000
2023-02-27 11:20:00,5454.146983400906,5455.6274927179575,5449.709327134675,5452.134830864652,600000
2023-02-27 11:25:00,5452.134830864652,5456.6893082722045,5453.413048506404,5455.314692128521,689000
2023-02-27 11:30:00,5455.314692128521,5456.320485099461,5453.903450057719,5456.360262847709,770000
2023-02-27 11:35:00,5456.360262847709,5455.0758880660105,5448.235108574491,5450.252309676309,1287000
2023-02-27 11:40:00,5450.252309676309,5455.157814323676,5448.571718935281,5451.334121386024,564000
2023-02-27 11:45:00,5451.334121386024,5451.432904299055,5447.280133426483,5452.078009,190000
2023-02-27 11:50:00,5452.078009,5454.431170138012,5448.629742879716,5450.664452,754000
2023-02-27 11:55:00,5450.664452,5453.232113457205,5447.121679492399,5450.367202718653,915000
2023-02-27 12:00:00,5450.367202718653,5455.541158771367,5449.848726018036,5453.411870191964,743000
2023-02-27 12:05:00,5453.411870191964,5453.107985834276,5449.694952203323,5451.842793728393,877000
2023-02-27 12:10:00,5451.842793728393,5455.303632499664,5449.037606507331,5452.983320886011,1678000
2023-02-27 12:15:00,5452.983320886011,5452.525064,5450.436248769973,5452.170724717127,1602000
2023-02-27 12:20:00,5452.170724717127,5456.424873627521,5450.492045324721,5451.804197265037,1341000
2023-02-27 12:25:00,5451.804197265037,5457.465779815542,5450.913976447986,5452.479229964763,1796000
2023-02-27 12:30:00,5452.479229964763,5454.024778,5450.710138821627,5453.226047653635,181000
2023-02-27 12:35:00,5453.226047653635,5453.983956765384,5450.853449,5452.864895497972,373000
2023-02-27 12:40:00,5452.864895497972,5455.063353227964,5449.136382239517,5452.30948,167000
2023-02-27 12:45:00,5452.30948,5456.185232354112,5451.4473291607965,5454.1229038057245,628000
2023-02-27 12:50:00,5454.1229038057245,5454.800814574798,5447.905922427922,5451.034129795644,508000
2023-02-27 12:55:00,5451.034129795644,5451.658303050759,5450.342030158548,5451.124042672072,1618000
2023-02-27 13:00:00,5451.124042672072,5454.040953,5446.891953608904,5450.361023222184,968000
2023-02-27 13:05:00,5450.361023222184,5457.6795795714215,5450.157433938721,5455.84619,1160000
2023-02-27 13:10:00,5455.84619,5459.180895181582,5453.902812373831,5456.980678,1928000
2023-02-27 13:15:00,5456.980678,5459.187042772199,5456.894813105727,5458.409852368928,1436000
2023-02-27 13:20:00,5458.409852368928,5457.749371256423,5452.136246799306,5455.053269844188,1823000
2023-02-27 13:25:00,5455.053269844188,5457.615079974729,5453.324539340053,5455.976599928577,1164000
2023-02-27 13:30:00,5455.976599928577,5463.639059507969,5456.707448171495,5460.893952446096,444000
2023-02-27 13:35:00,5460.893952446096,5460.787671,5458.177644351874,5458.611367377168,537000
2023-02-27 13:40:00,5458.611367377168,5462.897914322387,5458.812998099043,5460.441705482434,205000
2023-02-27 13:45:00,5460.441705482434,5461.390790398808,5459.315231703516,5461.608725624782,127000
2023-02-27 13:50:00,5461.608725624782,5461.046925690344,5458.4551444551735,5459.881143129897,652000
2023-02-27 13:55:00,5459.881143129897,5457.460488729154,5453.092886497348,5456.431600536003,1142000
2023-02-27 14:00:00,5456.431600536003,5458.642765342471,5452.909932368512,5455.471969,710000
2023-02-27 14:05:00,5455.471969,5455.646889568837,5451.496482499771,5454.9938437787705,1606000
2023-02-27 14:10:00,5454.9938437787705,5457.850074220041,5453.486683826982,5455.678037,761000
2023-02-27 14:15:00,5455.678037,5458.767344,5454.513675561886,5455.979751317922,1120000
2023-02-27 14:20:00,5455.979751317922,5459.900492634008,5453.707168534579,5458.590699748969,1073000
2023-02-27 14:25:00,5458.590699748969,5465.374314847859,5461.175676417662,5463.9208051809965,1011000
2023-02-27 14:30:00,5463.9208051809965,5472.4441024957805,5467.358657490737,5469.28329,800000
2023-02-27 14:35:00,5469.28329,5472.023119043855,5468.519225812568,5469.459609948449,157000
2023-02-27 14:40:00,5469.459609948449,5475.568837744359,5468.875102846208,5472.883802477266,1801000
2023-02-27 14:45:00,5472.883802477266,5474.727727235117,5471.212312635602,5473.233097531278,392000
2023-02-27 14:50:00,5473.233097531278,5477.949679073608,5472.101067188943,5476.666521853084,1624000
2023-02-27 14:55:00,5476.666521853084,5480.949624631902,5477.838761369548,5478.845797,839000
2023-02-27 15:00:00,5478.845797,5480.4455934835705,5474.969043599783,5477.253125491708,1779000
2023-02-27 15:05:00,5477.253125491708,5484.294338655478,5479.406901,5481.861313146438,1066000
2023-02-27 15:10:00,5481.861313146438,5486.593867,5484.257519179509,5484.169374,1918000
2023-02-27 15:15:00,5484.169374,5489.766469730991,5487.039076822477,5488.266282079801,1992000
2023-02-27 15:20:00,5488.266282079801,5491.537938586233,5489.255014722394,5489.315945527809,1711000
2023-02-27 15:25:00,5489.315945527809,5491.793245498178,5488.4294448301625,5490.987509999027,1216000
2023-02-27 15:30:00,5490.987509999027,5494.214515,5488.464835831672,5490.966665660957,622000
2023-02-27 15:35:00,5490.966665660957,5494.200271481701,5490.929241913307,5493.183368050271,1781000
2023-02-27 15:40:00,5493.183368050271,5496.344512,5492.010815921433,5494.357170890919,471000
2023-02-27 15:45:00,5494.357170890919,5496.483633561653,5493.869416696165,5496.79035,1649000
2023-02-27 15:50:00,5496.79035,5496.854787529027,5494.411274874487,5496.782367762576,1644000
2023-02-27 15:55:00,5496.782367762576,5497.356227277343,5493.667543879745,5495.578918600292,431000
2023-02-27 16:00:00,5495.578918600292,5503.589574290966,5495.956694,5500.480856905109,1935000
2023-02-28 09:30:00,5500.480856905109,5502.296685304808,5496.571083200974,5501.5499496757575,776000
2023-02-28 09:35:00,5501.5499496757575,5500.741926000292,5496.775312516916,5499.6216473839295,1986000
2023-02-28 09:40:00,5499.6216473839295,5502.129807592964,5499.863802701067,5501.634743616937,1357000
2023-02-28 09:45:00,5501.634743616937,5501.748157268216,5494.999543835023,5498.849078792532,1126000
2023-02-28 09:50:00,5498.849078792532,5502.935492662187,5497.672873355343,5500.247448772073,124000
2023-02-28 09:55:00,5500.247448772073,5504.838964537804,5498.595562217221,5500.248646816707,1011000
2023-02-28 10:00:00,5500.248646816707,5501.292767348229,5500.2703002822445,5500.107086866552,976000
2023-02-28 10:05:00,5500.107086866552,5500.888300893229,5498.596832371612,5499.240911698244,716000
2023-02-28 10:10:00,5499.240911698244,5497.706675414345,5493.133055143908,5497.706433991692,104000
2023-02-28 10:15:00,5497.706433991692,5504.857052801827,5500.630792006235,5502.322562,1321000
2023-02-28 10:20:00,5502.322562,5503.143168586411,5500.959855,5501.364294084928,831000
2023-02-28 10:25:00,5501.364294084928,5510.611009496881,5505.330731050785,5507.6888510187455,1800000
2023-02-28 10:30:00,5507.6888510187455,5509.558439450111,5504.106415285644,5506.987815825958,1788000
2023-02-28 10:35:00,5506.987815825958,5511.008241028627,5504.388978174331,5508.030832206597,127000
2023-02-28 10:40:00,5508.030832206597,5510.960565750728,5506.759827909133,5511.851151704716,1964000
2023-02-28 10:45:00,5511.851151704716,5514.415600521457,5508.490219469376,5512.676336090396,1316000
2023-02-28 10:50:00,5512.676336090396,5511.872025393705,5508.051199843547,5512.248928653464,1406000
2023-02-28 10:55:00,5512.248928653464,5510.162252399341,5504.043662323104,5507.428999772712,558000
2023-02-28 11:00:00,5507.428999772712,5517.1808349213725,5512.504531710161,5514.3821399595645,692000
2023-02-28 11:05:00,5514.3821399595645,5513.261205688976,5510.540161695804,5513.122083091741,899000
2023-02-28 11:10:00,5513.122083091741,5522.330426352942,5517.973257154235,5519.824163141601,618000
2023-02-28 11:15:00,5519.824163141601,5517.906540174466,5516.223526545999,5518.011234,1391000
2023-02-28 11:20:00,5518.011234,5521.606209785192,5518.607117520578,5521.520566519854,932000
2023-02-28 11:25:00,5521.520566519854,5524.744362255547,5519.736866148724,5522.754329072959,1106000
2023-02-28 11:30:00,5522.754329072959,5526.048818154452,5523.875604097095,5524.453779196508,1003000
2023-02-28 11:35:00,5524.453779196508,5526.160331,5522.170686656028,5524.404148710059,1696000
2023-02-28 11:40:00,5524.404148710059,5524.538288,5522.123703381929,5524.431163202182,668000
2023-02-28 11:45:00,5524.431163202182,5526.160452406812,5518.6908606043935,5523.239511022437,1237000
2023-02-28 11:50:00,5523.239511022437,5524.303072950876,5519.614900306854,5524.654521381169,882000
2023-02-28 11:55:00,5524.654521381169,5526.415233524752,5522.509217881658,5522.787190472435,1611000
2023-02-28 12:00:00,5522.787190472435,5525.580650433995,5520.569919552638,5521.173461418108,1900000
2023-02-28 12:05:00,5521.173461418108,5521.546614,5519.362419989143,5521.097070341791,542000
2023-02-28 12:10:00,5521.097070341791,5520.320981516855,5516.526816133762,5517.779558773402,1761000
2023-02-28 12:15:00,5517.779558773402,5521.332369348716,5516.934252080468,5521.496248,1171000
2023-02-28 12:20:00,5521.496248,5522.214057798105,5515.717979,5518.238893288686,450000
2023-02-28 12:25:00,5518.238893288686,5517.847919,5515.144226992668,5516.406176,946000
2023-02-28 12:30:00,5516.406176,5519.294501,5515.759380391712,5515.280020093554,1031000
2023-02-28 12:35:00,5515.280020093554,5512.136800746651,5508.474453597704,5510.491540325307,212000
2023-02-28 12:40:00,5510.491540325307,5513.4030003295065,5507.926888258385,5513.038387064313,769000
2023-02-28 12:45:00,5513.038387064313,5513.227610008069,5510.009136190481,5511.776280168926,1240000
2023-02-28 12:50:00,5511.776280168926,5513.541098389092,5509.820573652449,5512.567282844466,1218000
2023-02-28 12:55:00,5512.567282844466,5517.204793,5512.388729827554,5513.826801550627,358000
2023-02-28 13:00:00,5513.826801550627,5512.210650859029,5507.267223427914,5510.616511204456,1968000
2023-02-28 13:05:00,5510.616511204456,5511.252724150996,5509.808837143512,5512.354722691256,396000
2023-02-28 13:10:00,5512.354722691256,5515.052128224682,5510.185518256046,5512.5881287502425,1826000
2023-02-28 13:15:00,5512.5881287502425,5515.509812883647,5512.206477464944,5513.114395518891,639000
2023-02-28 13:20:00,5513.114395518891,5514.475080733472,5507.755668746634,5512.813006339467,647000
2023-02-28 13:25:00,5512.813006339467,5513.968310891984,5511.872664,5511.944843867063,1386000
2023-02-28 13:30:00,5511.944843867063,5517.392266171431,5511.931447250384,5514.124308623032,1994000
2023-02-28 13:35:00,5514.124308623032,5513.910960667375,5511.152122091668,5510.957857794748,700000
2023-02-28 13:40:00,5510.957857794748,5509.283051335685,5506.3879963896425,5507.904894865021,944000
2023-02-28 13:45:00,5507.904894865021,5514.353437,5509.626096221024,5512.34567,1496000
2023-02-28 13:50:00,5512.34567,5515.867118515092,5509.570836349815,5513.105934405992,1006000
2023-02-28 13:55:00,5513.105934405992,5515.447176737996,5509.472541604712,5512.556944598955,1474000
2023-02-28 14:00:00,5512.556944598955,5514.4220922799095,5508.880960034896,5512.116642976164,1883000
2023-02-28 14:05:00,5512.116642976164,5513.322986918409,5509.475419198993,5512.054587723852,368000
2023-02-28 14:10:00,5512.054587723852,5517.416302378854,5513.623987149178,5515.329680543495,697000
2023-02-28 14:15:00,5515.329680543495,5514.333875274094,5507.833282787855,5509.995999026769,501000
2023-02-28 14:20:00,5509.995999026769,5513.411860450548,5508.042242346897,5510.0932157143325,176000
2023-02-28 14:25:00,5510.0932157143325,5514.593524522337,5513.290076357844,5514.5990799644505,652000
2023-02-28 14:30:00,5514.5990799644505,5519.645481956714,5512.826328058869,5516.650771403184,824000
2023-02-28 14:35:00,5516.650771403184,5521.157972708141,5513.829353922405,5517.033495893892,1098000
2023-02-28 14:40:00,5517.033495893892,5519.529720432787,5516.889094216747,5518.046183,720000
2023-02-28 14:45:00,5518.046183,5520.939309003404,5515.670593555114,5519.508019505901,302000
2023-02-28 14:50:00,5519.508019505901,5521.330873340783,5517.836283403435,5518.500657,1779000
2023-02-28 14:55:00,5518.500657,5520.586807685996,5513.338738416162,5517.151488952735,1494000
2023-02-28 15:00:00,5517.151488952735,5521.589924868108,5518.369788849715,5519.745083057073,203000
2023-02-28 15:05:00,5519.745083057073,5519.006488068892,5514.81216,5518.19522,1757000
2023-02-28 15:10:00,5518.19522,5519.662037,5515.943664110188,5520.033452073391,1969000
2023-02-28 15:15:00,5520.033452073391,5519.698488368596,5516.174773990028,5518.077557118523,859000
2023-02-28 15:20:00,5518.077557118523,5526.211607167519,5521.244872177548,5524.400202181286,772000
2023-02-28 15:25:00,5524.400202181286,5524.681654036388,5523.440344968123,5523.154486893146,492000
2023-02-28 15:30:00,5523.154486893146,5530.466376078488,5523.264749,5528.643564290919,729000
2023-02-28 15:35:00,5528.643564290919,5531.039811894417,5525.205632531658,5528.133079181777,815000
2023-02-28 15:40:00,5528.133079181777,5529.507609217099,5527.085102802823,5528.404164256567,1926000
2023-02-28 15:45:00,5528.404164256567,5527.481442361804,5521.979973833296,5527.179479812764,530000
2023-02-28 15:50:00,5527.179479812764,5529.049315432693,5522.496957996627,5525.809000499928,641000
2023-02-28 15:55:00,5525.809000499928,5530.810986684487,5525.788269189379,5527.247717745048,1251000
2023-02-28 16:00:00,5527.247717745048,5528.602762686095,5524.239364233262,5526.118423334576,1610000
