timestamp,open,high,low,close,volume
2023-01-02 09:30:00,172.1739911,172.09644985349647,172.03346148982354,172.0582429918186,1095000
2023-01-02 09:35:00,172.0582429918186,172.15900432715426,171.9433677624099,172.06096918348393,1087000
2023-01-02 09:40:00,172.06096918348393,172.1305034240121,172.0239720331815,172.10178888884093,786000
2023-01-02 09:45:00,172.10178888884093,172.12368531303082,171.8896508863996,172.00448021038193,887000
2023-01-02 09:50:00,172.00448021038193,172.00877309945994,171.8602039826456,171.88868471557842,1559000
2023-01-02 09:55:00,171.88868471557842,171.94907233333333,171.82733839973847,171.89968655387375,1911000
2023-01-02 10:00:00,171.89968655387375,171.90720266666668,171.74574146666666,171.89024348735973,432000
2023-01-02 10:05:00,171.89024348735973,171.89513238625184,171.73903070272164,171.84540014213292,328000
2023-01-02 10:10:00,171.84540014213292,171.95182147969857,171.77713284696026,171.78884965912636,241000
2023-01-02 10:15:00,171.78884965912636,171.88092198341138,171.7730146688801,171.8320654019962,854000
2023-01-02 10:20:00,171.8320654019962,172.00409643333333,171.85958378695696,171.91553288957854,149000
2023-01-02 10:25:00,171.91553288957854,171.9934438014353,171.8987556527251,171.954515,1222000
2023-01-02 10:30:00,171.954515,172.0248816122083,171.9067160828923,172.01353931982118,1387000
2023-01-02 10:35:00,172.01353931982118,172.04820212787777,171.9045850408607,172.0488618953767,1805000
2023-01-02 10:40:00,172.0488618953767,172.13240409695663,171.97500887945773,172.09050338645858,1561000
2023-01-02 10:45:00,172.09050338645858,172.16360040301998,171.97373103968937,171.9989777,1511000
2023-01-02 10:50:00,171.9989777,172.0660009507089,171.9687858116963,171.99175341144908,441000
2023-01-02 10:55:00,171.99175341144908,172.0567676830593,171.85919082860448,172.00849766595405,1665000
2023-01-02 11:00:00,172.00849766595405,172.1411440195702,171.9112515333333,172.07961612243344,783000
2023-01-02 11:05:00,172.07961612243344,172.10997688903473,171.97357944230012,172.09155214386257,1298000
2023-01-02 11:10:00,172.09155214386257,172.23059642884908,172.06182261125056,172.14088765176422,138000
2023-01-02 11:15:00,172.14088765176422,172.17746931620457,172.0727713395153,172.0746466238424,317000
2023-01-02 11:20:00,172.0746466238424,172.18146903027258,171.98890592570143,172.09646655392345,1549000
2023-01-02 11:25:00,172.09646655392345,172.17176190680522,171.99846767889613,172.10237484530796,904000
2023-01-02 11:30:00,172.10237484530796,172.0438547038706,171.933514,172.05272377251848,1866000
2023-01-02 11:35:00,172.05272377251848,172.20315429443573,172.06781709999998,172.10752482930164,494000
2023-01-02 11:40:00,172.10752482930164,171.97846921091372,171.9067738097571,171.9526157964679,1177000
2023-01-02 11:45:00,171.9526157964679,172.22227646918174,172.07577517120586,172.08432501561123,1588000
2023-01-02 11:50:00,172.08432501561123,172.4006266594409,172.22541224862846,172.32761299530688,1215000
2023-01-02 11:55:00,172.32761299530688,172.38812972256383,172.23895266666665,172.29181788308355,943000
2023-01-02 12:00:00,172.29181788308355,172.3834131143718,172.2985480506169,172.3392346170943,1808000
2023-01-02 12:05:00,172.3392346170943,172.4393346338146,172.3730751,172.44297113937046,358000
2023-01-02 12:10:00,172.44297113937046,172.43826114105212,172.21803521237177,172.30197833333335,1928000
2023-01-02 12:15:00,172.30197833333335,172.5179738357492,172.29211387000947,172.39483097209524,979000
2023-01-02 12:20:00,172.39483097209524,172.61741693842762,172.3922022786047,172.50525105752837,392000
2023-01-02 12:25:00,172.50525105752837,172.40470792568476,172.26555028463935,172.34166486775382,286000
2023-01-02 12:30:00,172.34166486775382,172.3043552443714,172.12968834886135,172.26362099420106,1384000
2023-01-02 12:35:00,172.26362099420106,172.4023602399157,172.23450500292859,172.36585386666667,623000
2023-01-02 12:40:00,172.36585386666667,172.32372373684262,172.1766485463697,172.2861710037755,1019000
2023-01-02 12:45:00,172.2861710037755,172.31048925274496,172.17278803423218,172.24874663331363,1103000
2023-01-02 12:50:00,172.24874663331363,172.2978952214084,172.1273519844995,172.2473277241522,865000
2023-01-02 12:55:00,172.2473277241522,172.1696183757936,172.04700933872098,172.17055862835784,1242000
2023-01-02 13:00:00,172.17055862835784,172.1988631334945,172.00436828171354,172.15608639697425,1724000
2023-01-02 13:05:00,172.15608639697425,172.14135195911157,171.88302324326241,171.98746149794513,1116000
2023-01-02 13:10:00,171.98746149794513,172.23298381793,172.01019843888224,172.13131876685443,1467000
2023-01-02 13:15:00,172.13131876685443,172.2079280405466,172.11740215692896,172.1699041654165,860000
2023-01-02 13:20:00,172.1699041654165,172.2457771872532,172.0754757142867,172.1352558495629,1918000
2023-01-02 13:25:00,172.1352558495629,172.33421856055688,172.13330290860955,172.2492813294474,1312000
2023-01-02 13:30:00,172.2492813294474,172.48890033333333,172.2952538447351,172.40286016956563,695000
2023-01-02 13:35:00,172.40286016956563,172.36152429365026,172.29690565953155,172.38239660164123,770000
2023-01-02 13:40:00,172.38239660164123,172.2922514,172.10563710278174,172.2265413666505,293000
2023-01-02 13:45:00,172.2265413666505,172.33145379481397,172.1389727585532,172.20589028584283,1234000
2023-01-02 13:50:00,172.20589028584283,172.08048169907613,171.96515220026697,172.0521815315263,1738000
2023-01-02 13:55:00,172.0521815315263,172.10516014927214,171.99521535831977,172.0181315688978,1563000
2023-01-02 14:00:00,172.0181315688978,172.19381254835338,172.02078774132937,172.15388084861704,1238000
2023-01-02 14:05:00,172.15388084861704,172.2655522322092,172.16494531897874,172.23054991529747,595000
2023-01-02 14:10:00,172.23054991529747,172.15029061462064,172.0482163133876,172.13349174044484,201000
2023-01-02 14:15:00,172.13349174044484,172.0734289796319,171.92393578277543,172.00595134452848,1283000
2023-01-02 14:20:00,172.00595134452848,172.17675127041014,171.94364809339336,172.0558436202129,555000
2023-01-02 14:25:00,172.0558436202129,172.17256981914787,172.07584345311307,172.1086572315939,422000
2023-01-02 14:30:00,172.1086572315939,172.24863674204957,172.12989905297192,172.1855639,501000
2023-01-02 14:35:00,172.1855639,172.38038051026257,172.24686894526718,172.2883782494811,951000
2023-01-02 14:40:00,172.2883782494811,172.39729127318697,172.28771282017337,172.40500116278363,1205000
2023-01-02 14:45:00,172.40500116278363,172.44175149443942,172.2989091821229,172.39481897641363,1539000
2023-01-02 14:50:00,172.39481897641363,172.58579320338774,172.3981120262356,172.46492117214163,1906000
2023-01-02 14:55:00,172.46492117214163,172.52105813333336,172.36106098265057,172.44315104078538,1771000
2023-01-02 15:00:00,172.44315104078538,172.53613578369823,172.39368288796385,172.46830536753453,1156000
2023-01-02 15:05:00,172.46830536753453,172.5547678016889,172.40021500732544,172.45398287528783,1388000
2023-01-02 15:10:00,172.45398287528783,172.52127750149492,172.37928466666665,172.4740243714164,499000
2023-01-02 15:15:00,172.4740243714164,172.4033516742412,172.2618081944621,172.34705704681198,1200000
2023-01-02 15:20:00,172.34705704681198,172.5465511748255,172.32017033259444,172.4303760624583,1116000
2023-01-02 15:25:00,172.4303760624583,172.41734978439487,172.33756634365318,172.37519296491257,1497000
2023-01-02 15:30:00,172.37519296491257,172.30772773945725,172.2161571195801,172.25776424235548,1918000
2023-01-02 15:35:00,172.25776424235548,172.23278920910062,172.0511465359098,172.1304007805039,1289000
2023-01-02 15:40:00,172.1304007805039,172.06239383820838,171.98672400134183,172.0596345,1340000
2023-01-02 15:45:00,172.0596345,172.0029307025988,171.8816333000055,171.9543124987195,947000
2023-01-02 15:50:00,171.9543124987195,172.0564673448106,171.9548680920697,171.97332852174762,1967000
2023-01-02 15:55:00,171.97332852174762,171.91924166666666,171.85664283037445,171.89324881830044,1550000
2023-01-02 16:00:00,171.89324881830044,171.92576170305423,171.7938831333333,171.84984426887925,359000
2023-01-03 09:30:00,171.84984426887925,171.85210041964558,171.75663406372541,171.8014117149915,1835000
2023-01-03 09:35:00,171.8014117149915,171.68861556868308,171.56980386666666,171.65897888923027,176000
2023-01-03 09:40:00,171.65897888923027,171.71125723795953,171.5771039227819,171.6975819636789,633000
2023-01-03 09:45:00,171.6975819636789,171.7352877825259,171.60579718341825,171.66585155809122,1665000
2023-01-03 09:50:00,171.66585155809122,171.7544136743449,171.6528519184973,171.63487453774053,995000
2023-01-03 09:55:00,171.63487453774053,171.7644030438959,171.62390595467383,171.70899054603606,438000
2023-01-03 10:00:00,171.70899054603606,171.84503480235088,171.65628906689977,171.7394077563549,1610000
2023-01-03 10:05:00,171.7394077563549,171.79158483333333,171.65320767780227,171.68913035294236,1404000
2023-01-03 10:10:00,171.68913035294236,171.8713075972526,171.72808170000002,171.78079792842402,1136000
2023-01-03 10:15:00,171.78079792842402,171.79741527890403,171.67979503233022,171.75492193319786,624000
2023-01-03 10:20:00,171.75492193319786,171.82978170177142,171.650183,171.79558567438633,780000
2023-01-03 10:25:00,171.79558567438633,171.8466102878492,171.74469080401704,171.78284273750816,895000
2023-01-03 10:30:00,171.78284273750816,171.82014121934418,171.64152914738608,171.72808811697314,1858000
2023-01-03 10:35:00,171.72808811697314,171.92739094171682,171.80799057936656,171.82252505770137,151000
2023-01-03 10:40:00,171.82252505770137,171.91789617244388,171.7870663813673,171.8510433808471,787000
2023-01-03 10:45:00,171.8510433808471,172.07587175979108,171.8495937746564,171.9976242351627,581000
2023-01-03 10:50:00,171.9976242351627,172.01572143333334,171.92836643049642,172.00321018343053,1354000
2023-01-03 10:55:00,172.00321018343053,172.09066259354657,171.98458051928245,172.03289302557195,1375000
2023-01-03 11:00:00,172.03289302557195,171.9907416427726,171.84069100276182,171.89361212824022,1948000
2023-01-03 11:05:00,171.89361212824022,172.09599380423577,171.962309,172.00565052742775,932000
2023-01-03 11:10:00,172.00565052742775,172.12473891433856,171.9644542432324,172.08886125284022,836000
2023-01-03 11:15:00,172.08886125284022,172.13299176666666,171.99951333127407,172.04352943989178,1555000
2023-01-03 11:20:00,172.04352943989178,172.1912883035996,172.0534318511432,172.08267696399756,750000
2023-01-03 11:25:00,172.08267696399756,172.07203496028862,171.94366675894852,171.98600155272374,1133000
2023-01-03 11:30:00,171.98600155272374,172.08880889424415,171.84144913449347,171.98095701329055,505000
2023-01-03 11:35:00,171.98095701329055,171.97776002142842,171.79254865726278,171.8889978035134,1149000
2023-01-03 11:40:00,171.8889978035134,172.00121447278892,171.90970434753817,172.01279984184382,1295000
2023-01-03 11:45:00,172.01279984184382,172.14822466783625,172.03274862457994,172.11524429003768,339000
2023-01-03 11:50:00,172.11524429003768,172.1215726830862,171.91701965809037,172.07888428908115,647000
2023-01-03 11:55:00,172.07888428908115,172.03320879138832,171.81917562917462,171.94456344564668,1674000
2023-01-03 12:00:00,171.94456344564668,171.88979593631956,171.7960798069409,171.86103247752928,1922000
2023-01-03 12:05:00,171.86103247752928,171.94292875025093,171.80967451550035,171.8975940464008,1343000
2023-01-03 12:10:00,171.8975940464008,171.95713112726025,171.80415563272317,171.8933710083485,1873000
2023-01-03 12:15:00,171.8933710083485,171.9941827344116,171.76607410825576,171.8481944215061,1147000
2023-01-03 12:20:00,171.8481944215061,171.89941936666668,171.7281212050842,171.77113962138594,1003000
2023-01-03 12:25:00,171.77113962138594,172.02595550156838,171.9086585708134,171.9047222425864,664000
2023-01-03 12:30:00,171.9047222425864,171.9539101589079,171.8084916009475,171.86567329880106,1605000
2023-01-03 12:35:00,171.86567329880106,171.84780164650388,171.7340417843426,171.76234990918107,1205000
2023-01-03 12:40:00,171.76234990918107,171.9898950333333,171.83169370791484,171.93101863653294,1229000
2023-01-03 12:45:00,171.93101863653294,171.95046466691824,171.85064703333333,171.84023036051218,503000
2023-01-03 12:50:00,171.84023036051218,172.04127617614762,171.82697185426088,171.908934111031,1208000
2023-01-03 12:55:00,171.908934111031,171.97379960595714,171.8207397541014,171.85834909518422,1222000
2023-01-03 13:00:00,171.85834909518422,172.02557887780387,171.8853779934362,171.91089783301553,1668000
2023-01-03 13:05:00,171.91089783301553,172.11300069106628,171.94564624011292,171.95689150065635,1435000
2023-01-03 13:10:00,171.95689150065635,171.97497564925683,171.76724109170476,171.89073453305565,685000
2023-01-03 13:15:00,171.89073453305565,171.94708739058126,171.75055630743412,171.84091785278764,342000
2023-01-03 13:20:00,171.84091785278764,171.8396171618598,171.6717138011788,171.77845801086292,979000
2023-01-03 13:25:00,171.77845801086292,171.7625445744864,171.6552892600658,171.7545045373173,1731000
2023-01-03 13:30:00,171.7545045373173,172.00476924978514,171.8486923383161,171.91365816666666,766000
2023-01-03 13:35:00,171.91365816666666,171.92324301503098,171.83941733005278,171.9338779378594,1837000
2023-01-03 13:40:00,171.9338779378594,172.10212204683492,172.0329155063022,172.09653801450875,1834000
2023-01-03 13:45:00,172.09653801450875,172.22020436060114,172.08233063060337,172.20138552992785,1886000
2023-01-03 13:50:00,172.20138552992785,172.3262379,172.1569259329122,172.27902625821616,537000
2023-01-03 13:55:00,172.27902625821616,172.49296323310895,172.29547349884518,172.38743052589504,834000
2023-01-03 14:00:00,172.38743052589504,172.60697646723207,172.43149928727505,172.50123850031142,753000
2023-01-03 14:05:00,172.50123850031142,172.68376846996833,172.59594172606057,172.63575233333333,901000
2023-01-03 14:10:00,172.63575233333333,172.70020687745395,172.61696145996677,172.67008397217506,1402000
2023-01-03 14:15:00,172.67008397217506,172.74409686416922,172.59576425882935,172.72779260197686,1955000
2023-01-03 14:20:00,172.72779260197686,172.80183087441736,172.68003869314174,172.7847584562784,950000
2023-01-03 14:25:00,172.7847584562784,172.8361268011593,172.6795731461106,172.69554803333332,813000
2023-01-03 14:30:00,172.69554803333332,172.8741684465184,172.71819345948825,172.7759460028481,222000
2023-01-03 14:35:00,172.7759460028481,172.96386471637211,172.86164654203847,172.9359259168145,769000
2023-01-03 14:40:00,172.9359259168145,172.9195563515417,172.82775348412997,172.87108544516005,475000
2023-01-03 14:45:00,172.87108544516005,172.82670529186348,172.76838516666666,172.83458878892844,611000
2023-01-03 14:50:00,172.83458878892844,172.8095442546811,172.6652444,172.7576663,991000
2023-01-03 14:55:00,172.7576663,172.91558997034662,172.8004271385275,172.83664362192255,242000
2023-01-03 15:00:00,172.83664362192255,172.95967461026382,172.73577993372206,172.86442409522985,643000
2023-01-03 15:05:00,172.86442409522985,172.86588949443492,172.71544484255273,172.8086223854408,536000
2023-01-03 15:10:00,172.8086223854408,172.8196271414637,172.6353625836462,172.71557942350685,1003000
2023-01-03 15:15:00,172.71557942350685,172.66047558524886,172.53015766967016,172.64210540173568,1090000
2023-01-03 15:20:00,172.64210540173568,172.7083739,172.49718501791685,172.59380453333333,885000
2023-01-03 15:25:00,172.59380453333333,172.5177446421132,172.3742244307996,172.45698123963027,1498000
2023-01-03 15:30:00,172.45698123963027,172.58956343682217,172.4130059,172.54028430298794,163000
2023-01-03 15:35:00,172.54028430298794,172.57800953333333,172.49159007963735,172.5328847390104,1800000
2023-01-03 15:40:00,172.5328847390104,172.62605548727748,172.42698757823572,172.5697947121274,1830000
2023-01-03 15:45:00,172.5697947121274,172.45554969865947,172.2373091,172.41033348495105,1896000
2023-01-03 15:50:00,172.41033348495105,172.49488512193506,172.4370380196288,172.44533711641714,118000
2023-01-03 15:55:00,172.44533711641714,172.47194064526553,172.39238486666667,172.42926775993018,1167000
2023-01-03 16:00:00,172.42926775993018,172.61116286706448,172.4727279659009,172.53016872151588,462000
2023-01-04 09:30:00,172.53016872151588,172.7166379262826,172.55457379656556,172.6727755369005,1485000
2023-01-04 09:35:00,172.6727755369005,172.72409273333332,172.5216700428646,172.67962716463944,1539000
2023-01-04 09:40:00,172.67962716463944,172.86116194753228,172.7876339423374,172.81562363579226,353000
2023-01-04 09:45:00,172.81562363579226,172.77354629815315,172.5907444,172.66887702014415,120000
2023-01-04 09:50:00,172.66887702014415,172.77185546525052,172.5460756632328,172.67331075674284,1178000
2023-01-04 09:55:00,172.67331075674284,172.53756984266602,172.38029123689955,172.48784203333335,833000
2023-01-04 10:00:00,172.48784203333335,172.5713913,172.52297637963997,172.51052891299702,1355000
2023-01-04 10:05:00,172.51052891299702,172.57520883878394,172.48282189614218,172.59765911097887,810000
2023-01-04 10:10:00,172.59765911097887,172.5448797899809,172.38981425877924,172.43552809505294,1553000
2023-01-04 10:15:00,172.43552809505294,172.73932172585253,172.57337221695252,172.62488411416086,1744000
2023-01-04 10:20:00,172.62488411416086,172.72854215560332,172.5170263144975,172.5881506164893,959000
2023-01-04 10:25:00,172.5881506164893,172.46660462960017,172.35204679357108,172.41969813303143,851000
2023-01-04 10:30:00,172.41969813303143,172.6136225666667,172.37041940484914,172.44792571387163,1218000
2023-01-04 10:35:00,172.44792571387163,172.6687702181419,172.4711368029489,172.5824543700508,419000
2023-01-04 10:40:00,172.5824543700508,172.60009565249177,172.47656586666665,172.50800224291598,456000
2023-01-04 10:45:00,172.50800224291598,172.68864305966054,172.46918211251037,172.59290404159276,1841000
2023-01-04 10:50:00,172.59290404159276,172.5775017475603,172.4544855813382,172.55923921098523,397000
2023-01-04 10:55:00,172.55923921098523,172.50250979490946,172.36204703333334,172.50232382523504,1274000
2023-01-04 11:00:00,172.50232382523504,172.61794949380672,172.43198681950437,172.50747794145056,134000
2023-01-04 11:05:00,172.50747794145056,172.64051539616642,172.46837943333333,172.6241284558551,667000
2023-01-04 11:10:00,172.6241284558551,172.6043813144717,172.49562281597784,172.58663440828562,1918000
2023-01-04 11:15:00,172.58663440828562,172.5724131226192,172.4599146747123,172.54503019734668,622000
2023-01-04 11:20:00,172.54503019734668,172.62422439724043,172.42463400852773,172.5602235373329,1603000
2023-01-04 11:25:00,172.5602235373329,172.44172078673773,172.3276706517747,172.34906173333331,608000
2023-01-04 11:30:00,172.34906173333331,172.42016664053972,172.24948328690363,172.3273281333333,527000
2023-01-04 11:35:00,172.3273281333333,172.2387710564181,172.09306886827645,172.20285073448036,1680000
2023-01-04 11:40:00,172.20285073448036,172.1859605716349,172.0575205088934,172.1415638494865,1048000
2023-01-04 11:45:00,172.1415638494865,172.0778291920046,171.92977012775523,172.05351692816592,1097000
2023-01-04 11:50:00,172.05351692816592,172.19239102193717,172.00593560000002,172.09256573387475,521000
2023-01-04 11:55:00,172.09256573387475,172.1164364015902,171.9154154669437,172.0696654635553,1318000
2023-01-04 12:00:00,172.0696654635553,172.175001361227,172.05979556805374,172.1480512,1016000
2023-01-04 12:05:00,172.1480512,172.05394554630624,171.85533281287772,171.96198233333334,154000
2023-01-04 12:10:00,171.96198233333334,171.99698995561772,171.9426386164036,171.93592266670268,673000
2023-01-04 12:15:00,171.93592266670268,172.06528052495585,171.87035393333332,171.98219768418014,1273000
2023-01-04 12:20:00,171.98219768418014,172.10063346855122,171.9744543819283,171.97830766630224,622000
2023-01-04 12:25:00,171.97830766630224,172.27489989775464,172.11084945099415,172.20808651802793,1086000
2023-01-04 12:30:00,172.20808651802793,172.0931950794355,171.99445136751723,172.11161525720152,1763000
2023-01-04 12:35:00,172.11161525720152,172.04236935028615,171.8756624807226,171.94262119359246,1593000
2023-01-04 12:40:00,171.94262119359246,172.15511345538343,172.04711058501877,172.1194112439405,191000
2023-01-04 12:45:00,172.1194112439405,172.11334550071118,171.97634308208887,172.07512134565863,1191000
2023-01-04 12:50:00,172.07512134565863,172.19946919207413,171.98463035938872,172.10911463333332,340000
2023-01-04 12:55:00,172.10911463333332,172.15056406666665,171.93356094273818,172.05278671764628,540000
2023-01-04 13:00:00,172.05278671764628,171.96712493294308,171.85885914189402,171.98096071289072,1050000
2023-01-04 13:05:00,171.98096071289072,171.97565723218898,171.79918545204583,171.79317630765638,1312000
2023-01-04 13:10:00,171.79317630765638,172.03688918874525,171.97161924983584,172.05745262866077,167000
2023-01-04 13:15:00,172.05745262866077,172.03187809909056,171.82568742720707,171.93256264458108,546000
2023-01-04 13:20:00,171.93256264458108,171.99348309334377,171.82646309191557,171.89067787482608,137000
2023-01-04 13:25:00,171.89067787482608,171.99443260380502,171.79587506033707,171.87987484065764,696000
2023-01-04 13:30:00,171.87987484065764,172.09183306666668,171.93595780682148,171.93490365220202,709000
2023-01-04 13:35:00,171.93490365220202,172.16111042967705,172.03756063410023,172.06325869823993,1418000
2023-01-04 13:40:00,172.06325869823993,172.10382805306648,171.9387602279977,172.07183753560224,1955000
2023-01-04 13:45:00,172.07183753560224,171.94030961037478,171.77992864818347,171.8636694456524,576000
2023-01-04 13:50:00,171.8636694456524,171.84946216666668,171.71873101124967,171.74361414219717,229000
2023-01-04 13:55:00,171.74361414219717,171.70038095021212,171.54840783333333,171.69810739293376,1657000
2023-01-04 14:00:00,171.69810739293376,171.78915593333335,171.64769631382748,171.74193612659832,1808000
2023-01-04 14:05:00,171.74193612659832,171.7739514666667,171.66504951034094,171.67578086210693,702000
2023-01-04 14:10:00,171.67578086210693,171.87702270347694,171.78440961565386,171.85284705689907,641000
2023-01-04 14:15:00,171.85284705689907,171.89127048298573,171.8380309775319,171.85138216666667,1461000
2023-01-04 14:20:00,171.85138216666667,171.96603429670012,171.903429847641,171.98521838083397,958000
2023-01-04 14:25:00,171.98521838083397,172.2396853444943,172.08799122810015,172.10194058310688,795000
2023-01-04 14:30:00,172.10194058310688,172.09945603409918,172.03491747903936,172.0852069172933,1867000
2023-01-04 14:35:00,172.0852069172933,171.94941200959838,171.88192763333333,171.92989950201704,1804000
2023-01-04 14:40:00,171.92989950201704,171.97808863333333,171.91486010683937,171.94937573357473,1140000
2023-01-04 14:45:00,171.94937573357473,172.10042132739488,171.9942671,172.0809135654175,110000
2023-01-04 14:50:00,172.0809135654175,172.0868962096798,171.9529118670563,171.9583125364228,1364000
2023-01-04 14:55:00,171.9583125364228,172.07127448573047,171.8522457216909,171.95703661219233,658000
2023-01-04 15:00:00,171.95703661219233,172.13807213202185,172.00974665679257,172.07659405162772,682000
2023-01-04 15:05:00,172.07659405162772,172.2156605,172.1574981,172.21070649344546,1496000
2023-01-04 15:10:00,172.21070649344546,172.2286127061431,172.09106024359306,172.13415406666667,1474000
2023-01-04 15:15:00,172.13415406666667,172.26202848963354,172.11048800873687,172.19656967014487,161000
2023-01-04 15:20:00,172.19656967014487,172.10127499036113,172.01774503015028,172.07818549973854,781000
2023-01-04 15:25:00,172.07818549973854,172.00755185158005,171.9221814585953,171.95962574943414,1386000
2023-01-04 15:30:00,171.95962574943414,172.14363300328395,172.0297541719623,172.08672786104847,482000
2023-01-04 15:35:00,172.08672786104847,172.03801701147273,171.80821056345943,171.89196606128291,566000
2023-01-04 15:40:00,171.89196606128291,171.94761073435882,171.80231224077946,171.97625798902888,721000
2023-01-04 15:45:00,171.97625798902888,171.92418753333334,171.7821921564295,171.89644133333334,216000
2023-01-04 15:50:00,171.89644133333334,172.0600612213035,171.8718119528156,171.8972588362507,793000
2023-01-04 15:55:00,171.8972588362507,171.98045872552473,171.86680020129506,171.88187085055307,791000
2023-01-04 16:00:00,171.88187085055307,172.05134345260157,171.92230138988754,171.97187449774648,1423000
2023-01-05 09:30:00,171.97187449774648,172.0856684883253,171.9489211869094,172.00910763333334,794000
2023-01-05 09:35:00,172.00910763333334,172.21853167545115,171.97801036666667,172.07754561038482,1553000
2023-01-05 09:40:00,172.07754561038482,172.19400903143392,172.06390879999998,172.05375927538822,1099000
2023-01-05 09:45:00,172.05375927538822,172.10316547521936,172.01914360153006,172.10114817404713,1048000
2023-01-05 09:50:00,172.10114817404713,172.2094701198096,172.03977695245888,172.07890223775806,1804000
2023-01-05 09:55:00,172.07890223775806,172.1710345464761,172.08562833333332,172.13128666666668,582000
2023-01-05 10:00:00,172.13128666666668,172.23048972973044,172.02036638800325,172.08891608137665,1865000
2023-01-05 10:05:00,172.08891608137665,172.06992433333335,172.02422228467012,172.05697073333334,1499000
2023-01-05 10:10:00,172.05697073333334,172.16616708210557,172.05254237527987,172.13174323760913,327000
2023-01-05 10:15:00,172.13174323760913,172.13460225365841,171.95692430722244,172.06741718480185,697000
2023-01-05 10:20:00,172.06741718480185,172.1116419149149,171.93720281578828,171.97097796666668,864000
2023-01-05 10:25:00,171.97097796666668,172.16126694310904,171.91723303974763,172.0207039740613,801000
2023-01-05 10:30:00,172.0207039740613,172.07054445446812,171.91918363255516,172.05950814766885,673000
2023-01-05 10:35:00,172.05950814766885,171.90279792640695,171.77869000795823,171.82323058686472,1515000
2023-01-05 10:40:00,171.82323058686472,171.84054843651796,171.77014941890644,171.79104084269568,1469000
2023-01-05 10:45:00,171.79104084269568,171.88675384846925,171.74213723333332,171.81349106666667,1789000
2023-01-05 10:50:00,171.81349106666667,171.88630021344983,171.71719257975082,171.7951376363544,1521000
2023-01-05 10:55:00,171.7951376363544,171.92586496666667,171.7806394691993,171.73665106666667,1084000
2023-01-05 11:00:00,171.73665106666667,171.9525857435938,171.72896945315293,171.86045402963276,1335000
2023-01-05 11:05:00,171.86045402963276,171.98545955782322,171.77630164263962,171.8307155026393,392000
2023-01-05 11:10:00,171.8307155026393,171.97022020876287,171.795236923818,171.8381451973652,1512000
2023-01-05 11:15:00,171.8381451973652,171.7292003309425,171.54018152227525,171.62596697917544,1826000
2023-01-05 11:20:00,171.62596697917544,171.68501174962245,171.56654672925742,171.63141402065185,1133000
2023-01-05 11:25:00,171.63141402065185,171.6049254897876,171.5267661878178,171.5292452105637,828000
2023-01-05 11:30:00,171.5292452105637,171.6006401066362,171.55598183333333,171.55367593333332,918000
2023-01-05 11:35:00,171.55367593333332,171.70349323333332,171.56029816955376,171.70853790824577,803000
2023-01-05 11:40:00,171.70853790824577,171.6517320868783,171.5624011849229,171.55510632070056,1842000
2023-01-05 11:45:00,171.55510632070056,171.6833146311122,171.56491569574425,171.60522915534082,585000
2023-01-05 11:50:00,171.60522915534082,171.67927311829627,171.59810136547426,171.6076321087688,1556000
2023-01-05 11:55:00,171.6076321087688,171.65614996666667,171.4801182211536,171.64409854375248,1259000
2023-01-05 12:00:00,171.64409854375248,171.56933784952972,171.4519833519294,171.52328063333334,1532000
2023-01-05 12:05:00,171.52328063333334,171.46840069745974,171.3497554917934,171.4444952852028,1487000
2023-01-05 12:10:00,171.4444952852028,171.45741660000002,171.3310348,171.44334346764427,1085000
2023-01-05 12:15:00,171.44334346764427,171.39934991932495,171.23173783881728,171.38631256666667,1416000
2023-01-05 12:20:00,171.38631256666667,171.24355267253273,171.11627158651376,171.20794785330912,364000
2023-01-05 12:25:00,171.20794785330912,171.16357162395562,171.0263021,171.15711418521062,1021000
2023-01-05 12:30:00,171.15711418521062,171.08235133179838,171.0049859416696,171.0266280486525,1661000
2023-01-05 12:35:00,171.0266280486525,171.23761268607058,171.06001209494542,171.07042178782982,948000
2023-01-05 12:40:00,171.07042178782982,171.0341119817505,170.9268993927772,170.9464301501425,932000
2023-01-05 12:45:00,170.9464301501425,171.190129,171.08179177756165,171.10364270684127,684000
2023-01-05 12:50:00,171.10364270684127,171.39421985569138,171.18107457709172,171.25568821433484,1543000
2023-01-05 12:55:00,171.25568821433484,171.31247457420122,171.1178384076611,171.23149524778307,1158000
2023-01-05 13:00:00,171.23149524778307,171.29549483820423,171.1271161883552,171.16361896686718,697000
2023-01-05 13:05:00,171.16361896686718,171.29247255327803,171.2255101079458,171.29119227678174,1126000
2023-01-05 13:10:00,171.29119227678174,171.47180482186087,171.27581089849556,171.31731613333335,1965000
2023-01-05 13:15:00,171.31731613333335,171.35307933171637,171.21707853365095,171.3072967436986,1243000
2023-01-05 13:20:00,171.3072967436986,171.39876108552775,171.16341432322486,171.3210513736681,141000
2023-01-05 13:25:00,171.3210513736681,171.2997303654707,171.19631113333335,171.27411598603808,450000
2023-01-05 13:30:00,171.27411598603808,171.2803005795171,171.13248473624841,171.2033463354291,481000
2023-01-05 13:35:00,171.2033463354291,171.2939341751845,171.1823642765491,171.23448181363884,1818000
2023-01-05 13:40:00,171.23448181363884,171.34210419930722,171.23652303704048,171.29590682836204,1684000
2023-01-05 13:45:00,171.29590682836204,171.32058480885786,171.18037085510068,171.2024511273711,1428000
2023-01-05 13:50:00,171.2024511273711,171.31006259916796,171.09365300636105,171.2158265813672,1724000
2023-01-05 13:55:00,171.2158265813672,171.26058987707523,171.14675911340325,171.21602101855268,1037000
2023-01-05 14:00:00,171.21602101855268,171.47697402069605,171.37717776666665,171.4139251583664,1584000
2023-01-05 14:05:00,171.4139251583664,171.45574317760682,171.3288154387962,171.36211823662785,1039000
2023-01-05 14:10:00,171.36211823662785,171.5358574951086,171.3770063892568,171.44535883685057,106000
2023-01-05 14:15:00,171.44535883685057,171.56204943474566,171.37799988372777,171.47508335228525,843000
2023-01-05 14:20:00,171.47508335228525,171.60095772044812,171.390312106508,171.4486873665229,460000
2023-01-05 14:25:00,171.4486873665229,171.55139757718672,171.38519672280856,171.5069579501376,1952000
2023-01-05 14:30:00,171.5069579501376,171.58791573333335,171.41247005278703,171.54487166666667,1020000
2023-01-05 14:35:00,171.54487166666667,171.8383867258876,171.68060345914452,171.70810160483205,738000
2023-01-05 14:40:00,171.70810160483205,171.85337416244107,171.6935914899931,171.76241871201236,1934000
2023-01-05 14:45:00,171.76241871201236,171.6537111990919,171.41147289531256,171.48547767445504,326000
2023-01-05 14:50:00,171.48547767445504,171.8330242450117,171.6234734036857,171.68893866508202,325000
2023-01-05 14:55:00,171.68893866508202,171.77362519426384,171.54793019706707,171.67514672175514,1273000
2023-01-05 15:00:00,171.67514672175514,171.7670594976641,171.58492083333334,171.6592641178536,416000
2023-01-05 15:05:00,171.6592641178536,171.65019333333333,171.54247876666668,171.60961115512063,495000
2023-01-05 15:10:00,171.60961115512063,171.62882919999998,171.5021353226788,171.58281323333333,1726000
2023-01-05 15:15:00,171.58281323333333,171.6127172333333,171.43024043143595,171.52691963333334,970000
2023-01-05 15:20:00,171.52691963333334,171.4623714591944,171.2323462555433,171.36179558900852,226000
2023-01-05 15:25:00,171.36179558900852,171.39397536991814,171.2111940440422,171.29257149165642,1793000
2023-01-05 15:30:00,171.29257149165642,171.3502200353814,171.2369345772614,171.30694662812414,479000
2023-01-05 15:35:00,171.30694662812414,171.24480600349216,171.10826871390518,171.19774711698588,618000
2023-01-05 15:40:00,171.19774711698588,171.30340062656512,171.1487021939071,171.2364540089437,1446000
2023-01-05 15:45:00,171.2364540089437,171.5323796886699,171.4100336333333,171.42356899076222,440000
2023-01-05 15:50:00,171.42356899076222,171.5268852684313,171.3944153932216,171.41115806552526,725000
2023-01-05 15:55:00,171.41115806552526,171.41486182525668,171.2533848041555,171.3440313210098,1942000
2023-01-05 16:00:00,171.3440313210098,171.50763835147163,171.33948636666668,171.3555096486101,422000
2023-01-06 09:30:00,171.3555096486101,171.54794637642354,171.3757232602747,171.47773077910898,1253000
2023-01-06 09:35:00,171.47773077910898,171.60328101093458,171.50475073333334,171.55908537360457,1114000
2023-01-06 09:40:00,171.55908537360457,171.66688704445752,171.48267606666667,171.62630053507036,1123000
2023-01-06 09:45:00,171.62630053507036,171.7510641018635,171.61666661195025,171.6385668158223,772000
2023-01-06 09:50:00,171.6385668158223,171.83202663476848,171.64310181138137,171.7470656926739,1135000
2023-01-06 09:55:00,171.7470656926739,171.84971360089855,171.74114168323916,171.7719652817699,1259000
2023-01-06 10:00:00,171.7719652817699,171.80926238747776,171.70272536021335,171.80077243413857,977000
2023-01-06 10:05:00,171.80077243413857,171.7556397934297,171.68711968353853,171.77769655496894,693000
2023-01-06 10:10:00,171.77769655496894,171.83657374511546,171.72191076197618,171.81983638731515,871000
2023-01-06 10:15:00,171.81983638731515,171.85430222452393,171.71535788574158,171.79378825792693,1977000
2023-01-06 10:20:00,171.79378825792693,172.0452334,171.9706655828826,171.94050935621536,1230000
2023-01-06 10:25:00,171.94050935621536,172.0728762147579,171.82426921452222,172.00355072065992,700000
2023-01-06 10:30:00,172.00355072065992,172.12606813333332,171.92539483333334,172.00630501632625,1455000
2023-01-06 10:35:00,172.00630501632625,172.01031519968151,171.85802948762753,171.90164915954426,588000
2023-01-06 10:40:00,171.90164915954426,171.90943843333335,171.81770481031813,171.89370385563663,1453000
2023-01-06 10:45:00,171.89370385563663,171.9208396305905,171.79067458977676,171.8322684847018,1744000
2023-01-06 10:50:00,171.8322684847018,171.74083337177444,171.6987327808593,171.7472131163998,1244000
2023-01-06 10:55:00,171.7472131163998,171.81013490307444,171.60075602303743,171.7324450095023,1343000
2023-01-06 11:00:00,171.7324450095023,171.75865799383092,171.60594415536247,171.71084166666665,691000
2023-01-06 11:05:00,171.71084166666665,171.76914135881694,171.56685868082477,171.66567700660227,1721000
2023-01-06 11:10:00,171.66567700660227,171.91097880699473,171.68234119336185,171.79096689320977,379000
2023-01-06 11:15:00,171.79096689320977,171.73595502072283,171.59397895728887,171.72019467865672,1558000
2023-01-06 11:20:00,171.72019467865672,171.79676008632185,171.73533651661043,171.76567101980098,1998000
2023-01-06 11:25:00,171.76567101980098,171.7500289494812,171.61463791943984,171.69636995105157,818000
2023-01-06 11:30:00,171.69636995105157,171.85303246666666,171.7814129894949,171.81190846397874,1711000
2023-01-06 11:35:00,171.81190846397874,171.90820500312307,171.82900630312844,171.9047912832075,1167000
2023-01-06 11:40:00,171.9047912832075,172.0667686614625,171.85939078272486,172.0251433425587,1981000
2023-01-06 11:45:00,172.0251433425587,172.0964817953792,171.85516342339048,171.9770476037386,313000
2023-01-06 11:50:00,171.9770476037386,172.1907101333333,172.05947530299076,172.1235225346406,615000
2023-01-06 11:55:00,172.1235225346406,172.0709307916198,171.8439836429978,171.9134988,1149000
2023-01-06 12:00:00,171.9134988,172.04827107221018,171.94680716666664,171.96088528358715,1611000
2023-01-06 12:05:00,171.96088528358715,172.12887634489925,171.9266654506934,171.9881446436274,994000
2023-01-06 12:10:00,171.9881446436274,172.0962158485273,171.9717578,172.07151572719206,481000
2023-01-06 12:15:00,172.07151572719206,172.16825824036894,172.04207735786665,172.10033870551086,1167000
2023-01-06 12:20:00,172.10033870551086,172.09837129617796,171.93554156666667,171.97679622210487,1474000
2023-01-06 12:25:00,171.97679622210487,171.99695222714914,171.80691957271497,171.89504860023544,1811000
2023-01-06 12:30:00,171.89504860023544,171.94300739803947,171.8284466806264,171.85970369205677,1634000
2023-01-06 12:35:00,171.85970369205677,171.95407428214475,171.8702861998108,171.902095506133,1806000
2023-01-06 12:40:00,171.902095506133,171.99088928340944,171.82575676843803,171.9253780358343,1070000
2023-01-06 12:45:00,171.9253780358343,172.1461854600578,171.9914700517307,172.05162164749152,1297000
2023-01-06 12:50:00,172.05162164749152,172.12063077680415,171.91734928280763,172.0023435619889,724000
2023-01-06 12:55:00,172.0023435619889,172.17825273958536,171.96278333682736,172.036504,862000
2023-01-06 13:00:00,172.036504,172.21202371540983,172.04418557637797,172.11489883333334,1097000
2023-01-06 13:05:00,172.11489883333334,172.161709,172.06699654575425,172.09122636829852,1511000
2023-01-06 13:10:00,172.09122636829852,172.15351757353162,172.03418594414597,172.14475718859464,1396000
2023-01-06 13:15:00,172.14475718859464,172.11324092384504,171.9465715656477,171.96467936560126,813000
2023-01-06 13:20:00,171.96467936560126,172.1039902435632,171.96895744779906,172.06354143849404,1791000
2023-01-06 13:25:00,172.06354143849404,172.08679058348713,172.03862575723304,172.03168702392585,1041000
2023-01-06 13:30:00,172.03168702392585,172.2398072,172.14417296129446,172.18871227853694,808000
2023-01-06 13:35:00,172.18871227853694,172.12312944940712,172.02130698396704,172.06067601638708,694000
2023-01-06 13:40:00,172.06067601638708,172.13108512204678,171.92559002793385,172.0464768827297,128000
2023-01-06 13:45:00,172.0464768827297,172.18036391666712,172.00450633333332,172.10794916438743,766000
2023-01-06 13:50:00,172.10794916438743,172.2253708666529,172.10862485222557,172.19520147677395,654000
2023-01-06 13:55:00,172.19520147677395,172.1131738,171.9421441005734,172.05872914125214,1600000
2023-01-06 14:00:00,172.05872914125214,172.1424308642313,172.06259953383278,172.14812364717505,713000
2023-01-06 14:05:00,172.14812364717505,172.04391382633577,171.9125299010767,172.03830102481518,1116000
2023-01-06 14:10:00,172.03830102481518,172.16427563333335,172.06256137121807,172.07518611745888,187000
2023-01-06 14:15:00,172.07518611745888,172.13763984063507,171.92380307650956,172.0063494,1633000
2023-01-06 14:20:00,172.0063494,172.15553843081938,171.98284126931875,172.10033822907252,1304000
2023-01-06 14:25:00,172.10033822907252,172.16859679726014,172.01981864112386,172.15146536882804,1414000
2023-01-06 14:30:00,172.15146536882804,172.25483103333332,172.13291572765516,172.1122488192547,1712000
2023-01-06 14:35:00,172.1122488192547,172.2812548626256,172.0858253570868,172.17787283354525,1541000
2023-01-06 14:40:00,172.17787283354525,172.27792286278014,172.04339599846293,172.14298409629103,902000
2023-01-06 14:45:00,172.14298409629103,172.2420325687729,172.04362915270082,172.21292551783907,381000
2023-01-06 14:50:00,172.21292551783907,172.29928192421946,172.17579813333333,172.20158005384485,1700000
2023-01-06 14:55:00,172.20158005384485,172.26086590498343,172.1581161992032,172.22645985834353,374000
2023-01-06 15:00:00,172.22645985834353,172.40050313338256,172.2937756724833,172.3783644635168,337000
2023-01-06 15:05:00,172.3783644635168,172.32090562300212,172.2467710416626,172.2595049320039,797000
2023-01-06 15:10:00,172.2595049320039,172.43213962326826,172.23674310468851,172.37746578326062,1997000
2023-01-06 15:15:00,172.37746578326062,172.5364247637343,172.32734552801455,172.4611936436324,980000
2023-01-06 15:20:00,172.4611936436324,172.5811635153063,172.4388471966005,172.5061898198691,1915000
2023-01-06 15:25:00,172.5061898198691,172.65499827788238,172.4060074023728,172.51220001721532,1642000
2023-01-06 15:30:00,172.51220001721532,172.6215997002356,172.52906233333334,172.57475112239882,1558000
2023-01-06 15:35:00,172.57475112239882,172.65180770863918,172.51188775038295,172.61605232949387,1642000
2023-01-06 15:40:00,172.61605232949387,172.59075680663665,172.41807872309056,172.5187208686204,1607000
2023-01-06 15:45:00,172.5187208686204,172.57939522280378,172.46535942243025,172.51659636666668,1669000
2023-01-06 15:50:00,172.51659636666668,172.84486629808788,172.6668390430915,172.8227878655023,526000
2023-01-06 15:55:00,172.8227878655023,173.0264382483993,172.87454673333335,172.92340091695561,1981000
2023-01-06 16:00:00,172.92340091695561,172.96572681117655,172.75369494010508,172.84923408487458,210000
2023-01-09 09:30:00,172.84923408487458,172.81893807109796,172.59066110160282,172.7220693385848,1414000
2023-01-09 09:35:00,172.7220693385848,172.8048550771887,172.68141037595296,172.74561415094337,645000
2023-01-09 09:40:00,172.74561415094337,172.9288095957776,172.68695328895708,172.7963465363182,1901000
2023-01-09 09:45:00,172.7963465363182,172.92645574351147,172.77827475349872,172.82858166666668,581000
2023-01-09 09:50:00,172.82858166666668,173.09810350381582,172.8687987993854,172.99266440577227,1858000
2023-01-09 09:55:00,172.99266440577227,173.03064413713565,172.8111941151195,172.88720092139212,1730000
2023-01-09 10:00:00,172.88720092139212,173.05758650071306,172.86243244806676,172.88471486899866,790000
2023-01-09 10:05:00,172.88471486899866,173.04654500610226,172.8616517483559,172.8956124079083,1024000
2023-01-09 10:10:00,172.8956124079083,173.09102186666667,172.85320756478333,172.98599535075155,434000
2023-01-09 10:15:00,172.98599535075155,173.136041,172.95908230461293,173.07427530423962,1264000
2023-01-09 10:20:00,173.07427530423962,173.21445863333332,173.1192076179095,173.12814925155814,338000
2023-01-09 10:25:00,173.12814925155814,173.21511528495162,173.06674717772225,173.12287793333334,1029000
2023-01-09 10:30:00,173.12287793333334,173.3711258795471,173.1195356078989,173.18192466666667,1890000
2023-01-09 10:35:00,173.18192466666667,173.39245139889184,173.14669961937219,173.25051681551577,1733000
2023-01-09 10:40:00,173.25051681551577,173.49539904619604,173.26425372412683,173.36237606716318,1707000
2023-01-09 10:45:00,173.36237606716318,173.5545989496142,173.43036221406905,173.55015991196603,1411000
2023-01-09 10:50:00,173.55015991196603,173.6179981666667,173.42806406666665,173.5020637407082,1147000
2023-01-09 10:55:00,173.5020637407082,173.5192679293703,173.39244019523403,173.49189519870527,266000
2023-01-09 11:00:00,173.49189519870527,173.59539886898548,173.46006989864787,173.52017563610804,117000
2023-01-09 11:05:00,173.52017563610804,173.6675657764924,173.48023258255319,173.57838793355015,1026000
2023-01-09 11:10:00,173.57838793355015,173.47723331493958,173.34965355639105,173.4314974630931,1043000
2023-01-09 11:15:00,173.4314974630931,173.48849677733293,173.3507422254544,173.40009980000002,1454000
2023-01-09 11:20:00,173.40009980000002,173.55254075606007,173.4109001903072,173.46709911137444,234000
2023-01-09 11:25:00,173.46709911137444,173.34389295060038,173.1574901238699,173.2254828649487,1131000
2023-01-09 11:30:00,173.2254828649487,173.25058360678287,173.12972583333334,173.19634993333332,1454000
2023-01-09 11:35:00,173.19634993333332,173.23862985758012,173.03314883242385,173.11146394461676,373000
2023-01-09 11:40:00,173.11146394461676,173.2288612429864,173.11494932455528,173.13612212214585,208000
2023-01-09 11:45:00,173.13612212214585,173.12688084863248,173.0802501998967,173.12905085281812,1912000
2023-01-09 11:50:00,173.12905085281812,173.14576833927998,173.04616037612917,173.07957978945797,528000
2023-01-09 11:55:00,173.07957978945797,173.09439001503688,172.92446050799393,172.95401330849214,505000
2023-01-09 12:00:00,172.95401330849214,173.1649557858621,173.0147087464007,173.14678006224122,1443000
2023-01-09 12:05:00,173.14678006224122,173.15643956666665,172.95859125264639,173.0730117233473,1764000
2023-01-09 12:10:00,173.0730117233473,173.0396832915404,172.81590805834557,172.9007629277779,702000
2023-01-09 12:15:00,172.9007629277779,173.13863020792763,172.9180892252888,173.00408449247476,329000
2023-01-09 12:20:00,173.00408449247476,173.04875786985852,172.88983135113807,172.9153317142573,1580000
2023-01-09 12:25:00,172.9153317142573,172.90675336061287,172.79867297924153,172.8693959662066,1439000
2023-01-09 12:30:00,172.8693959662066,173.05001808372737,172.80387739319428,172.92034699319981,554000
2023-01-09 12:35:00,172.92034699319981,172.95723684432713,172.8289000671665,172.88308097832925,1849000
2023-01-09 12:40:00,172.88308097832925,172.97350596244817,172.8825448874473,172.84182751168777,1262000
2023-01-09 12:45:00,172.84182751168777,172.90357261102085,172.8026331,172.83863773403442,1841000
2023-01-09 12:50:00,172.83863773403442,172.89059246561712,172.78176102132335,172.78917823337926,1317000
2023-01-09 12:55:00,172.78917823337926,172.81874664211642,172.7242653770472,172.76053110949258,905000
2023-01-09 13:00:00,172.76053110949258,172.6788549475551,172.5767852744395,172.63062804116575,1541000
2023-01-09 13:05:00,172.63062804116575,172.97507197112185,172.82814596666668,172.92438401451446,1536000
2023-01-09 13:10:00,172.92438401451446,172.91319742672837,172.76634445748033,172.8079542925872,1538000
2023-01-09 13:15:00,172.8079542925872,172.88327386202806,172.66622085745692,172.72164060191884,1642000
2023-01-09 13:20:00,172.72164060191884,172.86341220326406,172.72627116263013,172.90378948063008,1288000
2023-01-09 13:25:00,172.90378948063008,172.95216899213682,172.77009962865375,172.80188295137074,1341000
2023-01-09 13:30:00,172.80188295137074,172.98560849917268,172.8504583337855,172.93732332763187,1142000
2023-01-09 13:35:00,172.93732332763187,172.91688166540905,172.78247463120604,172.8477718323578,1216000
2023-01-09 13:40:00,172.8477718323578,172.86588293538605,172.68955736666666,172.8000922732019,1242000
2023-01-09 13:45:00,172.8000922732019,172.90670077703103,172.75527174391627,172.81039616065453,1752000
2023-01-09 13:50:00,172.81039616065453,172.9547319840836,172.78189060591336,172.86881408833776,1439000
2023-01-09 13:55:00,172.86881408833776,172.9408828358761,172.7484442027465,172.84523298335992,1720000
2023-01-09 14:00:00,172.84523298335992,172.99198525977837,172.89748108922237,172.9877787967635,966000
2023-01-09 14:05:00,172.9877787967635,173.08217493333333,172.89322885515404,172.96299813333331,776000
2023-01-09 14:10:00,172.96299813333331,173.0031919748308,172.85042061273356,172.95584629231755,442000
2023-01-09 14:15:00,172.95584629231755,172.89503348536593,172.74442291723796,172.8724045959511,334000
2023-01-09 14:20:00,172.8724045959511,173.10602199615997,172.9493794,173.07411573577428,1356000
2023-01-09 14:25:00,173.07411573577428,173.14789541007318,173.00216718117892,173.01384020673356,335000
2023-01-09 14:30:00,173.01384020673356,173.06924033149323,172.99661952888712,173.0364259629069,591000
2023-01-09 14:35:00,173.0364259629069,173.26021313149099,173.10309125451124,173.14195740289546,705000
2023-01-09 14:40:00,173.14195740289546,173.29442374249012,173.10125047797177,173.1849963052446,1425000
2023-01-09 14:45:00,173.1849963052446,173.38750596963072,173.21957241486905,173.30747767895315,961000
2023-01-09 14:50:00,173.30747767895315,173.31016861791687,173.20938022858408,173.27709912665387,332000
2023-01-09 14:55:00,173.27709912665387,173.34200179492282,173.13237045823786,173.16881339518883,1270000
2023-01-09 15:00:00,173.16881339518883,173.3774046496136,173.3024913487539,173.25839672153808,1873000
2023-01-09 15:05:00,173.25839672153808,173.2639924,173.11723051594606,173.17306960167605,638000
2023-01-09 15:10:00,173.17306960167605,173.20539693092707,173.0625516,173.1194866114285,808000
2023-01-09 15:15:00,173.1194866114285,173.10937819999998,173.0311942024001,173.07382821969688,1456000
2023-01-09 15:20:00,173.07382821969688,173.2277042602786,173.04459464596937,173.13908942008467,1887000
2023-01-09 15:25:00,173.13908942008467,173.14538713034707,173.0481911389298,173.0921444,1310000
2023-01-09 15:30:00,173.0921444,172.97733619873986,172.88333757202906,173.02170615892126,1175000
2023-01-09 15:35:00,173.02170615892126,173.20397114406506,173.07103501819583,173.1640176144589,1913000
2023-01-09 15:40:00,173.1640176144589,173.22909368363386,173.1594802666667,173.2151691791921,1962000
2023-01-09 15:45:00,173.2151691791921,173.20066852547464,173.09356042034509,173.14752769051594,630000
2023-01-09 15:50:00,173.14752769051594,173.24077385309445,173.11728983055642,173.21448135791576,639000
2023-01-09 15:55:00,173.21448135791576,173.27010199102494,173.13525140009807,173.2404673147472,880000
2023-01-09 16:00:00,173.2404673147472,173.30738760884347,173.16200185537824,173.22479749304517,1850000
2023-01-10 09:30:00,173.22479749304517,173.3239186590643,173.2382631045562,173.23306114645354,344000
2023-01-10 09:35:00,173.23306114645354,173.36048236806724,173.24034529512738,173.3004355796559,1077000
2023-01-10 09:40:00,173.3004355796559,173.42233323728198,173.28342665457984,173.39843166666665,1516000
2023-01-10 09:45:00,173.39843166666665,173.48348867192973,173.36888453333333,173.40449226666667,125000
2023-01-10 09:50:00,173.40449226666667,173.53603239796422,173.38289162099883,173.4929592581925,374000
2023-01-10 09:55:00,173.4929592581925,173.4938604646646,173.34392437902432,173.40869656620114,820000
2023-01-10 10:00:00,173.40869656620114,173.47935612476962,173.31348598488736,173.38235663333336,1342000
2023-01-10 10:05:00,173.38235663333336,173.4415025443469,173.26256026666667,173.33680713097064,1931000
2023-01-10 10:10:00,173.33680713097064,173.3584829573622,173.1500999298118,173.2433101528804,989000
2023-01-10 10:15:00,173.2433101528804,173.27790541973553,173.19712205792217,173.2107913089172,510000
2023-01-10 10:20:00,173.2107913089172,173.29279719178246,173.15945293923969,173.24864990060541,1150000
2023-01-10 10:25:00,173.24864990060541,173.37535484195,173.15628154123715,173.2714143395236,1199000
2023-01-10 10:30:00,173.2714143395236,173.3399576570629,173.15832117186176,173.20641071529806,1718000
2023-01-10 10:35:00,173.20641071529806,173.31773868775042,173.17800485595578,173.23751078074613,1808000
2023-01-10 10:40:00,173.23751078074613,173.27060425829058,173.1796907793624,173.23427436160188,864000
2023-01-10 10:45:00,173.23427436160188,173.29008550339273,173.1391763762654,173.24838425937028,1878000
2023-01-10 10:50:00,173.24838425937028,173.47270934980529,173.27655053536253,173.32202400631027,690000
2023-01-10 10:55:00,173.32202400631027,173.45226500359396,173.19285597979612,173.3450679669343,785000
2023-01-10 11:00:00,173.3450679669343,173.3902863220126,173.27807348623384,173.38429019748475,1599000
2023-01-10 11:05:00,173.38429019748475,173.43551674907692,173.3439464,173.3677376541777,623000
2023-01-10 11:10:00,173.3677376541777,173.53097320393397,173.2766290465771,173.38403954982311,473000
2023-01-10 11:15:00,173.38403954982311,173.39281669277207,173.2974143597257,173.33516858304432,1553000
2023-01-10 11:20:00,173.33516858304432,173.40362071445895,173.3430996397206,173.3410197573757,854000
2023-01-10 11:25:00,173.3410197573757,173.29416133333334,173.09326610677735,173.2219841724308,1354000
2023-01-10 11:30:00,173.2219841724308,173.19188956666667,173.10689692645764,173.1321683483351,1822000
2023-01-10 11:35:00,173.1321683483351,173.23899963141724,173.04261922849318,173.0904478639709,463000
2023-01-10 11:40:00,173.0904478639709,173.18594873333333,173.0390526482782,173.1205128343653,1170000
2023-01-10 11:45:00,173.1205128343653,173.23049134100452,172.9779364703026,173.15323161264016,1993000
2023-01-10 11:50:00,173.15323161264016,173.30383590031883,173.1421394537164,173.23656933142837,1942000
2023-01-10 11:55:00,173.23656933142837,173.3458528980999,173.25333667957375,173.23079177529473,799000
2023-01-10 12:00:00,173.23079177529473,173.30343867389357,173.22941732093724,173.30834165460143,1885000
2023-01-10 12:05:00,173.30834165460143,173.34963693333333,173.15270042857313,173.24152253348254,383000
2023-01-10 12:10:00,173.24152253348254,173.31032714107548,173.19500617908753,173.221293,447000
2023-01-10 12:15:00,173.221293,173.26355628884454,173.06512755550102,173.1605473094383,1672000
2023-01-10 12:20:00,173.1605473094383,173.03692810456872,172.8581940961292,172.9367110399707,910000
2023-01-10 12:25:00,172.9367110399707,172.96437616666665,172.80453196155725,172.91627262798457,116000
2023-01-10 12:30:00,172.91627262798457,173.0289569593723,172.8913272,172.9988802022281,313000
2023-01-10 12:35:00,172.9988802022281,172.94787763558045,172.79384362219696,172.89248143891527,1132000
2023-01-10 12:40:00,172.89248143891527,173.01340325224072,172.85972518352963,172.8849293531367,1696000
2023-01-10 12:45:00,172.8849293531367,172.98565490997956,172.92721687859347,173.03266610507458,512000
2023-01-10 12:50:00,173.03266610507458,172.81977452659913,172.71480165679617,172.75343477880972,1563000
2023-01-10 12:55:00,172.75343477880972,172.7677341930439,172.67210806476982,172.7412094552322,1873000
2023-01-10 13:00:00,172.7412094552322,172.74809076860848,172.51299636666667,172.63313763512215,619000
2023-01-10 13:05:00,172.63313763512215,172.6904062082813,172.61232102181677,172.64930731121618,1854000
2023-01-10 13:10:00,172.64930731121618,172.82658041769952,172.6234211100476,172.68638470852054,625000
2023-01-10 13:15:00,172.68638470852054,172.8432036016763,172.67209676666667,172.71563095513167,1205000
2023-01-10 13:20:00,172.71563095513167,172.96396044901013,172.8533389348565,172.84239176193392,453000
2023-01-10 13:25:00,172.84239176193392,173.02631763333332,172.8456431202272,172.86645763333334,457000
2023-01-10 13:30:00,172.86645763333334,173.0172476047834,172.8172295819456,172.93023110000001,354000
2023-01-10 13:35:00,172.93023110000001,173.18693900000002,173.04523585779182,173.152355299778,848000
2023-01-10 13:40:00,173.152355299778,173.02371773653155,172.9161497908739,172.95271844796386,1928000
2023-01-10 13:45:00,172.95271844796386,173.19800613168374,173.13336115576357,173.12990290636245,358000
2023-01-10 13:50:00,173.12990290636245,173.37274682458923,173.27263567184272,173.25955711496752,1051000
2023-01-10 13:55:00,173.25955711496752,173.42001366468529,173.1831699709004,173.30347280157306,357000
2023-01-10 14:00:00,173.30347280157306,173.2818113170692,173.21172201713105,173.22995605928097,1330000
2023-01-10 14:05:00,173.22995605928097,173.29314622488093,173.0672275877579,173.20110333333332,1218000
2023-01-10 14:10:00,173.20110333333332,173.21258140594213,173.14888112576412,173.1898261012226,650000
2023-01-10 14:15:00,173.1898261012226,173.3770904,173.2469092018349,173.2807402221983,270000
2023-01-10 14:20:00,173.2807402221983,173.16959684333506,173.04781924201322,173.05449650977118,929000
2023-01-10 14:25:00,173.05449650977118,173.27352982225875,173.20944760630158,173.21750126666666,1214000
2023-01-10 14:30:00,173.21750126666666,173.3071574,173.19982046500488,173.21834433724823,399000
2023-01-10 14:35:00,173.21834433724823,173.42525093236975,173.30660916929952,173.34182247933092,1110000
2023-01-10 14:40:00,173.34182247933092,173.33130912819587,173.18280703369228,173.23685003537113,1527000
2023-01-10 14:45:00,173.23685003537113,173.33072056132352,173.16824576667355,173.29637007404088,578000
2023-01-10 14:50:00,173.29637007404088,173.4513350444364,173.2859572103786,173.33052014563657,667000
2023-01-10 14:55:00,173.33052014563657,173.42410883623054,173.35153197583708,173.37653412605152,186000
2023-01-10 15:00:00,173.37653412605152,173.43061899992173,173.30570333333333,173.33270581289406,383000
2023-01-10 15:05:00,173.33270581289406,173.37254405593077,173.21886737769128,173.26640995324493,642000
2023-01-10 15:10:00,173.26640995324493,173.29736612369572,173.06817604893496,173.18954106666666,499000
2023-01-10 15:15:00,173.18954106666666,173.36554733123842,173.23859196394253,173.2361046639008,1925000
2023-01-10 15:20:00,173.2361046639008,173.4552912068163,173.31026714428768,173.37133821484528,1169000
2023-01-10 15:25:00,173.37133821484528,173.49301880026007,173.37136198131572,173.3994566880663,513000
2023-01-10 15:30:00,173.3994566880663,173.31283636891493,173.10912596666668,173.17233176407197,776000
2023-01-10 15:35:00,173.17233176407197,173.31983207808443,173.2223707142534,173.30602818209692,1780000
2023-01-10 15:40:00,173.30602818209692,173.3427009993967,173.2757472025561,173.28655685511546,305000
2023-01-10 15:45:00,173.28655685511546,173.19519465745515,172.96948246160426,173.0976318147926,103000
2023-01-10 15:50:00,173.0976318147926,173.05301049865022,172.94088505867254,172.94066361633162,380000
2023-01-10 15:55:00,172.94066361633162,172.93039441006326,172.84801434719643,172.88411138703148,1877000
2023-01-10 16:00:00,172.88411138703148,172.97267383599456,172.8330824967465,172.9036240755603,460000
2023-01-11 09:30:00,172.9036240755603,172.8934465659498,172.70755316129654,172.79006359856527,230000
2023-01-11 09:35:00,172.79006359856527,172.77907746683331,172.64776028728036,172.71959943555922,1361000
2023-01-11 09:40:00,172.71959943555922,172.8725127048585,172.70735891948718,172.7846318,1350000
2023-01-11 09:45:00,172.7846318,172.96019634131594,172.87169093333333,172.89622780769827,1639000
2023-01-11 09:50:00,172.89622780769827,173.06245084536582,172.9475660179684,173.0429246971251,1727000
2023-01-11 09:55:00,173.0429246971251,172.93785106666667,172.7739740193504,172.81805447354813,109000
2023-01-11 10:00:00,172.81805447354813,172.97472808235273,172.81942827266784,172.88079137511087,1433000
2023-01-11 10:05:00,172.88079137511087,172.95407008182093,172.8059557969145,172.84101031914707,1482000
2023-01-11 10:10:00,172.84101031914707,173.19028613514973,173.0244235,173.10474846225688,1314000
2023-01-11 10:15:00,173.10474846225688,173.17992831876637,172.95882492477818,173.0624561897377,1895000
2023-01-11 10:20:00,173.0624561897377,173.2467099826013,173.1178987024336,173.18757328620165,515000
2023-01-11 10:25:00,173.18757328620165,173.3586408124382,173.18927209999998,173.29078812378236,673000
2023-01-11 10:30:00,173.29078812378236,173.31306816219984,173.17233014162963,173.32075395800615,1285000
2023-01-11 10:35:00,173.32075395800615,173.3293985943275,173.12120836666665,173.23398066621175,967000
2023-01-11 10:40:00,173.23398066621175,173.3704668581634,173.23495374816977,173.34950727287548,1996000
2023-01-11 10:45:00,173.34950727287548,173.48730516863313,173.31190956666666,173.39773662279248,228000
2023-01-11 10:50:00,173.39773662279248,173.50274148032094,173.27851438305987,173.41746796282374,1273000
2023-01-11 10:55:00,173.41746796282374,173.39094068783575,173.29020679809153,173.32961294413363,224000
2023-01-11 11:00:00,173.32961294413363,173.42263750954226,173.1839892176134,173.29879778718202,963000
2023-01-11 11:05:00,173.29879778718202,173.4148924225868,173.3551824080375,173.3820962416833,470000
2023-01-11 11:10:00,173.3820962416833,173.53496064501195,173.37906573333333,173.3694458426527,1718000
2023-01-11 11:15:00,173.3694458426527,173.53016935703437,173.37144357851182,173.44589277556696,897000
2023-01-11 11:20:00,173.44589277556696,173.51469865118992,173.2903717211408,173.42763288519674,245000
2023-01-11 11:25:00,173.42763288519674,173.58000386466662,173.48453013333335,173.51415898988282,796000
2023-01-11 11:30:00,173.51415898988282,173.43301313765792,173.34219993333332,173.41310086666667,154000
2023-01-11 11:35:00,173.41310086666667,173.5627459491237,173.36087949266786,173.4696231747259,1412000
2023-01-11 11:40:00,173.4696231747259,173.63812208251946,173.43439500000002,173.49936909336338,1518000
2023-01-11 11:45:00,173.49936909336338,173.61593901185356,173.48634089084211,173.53424092730282,117000
2023-01-11 11:50:00,173.53424092730282,173.51994816666667,173.35278340000002,173.40387855318858,806000
2023-01-11 11:55:00,173.40387855318858,173.47861943992282,173.33992073691627,173.45863137080786,1575000
2023-01-11 12:00:00,173.45863137080786,173.59112525395443,173.50986555164573,173.5057906070276,1990000
2023-01-11 12:05:00,173.5057906070276,173.71362968562514,173.67377068406051,173.68721610658037,485000
2023-01-11 12:10:00,173.68721610658037,173.8384203252883,173.68485994475037,173.7803621749193,633000
2023-01-11 12:15:00,173.7803621749193,173.78611265019896,173.67194254760884,173.6874048800544,1602000
2023-01-11 12:20:00,173.6874048800544,173.8019022806296,173.68979383945415,173.7465177802856,1346000
2023-01-11 12:25:00,173.7465177802856,173.818654,173.76456963592116,173.80510989118537,1436000
2023-01-11 12:30:00,173.80510989118537,173.85554803547438,173.78467750127768,173.84046949844176,1127000
2023-01-11 12:35:00,173.84046949844176,173.79811687928043,173.72366051614972,173.7424319685048,879000
2023-01-11 12:40:00,173.7424319685048,173.93161055164106,173.76351541503092,173.77903522401894,1035000
2023-01-11 12:45:00,173.77903522401894,173.97104917723757,173.77771763170526,173.91480509180892,1596000
2023-01-11 12:50:00,173.91480509180892,174.11631935205273,173.9428310103412,174.10494836666666,1669000
2023-01-11 12:55:00,174.10494836666666,174.14853156385408,173.9741862253077,174.07702887503572,1280000
2023-01-11 13:00:00,174.07702887503572,174.29725987924655,174.0920195381471,174.12768234818816,1769000
2023-01-11 13:05:00,174.12768234818816,174.35784819999998,174.2471627644961,174.3330207,1451000
2023-01-11 13:10:00,174.3330207,174.41870277541324,174.29641310543988,174.3607808348434,1029000
2023-01-11 13:15:00,174.3607808348434,174.48893534534287,174.36941683333333,174.39443611356907,1196000
2023-01-11 13:20:00,174.39443611356907,174.4689583571264,174.26093285407205,174.3956830924695,338000
2023-01-11 13:25:00,174.3956830924695,174.40304360988347,174.29922934255538,174.38117818359646,1371000
2023-01-11 13:30:00,174.38117818359646,174.38976954003343,174.23045859927853,174.2967927624499,1286000
2023-01-11 13:35:00,174.2967927624499,174.41075236969013,174.27331094616758,174.28555284303062,425000
2023-01-11 13:40:00,174.28555284303062,174.15559149999999,174.03239489999999,174.16158530372712,805000
2023-01-11 13:45:00,174.16158530372712,174.3429732539729,174.212291465027,174.26314653922722,1349000
2023-01-11 13:50:00,174.26314653922722,174.35076771608416,174.17561912739404,174.24941381087595,1322000
2023-01-11 13:55:00,174.24941381087595,174.39441203185956,174.27717423333334,174.31831064386964,1758000
2023-01-11 14:00:00,174.31831064386964,174.44454784399224,174.3086881553291,174.30709766968604,1221000
2023-01-11 14:05:00,174.30709766968604,174.3698846006556,174.21419255007174,174.33489709187785,768000
2023-01-11 14:10:00,174.33489709187785,174.25250020000001,174.15674731917946,174.22269115352609,937000
2023-01-11 14:15:00,174.22269115352609,174.1974958411368,174.0443171441255,174.1229330062492,1959000
2023-01-11 14:20:00,174.1229330062492,174.21226194803722,174.05631516666665,174.11507285152513,843000
2023-01-11 14:25:00,174.11507285152513,174.20885595164788,174.0151263164052,174.14219644688202,959000
2023-01-11 14:30:00,174.14219644688202,174.082970654814,173.90489613115324,174.01775435993693,313000
2023-01-11 14:35:00,174.01775435993693,174.01374221077876,173.96907340253975,174.0174246796561,1454000
2023-01-11 14:40:00,174.0174246796561,174.09379362801926,173.9875183847227,174.0280499,1800000
2023-01-11 14:45:00,174.0280499,174.22578341065153,173.97446846665846,174.05935496801393,164000
2023-01-11 14:50:00,174.05935496801393,174.08850345097113,173.88357777064402,174.00293053131716,1779000
2023-01-11 14:55:00,174.00293053131716,174.05855582225914,173.92378274649244,173.91202223333332,1107000
2023-01-11 15:00:00,173.91202223333332,174.06730490671313,173.83222411889665,173.95180350935726,1707000
2023-01-11 15:05:00,173.95180350935726,173.98172606666668,173.90127240128948,173.95526421968438,859000
2023-01-11 15:10:00,173.95526421968438,173.9650219647132,173.85930711857995,173.92390041070757,1403000
2023-01-11 15:15:00,173.92390041070757,174.07104652991075,173.98278237052375,174.01402895725408,1523000
2023-01-11 15:20:00,174.01402895725408,174.08670676626676,173.9522088253748,174.02218398269278,884000
2023-01-11 15:25:00,174.02218398269278,173.9502293864726,173.7591145741659,173.88382914283756,261000
2023-01-11 15:30:00,173.88382914283756,173.93237689886186,173.73744040000003,173.77429945753812,1770000
2023-01-11 15:35:00,173.77429945753812,173.76275783333332,173.57386151106255,173.68796041774831,239000
2023-01-11 15:40:00,173.68796041774831,173.72778700381693,173.64384517509083,173.69859083333333,1531000
2023-01-11 15:45:00,173.69859083333333,173.6401989656459,173.54813843384272,173.6065696064778,1771000
2023-01-11 15:50:00,173.6065696064778,173.46873197636128,173.3324891167101,173.48798107525548,298000
2023-01-11 15:55:00,173.48798107525548,173.3040527,173.18754392649944,173.26057776666667,1155000
2023-01-11 16:00:00,173.26057776666667,173.52201688418154,173.4249405523225,173.45202103333335,1859000
2023-01-12 09:30:00,173.45202103333335,173.44705766357922,173.24779787724214,173.3642221956741,410000
2023-01-12 09:35:00,173.3642221956741,173.36324005109822,173.18528188432148,173.34925569874753,1190000
2023-01-12 09:40:00,173.34925569874753,173.34077324832379,173.21905496656592,173.3091856672538,712000
2023-01-12 09:45:00,173.3091856672538,173.3685294678338,173.30602251936583,173.3730352960322,1888000
2023-01-12 09:50:00,173.3730352960322,173.46243683333333,173.35126741666008,173.3935522577405,1105000
2023-01-12 09:55:00,173.3935522577405,173.47719578119984,173.36918640996097,173.3614016041208,1419000
2023-01-12 10:00:00,173.3614016041208,173.46025947827215,173.28103735427825,173.3576312292069,1931000
2023-01-12 10:05:00,173.3576312292069,173.41877222565952,173.24014290626377,173.36594632858925,794000
2023-01-12 10:10:00,173.36594632858925,173.50668223199912,173.27365965777045,173.38880421792686,1173000
2023-01-12 10:15:00,173.38880421792686,173.4398594959406,173.35237415317428,173.3729506831947,1896000
2023-01-12 10:20:00,173.3729506831947,173.54985043365286,173.33979556078705,173.42522403857382,435000
2023-01-12 10:25:00,173.42522403857382,173.42658275895351,173.33864008896938,173.41567451973611,1891000
2023-01-12 10:30:00,173.41567451973611,173.4140343958052,173.28917003805228,173.37322788351491,180000
2023-01-12 10:35:00,173.37322788351491,173.39146798119776,173.22666978231103,173.2845548229194,715000
2023-01-12 10:40:00,173.2845548229194,173.33852445597907,173.21523827236805,173.22833584190906,1161000
2023-01-12 10:45:00,173.22833584190906,173.25550349612774,173.19682570787148,173.21397565928012,903000
2023-01-12 10:50:00,173.21397565928012,173.43732629187838,173.2406709,173.29625201224377,305000
2023-01-12 10:55:00,173.29625201224377,173.2563328283865,173.1219743519614,173.19820686208928,963000
2023-01-12 11:00:00,173.19820686208928,173.26903334808372,173.13811420238744,173.13317598141325,872000
2023-01-12 11:05:00,173.13317598141325,173.20470713781964,173.0453823151177,173.11398608164342,383000
2023-01-12 11:10:00,173.11398608164342,173.2816527321109,173.15852793333335,173.17716003942942,594000
2023-01-12 11:15:00,173.17716003942942,173.1130997719131,172.94335496243073,173.08689437623988,1806000
2023-01-12 11:20:00,173.08689437623988,173.0935175504548,172.9891199907256,173.1183395796503,1148000
2023-01-12 11:25:00,173.1183395796503,173.12521650024527,173.04958491757606,173.11187200076577,1499000
2023-01-12 11:30:00,173.11187200076577,173.18185124698238,173.04365186666666,173.19781986531453,794000
2023-01-12 11:35:00,173.19781986531453,173.1777807,172.97501740755573,173.0873301804601,1181000
2023-01-12 11:40:00,173.0873301804601,173.04133916666666,172.90939050341683,172.9711297082301,1684000
2023-01-12 11:45:00,172.9711297082301,173.1526990031927,172.9918668684255,173.09123562649754,469000
2023-01-12 11:50:00,173.09123562649754,173.01262330444806,172.83135515647774,172.9317081732136,735000
2023-01-12 11:55:00,172.9317081732136,172.90293085291836,172.87393593333334,172.9130676757777,1948000
2023-01-12 12:00:00,172.9130676757777,172.94303563997317,172.81843116666667,172.86510767065357,1448000
2023-01-12 12:05:00,172.86510767065357,172.99740504324865,172.80351594977108,172.95360415094794,601000
2023-01-12 12:10:00,172.95360415094794,172.8702683128419,172.6720068161384,172.81142691299232,885000
2023-01-12 12:15:00,172.81142691299232,172.87557018985976,172.7409205,172.8171710605828,1389000
2023-01-12 12:20:00,172.8171710605828,172.8874184529149,172.68864961357525,172.75026186666668,1922000
2023-01-12 12:25:00,172.75026186666668,172.73794361071114,172.5954395951205,172.70461140825662,561000
2023-01-12 12:30:00,172.70461140825662,172.78768898527716,172.67553588514238,172.68120863006715,404000
2023-01-12 12:35:00,172.68120863006715,172.89985571219515,172.72718563916246,172.78690003841044,188000
2023-01-12 12:40:00,172.78690003841044,172.77806402595454,172.70510925110688,172.72452996190776,730000
2023-01-12 12:45:00,172.72452996190776,172.80794760965262,172.59057934521653,172.72176513782497,348000
2023-01-12 12:50:00,172.72176513782497,172.83682790720826,172.73700228655008,172.83156498612607,400000
2023-01-12 12:55:00,172.83156498612607,172.7880246709645,172.68616608176504,172.7082508548616,1379000
2023-01-12 13:00:00,172.7082508548616,172.97036857536108,172.75528222961196,172.8872964058979,874000
2023-01-12 13:05:00,172.8872964058979,172.87345653333333,172.64844327088778,172.80577238078823,1431000
2023-01-12 13:10:00,172.80577238078823,172.83154984602737,172.632894347619,172.71501197544313,719000
2023-01-12 13:15:00,172.71501197544313,172.88857967475562,172.69300450231145,172.79081026338704,518000
2023-01-12 13:20:00,172.79081026338704,172.85853177020587,172.61058058144772,172.71366083387102,1648000
2023-01-12 13:25:00,172.71366083387102,172.8153075268858,172.59458099999998,172.69389818436622,1294000
2023-01-12 13:30:00,172.69389818436622,172.93406294384914,172.7883438807732,172.82151001688425,1648000
2023-01-12 13:35:00,172.82151001688425,172.87596101436796,172.74109792123707,172.76019811285897,228000
2023-01-12 13:40:00,172.76019811285897,172.9375953313998,172.67996193333332,172.7677981466372,1565000
2023-01-12 13:45:00,172.7677981466372,172.8842694632867,172.800584782207,172.92283966666668,458000
2023-01-12 13:50:00,172.92283966666668,172.90731150375186,172.8481619599092,172.86392602890584,1745000
2023-01-12 13:55:00,172.86392602890584,173.00398427049453,172.79763019621058,172.9232355727892,540000
2023-01-12 14:00:00,172.9232355727892,172.92977339425158,172.6926869850933,172.85867963025717,663000
2023-01-12 14:05:00,172.85867963025717,172.90184606822487,172.83523276006906,172.88417001888345,1415000
2023-01-12 14:10:00,172.88417001888345,172.78674057486418,172.6384946,172.7703716225072,710000
2023-01-12 14:15:00,172.7703716225072,172.8898038704579,172.7420168089997,172.82928276951387,733000
2023-01-12 14:20:00,172.82928276951387,172.88098536666666,172.71448943192672,172.79777721216823,1253000
2023-01-12 14:25:00,172.79777721216823,172.8007049530484,172.64093987452785,172.74609315284127,165000
2023-01-12 14:30:00,172.74609315284127,172.83464173603352,172.63802907181554,172.74686445651184,663000
2023-01-12 14:35:00,172.74686445651184,172.86688847460024,172.69569691447487,172.75032207169022,1414000
2023-01-12 14:40:00,172.75032207169022,172.9888409853578,172.84741739999998,172.84069432853377,424000
2023-01-12 14:45:00,172.84069432853377,172.98824676338342,172.88080875349138,172.88263041697877,1676000
2023-01-12 14:50:00,172.88263041697877,172.88315104763882,172.8114342877703,172.8585212594356,1935000
2023-01-12 14:55:00,172.8585212594356,172.84210083261684,172.6270219,172.7501842494192,897000
2023-01-12 15:00:00,172.7501842494192,172.9477141,172.79761214104337,172.81916158591397,565000
2023-01-12 15:05:00,172.81916158591397,172.96038140000002,172.82010306383646,172.86206323393642,1580000
2023-01-12 15:10:00,172.86206323393642,172.88284816813413,172.75087815109808,172.83749746666666,1117000
2023-01-12 15:15:00,172.83749746666666,172.9159698431384,172.7307616494917,172.79425071764385,260000
2023-01-12 15:20:00,172.79425071764385,172.92653399745936,172.77747746666668,172.88116682642055,1509000
2023-01-12 15:25:00,172.88116682642055,172.97044860405785,172.8182190913126,172.85348343397655,524000
2023-01-12 15:30:00,172.85348343397655,172.93897899610047,172.70964883333332,172.87165777962656,722000
2023-01-12 15:35:00,172.87165777962656,172.8168069455415,172.58764718215096,172.66930918327026,938000
2023-01-12 15:40:00,172.66930918327026,172.67611783959427,172.50880733333332,172.63241480897918,1348000
2023-01-12 15:45:00,172.63241480897918,172.63906097197693,172.47719533240587,172.63118868051941,620000
2023-01-12 15:50:00,172.63118868051941,172.7865102560211,172.65165806666667,172.69816180122496,328000
2023-01-12 15:55:00,172.69816180122496,172.77685332621186,172.593221365297,172.70853813649694,1512000
2023-01-12 16:00:00,172.70853813649694,172.77844464019492,172.5842626269855,172.67108638964064,1150000
2023-01-13 09:30:00,172.67108638964064,172.8346281328358,172.66385607520155,172.80560716669106,1661000
2023-01-13 09:35:00,172.80560716669106,172.85694976666667,172.75889215568253,172.80991976649824,1789000
2023-01-13 09:40:00,172.80991976649824,173.09675208183387,172.8930457161977,172.9837069417593,209000
2023-01-13 09:45:00,172.9837069417593,173.01145291850577,172.90645697027878,172.99276648471405,1029000
2023-01-13 09:50:00,172.99276648471405,173.0242538310951,172.86698801181757,172.95177539076556,1083000
2023-01-13 09:55:00,172.95177539076556,172.9809004819978,172.8504569667096,172.92571313900226,1522000
2023-01-13 10:00:00,172.92571313900226,173.1562935706676,173.05941693366674,173.1391728164526,1470000
2023-01-13 10:05:00,173.1391728164526,173.31039041023348,173.13871462856528,173.21165804255085,1497000
2023-01-13 10:10:00,173.21165804255085,173.1078521179982,172.97212806937688,173.06993368975736,575000
2023-01-13 10:15:00,173.06993368975736,173.28468741149288,173.1582632979479,173.2321562085381,1746000
2023-01-13 10:20:00,173.2321562085381,173.3726729688142,173.28363444282405,173.33135374765314,275000
2023-01-13 10:25:00,173.33135374765314,173.41396417207287,173.28196613404074,173.30757740390214,1906000
2023-01-13 10:30:00,173.30757740390214,173.42115286418615,173.34049780437275,173.35083102586157,204000
2023-01-13 10:35:00,173.35083102586157,173.4001252413348,173.1550428584192,173.32057489436804,562000
2023-01-13 10:40:00,173.32057489436804,173.31828433615647,173.21415976615884,173.32521599184835,1989000
2023-01-13 10:45:00,173.32521599184835,173.33831560934777,173.1919637890872,173.28235819744592,601000
2023-01-13 10:50:00,173.28235819744592,173.29080613333332,173.16044593333334,173.2022066,1668000
2023-01-13 10:55:00,173.2022066,173.46602576666666,173.30891400308423,173.34566196666668,1189000
2023-01-13 11:00:00,173.34566196666668,173.4404016201512,173.2534048027948,173.35875871880688,1817000
2023-01-13 11:05:00,173.35875871880688,173.44826763256503,173.2130023186024,173.26211300316893,1607000
2023-01-13 11:10:00,173.26211300316893,173.46013205824227,173.23224589635677,173.33017646699287,1552000
2023-01-13 11:15:00,173.33017646699287,173.45711530908054,173.3451970708506,173.39103068665815,1989000
2023-01-13 11:20:00,173.39103068665815,173.65666187535777,173.50843056557738,173.54594346607607,1419000
2023-01-13 11:25:00,173.54594346607607,173.56044464751588,173.40953061922062,173.54858539441057,1249000
2023-01-13 11:30:00,173.54858539441057,173.59577410099342,173.39611022873052,173.49316027795192,1951000
2023-01-13 11:35:00,173.49316027795192,173.80065772502138,173.6400025811219,173.65805511045295,1459000
2023-01-13 11:40:00,173.65805511045295,173.48448760285947,173.36276196621108,173.46516355487876,400000
2023-01-13 11:45:00,173.46516355487876,173.5734337498038,173.4900129477916,173.5279250744897,350000
2023-01-13 11:50:00,173.5279250744897,173.6521079450239,173.4299996140436,173.5393428183308,1944000
2023-01-13 11:55:00,173.5393428183308,173.65187584997275,173.4761529530012,173.54610182203092,1367000
2023-01-13 12:00:00,173.54610182203092,173.62495788351274,173.45457995489727,173.58832273709913,1345000
2023-01-13 12:05:00,173.58832273709913,173.74485289999998,173.6254638549218,173.7062651281746,807000
2023-01-13 12:10:00,173.7062651281746,173.81186719778427,173.65608123470727,173.75111428460343,561000
2023-01-13 12:15:00,173.75111428460343,173.7420942334372,173.5343339829145,173.61646468753395,1806000
2023-01-13 12:20:00,173.61646468753395,173.53427704213988,173.40231932295572,173.51912193527383,1604000
2023-01-13 12:25:00,173.51912193527383,173.53395856421193,173.44922437235894,173.48837319427105,553000
2023-01-13 12:30:00,173.48837319427105,173.60699899210184,173.4623488980171,173.50253886666667,1719000
2023-01-13 12:35:00,173.50253886666667,173.75090838680393,173.62257333020395,173.6236812061865,1605000
2023-01-13 12:40:00,173.6236812061865,173.7005882682662,173.5064169664548,173.57966723215503,1324000
2023-01-13 12:45:00,173.57966723215503,173.49366346777612,173.3165509,173.4107966658821,1787000
2023-01-13 12:50:00,173.4107966658821,173.47567386065077,173.43992041417084,173.4701766593869,1386000
2023-01-13 12:55:00,173.4701766593869,173.56977998073046,173.3849371,173.49421332729014,913000
2023-01-13 13:00:00,173.49421332729014,173.59072149736184,173.4510711819652,173.48989202446106,865000
2023-01-13 13:05:00,173.48989202446106,173.4876727190412,173.26930010764593,173.40030202653102,1468000
2023-01-13 13:10:00,173.40030202653102,173.61440103401083,173.4326977693648,173.48855478851107,102000
2023-01-13 13:15:00,173.48855478851107,173.50536132143594,173.29418268839802,173.48867023333332,1780000
2023-01-13 13:20:00,173.48867023333332,173.53759169668444,173.35682092007113,173.44395721578928,706000
2023-01-13 13:25:00,173.44395721578928,173.60346327225773,173.42501320828003,173.51153693333333,396000
2023-01-13 13:30:00,173.51153693333333,173.6575589855585,173.48439225832664,173.5536157853574,1375000
2023-01-13 13:35:00,173.5536157853574,173.58065718702844,173.4362869426107,173.46413773333333,666000
2023-01-13 13:40:00,173.46413773333333,173.41375135196475,173.3407504586309,173.43481562370118,1410000
2023-01-13 13:45:00,173.43481562370118,173.54462564975975,173.33850510623145,173.44677392805644,300000
2023-01-13 13:50:00,173.44677392805644,173.64689584742436,173.46353552123284,173.55597819951072,192000
2023-01-13 13:55:00,173.55597819951072,173.6472387715257,173.4605528982547,173.54047071821816,212000
2023-01-13 14:00:00,173.54047071821816,173.7168945937222,173.5812479949815,173.66201123767462,1283000
2023-01-13 14:05:00,173.66201123767462,173.7616372788544,173.61710921443554,173.64056623091892,220000
2023-01-13 14:10:00,173.64056623091892,173.72191182981356,173.52627785208128,173.63999007365362,1513000
2023-01-13 14:15:00,173.63999007365362,173.76866372429456,173.5723846571792,173.66022780356258,1735000
2023-01-13 14:20:00,173.66022780356258,173.8443807736218,173.65117138333488,173.71767955269758,670000
2023-01-13 14:25:00,173.71767955269758,173.8663766231539,173.63792748287776,173.72710763065646,470000
2023-01-13 14:30:00,173.72710763065646,173.74860457428184,173.67995575739104,173.67850559380653,321000
2023-01-13 14:35:00,173.67850559380653,173.6413972742294,173.57982046107216,173.5887684,587000
2023-01-13 14:40:00,173.5887684,173.80853602512542,173.5771049,173.64386508216458,752000
2023-01-13 14:45:00,173.64386508216458,173.69751808648255,173.65383225842893,173.66555803333333,1562000
2023-01-13 14:50:00,173.66555803333333,173.57575840548327,173.47028641361254,173.57069806841474,114000
2023-01-13 14:55:00,173.57069806841474,173.51773134133086,173.34566547513356,173.4479611065031,305000
2023-01-13 15:00:00,173.4479611065031,173.38675204085285,173.19007475245508,173.34815728421452,1241000
2023-01-13 15:05:00,173.34815728421452,173.46349667449823,173.34692052752266,173.37849994927012,162000
2023-01-13 15:10:00,173.37849994927012,173.4625990256697,173.36654240623994,173.39577583607402,705000
2023-01-13 15:15:00,173.39577583607402,173.5313933039306,173.2920014532975,173.42050804910485,363000
2023-01-13 15:20:00,173.42050804910485,173.4978342482277,173.3038900239995,173.39914627481582,1923000
2023-01-13 15:25:00,173.39914627481582,173.35149019479996,173.2133499709489,173.29737380000844,1812000
2023-01-13 15:30:00,173.29737380000844,173.49969512536856,173.24586328793887,173.36253278703583,422000
2023-01-13 15:35:00,173.36253278703583,173.5134547298344,173.29603627697395,173.42161722426292,793000
2023-01-13 15:40:00,173.42161722426292,173.4632740191643,173.25154243333333,173.36951862400574,1862000
2023-01-13 15:45:00,173.36951862400574,173.5812446666667,173.4174451619697,173.4680504985383,690000
2023-01-13 15:50:00,173.4680504985383,173.67750784448816,173.46542591724892,173.53013853899677,755000
2023-01-13 15:55:00,173.53013853899677,173.58954022640862,173.35632933396874,173.44373760962975,587000
2023-01-13 16:00:00,173.44373760962975,173.59126410663595,173.42919609999998,173.42925983248864,745000
2023-01-16 09:30:00,173.42925983248864,173.5355762970988,173.36280403437726,173.46112843892737,1418000
2023-01-16 09:35:00,173.46112843892737,173.58052190217248,173.34579417170093,173.44832768207732,118000
2023-01-16 09:40:00,173.44832768207732,173.4767250876688,173.2644024359989,173.30172425358705,949000
2023-01-16 09:45:00,173.30172425358705,173.38511949311416,173.2235089423165,173.2851152853092,1495000
2023-01-16 09:50:00,173.2851152853092,173.39313540293963,173.25011999792588,173.39055727520176,1622000
2023-01-16 09:55:00,173.39055727520176,173.3123915055208,173.11428807973064,173.23737803333333,1276000
2023-01-16 10:00:00,173.23737803333333,173.2986241783389,173.20014980394856,173.22490677532227,270000
2023-01-16 10:05:00,173.22490677532227,173.18509931824246,173.11391383333333,173.11500866666665,1651000
2023-01-16 10:10:00,173.11500866666665,173.26243967871076,173.14301871443848,173.21682253275787,1357000
2023-01-16 10:15:00,173.21682253275787,173.3066156492338,173.15936282450136,173.2461715487757,1017000
2023-01-16 10:20:00,173.2461715487757,173.18283937833138,173.03451510264603,173.13829388357823,876000
2023-01-16 10:25:00,173.13829388357823,173.13671937585312,172.97649035050424,173.0685262680878,1212000
2023-01-16 10:30:00,173.0685262680878,173.06536383333332,172.9408739765337,173.04551202929653,417000
2023-01-16 10:35:00,173.04551202929653,172.91965459890713,172.83823371422304,172.87009562847294,1103000
2023-01-16 10:40:00,172.87009562847294,172.89739253884338,172.70476671663425,172.75926063333333,1800000
2023-01-16 10:45:00,172.75926063333333,172.77874802348606,172.64330499767826,172.74364831160793,1761000
2023-01-16 10:50:00,172.74364831160793,172.84138604363352,172.6891616107903,172.7929209098711,1328000
2023-01-16 10:55:00,172.7929209098711,172.81148874684558,172.7125007732702,172.80339064615964,400000
2023-01-16 11:00:00,172.80339064615964,172.93949186177312,172.7290178593621,172.83361969368073,1525000
2023-01-16 11:05:00,172.83361969368073,172.87139556571492,172.77033862743596,172.82130655583495,1893000
2023-01-16 11:10:00,172.82130655583495,172.89745408313294,172.8201042,172.82452916983135,1701000
2023-01-16 11:15:00,172.82452916983135,172.8065857974761,172.61812273957216,172.7713271393691,1831000
2023-01-16 11:20:00,172.7713271393691,172.6960313616604,172.6004549889463,172.6753943379955,143000
2023-01-16 11:25:00,172.6753943379955,172.70129566509758,172.61481469999998,172.64241090030845,181000
2023-01-16 11:30:00,172.64241090030845,172.73928629403323,172.65832817989494,172.70137886147512,976000
2023-01-16 11:35:00,172.70137886147512,172.78255953752384,172.5887812,172.72558097497642,1698000
2023-01-16 11:40:00,172.72558097497642,172.7591153,172.6116139560757,172.7206724292306,1484000
2023-01-16 11:45:00,172.7206724292306,172.84028304959983,172.6748820697914,172.8063544347147,806000
2023-01-16 11:50:00,172.8063544347147,172.81053569005508,172.66686059983465,172.82540108220442,1286000
2023-01-16 11:55:00,172.82540108220442,172.9089485,172.7735977268776,172.73670448433512,614000
2023-01-16 12:00:00,172.73670448433512,172.79909618177626,172.66005501722395,172.7488344942513,339000
2023-01-16 12:05:00,172.7488344942513,172.64228769808113,172.49294993608152,172.6119453054493,970000
2023-01-16 12:10:00,172.6119453054493,172.54962150386663,172.41966593314496,172.48566223333333,1749000
2023-01-16 12:15:00,172.48566223333333,172.4005235503886,172.29308375051653,172.36618684723376,259000
2023-01-16 12:20:00,172.36618684723376,172.50675299842473,172.37457216666664,172.41271067067484,1437000
2023-01-16 12:25:00,172.41271067067484,172.52799064087145,172.40385971348675,172.47646890591244,863000
2023-01-16 12:30:00,172.47646890591244,172.51204358728907,172.31590076115071,172.40143126666666,920000
2023-01-16 12:35:00,172.40143126666666,172.61779734715384,172.43968019601405,172.46480721266298,270000
2023-01-16 12:40:00,172.46480721266298,172.60827337099172,172.49717504041323,172.54005539688526,264000
2023-01-16 12:45:00,172.54005539688526,172.5185278421162,172.4109123477886,172.43682171431115,340000
2023-01-16 12:50:00,172.43682171431115,172.54710184822872,172.36019523333334,172.43256089232028,1232000
2023-01-16 12:55:00,172.43256089232028,172.61355412234803,172.48631146666668,172.53286690526585,1220000
2023-01-16 13:00:00,172.53286690526585,172.4556350035127,172.27102888500062,172.36004353333334,397000
2023-01-16 13:05:00,172.36004353333334,172.56440928330656,172.40188117054285,172.45295082081148,1222000
2023-01-16 13:10:00,172.45295082081148,172.6254154215711,172.46578173703392,172.5417187325549,296000
2023-01-16 13:15:00,172.5417187325549,172.5775903870462,172.4604748420745,172.50629256065656,1959000
2023-01-16 13:20:00,172.50629256065656,172.5698860862914,172.41644035544869,172.50283056465486,353000
2023-01-16 13:25:00,172.50283056465486,172.65227046666666,172.5629143466169,172.59344101053986,1948000
2023-01-16 13:30:00,172.59344101053986,172.61916915407429,172.40189456489253,172.50867250357894,804000
2023-01-16 13:35:00,172.50867250357894,172.56505175906736,172.46036289349846,172.50518736157207,1088000
2023-01-16 13:40:00,172.50518736157207,172.64578039695846,172.53235031941577,172.54325226053228,403000
2023-01-16 13:45:00,172.54325226053228,172.61218806666665,172.44172141855788,172.5956885188611,331000
2023-01-16 13:50:00,172.5956885188611,172.67776778336727,172.46728030936575,172.55692356473455,408000
2023-01-16 13:55:00,172.55692356473455,172.79130040010523,172.59887749020788,172.7083339580835,1706000
2023-01-16 14:00:00,172.7083339580835,172.68208239993194,172.56840144504997,172.63906658213753,1843000
2023-01-16 14:05:00,172.63906658213753,172.5849165950217,172.4744938105283,172.56041385568503,927000
2023-01-16 14:10:00,172.56041385568503,172.48844187686777,172.2817325269165,172.40976249251892,1917000
2023-01-16 14:15:00,172.40976249251892,172.29296757016178,172.23197081089845,172.29985345124976,1806000
2023-01-16 14:20:00,172.29985345124976,172.25202734851575,172.17033012101058,172.28741196371362,245000
2023-01-16 14:25:00,172.28741196371362,172.28026051403205,172.14477193339042,172.24729848389055,969000
2023-01-16 14:30:00,172.24729848389055,172.4621021453481,172.31405881369452,172.2986597309197,695000
2023-01-16 14:35:00,172.2986597309197,172.39082419181014,172.1424751509432,172.30440025709584,155000
2023-01-16 14:40:00,172.30440025709584,172.38326440055457,172.23004389037925,172.2514364887009,840000
2023-01-16 14:45:00,172.2514364887009,172.46035956903677,172.29628918878183,172.36817756309284,1961000
2023-01-16 14:50:00,172.36817756309284,172.48259044307463,172.32438811054584,172.37645463903377,727000
2023-01-16 14:55:00,172.37645463903377,172.45480623252922,172.29705243333333,172.40330753333333,805000
2023-01-16 15:00:00,172.40330753333333,172.61771527677195,172.4737467,172.4755161828945,1316000
2023-01-16 15:05:00,172.4755161828945,172.4559572324782,172.2985161358715,172.42028602169054,1453000
2023-01-16 15:10:00,172.42028602169054,172.37130631773653,172.22762014347987,172.31376216666666,243000
2023-01-16 15:15:00,172.31376216666666,172.5585962385908,172.42567158155285,172.4534263079236,993000
2023-01-16 15:20:00,172.4534263079236,172.6374108567005,172.39545052418362,172.51956626770706,835000
2023-01-16 15:25:00,172.51956626770706,172.45119244516303,172.35229955926187,172.37343835217237,832000
2023-01-16 15:30:00,172.37343835217237,172.45113179683477,172.3031180420402,172.34721778665687,683000
2023-01-16 15:35:00,172.34721778665687,172.43342992720957,172.19458676428175,172.33758463333334,1813000
2023-01-16 15:40:00,172.33758463333334,172.44830096557715,172.36590803828548,172.43912904925244,1242000
2023-01-16 15:45:00,172.43912904925244,172.63954185409804,172.42305682104748,172.53256339346342,1689000
2023-01-16 15:50:00,172.53256339346342,172.70601598055964,172.5096264419566,172.60081252880306,489000
2023-01-16 15:55:00,172.60081252880306,172.64555233333334,172.5519346000764,172.58384436190914,198000
2023-01-16 16:00:00,172.58384436190914,172.60471560462457,172.4395270166869,172.55451763961517,1951000
2023-01-17 09:30:00,172.55451763961517,172.59363204319587,172.38649709531495,172.4847574008337,1443000
2023-01-17 09:35:00,172.4847574008337,172.57276044761318,172.42907971385912,172.46188315526038,266000
2023-01-17 09:40:00,172.46188315526038,172.45346450112308,172.3559622556125,172.3804233019825,812000
2023-01-17 09:45:00,172.3804233019825,172.41829032315354,172.2331239083572,172.2961390174829,1963000
2023-01-17 09:50:00,172.2961390174829,172.36631339715174,172.23702735661456,172.27772029262715,1513000
2023-01-17 09:55:00,172.27772029262715,172.32867378589697,172.16275512646956,172.2846447389344,1503000
2023-01-17 10:00:00,172.2846447389344,172.31501506557555,172.20094067037792,172.31963991334638,257000
2023-01-17 10:05:00,172.31963991334638,172.46183834564388,172.34972276666667,172.43112557446108,790000
2023-01-17 10:10:00,172.43112557446108,172.4539686924608,172.38445725726626,172.42725491404593,365000
2023-01-17 10:15:00,172.42725491404593,172.46701336666666,172.42984767864712,172.49658416102602,797000
2023-01-17 10:20:00,172.49658416102602,172.4704216706221,172.42280756666665,172.45053983333335,1273000
2023-01-17 10:25:00,172.45053983333335,172.641714528619,172.38873107355116,172.54979357373426,1170000
2023-01-17 10:30:00,172.54979357373426,172.5444358585365,172.40944476253802,172.39917030896183,134000
2023-01-17 10:35:00,172.39917030896183,172.43049947330775,172.32950034337662,172.3646616202432,389000
2023-01-17 10:40:00,172.3646616202432,172.54753059108222,172.3498540406127,172.456238703315,940000
2023-01-17 10:45:00,172.456238703315,172.58733168221588,172.42024451960245,172.47085423815025,422000
2023-01-17 10:50:00,172.47085423815025,172.58832645445491,172.4465044962668,172.5678747923291,1335000
2023-01-17 10:55:00,172.5678747923291,172.72779373467412,172.59905150363073,172.64378856666664,1115000
2023-01-17 11:00:00,172.64378856666664,172.6167874804126,172.47857773839584,172.51468269999998,1453000
2023-01-17 11:05:00,172.51468269999998,172.53475436061117,172.3687590226692,172.4309485030545,1685000
2023-01-17 11:10:00,172.4309485030545,172.48685037745943,172.42971093043386,172.43983971798852,1860000
2023-01-17 11:15:00,172.43983971798852,172.60806864705938,172.44666560289681,172.52978978245136,727000
2023-01-17 11:20:00,172.52978978245136,172.62565349994856,172.4810141354172,172.6355247058644,1936000
2023-01-17 11:25:00,172.6355247058644,172.86714054445028,172.7824617696205,172.77499113611051,1026000
2023-01-17 11:30:00,172.77499113611051,172.77340294848537,172.6673110513805,172.69017226174864,518000
2023-01-17 11:35:00,172.69017226174864,172.89516885418374,172.68233138078247,172.81474162299628,145000
2023-01-17 11:40:00,172.81474162299628,172.84475385524155,172.73869920947303,172.7404871644056,176000
2023-01-17 11:45:00,172.7404871644056,172.84378197351808,172.80367748474308,172.85982634354522,1498000
2023-01-17 11:50:00,172.85982634354522,172.93919818112352,172.73556678120488,172.84528238766657,1850000
2023-01-17 11:55:00,172.84528238766657,172.89988383229453,172.7517959055814,172.82777652633894,1217000
2023-01-17 12:00:00,172.82777652633894,172.9486189714263,172.77558517103364,172.89082801899804,339000
2023-01-17 12:05:00,172.89082801899804,172.93131494242832,172.7966268558128,172.88414503333334,338000
2023-01-17 12:10:00,172.88414503333334,172.97537476666668,172.8283027257474,172.8517047,696000
2023-01-17 12:15:00,172.8517047,173.00154406983637,172.90910154196183,172.9624733182118,399000
2023-01-17 12:20:00,172.9624733182118,173.25145159833747,173.08196074307773,173.1313174234587,463000
2023-01-17 12:25:00,173.1313174234587,173.14628009262282,172.9479111919081,173.01355507265254,1564000
2023-01-17 12:30:00,173.01355507265254,173.14213874811676,173.09750959013755,173.13216070282016,1052000
2023-01-17 12:35:00,173.13216070282016,173.21760897519405,173.1047229501376,173.1258294559693,1775000
2023-01-17 12:40:00,173.1258294559693,173.21509329317144,173.0133267984307,173.08943306274702,929000
2023-01-17 12:45:00,173.08943306274702,173.13069509610557,173.02390663333333,173.11755661056293,386000
2023-01-17 12:50:00,173.11755661056293,173.19709679733825,173.06223296650057,173.18566572986356,873000
2023-01-17 12:55:00,173.18566572986356,173.2006209500349,173.10085785339646,173.22588116666665,1664000
2023-01-17 13:00:00,173.22588116666665,173.25613866406184,173.07625283333334,173.14096435467724,1845000
2023-01-17 13:05:00,173.14096435467724,173.14776756666666,173.0595236401652,173.08132520677626,261000
2023-01-17 13:10:00,173.08132520677626,173.07635293333334,172.96859992423873,173.06835321107383,1601000
2023-01-17 13:15:00,173.06835321107383,173.05442832724873,172.9412442508373,172.98192872887415,1855000
2023-01-17 13:20:00,172.98192872887415,173.02897256666665,172.8920418397756,172.95654064964677,932000
2023-01-17 13:25:00,172.95654064964677,172.95405328887497,172.86370125070547,172.94806167326178,226000
2023-01-17 13:30:00,172.94806167326178,172.98564082622744,172.84101313967776,172.92864865692957,233000
2023-01-17 13:35:00,172.92864865692957,172.97968899323126,172.8509634378707,172.91660733333336,1550000
2023-01-17 13:40:00,172.91660733333336,173.02179692689884,172.92511073895736,172.98987609771802,1320000
2023-01-17 13:45:00,172.98987609771802,173.0092792071804,172.80608703699951,172.893124110232,508000
2023-01-17 13:50:00,172.893124110232,173.04743373333335,172.93490500000001,172.9877229212845,266000
2023-01-17 13:55:00,172.9877229212845,172.99642637856158,172.8740948458606,172.92380904141024,658000
2023-01-17 14:00:00,172.92380904141024,173.16355184277148,172.97216393545133,173.0993738238404,1653000
2023-01-17 14:05:00,173.0993738238404,173.22106586666666,173.06445672909408,173.12205508686338,709000
2023-01-17 14:10:00,173.12205508686338,173.29222996332848,173.12248694482344,173.1991088828119,850000
2023-01-17 14:15:00,173.1991088828119,173.20545049864538,173.0957742,173.1946148366237,1078000
2023-01-17 14:20:00,173.1946148366237,173.30404467905345,173.19295034392923,173.2298737390534,1310000
2023-01-17 14:25:00,173.2298737390534,173.19146892894236,173.0842745462656,173.1579855630265,772000
2023-01-17 14:30:00,173.1579855630265,173.08537782251594,172.97252622103593,173.05177530292247,1703000
2023-01-17 14:35:00,173.05177530292247,173.05355958783403,172.93620783333333,172.9961140077744,1687000
2023-01-17 14:40:00,172.9961140077744,173.26952190907096,173.0813040574536,173.19484840116928,1004000
2023-01-17 14:45:00,173.19484840116928,173.35551061745727,173.11967791178995,173.21538216666667,900000
2023-01-17 14:50:00,173.21538216666667,173.13190889515994,172.97921154195055,173.08959650630538,464000
2023-01-17 14:55:00,173.08959650630538,173.0063145080733,172.9348539306122,172.96316949697436,314000
2023-01-17 15:00:00,172.96316949697436,173.0754036968746,172.94009047192145,172.9558010701459,247000
2023-01-17 15:05:00,172.9558010701459,173.1619810893318,172.96482243333332,173.08731487096256,1900000
2023-01-17 15:10:00,173.08731487096256,173.19115216218958,173.05915244027858,173.1073117100561,233000
2023-01-17 15:15:00,173.1073117100561,172.9552229305502,172.85692362467015,172.88465570905518,1550000
2023-01-17 15:20:00,172.88465570905518,172.84503062603287,172.73860310857697,172.79477471013595,1693000
2023-01-17 15:25:00,172.79477471013595,172.95322280485095,172.7557480278116,172.91344997579273,1972000
2023-01-17 15:30:00,172.91344997579273,172.96440892819606,172.8684172990299,172.91153288762874,1373000
2023-01-17 15:35:00,172.91153288762874,173.00615427112044,172.83156149305944,172.9145821228532,1999000
2023-01-17 15:40:00,172.9145821228532,173.10153808472006,172.91966486363182,173.02119897995834,390000
2023-01-17 15:45:00,173.02119897995834,173.07499035281526,172.91082301874192,173.0073754305612,1104000
2023-01-17 15:50:00,173.0073754305612,173.09956579804017,173.01299903333333,173.08139453164543,1041000
2023-01-17 15:55:00,173.08139453164543,173.21785052190023,173.1113063,173.18341126156494,1571000
2023-01-17 16:00:00,173.18341126156494,173.2655476,173.0956812407846,173.20069446938606,1192000
2023-01-18 09:30:00,173.20069446938606,173.14070153333333,173.0257312324685,173.09623953846054,1589000
2023-01-18 09:35:00,173.09623953846054,173.14878995660376,173.07288209927415,173.08915919258212,304000
2023-01-18 09:40:00,173.08915919258212,173.06879873333335,172.88717269769663,173.00449078710255,306000
2023-01-18 09:45:00,173.00449078710255,172.90760216189472,172.77780249417012,172.86178800667025,282000
2023-01-18 09:50:00,172.86178800667025,172.81692948682436,172.7022295194587,172.72621672518983,1148000
2023-01-18 09:55:00,172.72621672518983,172.91766262602744,172.81040060486055,172.8140950420716,1914000
2023-01-18 10:00:00,172.8140950420716,172.88920389178685,172.73000750853083,172.8639824302385,1588000
2023-01-18 10:05:00,172.8639824302385,173.04766472307625,172.83503726436916,172.99253551352328,1092000
2023-01-18 10:10:00,172.99253551352328,173.0114216,172.88119966329214,172.9954917,1219000
2023-01-18 10:15:00,172.9954917,173.0894020224642,172.93776724653597,172.99325485227146,1710000
2023-01-18 10:20:00,172.99325485227146,172.97215473243804,172.78056837646088,172.8646562661532,253000
2023-01-18 10:25:00,172.8646562661532,172.98755409548994,172.8187738383434,172.88425640401525,1233000
2023-01-18 10:30:00,172.88425640401525,172.87314103397983,172.80973827182444,172.80084720252833,1222000
2023-01-18 10:35:00,172.80084720252833,172.82333809857442,172.75819693078876,172.7518301230473,1754000
2023-01-18 10:40:00,172.7518301230473,173.0049805287509,172.79707804064688,172.9141704207385,1898000
2023-01-18 10:45:00,172.9141704207385,172.84574571702015,172.65473753446938,172.76313254212036,1471000
2023-01-18 10:50:00,172.76313254212036,172.79380058586972,172.70113713489823,172.75224882499253,720000
2023-01-18 10:55:00,172.75224882499253,172.91227452865328,172.7856874208728,172.87231651208097,1002000
2023-01-18 11:00:00,172.87231651208097,173.0129773742124,172.7776011480008,172.9281750957833,928000
2023-01-18 11:05:00,172.9281750957833,172.99448736104975,172.80096396310643,172.82232008003584,1133000
2023-01-18 11:10:00,172.82232008003584,172.87784773471574,172.6995873689713,172.82556873057052,1070000
2023-01-18 11:15:00,172.82556873057052,172.9718008524263,172.84297886666667,172.8926352866686,1358000
2023-01-18 11:20:00,172.8926352866686,172.9529541107382,172.82711176666666,172.88172832688505,103000
2023-01-18 11:25:00,172.88172832688505,172.86416329722212,172.7506815739965,172.77086441626028,1240000
2023-01-18 11:30:00,172.77086441626028,172.95996227998236,172.7970016666667,172.94345636666668,1879000
2023-01-18 11:35:00,172.94345636666668,172.94477535796943,172.8949838133054,172.98514604688722,103000
2023-01-18 11:40:00,172.98514604688722,172.93949993993,172.75111938352828,172.90801825779917,927000
2023-01-18 11:45:00,172.90801825779917,173.00614179803407,172.8839024987927,172.96824302162184,1764000
2023-01-18 11:50:00,172.96824302162184,173.07490927560895,172.9176437130262,172.91900225524242,1409000
2023-01-18 11:55:00,172.91900225524242,173.0574587,172.83824145684014,172.97750843333333,1959000
2023-01-18 12:00:00,172.97750843333333,173.0698955219614,172.94292200571596,172.96627124008856,1468000
2023-01-18 12:05:00,172.96627124008856,172.81717037787513,172.68340713408642,172.86258863988425,576000
2023-01-18 12:10:00,172.86258863988425,172.91228113333332,172.66056448347982,172.78907154540175,1479000
2023-01-18 12:15:00,172.78907154540175,172.8673701945614,172.66589051387623,172.73069504201248,1349000
2023-01-18 12:20:00,172.73069504201248,172.72306079572638,172.58117607979827,172.6224877155165,1374000
2023-01-18 12:25:00,172.6224877155165,172.73075474164773,172.52037265977424,172.64370187631707,1723000
2023-01-18 12:30:00,172.64370187631707,172.67702893245126,172.4951575729138,172.58348323333334,147000
2023-01-18 12:35:00,172.58348323333334,172.62199937948992,172.47637818059536,172.5414743104887,334000
2023-01-18 12:40:00,172.5414743104887,172.61665529424874,172.56862375371492,172.60345741097552,156000
2023-01-18 12:45:00,172.60345741097552,172.59905580095673,172.51106260131732,172.55048920355492,890000
2023-01-18 12:50:00,172.55048920355492,172.62474752148282,172.47065569893894,172.57239570559113,1493000
2023-01-18 12:55:00,172.57239570559113,172.64867234391457,172.5794610279268,172.60399906098215,843000
2023-01-18 13:00:00,172.60399906098215,172.79496129831577,172.62184403507914,172.68523196666666,1950000
2023-01-18 13:05:00,172.68523196666666,172.88353428607985,172.70616651546231,172.75953726694362,707000
2023-01-18 13:10:00,172.75953726694362,172.79122385924077,172.6271103464813,172.72067637750578,1609000
2023-01-18 13:15:00,172.72067637750578,172.79708663333335,172.5934651381871,172.73169839390218,1722000
2023-01-18 13:20:00,172.73169839390218,172.8288687089068,172.70291607776284,172.79893783445024,1577000
2023-01-18 13:25:00,172.79893783445024,172.7277093,172.61748373333333,172.70021294896372,892000
2023-01-18 13:30:00,172.70021294896372,172.69718093333333,172.56690759914036,172.6202565830822,1513000
2023-01-18 13:35:00,172.6202565830822,172.65897559537706,172.5432779964236,172.51163573333332,1913000
2023-01-18 13:40:00,172.51163573333332,172.7545343921026,172.6064371272303,172.69366595131743,454000
2023-01-18 13:45:00,172.69366595131743,172.75635233527453,172.5975070661348,172.6421737695115,1284000
2023-01-18 13:50:00,172.6421737695115,172.68273886736796,172.52490708077812,172.52769736666667,402000
2023-01-18 13:55:00,172.52769736666667,172.57311875543272,172.46833841435895,172.5602723162321,587000
2023-01-18 14:00:00,172.5602723162321,172.67393899324665,172.56281925784126,172.6192769006328,1640000
2023-01-18 14:05:00,172.6192769006328,172.690173,172.53212228519075,172.60807389331757,626000
2023-01-18 14:10:00,172.60807389331757,172.77979436270147,172.56868164539313,172.66493897068605,1078000
2023-01-18 14:15:00,172.66493897068605,172.97137916666668,172.81352443333333,172.85314180700428,1925000
2023-01-18 14:20:00,172.85314180700428,173.00534036555345,172.8469192389481,172.9244415399724,1492000
2023-01-18 14:25:00,172.9244415399724,173.076249510909,172.9628842859738,173.0439772,1040000
2023-01-18 14:30:00,173.0439772,173.3321363586507,173.17582953692005,173.25684703742527,1354000
2023-01-18 14:35:00,173.25684703742527,173.40977851145414,173.21505229441448,173.30274048921504,1674000
2023-01-18 14:40:00,173.30274048921504,173.40482473333336,173.23852122594943,173.26179732512452,1325000
2023-01-18 14:45:00,173.26179732512452,173.36053165690026,173.12838290536723,173.28090733333332,1623000
2023-01-18 14:50:00,173.28090733333332,173.3999138,173.21226133919572,173.3467412959781,663000
2023-01-18 14:55:00,173.3467412959781,173.32383911446357,173.18948052271688,173.2515269837474,1061000
2023-01-18 15:00:00,173.2515269837474,173.15178101702065,172.97720848277993,173.06552926666666,1537000
2023-01-18 15:05:00,173.06552926666666,173.04742089164492,173.01322363333333,173.03866949210814,1624000
2023-01-18 15:10:00,173.03866949210814,173.14499025972705,173.00762546666667,173.11656480000002,1630000
2023-01-18 15:15:00,173.11656480000002,173.16249675897365,173.0405795653435,173.20451680145413,1328000
2023-01-18 15:20:00,173.20451680145413,173.23865356522876,173.08656618218555,173.17284697725194,443000
2023-01-18 15:25:00,173.17284697725194,173.34492433097404,173.12123569813468,173.24584308599074,1192000
2023-01-18 15:30:00,173.24584308599074,173.39465184532293,173.21193350953973,173.30105641019023,800000
2023-01-18 15:35:00,173.30105641019023,173.4161074585925,173.23355886666667,173.32169111766015,401000
2023-01-18 15:40:00,173.32169111766015,173.33353265145516,173.1814353326077,173.29663425822395,1975000
2023-01-18 15:45:00,173.29663425822395,173.47867360005623,173.3616784997071,173.38682173333333,362000
2023-01-18 15:50:00,173.38682173333333,173.5567824642769,173.40430792233263,173.4205050160402,981000
2023-01-18 15:55:00,173.4205050160402,173.4852373306642,173.33878531935997,173.36941404356511,1478000
2023-01-18 16:00:00,173.36941404356511,173.51564992323256,173.36862696813702,173.5040054248412,1350000
2023-01-19 09:30:00,173.5040054248412,173.5122319815255,173.31711380555862,173.4626558051399,493000
2023-01-19 09:35:00,173.4626558051399,173.5234796318558,173.35841045004477,173.43930343576753,1249000
2023-01-19 09:40:00,173.43930343576753,173.61483626666669,173.43064550237688,173.53086040486605,1260000
2023-01-19 09:45:00,173.53086040486605,173.51973138010212,173.42631824210295,173.48218506666666,380000
2023-01-19 09:50:00,173.48218506666666,173.5971758226725,173.46030010224828,173.5121933231685,1586000
2023-01-19 09:55:00,173.5121933231685,173.60812433333334,173.48052202892487,173.5808674,572000
2023-01-19 10:00:00,173.5808674,173.50149014047125,173.38442799999999,173.5103526608799,1400000
2023-01-19 10:05:00,173.5103526608799,173.53356899325993,173.43035416375082,173.4596304,905000
2023-01-19 10:10:00,173.4596304,173.68063645664745,173.54013767868042,173.6515439027067,367000
2023-01-19 10:15:00,173.6515439027067,173.70322347751346,173.51254052776775,173.58807290702495,818000
2023-01-19 10:20:00,173.58807290702495,173.7078867493675,173.61796541953615,173.68348525592725,113000
2023-01-19 10:25:00,173.68348525592725,173.7837550711512,173.64612919589135,173.59692435815595,314000
2023-01-19 10:30:00,173.59692435815595,173.78830270038785,173.64271456292542,173.76844044385427,1190000
2023-01-19 10:35:00,173.76844044385427,173.73182914079828,173.6471248348786,173.66472325295817,1786000
2023-01-19 10:40:00,173.66472325295817,173.83297703333335,173.64378535939605,173.76231609829802,983000
2023-01-19 10:45:00,173.76231609829802,173.97711215645347,173.7937374008528,173.89527585311544,330000
2023-01-19 10:50:00,173.89527585311544,173.89942643018398,173.77544559999998,173.8996558189178,1935000
2023-01-19 10:55:00,173.8996558189178,174.02165548609443,173.89151749833746,173.92284214515482,1918000
2023-01-19 11:00:00,173.92284214515482,174.0522140772074,173.88157785285594,173.9983279555885,1164000
2023-01-19 11:05:00,173.9983279555885,173.91366677817285,173.78294834277827,173.82135018600385,857000
2023-01-19 11:10:00,173.82135018600385,173.96545947892054,173.81261351046913,173.89723160408482,132000
2023-01-19 11:15:00,173.89723160408482,173.8608494358515,173.6436974916425,173.73722510000002,1339000
2023-01-19 11:20:00,173.73722510000002,173.95159831753003,173.7137351206742,173.7703881928035,739000
2023-01-19 11:25:00,173.7703881928035,173.91699256100804,173.76560328400637,173.85028811743268,371000
2023-01-19 11:30:00,173.85028811743268,173.81677904627574,173.71934586276709,173.80209278505606,671000
2023-01-19 11:35:00,173.80209278505606,173.7102450451253,173.56986387094793,173.64744125733282,878000
2023-01-19 11:40:00,173.64744125733282,173.68953415994247,173.57380849605204,173.68161247487157,154000
2023-01-19 11:45:00,173.68161247487157,173.94610257951413,173.81189355764056,173.86523597521898,438000
2023-01-19 11:50:00,173.86523597521898,174.0671215335821,173.95510952688485,174.0137765417184,102000
2023-01-19 11:55:00,174.0137765417184,174.1050087734257,173.98918424192627,174.0438146622404,756000
2023-01-19 12:00:00,174.0438146622404,174.18678617823448,173.98208359488052,174.11543746666666,703000
2023-01-19 12:05:00,174.11543746666666,174.23214231610655,174.01833670821873,174.10956565834326,1783000
2023-01-19 12:10:00,174.10956565834326,174.1268367960358,174.01937611065782,174.0608106689879,1893000
2023-01-19 12:15:00,174.0608106689879,174.0472414568297,173.98874285742556,173.97186251939323,1976000
2023-01-19 12:20:00,173.97186251939323,174.15161955643237,174.01850145425797,174.1131648867246,865000
2023-01-19 12:25:00,174.1131648867246,174.13003360941713,174.01575821628288,174.01506573485784,1261000
2023-01-19 12:30:00,174.01506573485784,174.2106245061341,174.14513020814914,174.13701891688697,1806000
2023-01-19 12:35:00,174.13701891688697,174.10778930984085,173.9669711726426,174.04038466515513,1275000
2023-01-19 12:40:00,174.04038466515513,174.09732563712225,173.97454976644696,173.9942287987641,514000
2023-01-19 12:45:00,173.9942287987641,174.20631493333335,174.06330561795045,174.16801083333334,148000
2023-01-19 12:50:00,174.16801083333334,174.1815081915529,174.0133324472764,174.07832247722692,406000
2023-01-19 12:55:00,174.07832247722692,174.14589442530072,173.96554046666668,174.07106466481022,394000
2023-01-19 13:00:00,174.07106466481022,174.19863330517674,174.0495722,174.10470879961886,1428000
2023-01-19 13:05:00,174.10470879961886,174.2422624470544,174.2097405528054,174.24360429489187,217000
2023-01-19 13:10:00,174.24360429489187,174.35070729803698,174.25178579696416,174.2411440718798,161000
2023-01-19 13:15:00,174.2411440718798,174.3202850062532,174.2213173,174.23683407900077,1849000
2023-01-19 13:20:00,174.23683407900077,174.45072264843617,174.2532437,174.3949835309168,1563000
2023-01-19 13:25:00,174.3949835309168,174.4209672172161,174.36869743974373,174.41093411792795,1527000
2023-01-19 13:30:00,174.41093411792795,174.57797112816064,174.46475262869296,174.49630628982894,162000
2023-01-19 13:35:00,174.49630628982894,174.76462617126163,174.6261116575764,174.72458541518503,566000
2023-01-19 13:40:00,174.72458541518503,174.8911106370037,174.65919525903894,174.79410741227704,1347000
2023-01-19 13:45:00,174.79410741227704,174.8015065555915,174.57270889401926,174.69546625316696,285000
2023-01-19 13:50:00,174.69546625316696,174.8598165243981,174.7658952443029,174.7813326688348,789000
2023-01-19 13:55:00,174.7813326688348,174.86215836777603,174.73523165154413,174.78759313430717,1388000
2023-01-19 14:00:00,174.78759313430717,174.87874015161324,174.7837859712011,174.81571913333335,1710000
2023-01-19 14:05:00,174.81571913333335,174.89673370773744,174.7544680118516,174.81762566674055,1144000
2023-01-19 14:10:00,174.81762566674055,174.82831583333333,174.78216808714276,174.84513758707348,374000
2023-01-19 14:15:00,174.84513758707348,174.87754223333334,174.74480136666668,174.73965907257116,1657000
2023-01-19 14:20:00,174.73965907257116,174.65424803729294,174.57281821405454,174.56599906666668,717000
2023-01-19 14:25:00,174.56599906666668,174.69857690233002,174.53873897605936,174.61016130000002,1407000
2023-01-19 14:30:00,174.61016130000002,174.73348013646728,174.55955716232174,174.6299198368797,1862000
2023-01-19 14:35:00,174.6299198368797,174.6942838836953,174.56269206666667,174.62332518549903,1294000
2023-01-19 14:40:00,174.62332518549903,174.69838080624913,174.547155425885,174.56832992617598,298000
2023-01-19 14:45:00,174.56832992617598,174.72985002717877,174.55370240773573,174.59831178370848,1223000
2023-01-19 14:50:00,174.59831178370848,174.63726916504842,174.5149136613398,174.5470205537209,1318000
2023-01-19 14:55:00,174.5470205537209,174.57880419120744,174.39789473270582,174.50046585905008,225000
2023-01-19 15:00:00,174.50046585905008,174.57433043146094,174.4901343393614,174.53808003333333,1628000
2023-01-19 15:05:00,174.53808003333333,174.6349614965173,174.46116568153494,174.5358595903143,715000
2023-01-19 15:10:00,174.5358595903143,174.63482873421424,174.50965760879524,174.63161983333333,1585000
2023-01-19 15:15:00,174.63161983333333,174.63217214395436,174.53406737704194,174.5950422419879,1020000
2023-01-19 15:20:00,174.5950422419879,174.78770885415543,174.65843104907916,174.68514784681437,204000
2023-01-19 15:25:00,174.68514784681437,174.70549289435607,174.51308372255016,174.55680778062657,307000
2023-01-19 15:30:00,174.55680778062657,174.6900929743534,174.48435074993012,174.63335748669093,758000
2023-01-19 15:35:00,174.63335748669093,174.77079940641025,174.54414170866235,174.58879929926465,1277000
2023-01-19 15:40:00,174.58879929926465,174.83527386666668,174.5922777565924,174.6919758,1845000
2023-01-19 15:45:00,174.6919758,174.71949570520061,174.59148622694354,174.63901641102484,834000
2023-01-19 15:50:00,174.63901641102484,174.95421520889795,174.78773640454637,174.79401640766716,1029000
2023-01-19 15:55:00,174.79401640766716,174.9017005000061,174.79260353333333,174.82875117658108,843000
2023-01-19 16:00:00,174.82875117658108,174.85497010303328,174.81236999625648,174.86348062320997,326000
2023-01-20 09:30:00,174.86348062320997,175.0174456145812,174.8010940181662,174.86276766153296,1633000
2023-01-20 09:35:00,174.86276766153296,175.11582900288494,174.92276849970025,175.07423934184868,856000
2023-01-20 09:40:00,175.07423934184868,175.1035327260242,174.9871978766607,175.04215830583246,1387000
2023-01-20 09:45:00,175.04215830583246,175.2441106656599,175.0995102981574,175.12855839828165,881000
2023-01-20 09:50:00,175.12855839828165,175.18873143442121,175.00764991228405,175.12848356666666,1671000
2023-01-20 09:55:00,175.12848356666666,175.355613681648,175.14473156666665,175.28240793948143,1507000
2023-01-20 10:00:00,175.28240793948143,175.34084714708678,175.1638625004938,175.25021450076432,1516000
2023-01-20 10:05:00,175.25021450076432,175.37860461647728,175.2255500753569,175.30255146373304,1573000
2023-01-20 10:10:00,175.30255146373304,175.31080102330944,175.21436882041513,175.26415897482747,571000
2023-01-20 10:15:00,175.26415897482747,175.38184476666666,175.2495884794815,175.2649823003594,1822000
2023-01-20 10:20:00,175.2649823003594,175.23784043333333,175.11571888797187,175.18978593001137,506000
2023-01-20 10:25:00,175.18978593001137,175.31919107055043,175.16770155239564,175.20088488466084,622000
2023-01-20 10:30:00,175.20088488466084,175.34218463360043,175.17619370093544,175.2028642880786,221000
2023-01-20 10:35:00,175.2028642880786,175.17943774490917,175.09546803333333,175.22087143333334,563000
2023-01-20 10:40:00,175.22087143333334,175.2073802931537,174.9665834333333,175.13598927367272,1381000
2023-01-20 10:45:00,175.13598927367272,174.99758736224405,174.80533389411963,174.92509380165964,1813000
2023-01-20 10:50:00,174.92509380165964,174.96173737994923,174.70093814967228,174.8753972629873,626000
2023-01-20 10:55:00,174.8753972629873,174.95368423333332,174.70882054256677,174.7963854301887,1267000
2023-01-20 11:00:00,174.7963854301887,175.0261751373432,174.87658268313874,174.92913204607123,1049000
2023-01-20 11:05:00,174.92913204607123,174.9675683088381,174.8484498170529,174.881125,1478000
2023-01-20 11:10:00,174.881125,175.01782509281097,174.7959023751879,174.89950641862788,1795000
2023-01-20 11:15:00,174.89950641862788,175.00853379560473,174.86312182209952,175.04547714828718,657000
2023-01-20 11:20:00,175.04547714828718,175.0977078948198,174.95521548875243,175.07948068289565,1874000
2023-01-20 11:25:00,175.07948068289565,175.23627348550005,175.02628481627158,175.07669191829078,850000
2023-01-20 11:30:00,175.07669191829078,175.1812989307809,175.02068751329338,175.0933574088564,589000
2023-01-20 11:35:00,175.0933574088564,175.1879242767501,175.04716125954383,175.1096885894395,1993000
2023-01-20 11:40:00,175.1096885894395,175.24646369911454,175.0175414555222,175.16452940398656,1841000
2023-01-20 11:45:00,175.16452940398656,175.3419613679881,175.19274940487546,175.24992243085018,631000
2023-01-20 11:50:00,175.24992243085018,175.48576139417327,175.29853522059892,175.34760915895842,487000
2023-01-20 11:55:00,175.34760915895842,175.6920391,175.49826559264287,175.5992181004509,1552000
2023-01-20 12:00:00,175.5992181004509,175.74001402546526,175.63827421800076,175.7247314210436,435000
2023-01-20 12:05:00,175.7247314210436,175.7216812050692,175.5859761024752,175.71331676030206,795000
2023-01-20 12:10:00,175.71331676030206,175.72385553043148,175.5365912388265,175.63594753906546,627000
2023-01-20 12:15:00,175.63594753906546,175.76391934740857,175.54651406767877,175.67424675308658,1018000
2023-01-20 12:20:00,175.67424675308658,175.87455143647193,175.64165604473524,175.77808829504343,1297000
2023-01-20 12:25:00,175.77808829504343,175.60092141563413,175.4574073803795,175.56082903620657,1973000
2023-01-20 12:30:00,175.56082903620657,175.5683634,175.33245813333332,175.42852342932827,100000
2023-01-20 12:35:00,175.42852342932827,175.43098018625068,175.28052854896163,175.37216273333334,563000
2023-01-20 12:40:00,175.37216273333334,175.3781338358075,175.22373796935116,175.3250561870381,1592000
2023-01-20 12:45:00,175.3250561870381,175.29407417581243,175.11721877994407,175.20001788198164,1300000
2023-01-20 12:50:00,175.20001788198164,175.35184245698494,175.15418585927864,175.25267472558363,480000
2023-01-20 12:55:00,175.25267472558363,175.42454320414612,175.2319962662754,175.39034718072824,1574000
2023-01-20 13:00:00,175.39034718072824,175.42242457561494,175.28301037638587,175.35181604351558,1346000
2023-01-20 13:05:00,175.35181604351558,175.2539445827347,175.18384658751907,175.24283738817948,415000
2023-01-20 13:10:00,175.24283738817948,175.27655430179007,175.14371840084166,175.21909101055658,739000
2023-01-20 13:15:00,175.21909101055658,175.2567132311519,175.04769189950173,175.13806252657517,1153000
2023-01-20 13:20:00,175.13806252657517,175.11196068603027,174.9543005932242,175.0610611259303,1397000
2023-01-20 13:25:00,175.0610611259303,175.21399140658306,175.12266451704178,175.1346659803717,1209000
2023-01-20 13:30:00,175.1346659803717,175.37142897140404,175.1782393474609,175.2544889488748,1481000
2023-01-20 13:35:00,175.2544889488748,175.26417252815392,175.1715760373394,175.23172185234094,170000
2023-01-20 13:40:00,175.23172185234094,175.36719943982814,175.2047488067049,175.29918778722896,1792000
2023-01-20 13:45:00,175.29918778722896,175.3111505801345,175.17912324263162,175.2043517744547,1474000
2023-01-20 13:50:00,175.2043517744547,175.32224795751316,175.2180850255691,175.23711799031287,1055000
2023-01-20 13:55:00,175.23711799031287,175.32720094462215,175.09148729315217,175.2291915968726,841000
2023-01-20 14:00:00,175.2291915968726,175.20175514328318,175.05304818085273,175.12685405090795,1738000
2023-01-20 14:05:00,175.12685405090795,175.08855091885053,174.9970898,175.02382390321822,120000
2023-01-20 14:10:00,175.02382390321822,175.1463132733665,175.01225526755664,175.06122833333333,1130000
2023-01-20 14:15:00,175.06122833333333,175.0812340687851,174.88861849582787,174.95098381023817,225000
2023-01-20 14:20:00,174.95098381023817,175.01757432478723,174.8905389597311,174.98636384931544,708000
2023-01-20 14:25:00,174.98636384931544,175.1350591407581,174.95401420776787,174.94771699628052,157000
2023-01-20 14:30:00,174.94771699628052,175.1073567641046,174.95584007193102,175.0115932104662,1318000
2023-01-20 14:35:00,175.0115932104662,174.9584312393792,174.7474166144034,174.91941773333335,651000
2023-01-20 14:40:00,174.91941773333335,174.937934,174.7726758117127,174.8401760400047,211000
2023-01-20 14:45:00,174.8401760400047,174.93214911726116,174.84242539429624,174.9456700321515,729000
2023-01-20 14:50:00,174.9456700321515,174.8894814140293,174.68560819828457,174.84874373309165,334000
2023-01-20 14:55:00,174.84874373309165,174.95470776417915,174.8120071021578,174.93012124194294,714000
2023-01-20 15:00:00,174.93012124194294,175.0202137293633,174.87154300568545,174.95221504385583,1271000
2023-01-20 15:05:00,174.95221504385583,175.02483087662947,174.95500084424563,174.98692056666667,1692000
2023-01-20 15:10:00,174.98692056666667,175.0925962967476,174.97371811241746,175.0707073483208,573000
2023-01-20 15:15:00,175.0707073483208,175.1635138330048,174.9602221838394,175.05750917669002,910000
2023-01-20 15:20:00,175.05750917669002,175.21530756108675,175.03874298732708,175.16076521815611,1719000
2023-01-20 15:25:00,175.16076521815611,175.16926351862446,175.07270729626615,175.15611505272088,373000
2023-01-20 15:30:00,175.15611505272088,175.24125731212973,175.11605858878156,175.11693493394088,1732000
2023-01-20 15:35:00,175.11693493394088,175.38972207620446,175.21306787534004,175.30610964566796,1192000
2023-01-20 15:40:00,175.30610964566796,175.24119726229713,175.12360231391412,175.22237283333334,147000
2023-01-20 15:45:00,175.22237283333334,175.2913211229576,175.15039349068724,175.19995498796297,1406000
2023-01-20 15:50:00,175.19995498796297,175.15892741331226,175.12433029965612,175.1754992974776,1886000
2023-01-20 15:55:00,175.1754992974776,175.12296723333333,174.9590810669864,175.12184919999999,1657000
2023-01-20 16:00:00,175.12184919999999,175.21859269851285,175.1553037378252,175.1631163792509,354000
2023-01-23 09:30:00,175.1631163792509,175.18785738786485,174.97270851424224,175.0549753572274,719000
2023-01-23 09:35:00,175.0549753572274,175.19677080684764,175.02386350453622,175.09461899079258,1293000
2023-01-23 09:40:00,175.09461899079258,175.31089574110715,175.1190345714671,175.2295212029616,804000
2023-01-23 09:45:00,175.2295212029616,175.30455717251377,175.1274991993417,175.21181196593696,467000
2023-01-23 09:50:00,175.21181196593696,175.4160983573819,175.27175056666667,175.2851027474736,497000
2023-01-23 09:55:00,175.2851027474736,175.53270178844573,175.3222403961446,175.37699434583615,745000
2023-01-23 10:00:00,175.37699434583615,175.48522346106813,175.2629454044519,175.3550715571097,889000
2023-01-23 10:05:00,175.3550715571097,175.5297065914031,175.3450303,175.39658606666666,1882000
2023-01-23 10:10:00,175.39658606666666,175.39994243878107,175.28350659134813,175.366301,1119000
2023-01-23 10:15:00,175.366301,175.3316993341162,175.23162030377384,175.2894893908712,1463000
2023-01-23 10:20:00,175.2894893908712,175.35549480694544,175.22257906971478,175.2386160578943,1604000
2023-01-23 10:25:00,175.2386160578943,175.45447583333333,175.26172776756658,175.38403869626126,1379000
2023-01-23 10:30:00,175.38403869626126,175.36840429815157,175.27068682833362,175.35892032616485,916000
2023-01-23 10:35:00,175.35892032616485,175.39733375024608,175.24415831238215,175.3825561220507,897000
2023-01-23 10:40:00,175.3825561220507,175.39088430985376,175.1476021450711,175.29069090329236,1641000
2023-01-23 10:45:00,175.29069090329236,175.43356597665908,175.24859462214593,175.3236832840495,1305000
2023-01-23 10:50:00,175.3236832840495,175.44548287981215,175.2899362843447,175.39805357664878,1221000
2023-01-23 10:55:00,175.39805357664878,175.45641784449236,175.2316041448999,175.33794304598305,264000
2023-01-23 11:00:00,175.33794304598305,175.19217954153024,175.0739274406599,175.136072363841,126000
2023-01-23 11:05:00,175.136072363841,175.25580363023417,175.06781674385053,175.17156416053774,994000
2023-01-23 11:10:00,175.17156416053774,175.30867880118953,175.16606932569186,175.17671950000002,1554000
2023-01-23 11:15:00,175.17671950000002,175.27276364971704,175.05649310639163,175.20676081020082,1377000
2023-01-23 11:20:00,175.20676081020082,175.22601934646707,175.12514901309024,175.1894438614535,1965000
2023-01-23 11:25:00,175.1894438614535,175.24002234466997,175.12253470601547,175.24787906666668,1408000
2023-01-23 11:30:00,175.24787906666668,175.2707469482386,175.0686671066911,175.12423678648048,613000
2023-01-23 11:35:00,175.12423678648048,175.11408663524983,175.0331157899303,175.08097534641186,1430000
2023-01-23 11:40:00,175.08097534641186,175.27739617999652,175.06201680128336,175.14406202155493,1365000
2023-01-23 11:45:00,175.14406202155493,175.16263546396723,175.0510098072151,175.0977306762055,472000
2023-01-23 11:50:00,175.0977306762055,175.05082510768165,174.86728405785846,174.9789678803764,1424000
2023-01-23 11:55:00,174.9789678803764,175.043511,175.0077239787342,174.98735814790973,145000
2023-01-23 12:00:00,174.98735814790973,175.04195992874827,174.83930480900852,174.90519671202253,682000
2023-01-23 12:05:00,174.90519671202253,174.96998931380318,174.76110604049705,174.9317637,944000
2023-01-23 12:10:00,174.9317637,175.07700194874982,174.90077010380895,175.0341485468272,1718000
2023-01-23 12:15:00,175.0341485468272,175.25935501090547,175.02969673233807,175.1526809708294,1900000
2023-01-23 12:20:00,175.1526809708294,175.3001810467845,175.19823721647415,175.23949415776102,496000
2023-01-23 12:25:00,175.23949415776102,175.3432274858421,175.25727642531737,175.3368647912508,453000
2023-01-23 12:30:00,175.3368647912508,175.48914112306375,175.3237439623535,175.39292993335664,1361000
2023-01-23 12:35:00,175.39292993335664,175.67911443890023,175.49751083663804,175.55657599842496,1884000
2023-01-23 12:40:00,175.55657599842496,175.7765463782633,175.61205793649853,175.6330253425919,1163000
2023-01-23 12:45:00,175.6330253425919,175.68274586407915,175.57973717601246,175.70071086167172,1353000
2023-01-23 12:50:00,175.70071086167172,175.7948796510571,175.6585363845252,175.7154667375187,1026000
2023-01-23 12:55:00,175.7154667375187,175.77700288794716,175.6655936969207,175.66984972945238,1193000
2023-01-23 13:00:00,175.66984972945238,175.82329397518578,175.61850342879993,175.7085298622962,420000
2023-01-23 13:05:00,175.7085298622962,175.79907979946987,175.7168686657299,175.73433570544393,211000
2023-01-23 13:10:00,175.73433570544393,175.80969838782278,175.6748408115424,175.73960925109935,1397000
2023-01-23 13:15:00,175.73960925109935,175.7682195785097,175.58628081085374,175.73461435839215,1086000
2023-01-23 13:20:00,175.73461435839215,175.8326985863288,175.73682962509056,175.80984854309315,1650000
2023-01-23 13:25:00,175.80984854309315,175.81139786666665,175.6217188367584,175.71567381622657,1331000
2023-01-23 13:30:00,175.71567381622657,175.878701,175.6878536217327,175.77146925174307,336000
2023-01-23 13:35:00,175.77146925174307,175.7187374623974,175.58086635232016,175.68561505765607,1589000
2023-01-23 13:40:00,175.68561505765607,175.57890517438855,175.3882628078973,175.53441557702618,973000
2023-01-23 13:45:00,175.53441557702618,175.61103795661373,175.55298536666666,175.57802871511723,1209000
2023-01-23 13:50:00,175.57802871511723,175.8076963537089,175.63108936275987,175.6506578,142000
2023-01-23 13:55:00,175.6506578,175.79037401357775,175.63491633264528,175.67270923691652,578000
2023-01-23 14:00:00,175.67270923691652,175.80284486463947,175.65355481572163,175.66654802244545,903000
2023-01-23 14:05:00,175.66654802244545,175.69759883834803,175.56758027095577,175.6348000609285,1274000
2023-01-23 14:10:00,175.6348000609285,175.67129929834445,175.57126625278997,175.65523091784107,1109000
2023-01-23 14:15:00,175.65523091784107,175.70985453333333,175.57038947301356,175.6338263484922,1798000
2023-01-23 14:20:00,175.6338263484922,175.76014470580097,175.5001228,175.63496540021578,1762000
2023-01-23 14:25:00,175.63496540021578,175.7313845689388,175.57268047290503,175.59517521324008,1231000
2023-01-23 14:30:00,175.59517521324008,175.66530095233196,175.56227709701807,175.59275545142407,1455000
2023-01-23 14:35:00,175.59275545142407,175.8421028007311,175.73076703992564,175.78930229748684,1909000
2023-01-23 14:40:00,175.78930229748684,175.8436914587948,175.72847045055383,175.81372946754783,175000
2023-01-23 14:45:00,175.81372946754783,175.88639662999222,175.73509930980205,175.8456443793119,1164000
2023-01-23 14:50:00,175.8456443793119,175.84027943975207,175.76343901150045,175.7339979668179,1658000
2023-01-23 14:55:00,175.7339979668179,175.86244023298494,175.65326143878877,175.7643112863091,1690000
2023-01-23 15:00:00,175.7643112863091,175.70607890769782,175.5318741664483,175.64501188889628,1033000
2023-01-23 15:05:00,175.64501188889628,175.83808932245455,175.65832890620473,175.7398337594024,103000
2023-01-23 15:10:00,175.7398337594024,175.72812091554573,175.61735297042938,175.70048077595075,367000
2023-01-23 15:15:00,175.70048077595075,175.58397585079553,175.51128666219785,175.56262573578323,412000
2023-01-23 15:20:00,175.56262573578323,175.65725629113552,175.45745896418975,175.5306012120835,960000
2023-01-23 15:25:00,175.5306012120835,175.65743555265888,175.5172032722916,175.55672279740807,1744000
2023-01-23 15:30:00,175.55672279740807,175.7408006709412,175.60502370648925,175.71352138322376,1401000
2023-01-23 15:35:00,175.71352138322376,175.80581636210547,175.61063354926276,175.74123266666666,843000
2023-01-23 15:40:00,175.74123266666666,175.85370918815792,175.67836358670988,175.7704734,221000
2023-01-23 15:45:00,175.7704734,175.99471649640913,175.8379111133184,175.88340808529765,440000
2023-01-23 15:50:00,175.88340808529765,175.9980554578095,175.8518993755837,175.92053629085697,1923000
2023-01-23 15:55:00,175.92053629085697,175.97417148965414,175.74902206313953,175.80617679697008,1982000
2023-01-23 16:00:00,175.80617679697008,175.90370893333332,175.8589918510867,175.85904533562717,1512000
2023-01-24 09:30:00,175.85904533562717,175.86585218016938,175.71502200088761,175.78927656210175,1567000
2023-01-24 09:35:00,175.78927656210175,175.96004717986327,175.85992115974858,175.8850257989344,946000
2023-01-24 09:40:00,175.8850257989344,176.09533691834005,175.8804178138941,176.01795147374176,1361000
2023-01-24 09:45:00,176.01795147374176,176.0401044071456,175.8234148906865,175.97733506666665,477000
2023-01-24 09:50:00,175.97733506666665,176.0478964456832,175.8907855550079,175.9788633645475,1141000
2023-01-24 09:55:00,175.9788633645475,175.9845209256135,175.8913379451721,175.90275868150988,1735000
2023-01-24 10:00:00,175.90275868150988,175.8219972,175.68074453333332,175.7117855333333,1439000
2023-01-24 10:05:00,175.7117855333333,175.91049966997517,175.76772061325136,175.78855388640625,1740000
2023-01-24 10:10:00,175.78855388640625,175.8280683325558,175.74248037431843,175.76093928604885,1551000
2023-01-24 10:15:00,175.76093928604885,175.7845185262166,175.67297717982004,175.79959313333333,1288000
2023-01-24 10:20:00,175.79959313333333,175.82472370238673,175.7160030431118,175.7619411061433,1988000
2023-01-24 10:25:00,175.7619411061433,175.87238919361852,175.71591299843146,175.79530632466577,821000
2023-01-24 10:30:00,175.79530632466577,175.7252733358376,175.6281805005473,175.70461852510485,1623000
2023-01-24 10:35:00,175.70461852510485,175.7812754081015,175.64285165667752,175.69370572717705,146000
2023-01-24 10:40:00,175.69370572717705,175.82374320561243,175.63164600264597,175.70668508686478,849000
2023-01-24 10:45:00,175.70668508686478,175.90229990226453,175.75524110371805,175.8426441288931,301000
2023-01-24 10:50:00,175.8426441288931,176.1142554977782,175.91730637710214,175.98518382266414,223000
2023-01-24 10:55:00,175.98518382266414,175.90649787658222,175.73374734555344,175.86895060681263,196000
2023-01-24 11:00:00,175.86895060681263,175.84858680029805,175.70995154763327,175.7993615482219,819000
2023-01-24 11:05:00,175.7993615482219,175.9123396901415,175.70713960200908,175.79326914574798,814000
2023-01-24 11:10:00,175.79326914574798,175.97436009076594,175.77515742280497,175.89263962277937,1058000
2023-01-24 11:15:00,175.89263962277937,175.99694253447748,175.81750156782738,175.92008534414188,583000
2023-01-24 11:20:00,175.92008534414188,176.05150931587153,175.97353085985085,176.04258413333335,649000
2023-01-24 11:25:00,176.04258413333335,176.01040265434483,175.83890257814355,175.91045982460292,1077000
2023-01-24 11:30:00,175.91045982460292,175.9603216956756,175.76687296330073,175.89005819204976,277000
2023-01-24 11:35:00,175.89005819204976,176.09085064963773,175.92493653333335,175.97513623333333,1550000
2023-01-24 11:40:00,175.97513623333333,175.96915316043663,175.79412867607505,175.95056052557405,1886000
2023-01-24 11:45:00,175.95056052557405,175.72395954110922,175.58144933365537,175.68507787736652,1833000
2023-01-24 11:50:00,175.68507787736652,175.7024365356689,175.56495962067774,175.6703033470443,1811000
2023-01-24 11:55:00,175.6703033470443,175.77252709794672,175.57884666189372,175.70814660025752,1379000
2023-01-24 12:00:00,175.70814660025752,175.70982440744746,175.5692723434947,175.68555875216325,197000
2023-01-24 12:05:00,175.68555875216325,175.68385931315825,175.4832501274526,175.56458632081686,1601000
2023-01-24 12:10:00,175.56458632081686,175.5624234308638,175.46240066666667,175.4674469436642,1390000
2023-01-24 12:15:00,175.4674469436642,175.49784968300386,175.38397666422165,175.3880426,982000
2023-01-24 12:20:00,175.3880426,175.40665150270806,175.2157112562617,175.29627737617588,408000
2023-01-24 12:25:00,175.29627737617588,175.33698333978919,175.10624409385775,175.23479378980852,1428000
2023-01-24 12:30:00,175.23479378980852,175.3253257061638,175.15961840996454,175.26886198698458,131000
2023-01-24 12:35:00,175.26886198698458,175.17099304417516,174.9890564697216,175.09869526666668,1777000
2023-01-24 12:40:00,175.09869526666668,175.2722165543415,175.14159186289757,175.13146701031937,313000
2023-01-24 12:45:00,175.13146701031937,175.27086067707725,175.15024837375918,175.13234359999998,149000
2023-01-24 12:50:00,175.13234359999998,175.2039497,174.98229432428172,175.08316270891507,1295000
2023-01-24 12:55:00,175.08316270891507,175.0601595524639,174.90496954057008,175.00353640816937,345000
2023-01-24 13:00:00,175.00353640816937,175.0861351702966,174.90519052638467,174.97329371754174,1187000
2023-01-24 13:05:00,174.97329371754174,175.08416320678418,174.83528312146208,174.9684725830204,1672000
2023-01-24 13:10:00,174.9684725830204,175.08116566275655,174.87704746252956,174.97030183333334,1845000
2023-01-24 13:15:00,174.97030183333334,175.04175425934702,174.91626659441317,174.95927572159442,394000
2023-01-24 13:20:00,174.95927572159442,174.91861974670604,174.88312234798335,174.92378372708808,117000
2023-01-24 13:25:00,174.92378372708808,175.01059356465058,174.86046767045144,174.90061616666665,1514000
2023-01-24 13:30:00,174.90061616666665,174.8668232401051,174.69869247367407,174.75438202174539,1436000
2023-01-24 13:35:00,174.75438202174539,174.71551378768294,174.54637795891506,174.6853051240894,1110000
2023-01-24 13:40:00,174.6853051240894,174.6368922182165,174.56387799722813,174.59607873333334,370000
2023-01-24 13:45:00,174.59607873333334,174.59454076666668,174.47549176274035,174.49781861277262,1070000
2023-01-24 13:50:00,174.49781861277262,174.5631479437689,174.3526354,174.4895630439938,1775000
2023-01-24 13:55:00,174.4895630439938,174.50642844888432,174.30972855725162,174.3486340783309,962000
2023-01-24 14:00:00,174.3486340783309,174.54785223212275,174.4583395989775,174.50014961758794,1432000
2023-01-24 14:05:00,174.50014961758794,174.4502861377279,174.32643774171984,174.41934900035207,1476000
2023-01-24 14:10:00,174.41934900035207,174.63829572434486,174.40442693619062,174.4982170538945,1363000
2023-01-24 14:15:00,174.4982170538945,174.45740566699857,174.32326918201528,174.35375162139746,1404000
2023-01-24 14:20:00,174.35375162139746,174.6403375903289,174.4675896290656,174.55246121202268,278000
2023-01-24 14:25:00,174.55246121202268,174.67371546666666,174.53768364461425,174.56743353272813,132000
2023-01-24 14:30:00,174.56743353272813,174.68335228219405,174.56560821672193,174.65344547271562,570000
2023-01-24 14:35:00,174.65344547271562,174.62249621362966,174.50804627908775,174.47765307638895,1587000
2023-01-24 14:40:00,174.47765307638895,174.6395779,174.39954854148402,174.55065640537748,1968000
2023-01-24 14:45:00,174.55065640537748,174.58742849003178,174.38613556082504,174.52988981227912,1466000
2023-01-24 14:50:00,174.52988981227912,174.58106843333334,174.411600267598,174.5337336983727,982000
2023-01-24 14:55:00,174.5337336983727,174.70712507120908,174.5266114238154,174.5893193334042,1472000
2023-01-24 15:00:00,174.5893193334042,174.75069784023307,174.62246451257946,174.66874512386147,1056000
2023-01-24 15:05:00,174.66874512386147,174.75214476730463,174.53379378440852,174.62668576451782,1387000
2023-01-24 15:10:00,174.62668576451782,174.77324874286438,174.64059437665583,174.76855420388426,1863000
2023-01-24 15:15:00,174.76855420388426,174.8984420308103,174.7025451818304,174.81897964608157,567000
2023-01-24 15:20:00,174.81897964608157,174.89724453325096,174.74205888251507,174.81251237813947,1764000
2023-01-24 15:25:00,174.81251237813947,174.82451606380585,174.70335410702097,174.72440627526706,1395000
2023-01-24 15:30:00,174.72440627526706,174.96265182614565,174.79379406717516,174.92610051905115,1544000
2023-01-24 15:35:00,174.92610051905115,174.94039931817144,174.87118173833144,174.9041886226764,1877000
2023-01-24 15:40:00,174.9041886226764,174.9496349358516,174.77940907245642,174.87861289193864,673000
2023-01-24 15:45:00,174.87861289193864,174.93107333333333,174.73671274006225,174.87712264903678,1596000
2023-01-24 15:50:00,174.87712264903678,174.99557958616893,174.7972283,174.89701523186744,651000
2023-01-24 15:55:00,174.89701523186744,175.02067409679213,174.89333623333332,174.9571427,1165000
2023-01-24 16:00:00,174.9571427,175.02470312369513,174.91823625048386,175.03754823880638,1497000
2023-01-25 09:30:00,175.03754823880638,175.1468549991028,174.9456260046207,175.06930713470123,1550000
2023-01-25 09:35:00,175.06930713470123,175.1047764,175.03259423333333,175.05891284449854,423000
2023-01-25 09:40:00,175.05891284449854,175.11686710054164,174.95840058045584,175.02515061951092,405000
2023-01-25 09:45:00,175.02515061951092,175.07226511832337,174.89658053333332,175.03022766666666,713000
2023-01-25 09:50:00,175.03022766666666,175.14255599066414,174.96257083516727,175.05325671834197,220000
2023-01-25 09:55:00,175.05325671834197,175.04123388812596,174.93369044415945,175.02392047901378,1298000
2023-01-25 10:00:00,175.02392047901378,175.12560327218264,174.96637751605482,174.97596507099854,598000
2023-01-25 10:05:00,174.97596507099854,175.0787672235068,174.9439549093603,175.0371047719758,1128000
2023-01-25 10:10:00,175.0371047719758,174.96394573758113,174.78642096322713,174.92414326380563,1618000
2023-01-25 10:15:00,174.92414326380563,174.9822493325302,174.74472956498457,174.90441775173628,168000
2023-01-25 10:20:00,174.90441775173628,174.88272767739014,174.75104893017215,174.87544072632912,799000
2023-01-25 10:25:00,174.87544072632912,175.0982153592583,174.90158050620414,175.04652701804616,1388000
2023-01-25 10:30:00,175.04652701804616,175.1106600592526,174.8615396277061,175.01078227711963,1230000
2023-01-25 10:35:00,175.01078227711963,175.1343168070193,174.90681329195564,174.98491779811837,1699000
2023-01-25 10:40:00,174.98491779811837,175.28395859637595,175.16596361072098,175.21261901188743,706000
2023-01-25 10:45:00,175.21261901188743,175.10268869310806,174.9487918245202,175.0425540571891,1380000
2023-01-25 10:50:00,175.0425540571891,175.05783758426597,174.8615140359595,174.9132385607833,344000
2023-01-25 10:55:00,174.9132385607833,174.94012118852652,174.8239239144387,174.92418566844287,1735000
2023-01-25 11:00:00,174.92418566844287,174.9130210416701,174.81553960000002,174.7987786977498,1089000
2023-01-25 11:05:00,174.7987786977498,174.89777228587792,174.70509194907586,174.81634170643716,1981000
2023-01-25 11:10:00,174.81634170643716,174.81999353344202,174.74492683842774,174.79518032217513,1890000
2023-01-25 11:15:00,174.79518032217513,174.7594138268001,174.6526886243264,174.69684897275226,579000
2023-01-25 11:20:00,174.69684897275226,174.90789111494107,174.69152183968473,174.7646382157501,1456000
2023-01-25 11:25:00,174.7646382157501,174.79584955303062,174.69931773301042,174.7394277722128,762000
2023-01-25 11:30:00,174.7394277722128,174.89721916666667,174.82823160369216,174.8208601975017,1259000
2023-01-25 11:35:00,174.8208601975017,174.87539215638688,174.71455074430926,174.7985146850927,1446000
2023-01-25 11:40:00,174.7985146850927,174.94924233278564,174.85823088449854,174.96608360504743,443000
2023-01-25 11:45:00,174.96608360504743,174.91015729226947,174.76389360766026,174.79488008548893,1419000
2023-01-25 11:50:00,174.79488008548893,174.91552760000002,174.68316747171852,174.83799544647624,1907000
2023-01-25 11:55:00,174.83799544647624,174.75267818130004,174.6970846018371,174.73635387814227,489000
2023-01-25 12:00:00,174.73635387814227,174.76923648461099,174.6616480208817,174.76734529468396,753000
2023-01-25 12:05:00,174.76734529468396,174.75158062048195,174.55089544059152,174.66173160722545,940000
2023-01-25 12:10:00,174.66173160722545,174.5528200126831,174.46656383681514,174.4836129582322,1816000
2023-01-25 12:15:00,174.4836129582322,174.47418506978659,174.30298885518488,174.38075048272347,1016000
2023-01-25 12:20:00,174.38075048272347,174.6145219558395,174.52574359200622,174.55077007797183,1903000
2023-01-25 12:25:00,174.55077007797183,174.58274398626227,174.43006423333333,174.4360743839646,595000
2023-01-25 12:30:00,174.4360743839646,174.5475858206568,174.40306671371658,174.5072088,1700000
2023-01-25 12:35:00,174.5072088,174.62996169552196,174.4765032865725,174.53683542553603,106000
2023-01-25 12:40:00,174.53683542553603,174.5346786972842,174.47018337397125,174.48765475628852,607000
2023-01-25 12:45:00,174.48765475628852,174.7609010710812,174.60668784710813,174.6721310991944,1701000
2023-01-25 12:50:00,174.6721310991944,174.7604910148626,174.61903176666667,174.61489383669655,1601000
2023-01-25 12:55:00,174.61489383669655,174.77425163435453,174.61805513740416,174.6844017393896,1058000
2023-01-25 13:00:00,174.6844017393896,174.79026495243195,174.5533979958241,174.6505670805515,1242000
2023-01-25 13:05:00,174.6505670805515,174.8265530436105,174.75341452944093,174.75981924639902,1304000
2023-01-25 13:10:00,174.75981924639902,174.79965812144454,174.63820110419616,174.70506166666667,1587000
2023-01-25 13:15:00,174.70506166666667,174.8887746556649,174.81021693939564,174.87444536666666,940000
2023-01-25 13:20:00,174.87444536666666,174.99546418726948,174.8844427511893,174.98401991992725,1409000
2023-01-25 13:25:00,174.98401991992725,175.0446752015242,174.9294049195696,175.03914588810423,1227000
2023-01-25 13:30:00,175.03914588810423,175.07877911403514,174.99805056996811,175.08963934407936,1228000
2023-01-25 13:35:00,175.08963934407936,175.06126257287207,174.97730396435082,175.00756000591792,306000
2023-01-25 13:40:00,175.00756000591792,175.14780863148948,174.93099479750964,175.13672460367096,106000
2023-01-25 13:45:00,175.13672460367096,175.11687104305324,175.02528777806646,175.1024947802328,594000
2023-01-25 13:50:00,175.1024947802328,175.07664628985202,174.96875429724912,175.033868091525,1043000
2023-01-25 13:55:00,175.033868091525,175.2198258376958,175.0797766423592,175.11229503259526,1932000
2023-01-25 14:00:00,175.11229503259526,175.2130220919377,175.0705682760637,175.15293420641802,1615000
2023-01-25 14:05:00,175.15293420641802,175.3146947101009,175.11736251998587,175.20181570251052,1602000
2023-01-25 14:10:00,175.20181570251052,175.17054643568042,175.07222825038875,175.11391026044083,750000
2023-01-25 14:15:00,175.11391026044083,175.23268439999998,175.16248376904485,175.2378145518626,354000
2023-01-25 14:20:00,175.2378145518626,175.27712059231192,175.12751490770844,175.22025173028726,1152000
2023-01-25 14:25:00,175.22025173028726,175.2031470663014,175.10277904260334,175.19981259200432,1691000
2023-01-25 14:30:00,175.19981259200432,175.2073544809282,174.98659086550816,175.12424524122653,1976000
2023-01-25 14:35:00,175.12424524122653,175.15931614703848,174.9625570361601,175.06792163388621,584000
2023-01-25 14:40:00,175.06792163388621,175.01515404654927,174.9577019455513,174.94455441983084,1664000
2023-01-25 14:45:00,174.94455441983084,175.07837350350783,174.90748939521174,175.03341130335977,1443000
2023-01-25 14:50:00,175.03341130335977,175.14381404267658,174.9610197538826,175.07980693254436,1704000
2023-01-25 14:55:00,175.07980693254436,175.1625376862202,175.03414904999994,175.07728123602107,843000
2023-01-25 15:00:00,175.07728123602107,175.20845212909475,175.0533508350137,175.0896806910882,1700000
2023-01-25 15:05:00,175.0896806910882,175.22931851113296,175.08016112969193,175.20209775690697,1411000
2023-01-25 15:10:00,175.20209775690697,175.20707566019695,175.13863312061787,175.1823248404125,1902000
2023-01-25 15:15:00,175.1823248404125,175.26456775834924,175.13424266897258,175.18685328641476,610000
2023-01-25 15:20:00,175.18685328641476,175.2398566547403,175.1498149116131,175.13674783333332,1232000
2023-01-25 15:25:00,175.13674783333332,175.2341653128887,175.04017254382353,175.15415153333333,1902000
2023-01-25 15:30:00,175.15415153333333,175.12672706115546,175.0541667225672,175.11457803839258,1933000
2023-01-25 15:35:00,175.11457803839258,175.18111876461668,174.9785456160909,175.02660430144223,1921000
2023-01-25 15:40:00,175.02660430144223,175.15661516499605,175.03338735252424,175.0803294697852,1934000
2023-01-25 15:45:00,175.0803294697852,175.19563784271338,175.03615340610375,175.14189085086957,347000
2023-01-25 15:50:00,175.14189085086957,175.16751076666665,175.03145478303765,175.14097359570195,1142000
2023-01-25 15:55:00,175.14097359570195,175.24923977237847,175.13155243216696,175.23824621932002,609000
2023-01-25 16:00:00,175.23824621932002,175.19209395002528,175.1186269096792,175.11832737760014,1037000
2023-01-26 09:30:00,175.11832737760014,175.11390501459832,174.97894725527613,175.06357786207172,445000
2023-01-26 09:35:00,175.06357786207172,175.16224758247535,175.01108549999998,175.12983624435856,1362000
2023-01-26 09:40:00,175.12983624435856,175.13652672616152,174.99511416256414,175.1292990501014,1224000
2023-01-26 09:45:00,175.1292990501014,175.14679460603463,175.04167978044708,175.07156160661518,1671000
2023-01-26 09:50:00,175.07156160661518,175.16339397434254,175.0992306613308,175.16681169945056,102000
2023-01-26 09:55:00,175.16681169945056,175.08254560048258,174.97008575853502,175.05076568739617,942000
2023-01-26 10:00:00,175.05076568739617,175.18012537277752,175.04630476268656,175.07276671945888,722000
2023-01-26 10:05:00,175.07276671945888,175.23791559762964,175.02078461363277,175.1120578921821,662000
2023-01-26 10:10:00,175.1120578921821,175.16067222269078,174.92679585271253,175.08272856666665,1018000
2023-01-26 10:15:00,175.08272856666665,175.16137958203888,174.96953858340237,175.04571305754112,1004000
2023-01-26 10:20:00,175.04571305754112,175.09139096286796,174.99316924244286,175.02698232451596,1275000
2023-01-26 10:25:00,175.02698232451596,175.20222226073338,174.9858808,175.0843185955618,1912000
2023-01-26 10:30:00,175.0843185955618,175.2858398172165,175.12612014322175,175.15054911719375,1492000
2023-01-26 10:35:00,175.15054911719375,175.31277299268626,175.1272730198265,175.16110608764714,1759000
2023-01-26 10:40:00,175.16110608764714,175.14409367811152,175.01272673333332,175.05486555013195,845000
2023-01-26 10:45:00,175.05486555013195,175.15481860496956,175.0136245947876,175.14520535206222,883000
2023-01-26 10:50:00,175.14520535206222,175.40756030395693,175.26612373333333,175.2826618397165,259000
2023-01-26 10:55:00,175.2826618397165,175.3932627575736,175.30642853333333,175.38706046666667,1674000
2023-01-26 11:00:00,175.38706046666667,175.40304445175383,175.2450208718407,175.32678518624206,250000
2023-01-26 11:05:00,175.32678518624206,175.47093705320586,175.34897475960256,175.35747156439052,987000
2023-01-26 11:10:00,175.35747156439052,175.5585343333333,175.36492515172753,175.43649931780254,726000
2023-01-26 11:15:00,175.43649931780254,175.49803726600712,175.3548612186678,175.44660618842283,622000
2023-01-26 11:20:00,175.44660618842283,175.59011114072973,175.47517036638538,175.60199409959608,1999000
2023-01-26 11:25:00,175.60199409959608,175.5578448401035,175.45032649761853,175.45354447195146,1041000
2023-01-26 11:30:00,175.45354447195146,175.5011320619149,175.40989246446264,175.41977608210573,854000
2023-01-26 11:35:00,175.41977608210573,175.57115141246314,175.36185596666667,175.4583602354002,574000
2023-01-26 11:40:00,175.4583602354002,175.65377226666666,175.45299295864248,175.56426496666666,1984000
2023-01-26 11:45:00,175.56426496666666,175.57035910980815,175.42848516646458,175.4383805629007,1991000
2023-01-26 11:50:00,175.4383805629007,175.4873288202048,175.33403032766654,175.45248724578727,1278000
2023-01-26 11:55:00,175.45248724578727,175.53881524569988,175.30454809089622,175.38026013333334,825000
2023-01-26 12:00:00,175.38026013333334,175.4052607696854,175.27556516666667,175.38056721859706,806000
2023-01-26 12:05:00,175.38056721859706,175.53087460664753,175.28574684648146,175.4255461,347000
2023-01-26 12:10:00,175.4255461,175.51496496627215,175.28759514004193,175.45594836666666,217000
2023-01-26 12:15:00,175.45594836666666,175.5591392635742,175.40777493333331,175.51920309655225,1888000
2023-01-26 12:20:00,175.51920309655225,175.4860017122834,175.35492115935818,175.42681533251545,495000
2023-01-26 12:25:00,175.42681533251545,175.43479954909083,175.30623741935656,175.38124699720677,658000
2023-01-26 12:30:00,175.38124699720677,175.58113478483122,175.41890566593054,175.48263875102518,1309000
2023-01-26 12:35:00,175.48263875102518,175.55469847247903,175.43434966778017,175.45549463779224,1527000
2023-01-26 12:40:00,175.45549463779224,175.45264311729665,175.39140058155544,175.43866394876213,505000
2023-01-26 12:45:00,175.43866394876213,175.62453456232342,175.43620267075252,175.5194330256973,185000
2023-01-26 12:50:00,175.5194330256973,175.6387044440618,175.43093194901945,175.5158406202652,684000
2023-01-26 12:55:00,175.5158406202652,175.73746178307906,175.6471242468368,175.66690216494737,1535000
2023-01-26 13:00:00,175.66690216494737,175.71631562890855,175.57184011355636,175.64345562503638,444000
2023-01-26 13:05:00,175.64345562503638,175.8596602415509,175.70630146666664,175.75064754259452,1103000
2023-01-26 13:10:00,175.75064754259452,175.78997216721473,175.6924950176285,175.78204372845053,1923000
2023-01-26 13:15:00,175.78204372845053,175.79963561430858,175.63254721115055,175.73828585763627,1082000
2023-01-26 13:20:00,175.73828585763627,175.85785998781677,175.6533225697272,175.74937990303326,1641000
2023-01-26 13:25:00,175.74937990303326,175.72135165891444,175.5678511021064,175.67292686666667,1990000
2023-01-26 13:30:00,175.67292686666667,175.5723468348029,175.42723271037036,175.47861323333333,1939000
2023-01-26 13:35:00,175.47861323333333,175.4807412789103,175.33590648469394,175.39872454606927,254000
2023-01-26 13:40:00,175.39872454606927,175.40030706686673,175.22392519961573,175.32468103133735,819000
2023-01-26 13:45:00,175.32468103133735,175.17681498318163,175.08793946621563,175.10915155873815,781000
2023-01-26 13:50:00,175.10915155873815,175.24065073481395,175.17755354116719,175.17775289951229,1890000
2023-01-26 13:55:00,175.17775289951229,175.22885802561686,175.02831537988564,175.12961991104353,413000
2023-01-26 14:00:00,175.12961991104353,175.1687383682082,175.0018075092715,175.07237886135275,661000
2023-01-26 14:05:00,175.07237886135275,175.1483885480015,175.01779053333334,175.13468895565657,617000
2023-01-26 14:10:00,175.13468895565657,175.28797175541538,175.16230520649657,175.1471171762415,1145000
2023-01-26 14:15:00,175.1471171762415,175.2354738801651,175.18329473472176,175.17715703122622,1327000
2023-01-26 14:20:00,175.17715703122622,175.3019465351761,175.1402764239319,175.27044420572304,1166000
2023-01-26 14:25:00,175.27044420572304,175.32881289298078,175.24461858367562,175.3073852444121,1721000
2023-01-26 14:30:00,175.3073852444121,175.26067134770227,175.12387996666666,175.22501413891743,602000
2023-01-26 14:35:00,175.22501413891743,175.2457389346012,175.1341375913729,175.15531874130107,819000
2023-01-26 14:40:00,175.15531874130107,175.08463733333335,174.9166123656308,175.02401500592583,438000
2023-01-26 14:45:00,175.02401500592583,175.08954759267286,174.96545751533662,175.05157789382113,444000
2023-01-26 14:50:00,175.05157789382113,175.09060988323003,174.97164174427476,175.01643600787207,516000
2023-01-26 14:55:00,175.01643600787207,175.26692934994807,175.02381902084613,175.1504269071863,435000
2023-01-26 15:00:00,175.1504269071863,175.28985906666668,175.12291848467387,175.18656660039773,396000
2023-01-26 15:05:00,175.18656660039773,175.31270111070546,175.23802976192627,175.30569915342915,503000
2023-01-26 15:10:00,175.30569915342915,175.36549686325353,175.30187783963578,175.31109341669205,197000
2023-01-26 15:15:00,175.31109341669205,175.4343030260702,175.3142772717665,175.35548716953897,1294000
2023-01-26 15:20:00,175.35548716953897,175.56816129768384,175.34625276570736,175.52957431895763,1880000
2023-01-26 15:25:00,175.52957431895763,175.56579941009514,175.43283096666667,175.4637070426582,559000
2023-01-26 15:30:00,175.4637070426582,175.59364550934808,175.38355540900713,175.4957466601833,1060000
2023-01-26 15:35:00,175.4957466601833,175.54624678871374,175.43236972338278,175.48470571415228,818000
2023-01-26 15:40:00,175.48470571415228,175.41909257242557,175.28632666512638,175.37171831653947,1873000
2023-01-26 15:45:00,175.37171831653947,175.42884264469396,175.35329474195012,175.4198275,1968000
2023-01-26 15:50:00,175.4198275,175.5966423892554,175.40722832050307,175.52610774612353,1578000
2023-01-26 15:55:00,175.52610774612353,175.6159018081859,175.4330755882661,175.4880122930812,1728000
2023-01-26 16:00:00,175.4880122930812,175.5866295864501,175.43945276666668,175.54706168222174,273000
2023-01-27 09:30:00,175.54706168222174,175.48692201738183,175.35175096130388,175.42678144272566,1956000
2023-01-27 09:35:00,175.42678144272566,175.48420700174108,175.32469453012192,175.3850788,1534000
2023-01-27 09:40:00,175.3850788,175.38313107660244,175.14930213834626,175.27728373966713,1335000
2023-01-27 09:45:00,175.27728373966713,175.2711922205294,175.07790131745796,175.1968446,871000
2023-01-27 09:50:00,175.1968446,175.2196420397905,175.15082748869193,175.20487489074912,356000
2023-01-27 09:55:00,175.20487489074912,175.2785683098108,175.15016255666768,175.2065208392579,1075000
2023-01-27 10:00:00,175.2065208392579,175.33664569092403,175.1526212661173,175.25550413672593,1506000
2023-01-27 10:05:00,175.25550413672593,175.35950447915639,175.2929740832846,175.33596500902073,1788000
2023-01-27 10:10:00,175.33596500902073,175.38750908184974,175.24692502033838,175.33804532775238,1066000
2023-01-27 10:15:00,175.33804532775238,175.18127705009604,175.02208600011937,175.12517571817094,543000
2023-01-27 10:20:00,175.12517571817094,175.08357610152612,174.967816,175.07256206956924,297000
2023-01-27 10:25:00,175.07256206956924,175.04886756666667,174.96765471580395,174.9940580616311,1860000
2023-01-27 10:30:00,174.9940580616311,175.11759539781414,174.93852188295452,174.95714703040113,1546000
2023-01-27 10:35:00,174.95714703040113,175.14387600025137,175.01515565473417,175.0873443209377,1977000
2023-01-27 10:40:00,175.0873443209377,175.17267396666665,175.04086125063853,175.07442045834162,260000
2023-01-27 10:45:00,175.07442045834162,175.23150057492617,175.12038798157093,175.1409610189206,1121000
2023-01-27 10:50:00,175.1409610189206,175.409362138281,175.2615454836218,175.36639200647988,1438000
2023-01-27 10:55:00,175.36639200647988,175.37075743884236,175.24102992511993,175.38163111119908,337000
2023-01-27 11:00:00,175.38163111119908,175.3751942734665,175.2229810236972,175.31940136541363,1620000
2023-01-27 11:05:00,175.31940136541363,175.34858106088333,175.2212355075724,175.2413080019913,108000
2023-01-27 11:10:00,175.2413080019913,175.35350145087014,175.1980016862761,175.30451906666667,1090000
2023-01-27 11:15:00,175.30451906666667,175.44294546571825,175.34070094105502,175.40662229054823,1024000
2023-01-27 11:20:00,175.40662229054823,175.4534358299542,175.2375810105341,175.34716272962675,1623000
2023-01-27 11:25:00,175.34716272962675,175.36806433442072,175.26686630683392,175.30314106760514,1530000
2023-01-27 11:30:00,175.30314106760514,175.3967406178213,175.14574596666668,175.2354717456968,1291000
2023-01-27 11:35:00,175.2354717456968,175.28812761121222,175.08241290554454,175.22260324807863,1076000
2023-01-27 11:40:00,175.22260324807863,175.2409859533952,175.0908715595298,175.2446993965847,1755000
2023-01-27 11:45:00,175.2446993965847,175.27929893088904,175.16478645187513,175.22822479931514,1474000
2023-01-27 11:50:00,175.22822479931514,175.23445567719511,175.1421080708661,175.20898196666667,1303000
2023-01-27 11:55:00,175.20898196666667,175.44379277413583,175.34281770623642,175.3523692101798,1474000
2023-01-27 12:00:00,175.3523692101798,175.5202825,175.35792988951772,175.44861556711257,775000
2023-01-27 12:05:00,175.44861556711257,175.36194053018104,175.25294009475402,175.32795578836541,1196000
2023-01-27 12:10:00,175.32795578836541,175.38807666666668,175.32991638490128,175.37234732126635,168000
2023-01-27 12:15:00,175.37234732126635,175.4268628136176,175.28852840737216,175.4057897552901,654000
2023-01-27 12:20:00,175.4057897552901,175.3485557,175.25021905076085,175.3267290615286,1932000
2023-01-27 12:25:00,175.3267290615286,175.3836143099518,175.28980829165047,175.3299427717714,700000
2023-01-27 12:30:00,175.3299427717714,175.34490254657513,175.1925626,175.2636918922827,843000
2023-01-27 12:35:00,175.2636918922827,175.3410288260827,175.2349888849277,175.2799909743899,1893000
2023-01-27 12:40:00,175.2799909743899,175.56868013605285,175.37651391510013,175.44243203567677,1465000
2023-01-27 12:45:00,175.44243203567677,175.50183360615583,175.34642753333335,175.47481140717773,322000
2023-01-27 12:50:00,175.47481140717773,175.57803818067006,175.3817202666667,175.4792064845354,1221000
2023-01-27 12:55:00,175.4792064845354,175.5065352394768,175.46670356300658,175.48083120763417,1068000
2023-01-27 13:00:00,175.48083120763417,175.51200599999999,175.34318680888626,175.45847684495826,723000
2023-01-27 13:05:00,175.45847684495826,175.47686953498234,175.33294528425097,175.40709541560304,1194000
2023-01-27 13:10:00,175.40709541560304,175.5938561440371,175.41027572841352,175.53111776951073,417000
2023-01-27 13:15:00,175.53111776951073,175.48760160540328,175.4417879548427,175.4934619427942,864000
2023-01-27 13:20:00,175.4934619427942,175.46158038487883,175.2728511823307,175.35137928569895,1060000
2023-01-27 13:25:00,175.35137928569895,175.61596054978602,175.50540848141955,175.55775561788877,1994000
2023-01-27 13:30:00,175.55775561788877,175.55012205336914,175.36056860619198,175.49082268582035,595000
2023-01-27 13:35:00,175.49082268582035,175.5808867,175.4210686434945,175.49779567531655,324000
2023-01-27 13:40:00,175.49779567531655,175.54549717667342,175.4888396403162,175.50537334440813,475000
2023-01-27 13:45:00,175.50537334440813,175.50248574804039,175.35307515781707,175.4333025160662,1526000
2023-01-27 13:50:00,175.4333025160662,175.49872320793963,175.30505767400302,175.4070155037652,1570000
2023-01-27 13:55:00,175.4070155037652,175.4172957095374,175.35861657921907,175.36626632776336,1513000
2023-01-27 14:00:00,175.36626632776336,175.27930866870307,175.2308678508495,175.2694174444969,793000
2023-01-27 14:05:00,175.2694174444969,175.33446019750747,175.21705273534707,175.23749857842748,1816000
2023-01-27 14:10:00,175.23749857842748,175.39751778594876,175.25748636666668,175.3057771392987,1910000
2023-01-27 14:15:00,175.3057771392987,175.3106367526868,175.1763142565457,175.26261587157643,1921000
2023-01-27 14:20:00,175.26261587157643,175.43863866090493,175.2518626221031,175.3755441891572,242000
2023-01-27 14:25:00,175.3755441891572,175.42860869961856,175.32527865121418,175.30107432721286,900000
2023-01-27 14:30:00,175.30107432721286,175.57616491060207,175.34283992590747,175.46415290684078,1062000
2023-01-27 14:35:00,175.46415290684078,175.45712631598775,175.28823107820455,175.27449341578395,1578000
2023-01-27 14:40:00,175.27449341578395,175.37749413112184,175.29792478762602,175.35066800245005,1402000
2023-01-27 14:45:00,175.35066800245005,175.47997085065228,175.37298460737586,175.45464083296775,1798000
2023-01-27 14:50:00,175.45464083296775,175.53605271224373,175.45086003879473,175.48712765928485,1070000
2023-01-27 14:55:00,175.48712765928485,175.32247299811155,175.1678213679883,175.27670721171623,466000
2023-01-27 15:00:00,175.27670721171623,175.19943097116752,175.1152794626082,175.12827329802693,317000
2023-01-27 15:05:00,175.12827329802693,175.22464175566336,175.09842553663054,175.14831926922943,990000
2023-01-27 15:10:00,175.14831926922943,175.3921685356989,175.20916464003648,175.3295631031958,1253000
2023-01-27 15:15:00,175.3295631031958,175.33205813239144,175.21950783333332,175.23300760851504,1008000
2023-01-27 15:20:00,175.23300760851504,175.3841448409742,175.28230814457748,175.3404048429961,1292000
2023-01-27 15:25:00,175.3404048429961,175.35765225284732,175.19823432967078,175.32880996666665,1028000
2023-01-27 15:30:00,175.32880996666665,175.45214073333332,175.2971047099351,175.3952161721736,650000
2023-01-27 15:35:00,175.3952161721736,175.5332057346591,175.40400492946253,175.47296373231228,1629000
2023-01-27 15:40:00,175.47296373231228,175.58221896666666,175.52396138079894,175.57699542164806,1638000
2023-01-27 15:45:00,175.57699542164806,175.75511393333332,175.60363936666667,175.66429794440376,1418000
2023-01-27 15:50:00,175.66429794440376,175.63146453333331,175.53573809274135,175.58467826666669,1638000
2023-01-27 15:55:00,175.58467826666669,175.68204399783573,175.51604443112493,175.57729538089188,1833000
2023-01-27 16:00:00,175.57729538089188,175.73205479312875,175.52619466666664,175.6325152416924,1687000
2023-01-30 09:30:00,175.6325152416924,175.7646613324503,175.56959229198955,175.68297008046326,1332000
2023-01-30 09:35:00,175.68297008046326,175.7495739840172,175.57092505586115,175.7082759666667,1603000
2023-01-30 09:40:00,175.7082759666667,175.6122633356944,175.4993416613168,175.5110272,346000
2023-01-30 09:45:00,175.5110272,175.77631891893319,175.53428063333334,175.65172897740194,1813000
2023-01-30 09:50:00,175.65172897740194,175.62064336666666,175.47965843680362,175.5384461226375,265000
2023-01-30 09:55:00,175.5384461226375,175.54221401316673,175.34975256674022,175.51286691224078,801000
2023-01-30 10:00:00,175.51286691224078,175.56339827975262,175.3993704320152,175.46250782606506,213000
2023-01-30 10:05:00,175.46250782606506,175.56371292990647,175.46908747473518,175.5268483172429,1315000
2023-01-30 10:10:00,175.5268483172429,175.62690314732905,175.48024043503466,175.60995545492878,1200000
2023-01-30 10:15:00,175.60995545492878,175.61416083601225,175.49314047490006,175.50939896322006,1365000
2023-01-30 10:20:00,175.50939896322006,175.57944696666667,175.38598820512732,175.4974940502616,488000
2023-01-30 10:25:00,175.4974940502616,175.38221521260505,175.25307908080336,175.36883276438854,1431000
2023-01-30 10:30:00,175.36883276438854,175.3756186346645,175.25053911958878,175.3437119400608,260000
2023-01-30 10:35:00,175.3437119400608,175.43349711419307,175.2448338066228,175.3028881936165,664000
2023-01-30 10:40:00,175.3028881936165,175.26377754495846,175.10300485073313,175.23757699397157,940000
2023-01-30 10:45:00,175.23757699397157,175.44552049328306,175.2428817427691,175.3767448693044,1070000
2023-01-30 10:50:00,175.3767448693044,175.53010335516424,175.36185634804798,175.4880992820206,344000
2023-01-30 10:55:00,175.4880992820206,175.47167733333333,175.3727581908319,175.47469185612485,753000
2023-01-30 11:00:00,175.47469185612485,175.62057620700094,175.5123346120885,175.53327076666667,835000
2023-01-30 11:05:00,175.53327076666667,175.61694585849696,175.4831330928134,175.49654640530417,628000
2023-01-30 11:10:00,175.49654640530417,175.66626659030229,175.57192771327922,175.60556282820679,1367000
2023-01-30 11:15:00,175.60556282820679,175.71625114345053,175.62349784784206,175.6827366503018,1404000
2023-01-30 11:20:00,175.6827366503018,175.67766820926903,175.54388021460872,175.56192495092543,1035000
2023-01-30 11:25:00,175.56192495092543,175.74267867728895,175.5676984757614,175.62264676666666,397000
2023-01-30 11:30:00,175.62264676666666,175.64663735842277,175.58484906774663,175.59482440723954,1129000
2023-01-30 11:35:00,175.59482440723954,175.63365141709045,175.50180221034094,175.5832680685575,300000
2023-01-30 11:40:00,175.5832680685575,175.52903441217242,175.40198274301108,175.44530110945672,1567000
2023-01-30 11:45:00,175.44530110945672,175.55623593715188,175.47169810742747,175.50739750758535,1563000
2023-01-30 11:50:00,175.50739750758535,175.57361349722285,175.36655142216762,175.48292491714898,629000
2023-01-30 11:55:00,175.48292491714898,175.4746082125195,175.2379653460456,175.3396868026135,1512000
2023-01-30 12:00:00,175.3396868026135,175.44776559119632,175.28025445581562,175.40539215816545,1629000
2023-01-30 12:05:00,175.40539215816545,175.5562949887537,175.47023796666664,175.4536219621272,552000
2023-01-30 12:10:00,175.4536219621272,175.42079438680014,175.3441397933076,175.3624609236015,466000
2023-01-30 12:15:00,175.3624609236015,175.5048733956274,175.32669102773653,175.40601313865645,1058000
2023-01-30 12:20:00,175.40601313865645,175.65207353953306,175.40125113369717,175.48914134821337,187000
2023-01-30 12:25:00,175.48914134821337,175.58172956069296,175.36038303333333,175.4040192740841,1755000
2023-01-30 12:30:00,175.4040192740841,175.6130611475862,175.55631433202922,175.5566187899441,1728000
2023-01-30 12:35:00,175.5566187899441,175.70013291962908,175.44970672586757,175.57004048111347,556000
2023-01-30 12:40:00,175.57004048111347,175.63605193333333,175.4326013678463,175.6050203045662,1527000
2023-01-30 12:45:00,175.6050203045662,175.54418958759672,175.41039914166697,175.47635595427806,809000
2023-01-30 12:50:00,175.47635595427806,175.42019864013227,175.29949623333331,175.35337073333332,481000
2023-01-30 12:55:00,175.35337073333332,175.40718488597312,175.21371820799547,175.3666524560009,1141000
2023-01-30 13:00:00,175.3666524560009,175.4407741,175.28504826666668,175.39456686666665,1365000
2023-01-30 13:05:00,175.39456686666665,175.60155514576743,175.5496740636196,175.56485042382698,1562000
2023-01-30 13:10:00,175.56485042382698,175.90881903141792,175.65293528167916,175.84184156023653,1538000
2023-01-30 13:15:00,175.84184156023653,175.88941205451772,175.63884963333334,175.72360041192402,777000
2023-01-30 13:20:00,175.72360041192402,175.75878693333334,175.61867285422292,175.706471058036,862000
2023-01-30 13:25:00,175.706471058036,175.7416121703662,175.57475054496646,175.68356898687787,1091000
2023-01-30 13:30:00,175.68356898687787,175.87297842132347,175.67608853333334,175.73478364941704,1222000
2023-01-30 13:35:00,175.73478364941704,175.73635474468693,175.67406646403285,175.7403618146694,1662000
2023-01-30 13:40:00,175.7403618146694,175.81207635295107,175.66586413574976,175.6390855999925,397000
2023-01-30 13:45:00,175.6390855999925,175.79784426067357,175.70533742083626,175.74229919894725,1720000
2023-01-30 13:50:00,175.74229919894725,175.82196545847617,175.71846738226856,175.7653904,1478000
2023-01-30 13:55:00,175.7653904,175.84226524931174,175.61289509419115,175.73400610563695,1949000
2023-01-30 14:00:00,175.73400610563695,175.79224453333333,175.6087567299573,175.76410373333334,184000
2023-01-30 14:05:00,175.76410373333334,175.70568553977313,175.5734370527047,175.64205857902115,1003000
2023-01-30 14:10:00,175.64205857902115,175.64708842410244,175.52608883589784,175.5949877041882,1608000
2023-01-30 14:15:00,175.5949877041882,175.6374358258977,175.5131100299763,175.48329820267494,118000
2023-01-30 14:20:00,175.48329820267494,175.44229203544316,175.2848127284469,175.44123320032585,385000
2023-01-30 14:25:00,175.44123320032585,175.56901429338484,175.35346283333334,175.4246153404094,1205000
2023-01-30 14:30:00,175.4246153404094,175.54927445405346,175.38646470234013,175.45126113333333,556000
2023-01-30 14:35:00,175.45126113333333,175.3761507559312,175.21858113478518,175.37121086877085,607000
2023-01-30 14:40:00,175.37121086877085,175.35629264535385,175.20225755968585,175.2897242488336,759000
2023-01-30 14:45:00,175.2897242488336,175.18418929324508,175.06592740101905,175.1899722087358,1575000
2023-01-30 14:50:00,175.1899722087358,175.1387132741068,175.07490053333333,175.08548291129514,1341000
2023-01-30 14:55:00,175.08548291129514,175.21132651934653,175.06445047779954,175.20773539918017,310000
2023-01-30 15:00:00,175.20773539918017,175.15925521391847,175.0612257,175.14791368694307,1528000
2023-01-30 15:05:00,175.14791368694307,175.30233216666664,175.16446263333333,175.22457179774608,1449000
2023-01-30 15:10:00,175.22457179774608,175.39875161096776,175.2814326,175.3647907666667,990000
2023-01-30 15:15:00,175.3647907666667,175.4110539206071,175.25773263979949,175.34572518114814,1554000
2023-01-30 15:20:00,175.34572518114814,175.36888099459023,175.2500695690959,175.29101544601042,682000
2023-01-30 15:25:00,175.29101544601042,175.39767233333333,175.16677276666667,175.2557916306278,407000
2023-01-30 15:30:00,175.2557916306278,175.35998983333332,175.18970742442053,175.2628672548685,1811000
2023-01-30 15:35:00,175.2628672548685,175.47989638925776,175.37987199140056,175.39626846666667,630000
2023-01-30 15:40:00,175.39626846666667,175.3514919719043,175.23696645195776,175.29583775549057,958000
2023-01-30 15:45:00,175.29583775549057,175.4587818809365,175.25798338174585,175.4020434972469,940000
2023-01-30 15:50:00,175.4020434972469,175.28731196761044,175.12342944397804,175.226002775107,598000
2023-01-30 15:55:00,175.226002775107,175.3636754442396,175.26559449257329,175.32098012582998,887000
2023-01-30 16:00:00,175.32098012582998,175.2937590327504,175.21557393884208,175.1996584722859,1324000
2023-01-31 09:30:00,175.1996584722859,175.48344050461006,175.37313869381606,175.40379183446075,1989000
2023-01-31 09:35:00,175.40379183446075,175.60502236666667,175.41872366772185,175.45657474252184,1076000
2023-01-31 09:40:00,175.45657474252184,175.56574413862683,175.46722336666664,175.57467862524445,953000
2023-01-31 09:45:00,175.57467862524445,175.51585373333333,175.3754973893855,175.47178308872344,609000
2023-01-31 09:50:00,175.47178308872344,175.69834757225692,175.55217590642891,175.59532456784441,1251000
2023-01-31 09:55:00,175.59532456784441,175.8657596,175.79860039794278,175.82609787278037,489000
2023-01-31 10:00:00,175.82609787278037,176.1169092496275,175.94171956666665,176.01242138698262,1458000
2023-01-31 10:05:00,176.01242138698262,176.01314463339642,175.84774612129652,175.85983137916185,323000
2023-01-31 10:10:00,175.85983137916185,176.00839136286987,175.78102941369326,175.84767103333334,1508000
2023-01-31 10:15:00,175.84767103333334,175.87928297438648,175.74912780000002,175.77256801393668,1401000
2023-01-31 10:20:00,175.77256801393668,175.80533198008828,175.7214945,175.73691239679644,1439000
2023-01-31 10:25:00,175.73691239679644,175.90053049010027,175.66550448923297,175.83734266962574,126000
2023-01-31 10:30:00,175.83734266962574,175.93737861552094,175.76291618512985,175.88165460339994,383000
2023-01-31 10:35:00,175.88165460339994,176.0166217639615,175.81924468353358,175.83946776666667,933000
2023-01-31 10:40:00,175.83946776666667,175.78633398270597,175.67145424584535,175.80544145335077,165000
2023-01-31 10:45:00,175.80544145335077,175.83156769400514,175.65464500168852,175.76624321328893,1956000
2023-01-31 10:50:00,175.76624321328893,175.87082381743707,175.77584253971935,175.86376280181082,617000
2023-01-31 10:55:00,175.86376280181082,175.92772107390186,175.75093748831907,175.91422310279054,122000
2023-01-31 11:00:00,175.91422310279054,175.98119665142164,175.8066103451443,175.93354092863126,953000
2023-01-31 11:05:00,175.93354092863126,175.98163078400273,175.8267940636745,175.96419541276245,731000
2023-01-31 11:10:00,175.96419541276245,176.04873282092575,175.86758927544992,175.97411733990418,1032000
2023-01-31 11:15:00,175.97411733990418,176.03558984037997,175.90909799563863,175.95058546736078,1474000
2023-01-31 11:20:00,175.95058546736078,176.19042775808947,176.08199678428628,176.1819601354124,201000
2023-01-31 11:25:00,176.1819601354124,176.3318057649659,176.24725407256486,176.31204557082125,233000
2023-01-31 11:30:00,176.31204557082125,176.39908555512122,176.26711944585057,176.34177010419893,1901000
2023-01-31 11:35:00,176.34177010419893,176.44862196187435,176.3403495906953,176.34874573245605,293000
2023-01-31 11:40:00,176.34874573245605,176.46450903969512,176.30521929321455,176.36489743669446,462000
2023-01-31 11:45:00,176.36489743669446,176.42455973718276,176.33365378785342,176.3840329300571,1434000
2023-01-31 11:50:00,176.3840329300571,176.56462428999808,176.42436616666666,176.47299971116587,1190000
2023-01-31 11:55:00,176.47299971116587,176.5122716021202,176.40088470611107,176.4414645715468,1539000
2023-01-31 12:00:00,176.4414645715468,176.48733401042725,176.3127303767637,176.3701309494375,1014000
2023-01-31 12:05:00,176.3701309494375,176.42984606355785,176.2352994018699,176.3070574071892,1697000
2023-01-31 12:10:00,176.3070574071892,176.49551474432303,176.3067156180008,176.3206130946684,1284000
2023-01-31 12:15:00,176.3206130946684,176.49758270131096,176.41786869362338,176.48943794018638,1244000
2023-01-31 12:20:00,176.48943794018638,176.59774171760398,176.44031489264754,176.52685173333333,447000
2023-01-31 12:25:00,176.52685173333333,176.5513804,176.40213481849347,176.46579397063206,1272000
2023-01-31 12:30:00,176.46579397063206,176.55073705669804,176.46644641238282,176.51509720958623,1325000
2023-01-31 12:35:00,176.51509720958623,176.58289992630924,176.47578753349043,176.53239318419443,727000
2023-01-31 12:40:00,176.53239318419443,176.60765171197554,176.5364602890841,176.5960796269914,899000
2023-01-31 12:45:00,176.5960796269914,176.7351716499669,176.5953112644972,176.66679165983936,1498000
2023-01-31 12:50:00,176.66679165983936,176.66335610406625,176.5478116666667,176.5944740263604,716000
2023-01-31 12:55:00,176.5944740263604,176.6185284,176.40703773849089,176.48803807246026,783000
2023-01-31 13:00:00,176.48803807246026,176.61723617168064,176.4233757304506,176.55041470872612,1755000
2023-01-31 13:05:00,176.55041470872612,176.48055272072244,176.38732300955587,176.45188426350052,1888000
2023-01-31 13:10:00,176.45188426350052,176.5874814967514,176.4425415958967,176.47964160095393,1324000
2023-01-31 13:15:00,176.47964160095393,176.5219297695829,176.4336889,176.48664716668236,979000
2023-01-31 13:20:00,176.48664716668236,176.57746186174356,176.4975522849978,176.5146296322745,1045000
2023-01-31 13:25:00,176.5146296322745,176.64953622378908,176.4630382717951,176.51997281797722,546000
2023-01-31 13:30:00,176.51997281797722,176.57443070248732,176.4217639321591,176.4984713219298,1229000
2023-01-31 13:35:00,176.4984713219298,176.57197732222207,176.4077356,176.45787327497095,1674000
2023-01-31 13:40:00,176.45787327497095,176.49011173439018,176.33065487324495,176.36510994060197,672000
2023-01-31 13:45:00,176.36510994060197,176.5365939028023,176.3763933011327,176.42964064599917,823000
2023-01-31 13:50:00,176.42964064599917,176.45275485648975,176.29243294236122,176.39495773034656,1146000
2023-01-31 13:55:00,176.39495773034656,176.5212034951764,176.4262822169518,176.50285242888245,1485000
2023-01-31 14:00:00,176.50285242888245,176.5443519910533,176.39817594914575,176.37884935628549,655000
2023-01-31 14:05:00,176.37884935628549,176.43492701388186,176.37068983314813,176.41298470462453,1830000
2023-01-31 14:10:00,176.41298470462453,176.60944205061463,176.4820517,176.5140066443666,1567000
2023-01-31 14:15:00,176.5140066443666,176.69376784824863,176.55764910936085,176.59037165544407,713000
2023-01-31 14:20:00,176.59037165544407,176.71154242814362,176.52358718570378,176.5959140248914,367000
2023-01-31 14:25:00,176.5959140248914,176.58103816053443,176.41292405080188,176.5182217540735,643000
2023-01-31 14:30:00,176.5182217540735,176.49098611112444,176.2839290240659,176.39036963333334,1355000
2023-01-31 14:35:00,176.39036963333334,176.5223861667269,176.3872605128072,176.46414984392416,1551000
2023-01-31 14:40:00,176.46414984392416,176.5853047667611,176.49083753333335,176.48804249385438,1640000
2023-01-31 14:45:00,176.48804249385438,176.4509555,176.23290226351804,176.39581583333333,1990000
2023-01-31 14:50:00,176.39581583333333,176.46290396834576,176.30770113350385,176.45911943333334,568000
2023-01-31 14:55:00,176.45911943333334,176.48383094472496,176.27149212204407,176.35694210475376,649000
2023-01-31 15:00:00,176.35694210475376,176.45523018790436,176.24013197865588,176.2979777011014,843000
2023-01-31 15:05:00,176.2979777011014,176.4697632593135,176.38406145580328,176.4255865,1505000
2023-01-31 15:10:00,176.4255865,176.50211412270664,176.36774182924896,176.47361103333333,1150000
2023-01-31 15:15:00,176.47361103333333,176.55105915839076,176.4228427019482,176.48077627266196,775000
2023-01-31 15:20:00,176.48077627266196,176.61708907036063,176.44001722586196,176.55292174329432,790000
2023-01-31 15:25:00,176.55292174329432,176.63138195596613,176.49225003610778,176.51712066004262,995000
2023-01-31 15:30:00,176.51712066004262,176.5180619699212,176.3836314014533,176.43448466628578,1857000
2023-01-31 15:35:00,176.43448466628578,176.58948772040478,176.45723922653744,176.5963332375612,1148000
2023-01-31 15:40:00,176.5963332375612,176.73710531869028,176.5919799037769,176.60540357253998,752000
2023-01-31 15:45:00,176.60540357253998,176.74454083449336,176.54562492661935,176.67627367786275,355000
2023-01-31 15:50:00,176.67627367786275,176.68145341977242,176.51671391306414,176.61345773799454,207000
2023-01-31 15:55:00,176.61345773799454,176.75668112267076,176.61551626666667,176.61054484667608,1468000
2023-01-31 16:00:00,176.61054484667608,176.7254889957537,176.4885129177805,176.6333681,652000
2023-02-01 09:30:00,176.6333681,176.72166713317574,176.56393828429324,176.7148118,447000
2023-02-01 09:35:00,176.7148118,176.70426610913856,176.53117677648564,176.6240093,113000
2023-02-01 09:40:00,176.6240093,176.5861635366672,176.4628569401637,176.53022559442985,1740000
2023-02-01 09:45:00,176.53022559442985,176.69506790038457,176.57297411331447,176.65011168596345,896000
2023-02-01 09:50:00,176.65011168596345,176.67529757836684,176.52105180843742,176.56782776294128,588000
2023-02-01 09:55:00,176.56782776294128,176.56576823271791,176.39307832110836,176.54062762393852,438000
2023-02-01 10:00:00,176.54062762393852,176.6406948205394,176.48904971950756,176.54330739933616,1517000
2023-02-01 10:05:00,176.54330739933616,176.49492270349978,176.38151658311614,176.36290613646491,574000
2023-02-01 10:10:00,176.36290613646491,176.52623114051727,176.35154733096988,176.45848054186973,1678000
2023-02-01 10:15:00,176.45848054186973,176.54787545310393,176.43453561935615,176.51307249907575,776000
2023-02-01 10:20:00,176.51307249907575,176.68837701248907,176.54495714156442,176.64025912003845,1448000
2023-02-01 10:25:00,176.64025912003845,176.6781681975648,176.5057924,176.59016730947192,1489000
2023-02-01 10:30:00,176.59016730947192,176.65890850030806,176.5721533015809,176.6156419502231,150000
2023-02-01 10:35:00,176.6156419502231,176.7429336080228,176.62724553333334,176.71710599024289,368000
2023-02-01 10:40:00,176.71710599024289,176.85582168183888,176.79610811433813,176.79673309669903,1039000
2023-02-01 10:45:00,176.79673309669903,176.94951293055786,176.72538290563116,176.8537249622905,203000
2023-02-01 10:50:00,176.8537249622905,176.79678857663922,176.7061532997006,176.7541376530866,1327000
2023-02-01 10:55:00,176.7541376530866,176.92039535882944,176.71699587542648,176.81949059451418,1181000
2023-02-01 11:00:00,176.81949059451418,176.9776740811534,176.89335142357416,176.90722403333334,549000
2023-02-01 11:05:00,176.90722403333334,177.11040299334857,176.95724316605072,177.0676911,274000
2023-02-01 11:10:00,177.0676911,177.23598771421456,177.07549602375295,177.06611312850373,1785000
2023-02-01 11:15:00,177.06611312850373,177.12982540032877,176.96167475365039,177.08005006190544,665000
2023-02-01 11:20:00,177.08005006190544,177.01152561415802,176.87929325954826,176.87714058760042,1940000
2023-02-01 11:25:00,176.87714058760042,177.21841021180737,176.98131428448784,177.0849836455509,352000
2023-02-01 11:30:00,177.0849836455509,177.27132987205985,177.21593703580987,177.2460984370494,1894000
2023-02-01 11:35:00,177.2460984370494,177.2290753504588,177.0565745474632,177.18563801811783,1964000
2023-02-01 11:40:00,177.18563801811783,177.29512154896383,177.09464622175432,177.20441231875887,455000
2023-02-01 11:45:00,177.20441231875887,177.25814234461322,177.0929618190172,177.2267339071227,1662000
2023-02-01 11:50:00,177.2267339071227,177.30240152431685,177.13132659483895,177.2305353855692,1068000
2023-02-01 11:55:00,177.2305353855692,177.1891251,177.09160146666667,177.1672679577087,599000
2023-02-01 12:00:00,177.1672679577087,177.28875323333332,177.12085210176014,177.19990546303208,388000
2023-02-01 12:05:00,177.19990546303208,177.2592395234169,177.0801352593611,177.10211399359272,846000
2023-02-01 12:10:00,177.10211399359272,177.16864325523701,176.99027471736883,177.1400458535223,228000
2023-02-01 12:15:00,177.1400458535223,177.21477233152854,177.10290180570865,177.1960987280773,1842000
2023-02-01 12:20:00,177.1960987280773,177.1425663474483,176.9453052379923,176.96712900448645,720000
2023-02-01 12:25:00,176.96712900448645,177.17205304241313,177.01798382588237,177.03321761881637,1040000
2023-02-01 12:30:00,177.03321761881637,177.11621451369984,176.89760309309003,177.0289335831234,139000
2023-02-01 12:35:00,177.0289335831234,177.17653847522777,177.10998974519237,177.11350543333336,1067000
2023-02-01 12:40:00,177.11350543333336,177.19204391991192,177.0827773,177.19662001884143,1176000
2023-02-01 12:45:00,177.19662001884143,177.13087186246076,177.08314460000003,177.07243468172393,201000
2023-02-01 12:50:00,177.07243468172393,177.27760683333332,177.1331078541389,177.22970823333333,596000
2023-02-01 12:55:00,177.22970823333333,177.3540147850331,177.11035042626975,177.26544926292883,1566000
2023-02-01 13:00:00,177.26544926292883,177.30592559442826,177.2105121,177.2117748256425,1906000
2023-02-01 13:05:00,177.2117748256425,177.44340385071797,177.24935346860204,177.36097845375863,512000
2023-02-01 13:10:00,177.36097845375863,177.32062439108265,177.16716076666668,177.2683319060084,600000
2023-02-01 13:15:00,177.2683319060084,177.42330709404425,177.3282083,177.40604065537136,1937000
2023-02-01 13:20:00,177.40604065537136,177.46020603005348,177.39881887607595,177.41155648129228,961000
2023-02-01 13:25:00,177.41155648129228,177.48173990470048,177.2978221715991,177.41327978259613,1600000
2023-02-01 13:30:00,177.41327978259613,177.41769445706092,177.246786340959,177.40753163081672,1967000
2023-02-01 13:35:00,177.40753163081672,177.3635994170534,177.2122214046849,177.2458767679838,701000
2023-02-01 13:40:00,177.2458767679838,177.37497215629017,177.1692847344968,177.28850065104203,1092000
2023-02-01 13:45:00,177.28850065104203,177.33527279916518,177.15704363475587,177.26162165833674,696000
2023-02-01 13:50:00,177.26162165833674,177.39813719226558,177.27109340065775,177.2570757943509,963000
2023-02-01 13:55:00,177.2570757943509,177.24515378244817,177.06460586666665,177.11871325232704,1356000
2023-02-01 14:00:00,177.11871325232704,177.15664074754957,177.01399258684407,177.17597078628248,1319000
2023-02-01 14:05:00,177.17597078628248,177.15140889185608,176.99926114272893,177.0591070210768,1161000
2023-02-01 14:10:00,177.0591070210768,177.1099907360614,176.98606727272073,177.0788599335287,1740000
2023-02-01 14:15:00,177.0788599335287,177.1170955362425,176.93645297697216,177.0788503063128,1000000
2023-02-01 14:20:00,177.0788503063128,177.1678100590928,176.9654953312675,177.09417475788393,1158000
2023-02-01 14:25:00,177.09417475788393,177.16275908290072,176.9706805083793,177.08434288774058,1592000
2023-02-01 14:30:00,177.08434288774058,177.25482872963042,177.13397271619357,177.14252507904536,1248000
2023-02-01 14:35:00,177.14252507904536,177.26706627547603,177.06731462413725,177.23661997435127,1342000
2023-02-01 14:40:00,177.23661997435127,177.33557162887894,177.15442859241014,177.26760796851264,266000
2023-02-01 14:45:00,177.26760796851264,177.33999945525025,177.2439587140232,177.2541860042984,383000
2023-02-01 14:50:00,177.2541860042984,177.42785111690162,177.2306055919057,177.31727170727697,681000
2023-02-01 14:55:00,177.31727170727697,177.30607287178412,177.25272914909684,177.2832873856019,1252000
2023-02-01 15:00:00,177.2832873856019,177.3824796641852,177.1911546409795,177.3021754,784000
2023-02-01 15:05:00,177.3021754,177.3003780068283,177.22064826819988,177.21242328635378,1464000
2023-02-01 15:10:00,177.21242328635378,177.42641513833888,177.27059277135848,177.40701400207703,965000
2023-02-01 15:15:00,177.40701400207703,177.39965999861641,177.28297474921303,177.32414146623978,1788000
2023-02-01 15:20:00,177.32414146623978,177.56855456127093,177.3620395117937,177.4687590362752,879000
2023-02-01 15:25:00,177.4687590362752,177.4351547302437,177.3428049067367,177.3771857102665,1429000
2023-02-01 15:30:00,177.3771857102665,177.47187063455146,177.30103239781357,177.4338510552456,271000
2023-02-01 15:35:00,177.4338510552456,177.46494018745332,177.3129070482265,177.3717542470294,931000
2023-02-01 15:40:00,177.3717542470294,177.48178255233915,177.2738585000784,177.4277563975646,413000
2023-02-01 15:45:00,177.4277563975646,177.47675466666666,177.30905252372122,177.30439744251152,1344000
2023-02-01 15:50:00,177.30439744251152,177.42616010584757,177.25948080597738,177.35408177939416,1552000
2023-02-01 15:55:00,177.35408177939416,177.4178117333333,177.28019931271814,177.35351690000002,1346000
2023-02-01 16:00:00,177.35351690000002,177.33699411910249,177.21205573478008,177.2837374160484,757000
2023-02-02 09:30:00,177.2837374160484,177.3676499407743,177.27076044647592,177.32505290452002,1321000
2023-02-02 09:35:00,177.32505290452002,177.2973082597469,177.16576781839845,177.3064721916614,837000
2023-02-02 09:40:00,177.3064721916614,177.4102135371205,177.22381753333332,177.31561592983812,1024000
2023-02-02 09:45:00,177.31561592983812,177.49929380555994,177.2884288981409,177.34829498810333,1956000
2023-02-02 09:50:00,177.34829498810333,177.391877781986,177.3143408784342,177.33665222212755,809000
2023-02-02 09:55:00,177.33665222212755,177.33417900338176,177.22376806230042,177.24493749806044,1191000
2023-02-02 10:00:00,177.24493749806044,177.5088011343409,177.3630386874441,177.41420627191332,1591000
2023-02-02 10:05:00,177.41420627191332,177.57617282017853,177.37811436666667,177.4639355767225,852000
2023-02-02 10:10:00,177.4639355767225,177.4203788240922,177.29319308029923,177.41205162165932,1717000
2023-02-02 10:15:00,177.41205162165932,177.5354264024608,177.33456997507076,177.41822123333336,1313000
2023-02-02 10:20:00,177.41822123333336,177.37852542575123,177.2753076,177.34152366590877,107000
2023-02-02 10:25:00,177.34152366590877,177.43328645422446,177.31565906666668,177.38700924264256,844000
2023-02-02 10:30:00,177.38700924264256,177.69028802400973,177.4488602767812,177.54169174787617,684000
2023-02-02 10:35:00,177.54169174787617,177.74841244188227,177.5580994,177.63260515568268,1817000
2023-02-02 10:40:00,177.63260515568268,177.60442892929814,177.46208722832145,177.5311747427653,1979000
2023-02-02 10:45:00,177.5311747427653,177.52499630455617,177.30055642630253,177.38990524990518,1637000
2023-02-02 10:50:00,177.38990524990518,177.6511819627021,177.43045869354592,177.50963249765198,1655000
2023-02-02 10:55:00,177.50963249765198,177.5550163864955,177.41908008703186,177.5011471076671,836000
2023-02-02 11:00:00,177.5011471076671,177.57279347886475,177.4376911029313,177.49208924596095,253000
2023-02-02 11:05:00,177.49208924596095,177.62328213048946,177.54086501210125,177.55476514907073,959000
2023-02-02 11:10:00,177.55476514907073,177.60215564352953,177.42035896119538,177.53813236666667,657000
2023-02-02 11:15:00,177.53813236666667,177.62674629290558,177.5879045185884,177.65402397656695,1644000
2023-02-02 11:20:00,177.65402397656695,177.7191673934716,177.57826205357873,177.60742904169743,270000
2023-02-02 11:25:00,177.60742904169743,177.64701075513838,177.53288637965295,177.62450174425757,1494000
2023-02-02 11:30:00,177.62450174425757,177.87294658460164,177.64795458233073,177.79331755450147,1591000
2023-02-02 11:35:00,177.79331755450147,177.749613982024,177.59829281786972,177.7248313514973,1781000
2023-02-02 11:40:00,177.7248313514973,177.77217589835678,177.60882670917982,177.66326767392877,1294000
2023-02-02 11:45:00,177.66326767392877,177.7584848618002,177.63314911538984,177.64311340337375,1000000
2023-02-02 11:50:00,177.64311340337375,177.6571572364315,177.47452894498628,177.50189357607127,1909000
2023-02-02 11:55:00,177.50189357607127,177.68331856797428,177.63925261927187,177.6693449292359,801000
2023-02-02 12:00:00,177.6693449292359,177.85470625709573,177.70147129766454,177.73930440876885,148000
2023-02-02 12:05:00,177.73930440876885,177.8418582551585,177.59300166432715,177.7037348347241,563000
2023-02-02 12:10:00,177.7037348347241,177.70924775241338,177.53953550601983,177.64761853077755,265000
2023-02-02 12:15:00,177.64761853077755,177.50954128710717,177.4202112350403,177.42793844456997,697000
2023-02-02 12:20:00,177.42793844456997,177.4438032239971,177.3314245059985,177.35250966666666,652000
2023-02-02 12:25:00,177.35250966666666,177.4185576634677,177.23207593333333,177.37628395199164,305000
2023-02-02 12:30:00,177.37628395199164,177.31766146908961,177.0946868550706,177.21354929038077,636000
2023-02-02 12:35:00,177.21354929038077,177.4883947,177.30004398561843,177.46284431372635,1955000
2023-02-02 12:40:00,177.46284431372635,177.49846613975512,177.42540427004525,177.4739048835072,786000
2023-02-02 12:45:00,177.4739048835072,177.60985864457095,177.44634964712924,177.51978838698452,807000
2023-02-02 12:50:00,177.51978838698452,177.57948110123678,177.37987597833242,177.54574954825168,1063000
2023-02-02 12:55:00,177.54574954825168,177.66557387339947,177.4408920616086,177.50364465336284,1312000
2023-02-02 13:00:00,177.50364465336284,177.62753320970322,177.39050984825678,177.53989973333333,1469000
2023-02-02 13:05:00,177.53989973333333,177.52792516069994,177.45450611484122,177.540958,173000
2023-02-02 13:10:00,177.540958,177.75608654330614,177.54584025582156,177.59962210582384,527000
2023-02-02 13:15:00,177.59962210582384,177.8098792178415,177.64114745558922,177.7180752366543,1309000
2023-02-02 13:20:00,177.7180752366543,177.76172963486295,177.6218401332963,177.7574096017706,1935000
2023-02-02 13:25:00,177.7574096017706,177.94546724950212,177.80864165450194,177.88011608823072,594000
2023-02-02 13:30:00,177.88011608823072,177.97021359369063,177.81078162822863,177.9023561036465,1925000
2023-02-02 13:35:00,177.9023561036465,177.86318873867899,177.71656890924913,177.8306619508479,192000
2023-02-02 13:40:00,177.8306619508479,177.92234709747547,177.8252726309501,177.84278604437975,1269000
2023-02-02 13:45:00,177.84278604437975,177.97814891321443,177.83680903333334,177.96921253731787,1927000
2023-02-02 13:50:00,177.96921253731787,177.81174238633974,177.72916754631416,177.7539314348623,1096000
2023-02-02 13:55:00,177.7539314348623,177.8582592754792,177.7216606873561,177.8103184659364,1453000
2023-02-02 14:00:00,177.8103184659364,178.10886774929324,177.9594920482664,177.99573768495893,457000
2023-02-02 14:05:00,177.99573768495893,178.1689138783708,177.96265650233738,178.04085801446053,906000
2023-02-02 14:10:00,178.04085801446053,178.23559365315626,178.08505613475506,178.10495362949175,292000
2023-02-02 14:15:00,178.10495362949175,178.27309496666666,178.14001586500407,178.12559511715475,1606000
2023-02-02 14:20:00,178.12559511715475,178.18118316666667,178.0480598135645,178.1347635593584,552000
2023-02-02 14:25:00,178.1347635593584,178.04158591158955,177.9175413147037,178.04134660257446,503000
2023-02-02 14:30:00,178.04134660257446,178.10482093333334,177.9611301087278,178.05726721145064,1076000
2023-02-02 14:35:00,178.05726721145064,178.06095896288187,177.9665503871365,178.00833727380422,494000
2023-02-02 14:40:00,178.00833727380422,178.01649586886842,177.84477924054647,177.8563112379651,1495000
2023-02-02 14:45:00,177.8563112379651,177.93997121092437,177.83633126666666,177.90007512182004,1214000
2023-02-02 14:50:00,177.90007512182004,178.01318390341405,177.80505291537003,177.90725252971956,1676000
2023-02-02 14:55:00,177.90725252971956,178.00336242348016,177.8560879884704,177.971666,826000
2023-02-02 15:00:00,177.971666,177.9945392344209,177.77543197810837,177.90294582210055,669000
2023-02-02 15:05:00,177.90294582210055,177.94187943333333,177.7643302121188,177.91342243333332,1346000
2023-02-02 15:10:00,177.91342243333332,177.96155505317196,177.79487103497712,177.9383969886975,1706000
2023-02-02 15:15:00,177.9383969886975,177.946781772103,177.70965846474454,177.90776090470828,483000
2023-02-02 15:20:00,177.90776090470828,177.85495317944253,177.7441556279396,177.7871653567385,528000
2023-02-02 15:25:00,177.7871653567385,177.8406929196882,177.6804004,177.77298089516805,1198000
2023-02-02 15:30:00,177.77298089516805,177.8020283794458,177.61503862657955,177.73345614717152,1669000
2023-02-02 15:35:00,177.73345614717152,177.8062020346296,177.55850028404564,177.64387376666667,1114000
2023-02-02 15:40:00,177.64387376666667,177.99300271666536,177.85144449487328,177.87182211357523,523000
2023-02-02 15:45:00,177.87182211357523,177.77740123400184,177.70829428476688,177.74410541055855,903000
2023-02-02 15:50:00,177.74410541055855,177.96012347535518,177.7465290379919,177.84654999870682,1276000
2023-02-02 15:55:00,177.84654999870682,177.9269946519783,177.8758114,177.905711953406,618000
2023-02-02 16:00:00,177.905711953406,177.8830661,177.72206887278477,177.79083555151638,598000
2023-02-03 09:30:00,177.79083555151638,177.94515098236863,177.7711566911861,177.90159026412863,1842000
2023-02-03 09:35:00,177.90159026412863,177.91039182505693,177.7761136480384,177.8956778333333,1493000
2023-02-03 09:40:00,177.8956778333333,178.0928386725594,177.8449186567474,177.94325953333333,1445000
2023-02-03 09:45:00,177.94325953333333,178.08143920896808,177.97344593523454,178.0075735361924,405000
2023-02-03 09:50:00,178.0075735361924,178.08720143569522,178.02840963353137,178.05576591258054,1921000
2023-02-03 09:55:00,178.05576591258054,178.06828858109859,177.9965810701859,178.01005696318742,657000
2023-02-03 10:00:00,178.01005696318742,178.1504360170619,178.10580570224022,178.12120421195107,1018000
2023-02-03 10:05:00,178.12120421195107,178.18028029066625,178.07362621419642,178.04827329710324,152000
2023-02-03 10:10:00,178.04827329710324,178.09915856528195,177.95174043086948,177.95906005659114,1436000
2023-02-03 10:15:00,177.95906005659114,177.93214707512053,177.79958848196594,177.77985906147126,886000
2023-02-03 10:20:00,177.77985906147126,177.790425286874,177.66059345650578,177.7168352923184,924000
2023-02-03 10:25:00,177.7168352923184,177.8735836902172,177.7490991400808,177.7953914824119,1782000
2023-02-03 10:30:00,177.7953914824119,177.83523029401366,177.72793717118645,177.80117690323556,565000
2023-02-03 10:35:00,177.80117690323556,177.84463589039657,177.65940771085744,177.72376189615974,1508000
2023-02-03 10:40:00,177.72376189615974,177.74560895236797,177.59540286976718,177.69036816604117,279000
2023-02-03 10:45:00,177.69036816604117,177.81824991454548,177.67290315620272,177.7674564150497,1209000
2023-02-03 10:50:00,177.7674564150497,177.84545961959145,177.720245020924,177.81509335139415,1045000
2023-02-03 10:55:00,177.81509335139415,177.91908725105037,177.7511820587573,177.78063906666665,864000
2023-02-03 11:00:00,177.78063906666665,177.85084876017703,177.6794564910323,177.76270674313804,1531000
2023-02-03 11:05:00,177.76270674313804,177.8401846333333,177.7251657421767,177.77570525904514,305000
2023-02-03 11:10:00,177.77570525904514,177.84480750285795,177.6425923034433,177.72655828099442,1977000
2023-02-03 11:15:00,177.72655828099442,177.80308728665256,177.64543490010516,177.72335569534425,584000
2023-02-03 11:20:00,177.72335569534425,177.7599622079951,177.58387654069304,177.62395956569247,659000
2023-02-03 11:25:00,177.62395956569247,177.65792655975756,177.47647172236864,177.56010514743326,384000
2023-02-03 11:30:00,177.56010514743326,177.76073544865548,177.54654997185082,177.61594407588126,1566000
2023-02-03 11:35:00,177.61594407588126,177.77509832914484,177.57214765480816,177.66759275781172,1776000
2023-02-03 11:40:00,177.66759275781172,177.84574549507087,177.70495826666667,177.7415457968926,1623000
2023-02-03 11:45:00,177.7415457968926,177.85666644470038,177.72056743333331,177.8111525,871000
2023-02-03 11:50:00,177.8111525,177.8244434172474,177.72542178830653,177.8338775,945000
2023-02-03 11:55:00,177.8338775,177.8520762,177.72778443681347,177.71389908613224,1220000
2023-02-03 12:00:00,177.71389908613224,177.83539185929774,177.68206423333334,177.74652432385645,1422000
2023-02-03 12:05:00,177.74652432385645,177.72428536666666,177.57836037078596,177.63264561179054,705000
2023-02-03 12:10:00,177.63264561179054,177.55939986749448,177.46564155720196,177.5228247181891,750000
2023-02-03 12:15:00,177.5228247181891,177.6402003322044,177.4020898,177.49926918975805,396000
2023-02-03 12:20:00,177.49926918975805,177.50865187098688,177.3814637317996,177.47226578064118,442000
2023-02-03 12:25:00,177.47226578064118,177.54026640296763,177.48094371180994,177.55336621882728,1947000
2023-02-03 12:30:00,177.55336621882728,177.5574448913472,177.3516925122838,177.4220064832399,598000
2023-02-03 12:35:00,177.4220064832399,177.73312711741062,177.5778327945664,177.66792069999818,1764000
2023-02-03 12:40:00,177.66792069999818,177.6907382219888,177.52775854771193,177.63261788536005,577000
2023-02-03 12:45:00,177.63261788536005,177.71956979427642,177.61499462999035,177.60921763672323,1436000
2023-02-03 12:50:00,177.60921763672323,177.6222916758116,177.49648877883803,177.56275222864505,1851000
2023-02-03 12:55:00,177.56275222864505,177.78126585172717,177.6113488,177.68279195303018,1955000
2023-02-03 13:00:00,177.68279195303018,177.7117119016019,177.59651038742905,177.67023474360911,615000
2023-02-03 13:05:00,177.67023474360911,177.65917831425364,177.4902311466326,177.5796306760712,1043000
2023-02-03 13:10:00,177.5796306760712,177.45148251546053,177.41234662151012,177.40298952533456,291000
2023-02-03 13:15:00,177.40298952533456,177.55004666571298,177.35779632927537,177.44037357303307,123000
2023-02-03 13:20:00,177.44037357303307,177.6371302556235,177.50765771328773,177.5110466583408,1520000
2023-02-03 13:25:00,177.5110466583408,177.5803001148726,177.48622269999998,177.56771415204722,916000
2023-02-03 13:30:00,177.56771415204722,177.67174459999998,177.4398179,177.55793784510922,666000
2023-02-03 13:35:00,177.55793784510922,177.6028137139218,177.40741634598578,177.5347026665638,1465000
2023-02-03 13:40:00,177.5347026665638,177.62517533075078,177.5055148880276,177.58583473789307,496000
2023-02-03 13:45:00,177.58583473789307,177.6484807648387,177.50991048385228,177.56973977751312,378000
2023-02-03 13:50:00,177.56973977751312,177.76032248183563,177.6462374110753,177.7122573600375,448000
2023-02-03 13:55:00,177.7122573600375,177.69074636666667,177.60728564909357,177.6707894299528,974000
2023-02-03 14:00:00,177.6707894299528,177.76159766986845,177.5707641930015,177.65794055539592,1835000
2023-02-03 14:05:00,177.65794055539592,177.73661227262417,177.60356015049175,177.7206289109676,392000
2023-02-03 14:10:00,177.7206289109676,177.90218984492628,177.69015024638074,177.80854922188732,1037000
2023-02-03 14:15:00,177.80854922188732,177.94233356666666,177.88561398288795,177.9052568978565,1048000
2023-02-03 14:20:00,177.9052568978565,177.98986311667892,177.83365993437562,177.9586485010054,1978000
2023-02-03 14:25:00,177.9586485010054,177.9474025630918,177.83098893679082,177.8737958941511,1225000
2023-02-03 14:30:00,177.8737958941511,177.89431526035824,177.74906889044536,177.7536629784116,780000
2023-02-03 14:35:00,177.7536629784116,177.93737098102068,177.76831374506943,177.83599595216765,827000
2023-02-03 14:40:00,177.83599595216765,177.81729066809615,177.68057779614958,177.67911278941185,908000
2023-02-03 14:45:00,177.67911278941185,177.89334147915378,177.80805354707306,177.9183941047671,1320000
2023-02-03 14:50:00,177.9183941047671,177.93888066503692,177.82071449548246,177.92713855493602,1605000
2023-02-03 14:55:00,177.92713855493602,177.8784413,177.7254885798385,177.7964394976674,1708000
2023-02-03 15:00:00,177.7964394976674,178.08355496284702,177.87993260892938,177.97062364323807,157000
2023-02-03 15:05:00,177.97062364323807,178.13294563163439,177.88798506493055,178.02951380124517,928000
2023-02-03 15:10:00,178.02951380124517,178.0549124416485,178.02409053291083,178.04932367121003,1957000
2023-02-03 15:15:00,178.04932367121003,178.0943737946547,177.92553244350486,178.04600834206246,1766000
2023-02-03 15:20:00,178.04600834206246,178.10798654771816,177.96803449021917,178.07023275547468,480000
2023-02-03 15:25:00,178.07023275547468,178.04502439108427,177.9236281638294,177.94245770680016,1808000
2023-02-03 15:30:00,177.94245770680016,177.99946151766912,177.94033304598764,177.97129491040047,1037000
2023-02-03 15:35:00,177.97129491040047,177.95833153608936,177.88355658437382,177.9175228273956,106000
2023-02-03 15:40:00,177.9175228273956,177.97534741809875,177.77629231555497,177.9191937052344,1433000
2023-02-03 15:45:00,177.9191937052344,177.92599250708815,177.7239096089632,177.86275757412903,1366000
2023-02-03 15:50:00,177.86275757412903,177.9001956012356,177.70954998566242,177.8475392531024,1742000
2023-02-03 15:55:00,177.8475392531024,177.94048397900002,177.77966596666664,177.86531826118852,389000
2023-02-03 16:00:00,177.86531826118852,177.9056848319562,177.72392681861723,177.75395345649258,1232000
2023-02-06 09:30:00,177.75395345649258,177.8733956061769,177.72754739975073,177.81292896430992,477000
2023-02-06 09:35:00,177.81292896430992,177.79779496894758,177.6602459,177.74428324879844,1694000
2023-02-06 09:40:00,177.74428324879844,177.9613120351638,177.7947668019086,177.84166781900603,401000
2023-02-06 09:45:00,177.84166781900603,177.96431805607088,177.80939297715548,177.89696651140557,1925000
2023-02-06 09:50:00,177.89696651140557,177.7935590715684,177.67679333204583,177.7397572514433,940000
2023-02-06 09:55:00,177.7397572514433,177.92985991105454,177.67150258338816,177.80036036666667,552000
2023-02-06 10:00:00,177.80036036666667,177.80339232559353,177.6319607410408,177.73200700036688,1494000
2023-02-06 10:05:00,177.73200700036688,177.86241367827287,177.68828846902807,177.78623901177923,1978000
2023-02-06 10:10:00,177.78623901177923,177.78583981141324,177.53995817470303,177.65372836838668,432000
2023-02-06 10:15:00,177.65372836838668,177.82016087376277,177.67957164160512,177.7510309044164,1789000
2023-02-06 10:20:00,177.7510309044164,177.73019667080774,177.56564404767872,177.61502858046887,973000
2023-02-06 10:25:00,177.61502858046887,177.6271352827163,177.48863056427703,177.54780833249862,104000
2023-02-06 10:30:00,177.54780833249862,177.4758820994626,177.42361913333335,177.492457,618000
2023-02-06 10:35:00,177.492457,177.51753429826243,177.46272357325532,177.5216200793763,210000
2023-02-06 10:40:00,177.5216200793763,177.54031677757044,177.37204009604181,177.41671003518053,1083000
2023-02-06 10:45:00,177.41671003518053,177.56179779931216,177.36737123655627,177.43393365243156,1674000
2023-02-06 10:50:00,177.43393365243156,177.4485156301956,177.38052283387606,177.4418127116807,1151000
2023-02-06 10:55:00,177.4418127116807,177.3715122221421,177.2201275285236,177.27540663141875,475000
2023-02-06 11:00:00,177.27540663141875,177.33649138327746,177.16399336666666,177.2843087056568,1872000
2023-02-06 11:05:00,177.2843087056568,177.20350301227157,177.13789903333333,177.17710184944494,956000
2023-02-06 11:10:00,177.17710184944494,177.11129335830537,176.99958446766638,177.00748117839936,1816000
2023-02-06 11:15:00,177.00748117839936,177.1746126124476,177.0429727136842,177.14039444365292,173000
2023-02-06 11:20:00,177.14039444365292,177.10697515321345,176.86274986098923,176.98062627467695,246000
2023-02-06 11:25:00,176.98062627467695,177.19716048829147,177.02237287107616,177.11160279283703,1600000
2023-02-06 11:30:00,177.11160279283703,177.34731009541028,177.1813764488994,177.16196585541383,110000
2023-02-06 11:35:00,177.16196585541383,177.4177603763421,177.22358886491475,177.31567370100709,112000
2023-02-06 11:40:00,177.31567370100709,177.33172586666666,177.0788867205889,177.17308035959513,1287000
2023-02-06 11:45:00,177.17308035959513,177.43506181655883,177.31931234704112,177.3661180403786,1208000
2023-02-06 11:50:00,177.3661180403786,177.2168747829331,177.13874848032253,177.20106912607005,1267000
2023-02-06 11:55:00,177.20106912607005,177.25271927597518,177.03687733333334,177.13841342247676,737000
2023-02-06 12:00:00,177.13841342247676,177.27767040257882,177.10814915224583,177.1476466725742,226000
2023-02-06 12:05:00,177.1476466725742,177.29577,177.14277186160746,177.2728300917268,1753000
2023-02-06 12:10:00,177.2728300917268,177.23871585377356,177.08384526595881,177.15308361698857,1480000
2023-02-06 12:15:00,177.15308361698857,177.22273503333332,177.0595459955857,177.13283475169965,1496000
2023-02-06 12:20:00,177.13283475169965,177.2392857849688,177.08924622777397,177.11793760106016,706000
2023-02-06 12:25:00,177.11793760106016,177.15471112900778,176.9926465244772,177.07700892952442,1894000
2023-02-06 12:30:00,177.07700892952442,177.11056152622362,177.02058023333333,177.1133558026367,1863000
2023-02-06 12:35:00,177.1133558026367,177.3166320405904,177.10023469999018,177.22479152487247,967000
2023-02-06 12:40:00,177.22479152487247,177.24709657869093,177.08931839979024,177.19987323513547,914000
2023-02-06 12:45:00,177.19987323513547,177.38753188231794,177.18336999521813,177.31804674800483,1324000
2023-02-06 12:50:00,177.31804674800483,177.4102198156015,177.2062160062607,177.32936139999998,1828000
2023-02-06 12:55:00,177.32936139999998,177.51635059772508,177.37479084417515,177.41241626666667,1363000
2023-02-06 13:00:00,177.41241626666667,177.40911633850925,177.19163581552982,177.30240451752465,1229000
2023-02-06 13:05:00,177.30240451752465,177.44745319999998,177.35208666108454,177.3795976562374,843000
2023-02-06 13:10:00,177.3795976562374,177.55085383023345,177.37557709425556,177.48082233333335,662000
2023-02-06 13:15:00,177.48082233333335,177.50804378612528,177.30962769964495,177.43839754489503,669000
2023-02-06 13:20:00,177.43839754489503,177.52900190546745,177.39425070000001,177.45581607533677,685000
2023-02-06 13:25:00,177.45581607533677,177.48125807792212,177.25769779737905,177.33453284055847,296000
2023-02-06 13:30:00,177.33453284055847,177.36577523078913,177.25051367954617,177.34967986666666,1633000
2023-02-06 13:35:00,177.34967986666666,177.53579326960855,177.3006655859834,177.44289599295342,180000
2023-02-06 13:40:00,177.44289599295342,177.43507654034622,177.34271457849127,177.43136561643834,1622000
2023-02-06 13:45:00,177.43136561643834,177.42074638745032,177.29914654408893,177.38212960313177,1090000
2023-02-06 13:50:00,177.38212960313177,177.61435871655098,177.40190610403295,177.4997477659898,1399000
2023-02-06 13:55:00,177.4997477659898,177.44838822458374,177.32502578283555,177.36135556329126,293000
2023-02-06 14:00:00,177.36135556329126,177.3656955333333,177.32837232366427,177.3509872902881,1681000
2023-02-06 14:05:00,177.3509872902881,177.45575086666668,177.24939714338896,177.36617199780028,1438000
2023-02-06 14:10:00,177.36617199780028,177.32011517059297,177.18328271313217,177.25403193333335,583000
2023-02-06 14:15:00,177.25403193333335,177.50491864012182,177.26490055791515,177.42636235827294,1489000
2023-02-06 14:20:00,177.42636235827294,177.40399358492644,177.19522423907952,177.32517903143759,1136000
2023-02-06 14:25:00,177.32517903143759,177.27073259783523,177.20640563278081,177.27477712283326,1834000
2023-02-06 14:30:00,177.27477712283326,177.10258213333333,176.96165577719188,177.03608390185352,1887000
2023-02-06 14:35:00,177.03608390185352,177.26555632525475,177.06763538708987,177.131972032226,775000
2023-02-06 14:40:00,177.131972032226,177.1558063783449,177.07652896666664,177.1060963666667,450000
2023-02-06 14:45:00,177.1060963666667,177.22994448406388,177.0725196537796,177.09784041717987,267000
2023-02-06 14:50:00,177.09784041717987,177.16014189852595,177.01940860000002,177.0917842077164,1329000
2023-02-06 14:55:00,177.0917842077164,177.21317133333332,177.1145629678921,177.20767594322376,1843000
2023-02-06 15:00:00,177.20767594322376,177.33563721197112,177.24043393333335,177.3495199547826,203000
2023-02-06 15:05:00,177.3495199547826,177.31229225181684,177.05945942926485,177.19217326666666,1468000
2023-02-06 15:10:00,177.19217326666666,177.18239072882108,177.05340918072574,177.12765220616959,1745000
2023-02-06 15:15:00,177.12765220616959,177.17058997901876,176.98874072111136,177.04703590442335,972000
2023-02-06 15:20:00,177.04703590442335,177.14553091660298,176.95166825477548,177.0094960037982,1939000
2023-02-06 15:25:00,177.0094960037982,177.1018354751006,176.97484946726726,177.03407462047127,1122000
2023-02-06 15:30:00,177.03407462047127,177.0292189352456,176.8233059076666,176.9406615378066,1644000
2023-02-06 15:35:00,176.9406615378066,177.0211709679639,176.91359789999998,176.95770453333336,1064000
2023-02-06 15:40:00,176.95770453333336,176.93070594192076,176.88527013370611,176.9248961881842,391000
2023-02-06 15:45:00,176.9248961881842,177.0104597942974,176.90741722287788,177.00478680396552,628000
2023-02-06 15:50:00,177.00478680396552,177.07333631780173,176.86532281058047,176.99657546773506,556000
2023-02-06 15:55:00,176.99657546773506,176.89698380814318,176.71017037932825,176.8470394991161,1109000
2023-02-06 16:00:00,176.8470394991161,177.01565615950008,176.87126641727932,176.87758500323943,1699000
2023-02-07 09:30:00,176.87758500323943,176.8756171,176.67077777349252,176.76885231619238,851000
2023-02-07 09:35:00,176.76885231619238,176.81081738357364,176.63735603116146,176.6913837869242,564000
2023-02-07 09:40:00,176.6913837869242,176.7576527603218,176.54277943333332,176.67649338633979,1694000
2023-02-07 09:45:00,176.67649338633979,176.73445383113904,176.5365350580688,176.63220779968415,1874000
2023-02-07 09:50:00,176.63220779968415,176.55989823998686,176.40349057511517,176.50239717118154,775000
2023-02-07 09:55:00,176.50239717118154,176.54403316273854,176.39672204346564,176.48509258820957,935000
2023-02-07 10:00:00,176.48509258820957,176.51684800062787,176.41471106265118,176.45724030585413,511000
2023-02-07 10:05:00,176.45724030585413,176.51617182524825,176.45886331827384,176.49476735546986,1358000
2023-02-07 10:10:00,176.49476735546986,176.46986813820465,176.2849992957907,176.37832161757044,364000
2023-02-07 10:15:00,176.37832161757044,176.4760715829743,176.2678095282865,176.37008751035708,1372000
2023-02-07 10:20:00,176.37008751035708,176.44470336473475,176.29973407213888,176.41373914843447,1092000
2023-02-07 10:25:00,176.41373914843447,176.36198824241984,176.22399689303558,176.30839173333334,1793000
2023-02-07 10:30:00,176.30839173333334,176.3407824072052,176.18058152657449,176.24864951606483,1238000
2023-02-07 10:35:00,176.24864951606483,176.3247424387778,176.25598411731025,176.27414197640582,804000
2023-02-07 10:40:00,176.27414197640582,176.4792625422994,176.32016074434696,176.48303224993586,1585000
2023-02-07 10:45:00,176.48303224993586,176.46165253688147,176.38344786991925,176.41234411184936,1434000
2023-02-07 10:50:00,176.41234411184936,176.49305973333333,176.33074902440728,176.35716779999998,658000
2023-02-07 10:55:00,176.35716779999998,176.47724067680545,176.29584666385654,176.42622380302197,1326000
2023-02-07 11:00:00,176.42622380302197,176.62463468777617,176.41100641531017,176.50823446666666,1454000
2023-02-07 11:05:00,176.50823446666666,176.49728886666665,176.3696359747261,176.44655353286586,1857000
2023-02-07 11:10:00,176.44655353286586,176.51272906030053,176.32737536666667,176.40154914266978,737000
2023-02-07 11:15:00,176.40154914266978,176.45206684970975,176.3190306842983,176.36505844044243,1881000
2023-02-07 11:20:00,176.36505844044243,176.38357760933488,176.23883803047323,176.29422639999999,775000
2023-02-07 11:25:00,176.29422639999999,176.46729443333334,176.22869261321995,176.28143090719993,162000
2023-02-07 11:30:00,176.28143090719993,176.3772465540362,176.27726234209482,176.3479889563216,288000
2023-02-07 11:35:00,176.3479889563216,176.21911498249153,176.1125684464996,176.19985143127653,1123000
2023-02-07 11:40:00,176.19985143127653,176.3262703996501,176.09811103645652,176.19755506781635,1719000
2023-02-07 11:45:00,176.19755506781635,176.38352979185686,176.20988936666666,176.33610222709956,688000
2023-02-07 11:50:00,176.33610222709956,176.46958952888687,176.32755356666667,176.3884490264723,194000
2023-02-07 11:55:00,176.3884490264723,176.5196109359902,176.37209750402124,176.50914865418704,603000
2023-02-07 12:00:00,176.50914865418704,176.51451941617455,176.42865675361682,176.45187349711236,1974000
2023-02-07 12:05:00,176.45187349711236,176.6141602,176.40659445125706,176.57838792939293,981000
2023-02-07 12:10:00,176.57838792939293,176.65572404164783,176.60209806508198,176.6688878306251,1507000
2023-02-07 12:15:00,176.6688878306251,176.65428216727386,176.60516102493173,176.6714289442099,831000
2023-02-07 12:20:00,176.6714289442099,176.67478610257373,176.54878343769892,176.6324176798974,1586000
2023-02-07 12:25:00,176.6324176798974,176.80366678034585,176.60401972526088,176.72678652893174,1067000
2023-02-07 12:30:00,176.72678652893174,176.76958834545545,176.61171784871948,176.7487163606938,833000
2023-02-07 12:35:00,176.7487163606938,176.8517635112186,176.77084297531644,176.83289676745653,1294000
2023-02-07 12:40:00,176.83289676745653,176.94392800369894,176.8448642098443,176.86597433253746,901000
2023-02-07 12:45:00,176.86597433253746,176.92514397518937,176.77912735903146,176.85504243333335,1345000
2023-02-07 12:50:00,176.85504243333335,176.97580112609117,176.77778126999974,176.87177793452506,1846000
2023-02-07 12:55:00,176.87177793452506,176.89953818437732,176.77451850006724,176.79160038086624,524000
2023-02-07 13:00:00,176.79160038086624,176.9864939,176.78321324307976,176.86905499769495,379000
2023-02-07 13:05:00,176.86905499769495,176.94695884747028,176.72202818274164,176.84197989149976,1442000
2023-02-07 13:10:00,176.84197989149976,176.98070065707273,176.8527583325081,176.9197224126574,1739000
2023-02-07 13:15:00,176.9197224126574,176.86973540752302,176.71340081004544,176.85287653333336,994000
2023-02-07 13:20:00,176.85287653333336,176.84603392475108,176.71080857458978,176.77555756472114,1593000
2023-02-07 13:25:00,176.77555756472114,176.9272678130623,176.66912346503761,176.80158379250895,1705000
2023-02-07 13:30:00,176.80158379250895,176.89842938593307,176.77917283556016,176.8248067372827,1474000
2023-02-07 13:35:00,176.8248067372827,176.88349878013057,176.76823897770453,176.80826916553409,124000
2023-02-07 13:40:00,176.80826916553409,176.98938080000002,176.8323344,176.89700479172308,1923000
2023-02-07 13:45:00,176.89700479172308,176.9405562637399,176.7882903,176.8653915877466,1686000
2023-02-07 13:50:00,176.8653915877466,176.93455281948863,176.8246294948299,176.86950379921103,274000
2023-02-07 13:55:00,176.86950379921103,176.98029270220823,176.86177512013538,176.93206331468863,1142000
2023-02-07 14:00:00,176.93206331468863,176.98397606606656,176.88904620785996,176.9263718780716,1499000
2023-02-07 14:05:00,176.9263718780716,177.14531395939684,176.9849786082258,177.0589337615725,178000
2023-02-07 14:10:00,177.0589337615725,177.28344501125736,177.11831541834292,177.18266129999998,1370000
2023-02-07 14:15:00,177.18266129999998,177.1775663820983,177.0005836264444,177.09506591142375,1468000
2023-02-07 14:20:00,177.09506591142375,176.96473131570437,176.77051126666666,176.8582164602855,1366000
2023-02-07 14:25:00,176.8582164602855,176.96787649334948,176.75706149464062,176.8780364725821,1438000
2023-02-07 14:30:00,176.8780364725821,176.9046377253759,176.66152969519828,176.81635341262438,1171000
2023-02-07 14:35:00,176.81635341262438,176.8149415679555,176.67090175331356,176.7731764418888,1232000
2023-02-07 14:40:00,176.7731764418888,177.01392498839922,176.77323903105926,176.90650681618746,1001000
2023-02-07 14:45:00,176.90650681618746,177.2351712529085,177.08907314249646,177.10080669661457,811000
2023-02-07 14:50:00,177.10080669661457,177.06990228276112,177.01099487477077,177.03455396284275,1871000
2023-02-07 14:55:00,177.03455396284275,177.16900585794176,177.03559848311681,177.0356900571251,624000
2023-02-07 15:00:00,177.0356900571251,177.1866636340789,177.01482923292755,177.0544666381211,332000
2023-02-07 15:05:00,177.0544666381211,177.22347193333331,177.03812418440572,177.15589049972024,1578000
2023-02-07 15:10:00,177.15589049972024,177.05684503809942,176.91567356666667,177.0062303517585,1061000
2023-02-07 15:15:00,177.0062303517585,177.24428534149686,177.05173678492716,177.10620081833608,498000
2023-02-07 15:20:00,177.10620081833608,177.2510285021154,177.10213230952826,177.19327920201147,1117000
2023-02-07 15:25:00,177.19327920201147,177.24232879186323,177.05727381626937,177.1883872572045,1724000
2023-02-07 15:30:00,177.1883872572045,177.33276256666667,177.13655172131018,177.26388839999998,1287000
2023-02-07 15:35:00,177.26388839999998,177.2594159660384,177.11473239999998,177.16463812098377,392000
2023-02-07 15:40:00,177.16463812098377,177.0806180666667,176.9347297,177.01217502121003,550000
2023-02-07 15:45:00,177.01217502121003,177.12264300060852,176.99967569808737,177.04974587875807,160000
2023-02-07 15:50:00,177.04974587875807,177.09496916098587,177.02489516048686,177.0874080516832,185000
2023-02-07 15:55:00,177.0874080516832,177.1516185878027,176.9961320873931,177.05646696193057,1658000
2023-02-07 16:00:00,177.05646696193057,177.1667324207039,177.1245007164832,177.14084199863873,535000
2023-02-08 09:30:00,177.14084199863873,177.2294756591073,177.04114620000001,177.0555232108897,799000
2023-02-08 09:35:00,177.0555232108897,177.30368140709703,177.12856370408653,177.21753080161997,982000
2023-02-08 09:40:00,177.21753080161997,177.33415938940652,177.13068887523772,177.28357590038655,134000
2023-02-08 09:45:00,177.28357590038655,177.52514265075678,177.3879525061603,177.47224916707674,764000
2023-02-08 09:50:00,177.47224916707674,177.30333077510852,177.22317405178111,177.32359767747747,539000
2023-02-08 09:55:00,177.32359767747747,177.3562572646576,177.11788005080692,177.23403543491193,361000
2023-02-08 10:00:00,177.23403543491193,177.18520060669263,177.14213107985137,177.21407369199895,1112000
2023-02-08 10:05:00,177.21407369199895,177.3585944129327,177.13991950158749,177.23083012257126,1104000
2023-02-08 10:10:00,177.23083012257126,177.4007608619508,177.2917971345583,177.33414719435308,1827000
2023-02-08 10:15:00,177.33414719435308,177.46870776666668,177.24968542433015,177.3070348478186,1706000
2023-02-08 10:20:00,177.3070348478186,177.47770221242192,177.2707011207382,177.36969736762012,1229000
2023-02-08 10:25:00,177.36969736762012,177.5743872418349,177.44927438127473,177.48407963333332,835000
2023-02-08 10:30:00,177.48407963333332,177.66527738480187,177.41022867514286,177.51991126666664,1798000
2023-02-08 10:35:00,177.51991126666664,177.70296832006463,177.56722064957106,177.59000056252722,1651000
2023-02-08 10:40:00,177.59000056252722,177.53045756555872,177.3092533108402,177.39456299273112,1636000
2023-02-08 10:45:00,177.39456299273112,177.68195540760146,177.4374725616893,177.58500984301557,1952000
2023-02-08 10:50:00,177.58500984301557,177.66708423338872,177.50852453065497,177.49941261279994,1327000
2023-02-08 10:55:00,177.49941261279994,177.87756475691376,177.7132581130408,177.78693383052442,1388000
2023-02-08 11:00:00,177.78693383052442,177.71255053333334,177.6584201271318,177.72600793333334,1319000
2023-02-08 11:05:00,177.72600793333334,177.81878516375616,177.68976173333334,177.72594780340097,1032000
2023-02-08 11:10:00,177.72594780340097,177.9166784,177.7557634567958,177.8279189402532,232000
2023-02-08 11:15:00,177.8279189402532,177.67825588079612,177.50597614027225,177.60137575621096,645000
2023-02-08 11:20:00,177.60137575621096,177.7655743475444,177.69056828447873,177.74108372827428,1566000
2023-02-08 11:25:00,177.74108372827428,177.93886871266685,177.6809197470966,177.80743698728438,1079000
2023-02-08 11:30:00,177.80743698728438,177.8181103776023,177.63586115233525,177.67993474868763,1642000
2023-02-08 11:35:00,177.67993474868763,177.79071479718334,177.66501157667352,177.73764917372225,512000
2023-02-08 11:40:00,177.73764917372225,177.84969272315757,177.72506281182007,177.71058139831396,1896000
2023-02-08 11:45:00,177.71058139831396,177.80590338609798,177.70773429112205,177.75537871963363,1609000
2023-02-08 11:50:00,177.75537871963363,177.82644287797262,177.61959684762493,177.72312038624943,1319000
2023-02-08 11:55:00,177.72312038624943,177.75701705328188,177.68895851701922,177.68072087391477,1224000
2023-02-08 12:00:00,177.68072087391477,177.8206977426285,177.70306911120926,177.7419606330921,458000
2023-02-08 12:05:00,177.7419606330921,177.9656087906536,177.80853606744023,177.83642893554807,1855000
2023-02-08 12:10:00,177.83642893554807,177.9235320709589,177.82818936358456,177.83317093408303,443000
2023-02-08 12:15:00,177.83317093408303,177.95596214063977,177.78879507660014,177.85536055402224,1516000
2023-02-08 12:20:00,177.85536055402224,177.94078208759854,177.84177561232218,177.85389463253028,539000
2023-02-08 12:25:00,177.85389463253028,177.87126181326286,177.70317224404337,177.7839250254156,1184000
2023-02-08 12:30:00,177.7839250254156,177.8294617197631,177.714233,177.77002616666667,975000
2023-02-08 12:35:00,177.77002616666667,177.8041496211785,177.6268070644037,177.72125249016284,1088000
2023-02-08 12:40:00,177.72125249016284,177.7047984713532,177.6326708,177.65709171208312,1009000
2023-02-08 12:45:00,177.65709171208312,177.55089694077776,177.4401621176694,177.4794321404926,512000
2023-02-08 12:50:00,177.4794321404926,177.52131447408016,177.39480693046886,177.4118179333333,1119000
2023-02-08 12:55:00,177.4118179333333,177.55488108321185,177.40023669134322,177.50560954477436,629000
2023-02-08 13:00:00,177.50560954477436,177.6615366369013,177.5618695630105,177.59312766666665,1040000
2023-02-08 13:05:00,177.59312766666665,177.69014103802877,177.5261658,177.6243977224195,492000
2023-02-08 13:10:00,177.6243977224195,177.58887316168597,177.44691946827623,177.5519398986934,179000
2023-02-08 13:15:00,177.5519398986934,177.63229142173293,177.4351486497711,177.5114490404263,458000
2023-02-08 13:20:00,177.5114490404263,177.48370682358058,177.37283152029661,177.4510277415878,847000
2023-02-08 13:25:00,177.4510277415878,177.72047585546665,177.51750553302347,177.62378536666665,1663000
2023-02-08 13:30:00,177.62378536666665,177.6025166940444,177.44265527989458,177.5929568805814,1694000
2023-02-08 13:35:00,177.5929568805814,177.5809272907181,177.42044669266426,177.53758447677757,832000
2023-02-08 13:40:00,177.53758447677757,177.6175357263687,177.57713279763456,177.59174815796692,365000
2023-02-08 13:45:00,177.59174815796692,177.67032947670216,177.54399831600904,177.61876739985584,1847000
2023-02-08 13:50:00,177.61876739985584,177.81376350105555,177.5608689,177.68585128383728,1519000
2023-02-08 13:55:00,177.68585128383728,177.6663553025704,177.54476735799292,177.59720499805812,1689000
2023-02-08 14:00:00,177.59720499805812,177.73157901852073,177.54715945547338,177.55648853580223,1520000
2023-02-08 14:05:00,177.55648853580223,177.73226355852123,177.5408001,177.6468657873173,879000
2023-02-08 14:10:00,177.6468657873173,177.4697608065127,177.41794347769982,177.48535677745497,1205000
2023-02-08 14:15:00,177.48535677745497,177.52335683333334,177.2706917980525,177.38295100288482,1433000
2023-02-08 14:20:00,177.38295100288482,177.4815112584482,177.28781437869375,177.37800006200442,276000
2023-02-08 14:25:00,177.37800006200442,177.4827099134724,177.261841,177.31173308304702,1868000
2023-02-08 14:30:00,177.31173308304702,177.4133355367418,177.27194666708763,177.31643203333334,104000
2023-02-08 14:35:00,177.31643203333334,177.38105811026716,177.3461425947449,177.3429264537885,631000
2023-02-08 14:40:00,177.3429264537885,177.42845355134511,177.27463285908982,177.2980374025533,1888000
2023-02-08 14:45:00,177.2980374025533,177.52403208551496,177.35928992118028,177.46704590867415,1487000
2023-02-08 14:50:00,177.46704590867415,177.64509401121452,177.49764900183808,177.6162372768676,1154000
2023-02-08 14:55:00,177.6162372768676,177.58103291659748,177.45436646177941,177.54455765621339,1072000
2023-02-08 15:00:00,177.54455765621339,177.52173556448847,177.44362378980765,177.48926247633526,976000
2023-02-08 15:05:00,177.48926247633526,177.69477743378764,177.47836232872572,177.57696712852808,155000
2023-02-08 15:10:00,177.57696712852808,177.6137181665485,177.43620357246624,177.52862840944536,1096000
2023-02-08 15:15:00,177.52862840944536,177.63331796252288,177.54054791067037,177.53871956696477,1516000
2023-02-08 15:20:00,177.53871956696477,177.66265060490178,177.4382867383384,177.53022083849137,494000
2023-02-08 15:25:00,177.53022083849137,177.56662704542708,177.34032513169558,177.40110398115087,1342000
2023-02-08 15:30:00,177.40110398115087,177.41265437277997,177.24829240811852,177.40108479394164,1382000
2023-02-08 15:35:00,177.40108479394164,177.31161331279597,177.1060115,177.20671563333332,592000
2023-02-08 15:40:00,177.20671563333332,177.2219151514329,177.07198429202953,177.23604197920088,1283000
2023-02-08 15:45:00,177.23604197920088,177.23106410308895,177.08755099576607,177.24642269772286,413000
2023-02-08 15:50:00,177.24642269772286,177.24944051996053,177.05286338376948,177.12909467151854,375000
2023-02-08 15:55:00,177.12909467151854,177.14925428995377,177.06813860901076,177.12494166921803,259000
2023-02-08 16:00:00,177.12494166921803,177.07432740156025,176.9909885764172,177.00862374069558,435000
2023-02-09 09:30:00,177.00862374069558,177.1088225047135,177.03645785960595,177.06102088564242,1275000
2023-02-09 09:35:00,177.06102088564242,177.07001050460036,176.98101957762054,176.96073424993563,1704000
2023-02-09 09:40:00,176.96073424993563,177.18959137690064,177.06709497929415,177.07222866665188,1059000
2023-02-09 09:45:00,177.07222866665188,177.10337920854468,176.94080234143138,177.11049727644803,1721000
2023-02-09 09:50:00,177.11049727644803,177.01291000641353,176.86403173333335,176.93813535480436,932000
2023-02-09 09:55:00,176.93813535480436,177.03073696666667,176.83588836666667,176.98970833505956,322000
2023-02-09 10:00:00,176.98970833505956,177.14203817342644,177.00632157450292,177.07516345913817,1998000
2023-02-09 10:05:00,177.07516345913817,177.30352461871888,177.14275170673554,177.24204022465764,1230000
2023-02-09 10:10:00,177.24204022465764,177.25717193648163,177.0061251890166,177.1213724732562,1802000
2023-02-09 10:15:00,177.1213724732562,177.2796102,177.13842152395137,177.20491053644128,1411000
2023-02-09 10:20:00,177.20491053644128,177.13341019250612,177.10135043125135,177.12101748182485,1164000
2023-02-09 10:25:00,177.12101748182485,177.17865328418077,176.95052859918846,177.06822648180503,510000
2023-02-09 10:30:00,177.06822648180503,177.16632637802144,177.0349787984415,177.10070366666665,136000
2023-02-09 10:35:00,177.10070366666665,177.15279094951094,177.01085998788346,177.1150281633009,375000
2023-02-09 10:40:00,177.1150281633009,177.1043781827443,177.02170066666667,177.04339892656057,883000
2023-02-09 10:45:00,177.04339892656057,177.2379059170324,177.03789397219649,177.09522324184246,1481000
2023-02-09 10:50:00,177.09522324184246,177.32840832402715,177.18155113435776,177.1941092413352,492000
2023-02-09 10:55:00,177.1941092413352,177.36425046666668,177.15558610553654,177.27415509424813,401000
2023-02-09 11:00:00,177.27415509424813,177.22588272274672,177.13072870619789,177.21390632108296,1073000
2023-02-09 11:05:00,177.21390632108296,177.2670757177952,177.11921063932274,177.12146052556642,715000
2023-02-09 11:10:00,177.12146052556642,177.33513879864753,177.1133225348936,177.2791775405669,131000
2023-02-09 11:15:00,177.2791775405669,177.41629303153593,177.25290683333333,177.37374145781584,1530000
2023-02-09 11:20:00,177.37374145781584,177.39051783911358,177.20844706405072,177.27883606751095,643000
2023-02-09 11:25:00,177.27883606751095,177.38609679867426,177.17990454492195,177.3105630340887,239000
2023-02-09 11:30:00,177.3105630340887,177.48179376666667,177.31254001729755,177.3662196200679,879000
2023-02-09 11:35:00,177.3662196200679,177.3277492748529,177.15916686124137,177.25749513748414,1902000
2023-02-09 11:40:00,177.25749513748414,177.44809297937883,177.2999770014221,177.36640592916822,462000
2023-02-09 11:45:00,177.36640592916822,177.58683898612688,177.43064383029426,177.46794066156184,1676000
2023-02-09 11:50:00,177.46794066156184,177.63961589621684,177.49151265986686,177.56069043065358,579000
2023-02-09 11:55:00,177.56069043065358,177.65129463683732,177.56966995801884,177.5653484350056,847000
2023-02-09 12:00:00,177.5653484350056,177.63295944783638,177.48295571141014,177.56215698172076,1021000
2023-02-09 12:05:00,177.56215698172076,177.5559636940773,177.4210982605185,177.49394429847774,255000
2023-02-09 12:10:00,177.49394429847774,177.48726636776885,177.37242106505298,177.47144922164333,1618000
2023-02-09 12:15:00,177.47144922164333,177.43927454594794,177.33242587335968,177.39739292771284,1967000
2023-02-09 12:20:00,177.39739292771284,177.49951261947663,177.2873869536326,177.3794238411721,805000
2023-02-09 12:25:00,177.3794238411721,177.4749336423589,177.36921395521313,177.40999394907595,1550000
2023-02-09 12:30:00,177.40999394907595,177.35783506991962,177.2357011420497,177.3178321511602,1657000
2023-02-09 12:35:00,177.3178321511602,177.4190642991127,177.23876901169248,177.28840200000002,1069000
2023-02-09 12:40:00,177.28840200000002,177.36408560616937,177.28172253619974,177.34808373801584,103000
2023-02-09 12:45:00,177.34808373801584,177.22515384325592,177.11065656306013,177.18763626035104,1583000
2023-02-09 12:50:00,177.18763626035104,177.31907630403248,177.19372475320597,177.27997727991303,926000
2023-02-09 12:55:00,177.27997727991303,177.35676281122485,177.20188554047843,177.27904774478327,1427000
2023-02-09 13:00:00,177.27904774478327,177.4044052904334,177.2275682599018,177.31518652800955,1212000
2023-02-09 13:05:00,177.31518652800955,177.41570535282145,177.36394671986412,177.4314022834556,695000
2023-02-09 13:10:00,177.4314022834556,177.48544770940285,177.35739825653408,177.45715351214852,765000
2023-02-09 13:15:00,177.45715351214852,177.57181206430997,177.4539390649472,177.49986612242427,489000
2023-02-09 13:20:00,177.49986612242427,177.63034576666666,177.42270776430485,177.58526481264113,1453000
2023-02-09 13:25:00,177.58526481264113,177.59047358755936,177.4743137401438,177.54163782036943,201000
2023-02-09 13:30:00,177.54163782036943,177.54565719330077,177.48523556666666,177.52285603396976,1153000
2023-02-09 13:35:00,177.52285603396976,177.50118264521916,177.38297357306297,177.39584262237375,1154000
2023-02-09 13:40:00,177.39584262237375,177.53110555580022,177.43609910529503,177.4592938899429,1231000
2023-02-09 13:45:00,177.4592938899429,177.54728577928577,177.4419128326311,177.48912916723188,734000
2023-02-09 13:50:00,177.48912916723188,177.55807534231172,177.3969957687036,177.48660733214908,702000
2023-02-09 13:55:00,177.48660733214908,177.4615912212593,177.31055555651326,177.40226456666667,1460000
2023-02-09 14:00:00,177.40226456666667,177.3179780449652,177.0721917631784,177.1269560383396,1877000
2023-02-09 14:05:00,177.1269560383396,177.30410820006423,177.1274641749356,177.17328848250472,1605000
2023-02-09 14:10:00,177.17328848250472,177.1177108,177.0341294475594,177.04721053338656,644000
2023-02-09 14:15:00,177.04721053338656,177.10438169783453,176.9885163761448,177.12186296529748,781000
2023-02-09 14:20:00,177.12186296529748,177.2939422488384,177.17871560052046,177.22909234894607,1281000
2023-02-09 14:25:00,177.22909234894607,177.29297796666665,177.25355627165635,177.24898154609292,182000
2023-02-09 14:30:00,177.24898154609292,177.29594594176316,177.13748399450668,177.28363478620494,1471000
2023-02-09 14:35:00,177.28363478620494,177.27526073204427,177.1249849450718,177.17071883977144,1525000
2023-02-09 14:40:00,177.17071883977144,177.1368188184917,176.99516880974008,177.1126807811807,651000
2023-02-09 14:45:00,177.1126807811807,177.1654416,177.01212812936058,177.1548854765546,919000
2023-02-09 14:50:00,177.1548854765546,177.22545228908638,177.0850482129235,177.18534313333333,1948000
2023-02-09 14:55:00,177.18534313333333,177.27359600442043,177.19584781696057,177.2461160862439,282000
2023-02-09 15:00:00,177.2461160862439,177.2579878781988,177.08629324990181,177.15760448281324,910000
2023-02-09 15:05:00,177.15760448281324,177.32988717758363,177.22743488745522,177.2567952774252,181000
2023-02-09 15:10:00,177.2567952774252,177.4568061888062,177.30799723333334,177.352652355079,320000
2023-02-09 15:15:00,177.352652355079,177.49761663710564,177.2959123,177.4024830901903,261000
2023-02-09 15:20:00,177.4024830901903,177.5040968554145,177.35897911018228,177.44920124293247,384000
2023-02-09 15:25:00,177.44920124293247,177.3388330453992,177.20558821033782,177.30635442120897,880000
2023-02-09 15:30:00,177.30635442120897,177.2269655675513,177.1172878760526,177.20198914111694,838000
2023-02-09 15:35:00,177.20198914111694,177.0829254228034,176.9681292978152,177.04860866597153,723000
2023-02-09 15:40:00,177.04860866597153,177.14414694409075,177.0082106651772,177.03618923673312,1005000
2023-02-09 15:45:00,177.03618923673312,177.10761812562987,176.89516619724841,176.9800587354644,329000
2023-02-09 15:50:00,176.9800587354644,177.00338720613146,176.86917193110338,176.93279392293377,1177000
2023-02-09 15:55:00,176.93279392293377,177.00551132265676,176.80688743013587,176.82622531834525,566000
2023-02-09 16:00:00,176.82622531834525,176.91531213287973,176.81385107552484,176.83528603333335,1337000
2023-02-10 09:30:00,176.83528603333335,176.78296401935566,176.60519876666666,176.68913581425448,1734000
2023-02-10 09:35:00,176.68913581425448,176.8099818352927,176.65207660529296,176.68568834092184,1998000
2023-02-10 09:40:00,176.68568834092184,176.87615271216924,176.7463772,176.75950803333333,1565000
2023-02-10 09:45:00,176.75950803333333,176.8137213831983,176.7563814,176.7643303170393,192000
2023-02-10 09:50:00,176.7643303170393,176.8518282517177,176.77440817448013,176.79932547537905,1122000
2023-02-10 09:55:00,176.79932547537905,176.94284735405228,176.76389798004763,176.79154587954255,1363000
2023-02-10 10:00:00,176.79154587954255,176.91332348323365,176.83083732219885,176.88155403996046,418000
2023-02-10 10:05:00,176.88155403996046,177.07720260803586,176.92412462445722,176.99956755660006,732000
2023-02-10 10:10:00,176.99956755660006,177.11351081687914,176.99961192088918,177.05167710596092,825000
2023-02-10 10:15:00,177.05167710596092,177.25349642634592,177.07975283333332,177.16483526352144,313000
2023-02-10 10:20:00,177.16483526352144,177.06911407506826,176.9184012099196,176.9801513478915,849000
2023-02-10 10:25:00,176.9801513478915,177.09026688404708,176.94826545381838,177.0796920750662,1164000
2023-02-10 10:30:00,177.0796920750662,177.01991988269182,176.94325281544977,176.9713079201479,513000
2023-02-10 10:35:00,176.9713079201479,177.2084415550111,177.0660050616617,177.0997055,1246000
2023-02-10 10:40:00,177.0997055,177.18614571660152,176.9991724037571,177.08107283750516,1851000
2023-02-10 10:45:00,177.08107283750516,177.1928863688986,177.04020033131826,177.0797340606324,455000
2023-02-10 10:50:00,177.0797340606324,177.1511148183608,177.01209325581462,177.15751661701412,953000
2023-02-10 10:55:00,177.15751661701412,177.1932206720657,177.0893130541488,177.16752011546143,1378000
2023-02-10 11:00:00,177.16752011546143,177.32267282430027,177.2547927184018,177.26469800068608,1160000
2023-02-10 11:05:00,177.26469800068608,177.4228322480291,177.26133180804928,177.3785900523244,1643000
2023-02-10 11:10:00,177.3785900523244,177.64288084082702,177.45877333333334,177.5680961870162,1897000
2023-02-10 11:15:00,177.5680961870162,177.59818198382257,177.42324647254924,177.44184736021126,151000
2023-02-10 11:20:00,177.44184736021126,177.45374374571753,177.29673750036946,177.32745018111007,1632000
2023-02-10 11:25:00,177.32745018111007,177.4304886,177.3324709687062,177.41769349194325,131000
2023-02-10 11:30:00,177.41769349194325,177.33246583333332,177.2785268655688,177.31408470056513,670000
2023-02-10 11:35:00,177.31408470056513,177.36838600735285,177.2011991,177.2312491782629,1977000
2023-02-10 11:40:00,177.2312491782629,177.34369484360482,177.15949382109056,177.29360163333334,1410000
2023-02-10 11:45:00,177.29360163333334,177.30575983333335,177.22873019783717,177.3001401686432,680000
2023-02-10 11:50:00,177.3001401686432,177.41895852906907,177.22121135630928,177.36778583018787,964000
2023-02-10 11:55:00,177.36778583018787,177.31309475083904,177.15573127637154,177.25003469401827,930000
2023-02-10 12:00:00,177.25003469401827,177.44790062266756,177.21719568604752,177.36016136947097,906000
2023-02-10 12:05:00,177.36016136947097,177.43122850667987,177.24756624276213,177.3023242666667,1789000
2023-02-10 12:10:00,177.3023242666667,177.56635022618082,177.43282357894077,177.53112698179947,1404000
2023-02-10 12:15:00,177.53112698179947,177.46258387558436,177.28842308995038,177.39409328866176,329000
2023-02-10 12:20:00,177.39409328866176,177.51604020491024,177.37584312054167,177.44030667578957,1600000
2023-02-10 12:25:00,177.44030667578957,177.53184330002208,177.43330189180472,177.44763250010712,203000
2023-02-10 12:30:00,177.44763250010712,177.52485962570069,177.37951824114597,177.42250340170708,1231000
2023-02-10 12:35:00,177.42250340170708,177.51294923333336,177.26407265847874,177.37552383304123,571000
2023-02-10 12:40:00,177.37552383304123,177.5614018176625,177.39378502763614,177.52420287669517,1566000
2023-02-10 12:45:00,177.52420287669517,177.67631008083396,177.46570859651038,177.55868812558762,1573000
2023-02-10 12:50:00,177.55868812558762,177.5956440136675,177.4463667634746,177.50375658621624,531000
2023-02-10 12:55:00,177.50375658621624,177.46212362273656,177.34273067401847,177.43514623491643,1395000
2023-02-10 13:00:00,177.43514623491643,177.49698899288174,177.37469331094772,177.41550251614288,1533000
2023-02-10 13:05:00,177.41550251614288,177.59403050049227,177.38930388057756,177.47065076779245,1466000
2023-02-10 13:10:00,177.47065076779245,177.54460843333334,177.41964843790703,177.44652998494115,794000
2023-02-10 13:15:00,177.44652998494115,177.6103559283126,177.39024391969107,177.49849256921124,988000
2023-02-10 13:20:00,177.49849256921124,177.65187673400297,177.4932312213404,177.5336513052635,1682000
2023-02-10 13:25:00,177.5336513052635,177.75495365519757,177.60104888836148,177.74988856353926,180000
2023-02-10 13:30:00,177.74988856353926,177.8513687,177.7776617411529,177.8081510004223,977000
2023-02-10 13:35:00,177.8081510004223,177.81946451113294,177.71320440583452,177.76521852409252,897000
2023-02-10 13:40:00,177.76521852409252,178.06033598607453,177.9305739593835,177.97375817694336,1024000
2023-02-10 13:45:00,177.97375817694336,178.1419184491091,177.98032592597704,178.0197729765544,1574000
2023-02-10 13:50:00,178.0197729765544,178.01080530768516,177.8830806776148,177.94743672684848,1598000
2023-02-10 13:55:00,177.94743672684848,177.98389208174964,177.9036236285552,177.99139036780227,415000
2023-02-10 14:00:00,177.99139036780227,178.03787219381078,177.91767848840212,177.9898524666667,111000
2023-02-10 14:05:00,177.9898524666667,177.99424320806148,177.8585388389455,177.97087749205642,109000
2023-02-10 14:10:00,177.97087749205642,178.0506523802773,177.83484138689784,177.98593663937856,1309000
2023-02-10 14:15:00,177.98593663937856,178.12870284792626,177.9334324339614,178.00023314013748,1269000
2023-02-10 14:20:00,178.00023314013748,178.1952943609969,178.02287858383008,178.07790433333332,945000
2023-02-10 14:25:00,178.07790433333332,178.0972672146663,177.96801620784902,178.0375280385853,1372000
2023-02-10 14:30:00,178.0375280385853,178.11579293639417,177.91037907146523,177.9906804458407,458000
2023-02-10 14:35:00,177.9906804458407,178.02629169634454,177.86099550338466,177.96755985470222,1696000
2023-02-10 14:40:00,177.96755985470222,177.989730035262,177.8699750398043,177.9255318867833,1829000
2023-02-10 14:45:00,177.9255318867833,178.1371277725884,177.91025813333331,178.00282569580855,1250000
2023-02-10 14:50:00,178.00282569580855,178.15476548523992,178.0449767828832,178.08436406418306,193000
2023-02-10 14:55:00,178.08436406418306,178.15774203230063,178.01828501298917,178.0876131576103,169000
2023-02-10 15:00:00,178.0876131576103,178.203098633316,178.0762326587942,178.20896825670204,1933000
2023-02-10 15:05:00,178.20896825670204,178.27898202765707,178.1141626448307,178.26652713333334,1137000
2023-02-10 15:10:00,178.26652713333334,178.26752763595348,178.1358312168463,178.25093673333333,1312000
2023-02-10 15:15:00,178.25093673333333,178.41703667517888,178.26641434355625,178.40403111099508,1678000
2023-02-10 15:20:00,178.40403111099508,178.51098392261432,178.3787900204418,178.3986814346832,1863000
2023-02-10 15:25:00,178.3986814346832,178.47815040909646,178.39426864437866,178.3884490975941,1096000
2023-02-10 15:30:00,178.3884490975941,178.56284208548652,178.4127542030932,178.49854392607855,173000
2023-02-10 15:35:00,178.49854392607855,178.43178647665525,178.3669408920664,178.35357951326208,688000
2023-02-10 15:40:00,178.35357951326208,178.4025373035438,178.2471809590488,178.3708166576259,238000
2023-02-10 15:45:00,178.3708166576259,178.46978127140403,178.31032125268626,178.40621136841486,1756000
2023-02-10 15:50:00,178.40621136841486,178.5179781838404,178.4180429937339,178.47285359976246,524000
2023-02-10 15:55:00,178.47285359976246,178.58606317796148,178.4457632387144,178.48576458640594,720000
2023-02-10 16:00:00,178.48576458640594,178.45571203601602,178.27438509846863,178.3981062814788,1856000
2023-02-13 09:30:00,178.3981062814788,178.3756718716606,178.19327593205554,178.31544840420096,485000
2023-02-13 09:35:00,178.31544840420096,178.33479940771915,178.2616197,178.24595110782138,1288000
2023-02-13 09:40:00,178.24595110782138,178.38928512656778,178.19823873797617,178.30723636666667,1057000
2023-02-13 09:45:00,178.30723636666667,178.2474069666667,178.17116571300548,178.19162157288895,361000
2023-02-13 09:50:00,178.19162157288895,178.3363042,178.23823823333333,178.26444900846678,1750000
2023-02-13 09:55:00,178.26444900846678,178.4338112088754,178.21783005556128,178.35127506317812,1601000
2023-02-13 10:00:00,178.35127506317812,178.4056442524449,178.3041500726586,178.2927704629395,554000
2023-02-13 10:05:00,178.2927704629395,178.37619056310902,178.33081474615184,178.33536320922622,1601000
2023-02-13 10:10:00,178.33536320922622,178.3615882603014,178.16438152640498,178.26439043333332,600000
2023-02-13 10:15:00,178.26439043333332,178.31314859216343,178.17184688739516,178.25255568534476,1588000
2023-02-13 10:20:00,178.25255568534476,178.36663824892952,178.23354883652752,178.25919003466558,1945000
2023-02-13 10:25:00,178.25919003466558,178.36942405089587,178.20503995755863,178.28479594627944,858000
2023-02-13 10:30:00,178.28479594627944,178.44192633785855,178.28184639298945,178.4095649700522,1355000
2023-02-13 10:35:00,178.4095649700522,178.4259290384508,178.28109388471913,178.38489818027793,1938000
2023-02-13 10:40:00,178.38489818027793,178.53201943918015,178.37436827797293,178.45902902416861,1470000
2023-02-13 10:45:00,178.45902902416861,178.48074330087744,178.39167894226486,178.4400494891892,1549000
2023-02-13 10:50:00,178.4400494891892,178.54962173333334,178.43366290610092,178.45373031973816,444000
2023-02-13 10:55:00,178.45373031973816,178.62978906655573,178.44457392579093,178.5220095886949,1072000
2023-02-13 11:00:00,178.5220095886949,178.58626149708508,178.3733123432051,178.443916351824,204000
2023-02-13 11:05:00,178.443916351824,178.54987812362845,178.47978179909376,178.5200719,737000
2023-02-13 11:10:00,178.5200719,178.7349631643187,178.5399002650465,178.59615332460277,596000
2023-02-13 11:15:00,178.59615332460277,178.9055393446042,178.65212742804457,178.81735177834426,1533000
2023-02-13 11:20:00,178.81735177834426,178.856487,178.7289240979858,178.79437900749556,539000
2023-02-13 11:25:00,178.79437900749556,178.7500291747122,178.566379268955,178.62093338158067,1038000
2023-02-13 11:30:00,178.62093338158067,178.60022275177204,178.37981486907304,178.4427527,551000
2023-02-13 11:35:00,178.4427527,178.4712332471626,178.3034002478162,178.40737403333333,1952000
2023-02-13 11:40:00,178.40737403333333,178.6482851447512,178.46176291964528,178.55141597420496,1158000
2023-02-13 11:45:00,178.55141597420496,178.72158532222875,178.63832279577562,178.72401224907205,574000
2023-02-13 11:50:00,178.72401224907205,178.7045394808978,178.56231771676468,178.6249632143594,437000
2023-02-13 11:55:00,178.6249632143594,178.76275669057205,178.58862372158106,178.71127494253417,1802000
2023-02-13 12:00:00,178.71127494253417,178.48890217347827,178.45031919087614,178.47475757044077,1800000
2023-02-13 12:05:00,178.47475757044077,178.63339975479013,178.42108049247943,178.52821179844156,951000
2023-02-13 12:10:00,178.52821179844156,178.63364846189987,178.50283889119314,178.56465332876041,500000
2023-02-13 12:15:00,178.56465332876041,178.6478127118241,178.42536956370475,178.4843513568388,940000
2023-02-13 12:20:00,178.4843513568388,178.52940179065263,178.42254551841907,178.4531384903279,527000
2023-02-13 12:25:00,178.4531384903279,178.53658310523554,178.37392868412678,178.42881977947053,1712000
2023-02-13 12:30:00,178.42881977947053,178.33524436194583,178.19168829999998,178.29905756666668,1470000
2023-02-13 12:35:00,178.29905756666668,178.31518856712077,178.1398064254601,178.23891886666667,944000
2023-02-13 12:40:00,178.23891886666667,178.2067219638023,178.0857410284575,178.14454536666665,378000
2023-02-13 12:45:00,178.14454536666665,178.0993455019735,178.03870133333334,178.14915873342025,526000
2023-02-13 12:50:00,178.14915873342025,178.0146942,177.93426755454826,177.98019739117862,514000
2023-02-13 12:55:00,177.98019739117862,178.16854414942807,177.94560177046216,177.99039265464776,1714000
2023-02-13 13:00:00,177.99039265464776,177.9663216,177.92711782442237,177.96482480651574,617000
2023-02-13 13:05:00,177.96482480651574,178.02342385636547,177.84830791234202,177.89748143333333,1699000
2023-02-13 13:10:00,177.89748143333333,177.90990253646584,177.80505049908342,177.87091543333332,448000
2023-02-13 13:15:00,177.87091543333332,177.90767458712523,177.67159135746536,177.76838535402018,1896000
2023-02-13 13:20:00,177.76838535402018,177.7470047531247,177.5818462221055,177.6764629597721,1658000
2023-02-13 13:25:00,177.6764629597721,177.8294530874351,177.7435589685475,177.7878541998998,1381000
2023-02-13 13:30:00,177.7878541998998,177.84188626072373,177.63975117921316,177.7556204278854,393000
2023-02-13 13:35:00,177.7556204278854,177.73834159854627,177.65501508343095,177.64324923260023,575000
2023-02-13 13:40:00,177.64324923260023,177.75008564061855,177.58118571096963,177.62660116666666,1999000
2023-02-13 13:45:00,177.62660116666666,177.6253715026438,177.45570902429887,177.5354756209685,809000
2023-02-13 13:50:00,177.5354756209685,177.58786291549492,177.33948590829675,177.39702882399664,1790000
2023-02-13 13:55:00,177.39702882399664,177.48782064396255,177.30665312428172,177.32608559889786,1460000
2023-02-13 14:00:00,177.32608559889786,177.45520238992785,177.25448135738128,177.27418034015855,1071000
2023-02-13 14:05:00,177.27418034015855,177.33437427768843,177.19712426754555,177.25949267813544,559000
2023-02-13 14:10:00,177.25949267813544,177.33127038245624,177.18832851048052,177.19438189505505,813000
2023-02-13 14:15:00,177.19438189505505,177.39517590801694,177.20569531362096,177.3359486639143,932000
2023-02-13 14:20:00,177.3359486639143,177.4258183289239,177.27585554041295,177.2688582539278,683000
2023-02-13 14:25:00,177.2688582539278,177.3544779279458,177.164607873777,177.28559395651152,466000
2023-02-13 14:30:00,177.28559395651152,177.46147627592742,177.31834600695603,177.37416010719758,1890000
2023-02-13 14:35:00,177.37416010719758,177.38126748064252,177.1905961162148,177.2674217111679,1602000
2023-02-13 14:40:00,177.2674217111679,177.268061345938,177.12190130722686,177.2514880034003,667000
2023-02-13 14:45:00,177.2514880034003,177.1507297919923,177.04661528842175,177.09913833595448,309000
2023-02-13 14:50:00,177.09913833595448,177.21835163333333,177.0279900969764,177.15025804153476,1060000
2023-02-13 14:55:00,177.15025804153476,177.28073017548732,177.0603245832711,177.14892129130288,449000
2023-02-13 15:00:00,177.14892129130288,177.0847292,176.8972924646358,176.99933587963903,436000
2023-02-13 15:05:00,176.99933587963903,177.16610801184112,176.97057127439663,177.0423019490094,1556000
2023-02-13 15:10:00,177.0423019490094,177.15623862442615,177.00780113333334,177.11865064150211,1737000
2023-02-13 15:15:00,177.11865064150211,177.13856940426575,177.0277467937919,177.04146063819098,232000
2023-02-13 15:20:00,177.04146063819098,177.07043740185998,176.8813056377485,176.90227845761802,1740000
2023-02-13 15:25:00,176.90227845761802,177.0901144760726,177.03825095913055,177.06632713218244,714000
2023-02-13 15:30:00,177.06632713218244,177.28705036405347,177.1871550087035,177.16218027992318,1135000
2023-02-13 15:35:00,177.16218027992318,177.2386281283902,177.1367867334798,177.15682116666667,1304000
2023-02-13 15:40:00,177.15682116666667,177.17962091287157,177.10024434912546,177.13216813333332,764000
2023-02-13 15:45:00,177.13216813333332,177.28678926249273,177.11174565918745,177.15999123113525,589000
2023-02-13 15:50:00,177.15999123113525,177.24844654263129,177.07977124012677,177.14946166269303,235000
2023-02-13 15:55:00,177.14946166269303,177.23924062728642,177.07394458735254,177.09156659260327,1202000
2023-02-13 16:00:00,177.09156659260327,177.26185128645722,177.17886649783242,177.23729749529818,1027000
2023-02-14 09:30:00,177.23729749529818,177.2751531596053,177.16450304569204,177.18260923333335,400000
2023-02-14 09:35:00,177.18260923333335,177.33501505893102,177.11244501659746,177.20783117656222,1639000
2023-02-14 09:40:00,177.20783117656222,177.46184801987417,177.2944244049637,177.36951577080785,738000
2023-02-14 09:45:00,177.36951577080785,177.57328716965412,177.37801471188868,177.4930608011878,1448000
2023-02-14 09:50:00,177.4930608011878,177.5157713962808,177.41082366443362,177.42489749307325,599000
2023-02-14 09:55:00,177.42489749307325,177.60296142932717,177.48186148626047,177.56548675432214,1649000
2023-02-14 10:00:00,177.56548675432214,177.70067809285675,177.62906786172655,177.69203973269495,543000
2023-02-14 10:05:00,177.69203973269495,177.92257183567162,177.69038446520116,177.80784706666665,1467000
2023-02-14 10:10:00,177.80784706666665,177.81241687776537,177.70253610777115,177.7842924499283,679000
2023-02-14 10:15:00,177.7842924499283,177.79161227530508,177.75552723336077,177.81355752062686,869000
2023-02-14 10:20:00,177.81355752062686,177.83136316836968,177.65371128081202,177.72921017064255,1817000
2023-02-14 10:25:00,177.72921017064255,177.77963723333332,177.68050846599274,177.7250571943868,1152000
2023-02-14 10:30:00,177.7250571943868,177.9909442744752,177.83064297483244,177.91475276666668,1053000
2023-02-14 10:35:00,177.91475276666668,177.99982653333333,177.8306761888544,177.91043938594092,1801000
2023-02-14 10:40:00,177.91043938594092,177.8312111236928,177.71838261176708,177.75734844480817,271000
2023-02-14 10:45:00,177.75734844480817,177.77381169635518,177.66592005150417,177.7523976034581,211000
2023-02-14 10:50:00,177.7523976034581,177.76249644471756,177.6205387330379,177.6937114928456,171000
2023-02-14 10:55:00,177.6937114928456,177.87201466989487,177.80188616787078,177.77604896666665,1531000
2023-02-14 11:00:00,177.77604896666665,177.8516405251936,177.72800558099465,177.8135386926416,577000
2023-02-14 11:05:00,177.8135386926416,177.88984942081495,177.73977881308693,177.73732246128446,1062000
2023-02-14 11:10:00,177.73732246128446,177.77807889154403,177.68063881706973,177.72861914646012,1935000
2023-02-14 11:15:00,177.72861914646012,177.92092750683247,177.7390163906825,177.88346418210185,694000
2023-02-14 11:20:00,177.88346418210185,178.00868652692586,177.83814363333335,177.89779990040492,983000
2023-02-14 11:25:00,177.89779990040492,178.01167327842123,177.95923651939606,177.99751297351926,270000
2023-02-14 11:30:00,177.99751297351926,178.07226737681023,177.93448325713382,178.09561757470908,551000
2023-02-14 11:35:00,178.09561757470908,178.13285771925328,178.00543165535606,178.01853386382103,1002000
2023-02-14 11:40:00,178.01853386382103,178.0903674532843,177.91060680108475,178.05114924752283,158000
2023-02-14 11:45:00,178.05114924752283,178.2799180135297,178.14245781064793,178.17805796666667,613000
2023-02-14 11:50:00,178.17805796666667,178.1492118901665,178.05400643541412,178.0535516699562,791000
2023-02-14 11:55:00,178.0535516699562,178.02151684474111,177.86499094161883,177.9359627,421000
2023-02-14 12:00:00,177.9359627,177.99762983343496,177.79339105090685,177.92900493047497,902000
2023-02-14 12:05:00,177.92900493047497,178.11279609485536,177.93650791374193,178.06149927645794,1783000
2023-02-14 12:10:00,178.06149927645794,178.13529037289922,178.0450133,178.06106527470078,874000
2023-02-14 12:15:00,178.06106527470078,177.99849053926349,177.84731048967583,177.8625819757435,257000
2023-02-14 12:20:00,177.8625819757435,178.09273111507588,177.92165139289338,178.01538669655824,1131000
2023-02-14 12:25:00,178.01538669655824,177.89982663333333,177.78442263439183,177.91104193333334,1493000
2023-02-14 12:30:00,177.91104193333334,177.8253047577517,177.71224470500758,177.7899531195325,151000
2023-02-14 12:35:00,177.7899531195325,177.8401011994469,177.62177422882328,177.74224574975054,170000
2023-02-14 12:40:00,177.74224574975054,177.6346059251445,177.47190060635972,177.4909623365452,567000
2023-02-14 12:45:00,177.4909623365452,177.63801119423658,177.5103695058816,177.60729679092321,1679000
2023-02-14 12:50:00,177.60729679092321,177.6568940838508,177.49309755702444,177.5810007,1282000
2023-02-14 12:55:00,177.5810007,177.51165991706085,177.31531814520346,177.41454103499294,667000
2023-02-14 13:00:00,177.41454103499294,177.75882581104597,177.52763521371534,177.63147485974258,1703000
2023-02-14 13:05:00,177.63147485974258,177.71161388413802,177.4675898357277,177.58021330000003,1387000
2023-02-14 13:10:00,177.58021330000003,177.69622648797403,177.5037038112807,177.58868880436506,931000
2023-02-14 13:15:00,177.58868880436506,177.83736945678487,177.68675037061863,177.69976053427908,1152000
2023-02-14 13:20:00,177.69976053427908,177.82453830526202,177.70840688426202,177.74777849802584,1352000
2023-02-14 13:25:00,177.74777849802584,178.07411133870818,177.90211021194293,177.97306917480807,686000
2023-02-14 13:30:00,177.97306917480807,177.95783469315555,177.77031248017136,177.83817407309692,519000
2023-02-14 13:35:00,177.83817407309692,178.0568880395229,177.87768057020722,177.96693356666668,863000
2023-02-14 13:40:00,177.96693356666668,178.03770144376165,177.9458593666068,178.07647378072275,208000
2023-02-14 13:45:00,178.07647378072275,178.15944033242855,178.07763701463995,178.08293979485174,1468000
2023-02-14 13:50:00,178.08293979485174,178.2557877946228,178.1106959,178.17351755457315,519000
2023-02-14 13:55:00,178.17351755457315,178.1852377967493,178.0240373,178.1175011855184,626000
2023-02-14 14:00:00,178.1175011855184,178.43869068755004,178.230584,178.33341183333332,746000
2023-02-14 14:05:00,178.33341183333332,178.19819096666666,178.08279914574737,178.1540436083831,248000
2023-02-14 14:10:00,178.1540436083831,178.1140437619899,178.0745431534934,178.09869197753758,1860000
2023-02-14 14:15:00,178.09869197753758,178.25206305501587,178.08484627292242,178.18900961322603,1870000
2023-02-14 14:20:00,178.18900961322603,178.28214693333334,178.1665900547961,178.16945507099047,913000
2023-02-14 14:25:00,178.16945507099047,178.22753806666665,178.12434869413013,178.1767272132486,1244000
2023-02-14 14:30:00,178.1767272132486,178.3854595693074,178.12610945414406,178.30018843961594,1992000
2023-02-14 14:35:00,178.30018843961594,178.21291943333333,178.16408203333333,178.19057340451056,1837000
2023-02-14 14:40:00,178.19057340451056,178.33684630081706,178.23866646083164,178.24383687235712,1688000
2023-02-14 14:45:00,178.24383687235712,178.34564907637485,178.2378157132663,178.26362106851363,1296000
2023-02-14 14:50:00,178.26362106851363,178.44315983731778,178.34608552446073,178.36902718987878,537000
2023-02-14 14:55:00,178.36902718987878,178.42474426666666,178.2826873523304,178.35256161121782,609000
2023-02-14 15:00:00,178.35256161121782,178.4488910907176,178.28676481765336,178.3794798107752,1183000
2023-02-14 15:05:00,178.3794798107752,178.50552552616884,178.372510179255,178.4267058869936,1729000
2023-02-14 15:10:00,178.4267058869936,178.58698255885213,178.3929590227206,178.54040873333332,1590000
2023-02-14 15:15:00,178.54040873333332,178.58447176874705,178.47215673333332,178.54427816666666,191000
2023-02-14 15:20:00,178.54427816666666,178.55619149727661,178.47884985468914,178.44028233507055,647000
2023-02-14 15:25:00,178.44028233507055,178.46300860982612,178.31441169899352,178.4052344132904,1218000
2023-02-14 15:30:00,178.4052344132904,178.59116021541044,178.38670305787747,178.50144644415948,1713000
2023-02-14 15:35:00,178.50144644415948,178.39999277192237,178.22854746666664,178.3233378328851,1375000
2023-02-14 15:40:00,178.3233378328851,178.39275845780054,178.2332842838462,178.36524291170403,113000
2023-02-14 15:45:00,178.36524291170403,178.51846726698543,178.27020137520756,178.37980836548846,1307000
2023-02-14 15:50:00,178.37980836548846,178.63076424653158,178.52704889841152,178.55109710602693,1717000
2023-02-14 15:55:00,178.55109710602693,178.54665115709082,178.47887405772786,178.56148557529943,845000
2023-02-14 16:00:00,178.56148557529943,178.6264662535421,178.39083739999998,178.57699311354142,1108000
2023-02-15 09:30:00,178.57699311354142,178.61547083019144,178.47808170006138,178.52603634057655,1175000
2023-02-15 09:35:00,178.52603634057655,178.54237458678017,178.3273242,178.40170673333333,1965000
2023-02-15 09:40:00,178.40170673333333,178.5279304,178.37706875632293,178.41843343944564,1921000
2023-02-15 09:45:00,178.41843343944564,178.43837183786235,178.31422256810674,178.30843425127225,1972000
2023-02-15 09:50:00,178.30843425127225,178.4602588333333,178.35419910814818,178.4335840900621,521000
2023-02-15 09:55:00,178.4335840900621,178.51156278964476,178.3911538576027,178.46733553439194,1647000
2023-02-15 10:00:00,178.46733553439194,178.61884139469188,178.3778232374151,178.50537588421082,1739000
2023-02-15 10:05:00,178.50537588421082,178.5933374975628,178.36827908756888,178.4335854288123,1178000
2023-02-15 10:10:00,178.4335854288123,178.63138352611313,178.54126346157165,178.59179370546187,1300000
2023-02-15 10:15:00,178.59179370546187,178.53819115874387,178.37355502142879,178.471186959261,1853000
2023-02-15 10:20:00,178.471186959261,178.51916358658204,178.4623433895047,178.48304079248592,295000
2023-02-15 10:25:00,178.48304079248592,178.47773280829531,178.32015366666667,178.38563842785115,219000
2023-02-15 10:30:00,178.38563842785115,178.51695657701904,178.2725180360693,178.4201125,1388000
2023-02-15 10:35:00,178.4201125,178.5464700854297,178.47886801474806,178.52556322759713,1109000
2023-02-15 10:40:00,178.52556322759713,178.6186120417872,178.4683644101299,178.53078343944753,210000
2023-02-15 10:45:00,178.53078343944753,178.54252358996558,178.45025792475474,178.46476915460573,1487000
2023-02-15 10:50:00,178.46476915460573,178.5177051923971,178.30107163845088,178.43502581374884,1163000
2023-02-15 10:55:00,178.43502581374884,178.47442234252972,178.30534781272277,178.38139150433625,1374000
2023-02-15 11:00:00,178.38139150433625,178.36778353333332,178.26834055189093,178.3691660853291,1818000
2023-02-15 11:05:00,178.3691660853291,178.39315163038418,178.23412112470007,178.33984157903814,1927000
2023-02-15 11:10:00,178.33984157903814,178.5814974592701,178.52190073732118,178.51574022910438,956000
2023-02-15 11:15:00,178.51574022910438,178.53993873820855,178.4361630097599,178.4472245486172,451000
2023-02-15 11:20:00,178.4472245486172,178.73768648914992,178.52869972597497,178.6264161966747,372000
2023-02-15 11:25:00,178.6264161966747,178.7478688761352,178.56977399845948,178.64738673333335,1055000
2023-02-15 11:30:00,178.64738673333335,178.71143751264808,178.6349994378169,178.73923192920378,1284000
2023-02-15 11:35:00,178.73923192920378,178.7759524313243,178.649509951463,178.70727966316016,1193000
2023-02-15 11:40:00,178.70727966316016,178.6564873672964,178.4581977891166,178.58183950520743,1141000
2023-02-15 11:45:00,178.58183950520743,178.73465086828406,178.5957893970384,178.61518361575398,129000
2023-02-15 11:50:00,178.61518361575398,178.48202318073564,178.34301676324145,178.47735656127813,609000
2023-02-15 11:55:00,178.47735656127813,178.5389596738904,178.31856779873254,178.4392168534676,808000
2023-02-15 12:00:00,178.4392168534676,178.56602446877574,178.41320598420128,178.47749985816947,1100000
2023-02-15 12:05:00,178.47749985816947,178.3602980447825,178.21976762109625,178.36650938764896,455000
2023-02-15 12:10:00,178.36650938764896,178.4702128268931,178.27770780497244,178.3474443224344,1229000
2023-02-15 12:15:00,178.3474443224344,178.38120589182986,178.29070596666668,178.31598661995847,1289000
2023-02-15 12:20:00,178.31598661995847,178.34267437034825,178.20094444385524,178.35195506035186,626000
2023-02-15 12:25:00,178.35195506035186,178.42470965794874,178.2236364622813,178.28551784715415,945000
2023-02-15 12:30:00,178.28551784715415,178.3946876262209,178.18278135014063,178.23807703401746,759000
2023-02-15 12:35:00,178.23807703401746,178.3169704488793,178.19223182418426,178.27265740172726,808000
2023-02-15 12:40:00,178.27265740172726,178.37555636982475,178.2795893114577,178.35822052819512,711000
2023-02-15 12:45:00,178.35822052819512,178.42555357985427,178.28833525451762,178.30742794037107,655000
2023-02-15 12:50:00,178.30742794037107,178.3405977451812,178.296421386126,178.3476207923041,1816000
2023-02-15 12:55:00,178.3476207923041,178.48944365844352,178.32812375844188,178.4043575931008,1729000
2023-02-15 13:00:00,178.4043575931008,178.64958442002904,178.4664957,178.52559448335109,1410000
2023-02-15 13:05:00,178.52559448335109,178.68264456472804,178.48632623208093,178.6023079833496,957000
2023-02-15 13:10:00,178.6023079833496,178.5128311,178.35104242006426,178.42150542381742,1176000
2023-02-15 13:15:00,178.42150542381742,178.4057460949676,178.22588644965091,178.3375175679942,1585000
2023-02-15 13:20:00,178.3375175679942,178.46917933333333,178.3723547528384,178.44799829069865,711000
2023-02-15 13:25:00,178.44799829069865,178.58015630334287,178.4258819941589,178.4923740618789,520000
2023-02-15 13:30:00,178.4923740618789,178.55170876212344,178.43134424204487,178.44793293031918,948000
2023-02-15 13:35:00,178.44793293031918,178.55719750846953,178.42869738927715,178.46841769921062,895000
2023-02-15 13:40:00,178.46841769921062,178.4941654378305,178.39968853155753,178.45687911284446,405000
2023-02-15 13:45:00,178.45687911284446,178.4642965289978,178.2647410501157,178.37950771624884,684000
2023-02-15 13:50:00,178.37950771624884,178.56833471027642,178.40925041447824,178.5275907685954,238000
2023-02-15 13:55:00,178.5275907685954,178.66681807631463,178.55715865966982,178.64227068357164,367000
2023-02-15 14:00:00,178.64227068357164,178.7550958495558,178.53678460512822,178.6571545775915,1405000
2023-02-15 14:05:00,178.6571545775915,178.6367843698096,178.51614422981407,178.6271070874276,582000
2023-02-15 14:10:00,178.6271070874276,178.77763827107339,178.64201986457675,178.69896887220187,526000
2023-02-15 14:15:00,178.69896887220187,178.8023019585984,178.64553442399313,178.7351976313258,739000
2023-02-15 14:20:00,178.7351976313258,178.77397729209594,178.5994851,178.73452999815623,1256000
2023-02-15 14:25:00,178.73452999815623,178.87804978450606,178.66561001399725,178.78497391332002,564000
2023-02-15 14:30:00,178.78497391332002,178.8947973012129,178.68825663425642,178.81470322572122,1708000
2023-02-15 14:35:00,178.81470322572122,178.7391617520514,178.65081111883146,178.71446196666665,1891000
2023-02-15 14:40:00,178.71446196666665,178.7337495107837,178.56908928763087,178.58999911889194,1226000
2023-02-15 14:45:00,178.58999911889194,178.5846676196444,178.41559818700094,178.48750761939507,1037000
2023-02-15 14:50:00,178.48750761939507,178.6957155,178.5111488157383,178.6150958531902,246000
2023-02-15 14:55:00,178.6150958531902,178.66551836307613,178.51546257052118,178.5387434919542,1390000
2023-02-15 15:00:00,178.5387434919542,178.72611654735556,178.4933233160978,178.57519193601672,1241000
2023-02-15 15:05:00,178.57519193601672,178.8316441282479,178.73359541738128,178.81048112412026,1547000
2023-02-15 15:10:00,178.81048112412026,178.8666670277219,178.74492982780126,178.7963961925462,1803000
2023-02-15 15:15:00,178.7963961925462,178.92289922600148,178.76932712231653,178.7930679306505,288000
2023-02-15 15:20:00,178.7930679306505,178.81447578335272,178.72312114258682,178.76811278554698,213000
2023-02-15 15:25:00,178.76811278554698,178.75567478157654,178.62083092127014,178.7275719,768000
2023-02-15 15:30:00,178.7275719,178.73904162462765,178.59069982795836,178.64528187137893,1221000
2023-02-15 15:35:00,178.64528187137893,178.64298343420094,178.45816905873437,178.51088059999998,988000
2023-02-15 15:40:00,178.51088059999998,178.52618619967694,178.40719157403262,178.4945586285651,1395000
2023-02-15 15:45:00,178.4945586285651,178.56881088463575,178.44365782906416,178.55736298263503,620000
2023-02-15 15:50:00,178.55736298263503,178.62913980601414,178.38486647319164,178.49759085605004,1048000
2023-02-15 15:55:00,178.49759085605004,178.58078963333335,178.38107273436512,178.44583673370593,1167000
2023-02-15 16:00:00,178.44583673370593,178.65129135684307,178.5044191475672,178.54496545567562,663000
2023-02-16 09:30:00,178.54496545567562,178.63844465087126,178.55063217248428,178.58101850150572,1612000
2023-02-16 09:35:00,178.58101850150572,178.52269653333332,178.3630432062019,178.49650816666664,1591000
2023-02-16 09:40:00,178.49650816666664,178.3514813828497,178.2136284540837,178.25882981545413,357000
2023-02-16 09:45:00,178.25882981545413,178.40060529863652,178.14447507048425,178.2788482446589,999000
2023-02-16 09:50:00,178.2788482446589,178.23256302102376,178.08640289365542,178.18338587912513,1898000
2023-02-16 09:55:00,178.18338587912513,178.32910071281637,178.15336474108864,178.25990340356083,331000
2023-02-16 10:00:00,178.25990340356083,178.3215669,178.1482596200898,178.21895295897795,342000
2023-02-16 10:05:00,178.21895295897795,178.4016981445821,178.33682532065347,178.39073848672678,214000
2023-02-16 10:10:00,178.39073848672678,178.4207954024951,178.28153137490708,178.31134749913176,984000
2023-02-16 10:15:00,178.31134749913176,178.4246394164742,178.27516814152838,178.3544216,318000
2023-02-16 10:20:00,178.3544216,178.41965661503855,178.17804606666667,178.3147401,274000
2023-02-16 10:25:00,178.3147401,178.43721632787646,178.26977143333335,178.32282116842782,721000
2023-02-16 10:30:00,178.32282116842782,178.42040612346557,178.32644265188222,178.3293151692056,1209000
2023-02-16 10:35:00,178.3293151692056,178.50166959726644,178.42192165073646,178.4549183039164,630000
2023-02-16 10:40:00,178.4549183039164,178.50504789735393,178.41986455363045,178.45873205134365,538000
2023-02-16 10:45:00,178.45873205134365,178.61977118352246,178.47558306413382,178.54536967163637,269000
2023-02-16 10:50:00,178.54536967163637,178.65659537268968,178.57042401476824,178.6289722364665,950000
2023-02-16 10:55:00,178.6289722364665,178.63658387251851,178.52150951391047,178.52993526415545,804000
2023-02-16 11:00:00,178.52993526415545,178.55108879322188,178.3913119343852,178.49464039691654,611000
2023-02-16 11:05:00,178.49464039691654,178.6240617186779,178.4610703805551,178.52728933661484,434000
2023-02-16 11:10:00,178.52728933661484,178.78080186332528,178.56061616666665,178.66857866666666,1634000
2023-02-16 11:15:00,178.66857866666666,178.60870650224246,178.45777256666668,178.51562778722305,1289000
2023-02-16 11:20:00,178.51562778722305,178.70658803333333,178.52834202861925,178.65439389860376,280000
2023-02-16 11:25:00,178.65439389860376,178.57144450252056,178.453243764551,178.53664116294942,1374000
2023-02-16 11:30:00,178.53664116294942,178.58225646695004,178.41152989984977,178.44077243762905,1751000
2023-02-16 11:35:00,178.44077243762905,178.53067135668215,178.4333900007161,178.50828071581662,1737000
2023-02-16 11:40:00,178.50828071581662,178.4816424240802,178.41252875089174,178.43640519055694,1419000
2023-02-16 11:45:00,178.43640519055694,178.61725773493507,178.44638901977652,178.58675108437527,1719000
2023-02-16 11:50:00,178.58675108437527,178.7379158,178.5347895829635,178.63469564221379,393000
2023-02-16 11:55:00,178.63469564221379,178.62518554489128,178.51162538826642,178.5070206991116,714000
2023-02-16 12:00:00,178.5070206991116,178.64630037673962,178.49729800312926,178.5917259950709,1090000
2023-02-16 12:05:00,178.5917259950709,178.60362276592406,178.36384278575943,178.47076135651952,875000
2023-02-16 12:10:00,178.47076135651952,178.55235203912187,178.3652733015068,178.47142195419855,640000
2023-02-16 12:15:00,178.47142195419855,178.5860882977292,178.46995975096442,178.5198645634432,1340000
2023-02-16 12:20:00,178.5198645634432,178.71320952508864,178.51063651363043,178.62559021594762,1446000
2023-02-16 12:25:00,178.62559021594762,178.73487310000002,178.52992760547514,178.60744611050276,448000
2023-02-16 12:30:00,178.60744611050276,178.6110194387952,178.49146451927294,178.5913311004732,1785000
2023-02-16 12:35:00,178.5913311004732,178.5474348,178.41699179999998,178.5393496194183,1469000
2023-02-16 12:40:00,178.5393496194183,178.6116612078721,178.47634895458089,178.51804554799065,696000
2023-02-16 12:45:00,178.51804554799065,178.61798332857444,178.48529541897747,178.54223514151928,1517000
2023-02-16 12:50:00,178.54223514151928,178.80183963333332,178.6381556247528,178.7734327708826,540000
2023-02-16 12:55:00,178.7734327708826,178.80784347787468,178.60345699816023,178.75721089370103,1623000
2023-02-16 13:00:00,178.75721089370103,178.8023682428395,178.65760224753797,178.80609194922994,367000
2023-02-16 13:05:00,178.80609194922994,178.9632755475113,178.75719428313988,178.85408588085338,1619000
2023-02-16 13:10:00,178.85408588085338,178.82718671303024,178.70306029670317,178.76036136920004,1129000
2023-02-16 13:15:00,178.76036136920004,178.92682260792137,178.8309463000161,178.90905506474627,593000
2023-02-16 13:20:00,178.90905506474627,178.85467381859547,178.75980695417584,178.82111349030689,1232000
2023-02-16 13:25:00,178.82111349030689,178.94178516118154,178.80629100446473,178.8422309125882,1992000
2023-02-16 13:30:00,178.8422309125882,178.83720165302483,178.7729795580991,178.84834268148362,1294000
2023-02-16 13:35:00,178.84834268148362,178.97601588944107,178.82764242056592,178.9320924928408,948000
2023-02-16 13:40:00,178.9320924928408,178.96979621359168,178.79302292200842,178.9078920260756,1975000
2023-02-16 13:45:00,178.9078920260756,178.9632247385469,178.73102254776433,178.85981421760303,229000
2023-02-16 13:50:00,178.85981421760303,178.90733674885513,178.74646401999144,178.84632820160292,1916000
2023-02-16 13:55:00,178.84632820160292,178.95629487509535,178.77865467973996,178.89577828039606,1313000
2023-02-16 14:00:00,178.89577828039606,178.8048893916148,178.75721367273616,178.78326030205443,754000
2023-02-16 14:05:00,178.78326030205443,178.84007813757242,178.67280662469454,178.73311746341372,362000
2023-02-16 14:10:00,178.73311746341372,178.7976675666667,178.60246196031002,178.6859457211432,898000
2023-02-16 14:15:00,178.6859457211432,178.74296446666668,178.48612464557658,178.6152240333333,1714000
2023-02-16 14:20:00,178.6152240333333,178.65160783076843,178.42161123333332,178.60222195724288,511000
2023-02-16 14:25:00,178.60222195724288,178.64985225581736,178.51028513559464,178.5298581761637,1082000
2023-02-16 14:30:00,178.5298581761637,178.5638193991005,178.47970322636144,178.54695701536727,153000
2023-02-16 14:35:00,178.54695701536727,178.53077565439105,178.3864400289599,178.48709641845008,432000
2023-02-16 14:40:00,178.48709641845008,178.60102703475565,178.46468677731758,178.54631253310006,1063000
2023-02-16 14:45:00,178.54631253310006,178.64485305944535,178.47388726620653,178.56003615211907,1981000
2023-02-16 14:50:00,178.56003615211907,178.62468529142646,178.56294896477883,178.60635860214055,1186000
2023-02-16 14:55:00,178.60635860214055,178.5384418117766,178.4080345514048,178.45347604079836,706000
2023-02-16 15:00:00,178.45347604079836,178.56852944304347,178.39911105688978,178.50027904641345,825000
2023-02-16 15:05:00,178.50027904641345,178.56552347137807,178.4213408401819,178.48750955339497,1418000
2023-02-16 15:10:00,178.48750955339497,178.4548926489032,178.32047797416467,178.40367847374893,1460000
2023-02-16 15:15:00,178.40367847374893,178.34870997605364,178.1950689243916,178.3277645321735,610000
2023-02-16 15:20:00,178.3277645321735,178.46612931496492,178.27249202900947,178.3687058159336,1594000
2023-02-16 15:25:00,178.3687058159336,178.41288335066778,178.26680429872803,178.32555430485488,915000
2023-02-16 15:30:00,178.32555430485488,178.51407290224088,178.30750374468795,178.43269369229242,951000
2023-02-16 15:35:00,178.43269369229242,178.46405033333335,178.34491679141013,178.42383191928081,1492000
2023-02-16 15:40:00,178.42383191928081,178.55775196439507,178.3705220297836,178.4334760180717,547000
2023-02-16 15:45:00,178.4334760180717,178.65691496570898,178.43259433679924,178.57847000304426,307000
2023-02-16 15:50:00,178.57847000304426,178.58939253333335,178.50607908206038,178.5134480298698,1626000
2023-02-16 15:55:00,178.5134480298698,178.7596016304066,178.6431333724274,178.70719281757525,411000
2023-02-16 16:00:00,178.70719281757525,178.77709026025184,178.57303823446898,178.64869019165056,476000
2023-02-17 09:30:00,178.64869019165056,178.57917264797547,178.45077736686255,178.5353817197517,1753000
2023-02-17 09:35:00,178.5353817197517,178.55179686270628,178.32975829663317,178.48579341777764,1015000
2023-02-17 09:40:00,178.48579341777764,178.48739223536657,178.28313233333336,178.4113186305662,616000
2023-02-17 09:45:00,178.4113186305662,178.51527983379472,178.34649869564424,178.46226696361046,169000
2023-02-17 09:50:00,178.46226696361046,178.49173724625436,178.38801918899725,178.40933551846078,1098000
2023-02-17 09:55:00,178.40933551846078,178.5466176364608,178.37133578035542,178.4731373661795,252000
2023-02-17 10:00:00,178.4731373661795,178.57733670786124,178.37931585420148,178.4735527718211,880000
2023-02-17 10:05:00,178.4735527718211,178.6420005037271,178.42044534889553,178.5109776879126,1217000
2023-02-17 10:10:00,178.5109776879126,178.46803695685927,178.26736053167807,178.34519763801626,1974000
2023-02-17 10:15:00,178.34519763801626,178.33086840494516,178.18262926217008,178.28854894166406,1562000
2023-02-17 10:20:00,178.28854894166406,178.46320404287135,178.3352199,178.34205449843256,529000
2023-02-17 10:25:00,178.34205449843256,178.51590693333335,178.33849756202835,178.45601879244356,1297000
2023-02-17 10:30:00,178.45601879244356,178.21941246959142,178.09294073662173,178.2200817529827,452000
2023-02-17 10:35:00,178.2200817529827,178.31878500286282,178.19287924031872,178.18648608447148,1249000
2023-02-17 10:40:00,178.18648608447148,178.37502820124007,178.32907662472138,178.4029205782262,1854000
2023-02-17 10:45:00,178.4029205782262,178.47415978719786,178.26940593432488,178.3515818568025,1687000
2023-02-17 10:50:00,178.3515818568025,178.43150017742389,178.35668155069894,178.4141324821893,1300000
2023-02-17 10:55:00,178.4141324821893,178.36994509844087,178.14305479198381,178.26124816666666,1346000
2023-02-17 11:00:00,178.26124816666666,178.27925370620986,178.1921267240976,178.234114,517000
2023-02-17 11:05:00,178.234114,178.13908644916026,177.97300470085548,178.0676911,1286000
2023-02-17 11:10:00,178.0676911,178.12947083333333,177.92443564626865,178.0250275,907000
2023-02-17 11:15:00,178.0250275,177.93767982028146,177.7817666500852,177.93790563791845,1675000
2023-02-17 11:20:00,177.93790563791845,178.1022508211618,177.99926027218305,178.03872344890615,952000
2023-02-17 11:25:00,178.03872344890615,178.17993663720108,178.05748692013285,178.0998246416624,836000
2023-02-17 11:30:00,178.0998246416624,178.31269166852826,178.0902087711329,178.21294064156538,861000
2023-02-17 11:35:00,178.21294064156538,178.19994714400522,177.9788072273986,178.08728144711077,1343000
2023-02-17 11:40:00,178.08728144711077,178.13959979946742,178.01120246448738,178.14236975191895,114000
2023-02-17 11:45:00,178.14236975191895,178.17742751201712,177.9581790496307,178.06713817213404,1452000
2023-02-17 11:50:00,178.06713817213404,178.08231375140565,177.86150273364987,177.98413710295594,1221000
2023-02-17 11:55:00,177.98413710295594,178.10408931046044,177.9391527,178.05859031771513,1005000
2023-02-17 12:00:00,178.05859031771513,178.1078517018756,178.01723096081312,177.95654116604376,1756000
2023-02-17 12:05:00,177.95654116604376,178.19160759172672,178.03418740287628,178.07203797804775,545000
2023-02-17 12:10:00,178.07203797804775,178.0191316036375,177.83128160059343,177.9762010786864,181000
2023-02-17 12:15:00,177.9762010786864,178.07380726043127,177.85094356588843,177.9929185064453,1995000
2023-02-17 12:20:00,177.9929185064453,178.1254661624974,177.96009542849535,177.9471363973735,1755000
2023-02-17 12:25:00,177.9471363973735,177.9787396141157,177.87965809111788,178.00114819980254,1636000
2023-02-17 12:30:00,178.00114819980254,178.02651689582953,177.8441393622608,177.91362925696507,1617000
2023-02-17 12:35:00,177.91362925696507,177.9127733508734,177.72334714923986,177.87037584426508,289000
2023-02-17 12:40:00,177.87037584426508,177.6988835238774,177.55219301932587,177.66044875358912,1456000
2023-02-17 12:45:00,177.66044875358912,177.89659440057468,177.66826288032092,177.8179598540852,658000
2023-02-17 12:50:00,177.8179598540852,177.84630894030175,177.7861596255774,177.82955316666667,1807000
2023-02-17 12:55:00,177.82955316666667,177.822828,177.76455573001306,177.78503976666667,1333000
2023-02-17 13:00:00,177.78503976666667,177.95709420502547,177.73465996212013,177.88884924239628,1959000
2023-02-17 13:05:00,177.88884924239628,177.8154067625995,177.68998311376015,177.78563090923768,155000
2023-02-17 13:10:00,177.78563090923768,177.84330122813526,177.78229318547832,177.83908199182426,129000
2023-02-17 13:15:00,177.83908199182426,177.93638366057615,177.8702250857967,177.82333644228643,1118000
2023-02-17 13:20:00,177.82333644228643,177.88977054703776,177.68334569723748,177.8362507503554,214000
2023-02-17 13:25:00,177.8362507503554,177.87254753333335,177.70704840260984,177.78319375322795,898000
2023-02-17 13:30:00,177.78319375322795,177.76352349413852,177.65008415304757,177.6447574497633,668000
2023-02-17 13:35:00,177.6447574497633,177.86075569170893,177.66464832099143,177.76889885421892,860000
2023-02-17 13:40:00,177.76889885421892,177.79189092988238,177.63130271521723,177.73329576666666,1716000
2023-02-17 13:45:00,177.73329576666666,177.9366497866567,177.77402626947108,177.84388470893055,766000
2023-02-17 13:50:00,177.84388470893055,177.9537924513038,177.86865129999998,177.88132506666668,1542000
2023-02-17 13:55:00,177.88132506666668,178.02229313333333,177.77147032407274,177.8819518721805,433000
2023-02-17 14:00:00,177.8819518721805,178.0664429604012,177.8450438019628,177.9264423820669,1486000
2023-02-17 14:05:00,177.9264423820669,177.99558248742287,177.84966895518815,177.9794988856608,1316000
2023-02-17 14:10:00,177.9794988856608,178.1491737085705,177.99802050560305,178.06265709424042,780000
2023-02-17 14:15:00,178.06265709424042,178.2230268633756,178.11901970344414,178.15824280429698,871000
2023-02-17 14:20:00,178.15824280429698,178.16837073671857,177.9705640726479,178.12537986142328,1936000
2023-02-17 14:25:00,178.12537986142328,178.02379520602935,177.9039379054125,177.86896061537882,1979000
2023-02-17 14:30:00,177.86896061537882,177.90733710235193,177.73661766788175,177.88079324178008,536000
2023-02-17 14:35:00,177.88079324178008,177.96251314958647,177.85860966029514,177.88424904134084,437000
2023-02-17 14:40:00,177.88424904134084,177.9479114935197,177.85476526366713,177.94677951795055,156000
2023-02-17 14:45:00,177.94677951795055,178.00466516666665,177.8600733464415,177.88503993484073,1254000
2023-02-17 14:50:00,177.88503993484073,177.98271093254172,177.7895147677563,177.8604525027652,1830000
2023-02-17 14:55:00,177.8604525027652,177.92247802923873,177.76226401047515,177.72337979764046,1816000
2023-02-17 15:00:00,177.72337979764046,177.87378336069023,177.72618923598162,177.78606200176358,1631000
2023-02-17 15:05:00,177.78606200176358,177.8520633780229,177.68077671822272,177.6713414161669,411000
2023-02-17 15:10:00,177.6713414161669,177.92180652499115,177.78087693954876,177.89022005907162,1133000
2023-02-17 15:15:00,177.89022005907162,178.00336212388052,177.87137511931834,177.95753284425527,330000
2023-02-17 15:20:00,177.95753284425527,178.06306940000002,177.91445680977324,178.04465937244578,1998000
2023-02-17 15:25:00,178.04465937244578,178.13524020347904,177.95064302891214,178.0546155294075,988000
2023-02-17 15:30:00,178.0546155294075,178.2658893923185,178.10149306291243,178.11418227519331,1602000
2023-02-17 15:35:00,178.11418227519331,178.19048058899907,178.03889911291228,178.16676732641469,1537000
2023-02-17 15:40:00,178.16676732641469,178.24288209333642,178.04875191949978,178.19431147842377,790000
2023-02-17 15:45:00,178.19431147842377,178.13424929199485,177.97172173877814,177.95819017759456,253000
2023-02-17 15:50:00,177.95819017759456,178.0907256937765,177.98492534053074,178.05779927628848,1480000
2023-02-17 15:55:00,178.05779927628848,178.02780292805332,177.9052608862508,177.9957520392434,989000
2023-02-17 16:00:00,177.9957520392434,177.94293523540412,177.82928640321694,177.93784262536548,775000
2023-02-20 09:30:00,177.93784262536548,178.03133839782532,177.89053661794105,177.9894615587731,1613000
2023-02-20 09:35:00,177.9894615587731,177.9421674914183,177.8083906901272,177.89811697108044,994000
2023-02-20 09:40:00,177.89811697108044,177.92791784343837,177.86365434689836,177.95481994642014,434000
2023-02-20 09:45:00,177.95481994642014,178.09739263333333,177.96713236666668,177.9752853059686,969000
2023-02-20 09:50:00,177.9752853059686,178.00561636390128,177.84667589245836,177.9203307307908,270000
2023-02-20 09:55:00,177.9203307307908,178.04411863333334,177.87614049275012,177.90658757648183,1404000
2023-02-20 10:00:00,177.90658757648183,177.91982037831806,177.70984506857178,177.8415724215707,1889000
2023-02-20 10:05:00,177.8415724215707,177.8336805054954,177.65495786297413,177.77365643835714,1632000
2023-02-20 10:10:00,177.77365643835714,177.8100002776997,177.64610636666666,177.7672445160947,1774000
2023-02-20 10:15:00,177.7672445160947,177.87736522198878,177.77633077891716,177.84107011132244,1447000
2023-02-20 10:20:00,177.84107011132244,177.8334414407028,177.68279836666667,177.72837512197017,869000
2023-02-20 10:25:00,177.72837512197017,177.97296067482455,177.76911812708946,177.8428279164977,999000
2023-02-20 10:30:00,177.8428279164977,177.89049033333333,177.77977772673472,177.8989279151894,1087000
2023-02-20 10:35:00,177.8989279151894,177.95709174132247,177.7556950824384,177.86708679763427,362000
2023-02-20 10:40:00,177.86708679763427,177.94085656856257,177.72603175024898,177.86676783152996,1075000
2023-02-20 10:45:00,177.86676783152996,177.82545466666667,177.7717441956088,177.80865388589487,1548000
2023-02-20 10:50:00,177.80865388589487,177.9947513379299,177.86097734287642,177.8740234254286,1566000
2023-02-20 10:55:00,177.8740234254286,178.1665564666667,177.96008940595394,178.03646656666666,161000
2023-02-20 11:00:00,178.03646656666666,178.0041020951997,177.87958274051914,177.83984393333333,1933000
2023-02-20 11:05:00,177.83984393333333,177.9356237556695,177.82243588656922,177.87783465186664,810000
2023-02-20 11:10:00,177.87783465186664,178.25041686666665,178.08943794134134,178.1029807,310000
2023-02-20 11:15:00,178.1029807,178.13549878091428,178.02282262244657,178.0921549652071,1863000
2023-02-20 11:20:00,178.0921549652071,178.20349933899027,178.09379978133947,178.1142671075219,400000
2023-02-20 11:25:00,178.1142671075219,178.34808774171103,178.1071002916163,178.2231975106088,589000
2023-02-20 11:30:00,178.2231975106088,178.35623327488142,178.22007352665617,178.24282606666665,370000
2023-02-20 11:35:00,178.24282606666665,178.18360438644493,178.0186040733933,178.07943191242623,1565000
2023-02-20 11:40:00,178.07943191242623,178.15514743333333,177.9872629710074,178.06326253883753,353000
2023-02-20 11:45:00,178.06326253883753,178.27076675072036,178.21664267540757,178.2620531707934,1504000
2023-02-20 11:50:00,178.2620531707934,178.2916632882717,178.14246939782007,178.2620408917725,1079000
2023-02-20 11:55:00,178.2620408917725,178.20845881541447,178.12744596013906,178.1390764,972000
2023-02-20 12:00:00,178.1390764,178.2104226666817,178.05897789537354,178.13331348994913,1051000
2023-02-20 12:05:00,178.13331348994913,178.15812979730447,178.0171433482321,178.08985071359152,1625000
2023-02-20 12:10:00,178.08985071359152,178.2025332847292,178.08163359703977,178.14282319149055,1817000
2023-02-20 12:15:00,178.14282319149055,178.38857922979207,178.25891219104986,178.37557300955135,127000
2023-02-20 12:20:00,178.37557300955135,178.38387957656627,178.31358828996343,178.33956016666667,278000
2023-02-20 12:25:00,178.33956016666667,178.4302249167205,178.3407283174669,178.38476065907966,1815000
2023-02-20 12:30:00,178.38476065907966,178.32436963333333,178.20831313835143,178.25154042777461,1863000
2023-02-20 12:35:00,178.25154042777461,178.2046004464303,178.03903975041808,178.13463324929108,1689000
2023-02-20 12:40:00,178.13463324929108,178.12850299936176,178.06809626574844,178.06575211969675,1057000
2023-02-20 12:45:00,178.06575211969675,178.22122103133196,178.0500365796328,178.1247936661988,1776000
2023-02-20 12:50:00,178.1247936661988,178.18225555049756,178.06520169014348,178.16574069711612,1368000
2023-02-20 12:55:00,178.16574069711612,178.2222700395968,178.07105688301536,178.1402978300212,631000
2023-02-20 13:00:00,178.1402978300212,178.20480977547226,178.05091393717458,178.10533424138342,167000
2023-02-20 13:05:00,178.10533424138342,178.13776940656547,178.073854,178.13739933954724,516000
2023-02-20 13:10:00,178.13739933954724,178.15019789332365,177.97137930312573,178.1048746857635,879000
2023-02-20 13:15:00,178.1048746857635,178.03385019623207,177.91482768516724,177.95674450601877,963000
2023-02-20 13:20:00,177.95674450601877,177.9001298305764,177.85171208862118,177.87562680822714,1325000
2023-02-20 13:25:00,177.87562680822714,178.11113220000001,177.9474472541219,177.96623379111625,1170000
2023-02-20 13:30:00,177.96623379111625,177.97108894672422,177.86086746988812,177.97661932224975,226000
2023-02-20 13:35:00,177.97661932224975,178.00891533970758,177.8231841627742,177.8781279100481,1406000
2023-02-20 13:40:00,177.8781279100481,178.13891715268892,177.91263874984827,178.0347291199234,1580000
2023-02-20 13:45:00,178.0347291199234,178.05184250409837,177.97172988741013,177.99041241296027,789000
2023-02-20 13:50:00,177.99041241296027,178.13256559151526,177.9423384763677,178.09792421200922,145000
2023-02-20 13:55:00,178.09792421200922,178.02601422603772,177.9551803536743,177.96948810134637,1395000
2023-02-20 14:00:00,177.96948810134637,178.22358053284478,178.0561256060963,178.06757875907215,545000
2023-02-20 14:05:00,178.06757875907215,178.26583810940494,178.04177621670172,178.13381721137415,1200000
2023-02-20 14:10:00,178.13381721137415,178.2656892780722,178.09665941138903,178.14650441946742,1142000
2023-02-20 14:15:00,178.14650441946742,178.20028458454257,178.09752330025515,178.17787663595942,410000
2023-02-20 14:20:00,178.17787663595942,178.27987566973653,178.17236075367506,178.16020348036906,154000
2023-02-20 14:25:00,178.16020348036906,178.32762697926157,178.17847741114574,178.20309893587807,1601000
2023-02-20 14:30:00,178.20309893587807,178.06053610144028,177.8566764497409,177.9705621006588,352000
2023-02-20 14:35:00,177.9705621006588,177.98292093601205,177.85394393333334,177.8942229449726,334000
2023-02-20 14:40:00,177.8942229449726,178.0810000778003,177.94069282356452,177.9192543506999,984000
2023-02-20 14:45:00,177.9192543506999,177.98341253530052,177.81342276164256,177.87845258495835,803000
2023-02-20 14:50:00,177.87845258495835,177.9572789446863,177.75961883827628,177.86671027227038,103000
2023-02-20 14:55:00,177.86671027227038,177.85379602223216,177.7978115312608,177.8592600344469,588000
2023-02-20 15:00:00,177.8592600344469,178.02104013333334,177.8257386390255,177.92588476666666,1614000
2023-02-20 15:05:00,177.92588476666666,178.10509738727492,177.97040483363028,178.00731133130506,1555000
2023-02-20 15:10:00,178.00731133130506,178.11368252206415,178.00798589732406,178.02749243333335,359000
2023-02-20 15:15:00,178.02749243333335,178.03474568261774,177.89994414294006,177.94931618126603,240000
2023-02-20 15:20:00,177.94931618126603,177.98135966699627,177.8357071620558,177.80768976666667,1856000
2023-02-20 15:25:00,177.80768976666667,177.9689371182937,177.84648079312612,177.96574583230975,1915000
2023-02-20 15:30:00,177.96574583230975,178.09479550599025,177.89428575509618,178.02703920000002,844000
2023-02-20 15:35:00,178.02703920000002,178.00172599786814,177.78781816147742,177.90633221517515,673000
2023-02-20 15:40:00,177.90633221517515,178.06379243837563,177.98305954307278,178.05226113188186,1056000
2023-02-20 15:45:00,178.05226113188186,178.02194308018906,177.85271526666665,178.02553193333333,1371000
2023-02-20 15:50:00,178.02553193333333,178.03963722592164,177.95048260000002,177.9580940234048,405000
2023-02-20 15:55:00,177.9580940234048,178.27462481787472,178.1720192164938,178.2061067019239,801000
2023-02-20 16:00:00,178.2061067019239,178.29536686782592,178.08579670700843,178.16249901383887,970000
2023-02-21 09:30:00,178.16249901383887,178.2566691907781,178.09488107214506,178.16672857253621,710000
2023-02-21 09:35:00,178.16672857253621,178.19600665889345,178.0316968634814,178.14593539999998,1430000
2023-02-21 09:40:00,178.14593539999998,178.2652178,178.04373867681946,178.18865034446816,1226000
2023-02-21 09:45:00,178.18865034446816,178.3757651757774,178.16050128423294,178.31101950870936,827000
2023-02-21 09:50:00,178.31101950870936,178.32629900758442,178.18683804116074,178.24953357751744,1135000
2023-02-21 09:55:00,178.24953357751744,178.3518201629876,178.16121960270542,178.23660269761436,345000
2023-02-21 10:00:00,178.23660269761436,178.34815666644135,178.2429548122852,178.29663665244544,1391000
2023-02-21 10:05:00,178.29663665244544,178.36127366651394,178.19471309237878,178.22856901911078,953000
2023-02-21 10:10:00,178.22856901911078,178.3390556198391,178.1267930296481,178.28258588836582,1334000
2023-02-21 10:15:00,178.28258588836582,178.2805093547246,178.13371268196272,178.16841495913775,1769000
2023-02-21 10:20:00,178.16841495913775,178.2773665899496,178.09569238606116,178.13320125334837,465000
2023-02-21 10:25:00,178.13320125334837,178.14687528613186,178.02706057657653,178.08487675376244,685000
2023-02-21 10:30:00,178.08487675376244,178.02665986666668,177.95021351917063,178.03262028177738,1052000
2023-02-21 10:35:00,178.03262028177738,177.93598582509264,177.79025346666668,177.80990153843547,1502000
2023-02-21 10:40:00,177.80990153843547,177.90963863181517,177.75134184976716,177.78210802410652,316000
2023-02-21 10:45:00,177.78210802410652,177.89000627917943,177.67466409023345,177.8093536213263,1318000
2023-02-21 10:50:00,177.8093536213263,177.94481312072855,177.83343614427596,177.83865407467314,961000
2023-02-21 10:55:00,177.83865407467314,177.88089682824378,177.73523389258392,177.81114828477712,1453000
2023-02-21 11:00:00,177.81114828477712,177.88019969633706,177.68755083661142,177.7769120177716,1867000
2023-02-21 11:05:00,177.7769120177716,177.88891860650165,177.75236422660842,177.79149823078276,1935000
2023-02-21 11:10:00,177.79149823078276,177.88283616522122,177.8250873826966,177.8636982210268,1041000
2023-02-21 11:15:00,177.8636982210268,177.94904185310307,177.78666481759225,177.90481196666667,445000
2023-02-21 11:20:00,177.90481196666667,177.8142817070531,177.6914366923185,177.70010376979118,884000
2023-02-21 11:25:00,177.70010376979118,177.82229993333334,177.67837126582782,177.7444614017947,227000
2023-02-21 11:30:00,177.7444614017947,177.72590545375368,177.6451067922729,177.68651126818193,1248000
2023-02-21 11:35:00,177.68651126818193,177.8368711697322,177.72042689782108,177.78185711415716,1753000
2023-02-21 11:40:00,177.78185711415716,177.88717510536227,177.82495434723356,177.88939108956524,1811000
2023-02-21 11:45:00,177.88939108956524,177.86203501479383,177.71755853066463,177.86670297470326,999000
2023-02-21 11:50:00,177.86670297470326,177.94555543962485,177.77095066228674,177.7854258550609,138000
2023-02-21 11:55:00,177.7854258550609,177.88312124768015,177.768008559418,177.8570728828302,205000
2023-02-21 12:00:00,177.8570728828302,177.88016052395835,177.71782812120787,177.8213910133176,975000
2023-02-21 12:05:00,177.8213910133176,177.90481114164785,177.7687211250228,177.85282585615442,592000
2023-02-21 12:10:00,177.85282585615442,178.02712277963215,177.82323108548397,177.95538874474443,1267000
2023-02-21 12:15:00,177.95538874474443,177.95444150255608,177.83061352863942,177.98418266830876,555000
2023-02-21 12:20:00,177.98418266830876,178.0632114539654,177.92230686666664,177.94460971870245,451000
2023-02-21 12:25:00,177.94460971870245,177.97389630293208,177.88397453967173,177.97027153382848,1962000
2023-02-21 12:30:00,177.97027153382848,177.84376519999998,177.70547867273092,177.81637757678743,159000
2023-02-21 12:35:00,177.81637757678743,177.81219572990773,177.61318795061314,177.7048056559544,1958000
2023-02-21 12:40:00,177.7048056559544,177.62688076666666,177.4421410950859,177.50928702209137,1550000
2023-02-21 12:45:00,177.50928702209137,177.78542027798514,177.65238749635347,177.68036149626954,1438000
2023-02-21 12:50:00,177.68036149626954,177.880192760547,177.71836307231118,177.79868735694885,1412000
2023-02-21 12:55:00,177.79868735694885,177.94362253670877,177.8466511108872,177.86327500724846,879000
2023-02-21 13:00:00,177.86327500724846,177.92150605209264,177.78449824219564,177.83540070716123,539000
2023-02-21 13:05:00,177.83540070716123,178.0554459678136,177.90011778476503,177.9557772274116,783000
2023-02-21 13:10:00,177.9557772274116,178.14218763940843,177.99511705968618,178.06113090681103,1954000
2023-02-21 13:15:00,178.06113090681103,177.98410081018397,177.87300349196855,177.86200920000002,1582000
2023-02-21 13:20:00,177.86200920000002,177.95778672903214,177.72060879510954,177.8881317977734,857000
2023-02-21 13:25:00,177.8881317977734,177.98537501623548,177.8143426229034,177.86921187925307,794000
2023-02-21 13:30:00,177.86921187925307,177.8727266090694,177.7305186965495,177.8667187752603,1343000
2023-02-21 13:35:00,177.8667187752603,177.88989394742492,177.69565743333334,177.75850822397305,122000
2023-02-21 13:40:00,177.75850822397305,177.8977663381863,177.7625773255318,177.87551801905707,121000
2023-02-21 13:45:00,177.87551801905707,177.88441309080864,177.70048273333333,177.79347420488688,1853000
2023-02-21 13:50:00,177.79347420488688,178.09139086857806,177.94514001897616,177.99466841462439,1417000
2023-02-21 13:55:00,177.99466841462439,178.1523333953857,178.09985821674164,178.16930073333333,170000
2023-02-21 14:00:00,178.16930073333333,178.22251777954475,178.08927898303895,178.10495532329506,1401000
2023-02-21 14:05:00,178.10495532329506,178.30471631153642,178.09389699718295,178.28011907988414,829000
2023-02-21 14:10:00,178.28011907988414,178.33747511266253,178.20041218285405,178.27323133045942,671000
2023-02-21 14:15:00,178.27323133045942,178.27221309905607,178.15456633595088,178.26207313333333,1787000
2023-02-21 14:20:00,178.26207313333333,178.43269299506545,178.30390559245305,178.34903587015754,1883000
2023-02-21 14:25:00,178.34903587015754,178.48280641619937,178.36308811442527,178.3890748410686,1172000
2023-02-21 14:30:00,178.3890748410686,178.4083366,178.23366213333333,178.31263854548993,863000
2023-02-21 14:35:00,178.31263854548993,178.49116197712297,178.32107965936504,178.36525369535937,996000
2023-02-21 14:40:00,178.36525369535937,178.576556,178.45340436314024,178.5032915470316,1406000
2023-02-21 14:45:00,178.5032915470316,178.61885763377197,178.42774599999998,178.4942287921705,678000
2023-02-21 14:50:00,178.4942287921705,178.66528506221388,178.4971286,178.5392525656252,1802000
2023-02-21 14:55:00,178.5392525656252,178.6176513117941,178.41076881469476,178.4695373871126,1046000
2023-02-21 15:00:00,178.4695373871126,178.57370607614197,178.5064257125148,178.59104149440128,1822000
2023-02-21 15:05:00,178.59104149440128,178.5841706451022,178.34944196090993,178.4843073170285,1373000
2023-02-21 15:10:00,178.4843073170285,178.5275089572891,178.29982664033096,178.39493019349402,1942000
2023-02-21 15:15:00,178.39493019349402,178.43647678270892,178.26482820892977,178.38004912388686,952000
2023-02-21 15:20:00,178.38004912388686,178.4642014399545,178.3409151179574,178.41661086198846,1314000
2023-02-21 15:25:00,178.41661086198846,178.54190946399638,178.44434058263917,178.49316736620693,1064000
2023-02-21 15:30:00,178.49316736620693,178.61000894721485,178.36958274675547,178.4841203599318,356000
2023-02-21 15:35:00,178.4841203599318,178.59003801728704,178.49230247518923,178.52560977558963,114000
2023-02-21 15:40:00,178.52560977558963,178.5787526361347,178.39899964763757,178.51789180231148,603000
2023-02-21 15:45:00,178.51789180231148,178.6205646326285,178.48942687094157,178.5581107409812,328000
2023-02-21 15:50:00,178.5581107409812,178.68433909403947,178.62618324184444,178.66402216499554,1195000
2023-02-21 15:55:00,178.66402216499554,178.76527011045647,178.53519804995395,178.66143803333335,762000
2023-02-21 16:00:00,178.66143803333335,178.75331220628593,178.66236386666665,178.66912867932814,783000
2023-02-22 09:30:00,178.66912867932814,178.74249666946585,178.61113669550494,178.6172437465638,828000
2023-02-22 09:35:00,178.6172437465638,178.76417673995041,178.6744224488525,178.7057728434615,400000
2023-02-22 09:40:00,178.7057728434615,178.54785001287465,178.43244943536573,178.4729448941341,1389000
2023-02-22 09:45:00,178.4729448941341,178.41736486349538,178.2193094784369,178.3978001471367,772000
2023-02-22 09:50:00,178.3978001471367,178.4697396806011,178.27434442704913,178.38306065533837,413000
2023-02-22 09:55:00,178.38306065533837,178.3897806467594,178.15768080782655,178.23862577886368,890000
2023-02-22 10:00:00,178.23862577886368,178.32401936032318,178.18040816645848,178.26855055484575,989000
2023-02-22 10:05:00,178.26855055484575,178.39028256630868,178.33095001846723,178.31898029116016,545000
2023-02-22 10:10:00,178.31898029116016,178.5017644824925,178.36436464302608,178.4509684930667,643000
2023-02-22 10:15:00,178.4509684930667,178.74354833333334,178.54857077584106,178.6258531036661,1344000
2023-02-22 10:20:00,178.6258531036661,178.68732945872895,178.56757461744024,178.61861809690902,1603000
2023-02-22 10:25:00,178.61861809690902,178.65538917600563,178.50086398075516,178.6159810919692,1136000
2023-02-22 10:30:00,178.6159810919692,178.68438806093107,178.49703825681172,178.64638152553752,594000
2023-02-22 10:35:00,178.64638152553752,178.59779873821927,178.4383531752018,178.5770859605365,276000
2023-02-22 10:40:00,178.5770859605365,178.63010520519936,178.48916197450663,178.57258028343642,699000
2023-02-22 10:45:00,178.57258028343642,178.51383458267316,178.3834383127256,178.44030895946386,699000
2023-02-22 10:50:00,178.44030895946386,178.66461275161473,178.40995816718194,178.5476582,1689000
2023-02-22 10:55:00,178.5476582,178.67746613333333,178.52372954539527,178.58754388853686,1458000
2023-02-22 11:00:00,178.58754388853686,178.5845024666667,178.3873265973424,178.51091035258563,1479000
2023-02-22 11:05:00,178.51091035258563,178.4937447741947,178.43483245489344,178.42800134630417,1041000
2023-02-22 11:10:00,178.42800134630417,178.5459274527482,178.36320736542885,178.45443518666247,1409000
2023-02-22 11:15:00,178.45443518666247,178.6103598,178.4358148207754,178.5286074639348,439000
2023-02-22 11:20:00,178.5286074639348,178.5647208103408,178.31419366005687,178.45770220126158,1272000
2023-02-22 11:25:00,178.45770220126158,178.52823226993462,178.41913568711828,178.42865698201862,638000
2023-02-22 11:30:00,178.42865698201862,178.62020775865162,178.42556082852732,178.46630866980624,328000
2023-02-22 11:35:00,178.46630866980624,178.5761517,178.49823517432384,178.54410475335843,1934000
2023-02-22 11:40:00,178.54410475335843,178.78009760885712,178.65178474703993,178.7209118083323,458000
2023-02-22 11:45:00,178.7209118083323,178.76664898229237,178.68356211526444,178.7386389680625,224000
2023-02-22 11:50:00,178.7386389680625,178.62494419633452,178.55360598920086,178.57469447750054,1881000
2023-02-22 11:55:00,178.57469447750054,178.55287603463583,178.46201378695105,178.54640954943108,805000
2023-02-22 12:00:00,178.54640954943108,178.70803483007685,178.55282152589027,178.61200037417396,478000
2023-02-22 12:05:00,178.61200037417396,178.7969865486694,178.73034748118263,178.76744567452923,216000
2023-02-22 12:10:00,178.76744567452923,178.77795945928514,178.71346273333333,178.70611191824523,1541000
2023-02-22 12:15:00,178.70611191824523,178.85514214901963,178.7441317586089,178.77593380144617,688000
2023-02-22 12:20:00,178.77593380144617,178.9252549276929,178.70229006179704,178.79074683333334,1150000
2023-02-22 12:25:00,178.79074683333334,178.86970933229318,178.69995515341455,178.74103229617555,844000
2023-02-22 12:30:00,178.74103229617555,178.76761043136622,178.56482226480415,178.64548024526312,1967000
2023-02-22 12:35:00,178.64548024526312,178.77146457884973,178.66577142224472,178.66158513833412,1955000
2023-02-22 12:40:00,178.66158513833412,178.89353689898658,178.76008684565085,178.83139206301257,1378000
2023-02-22 12:45:00,178.83139206301257,178.91487462906898,178.79369070648673,178.89318649816153,343000
2023-02-22 12:50:00,178.89318649816153,178.94190160000002,178.80448775103997,178.81105833031214,1771000
2023-02-22 12:55:00,178.81105833031214,178.92931525841584,178.7215154661448,178.80302388396612,121000
2023-02-22 13:00:00,178.80302388396612,178.95866785142422,178.76143473333335,178.85999129412812,826000
2023-02-22 13:05:00,178.85999129412812,178.9663635990418,178.84979828859025,178.89693159020388,1067000
2023-02-22 13:10:00,178.89693159020388,179.08574260816596,178.8877678471576,178.99315142461896,687000
2023-02-22 13:15:00,178.99315142461896,178.86345515198815,178.8285532063558,178.81596198067572,1773000
2023-02-22 13:20:00,178.81596198067572,179.06555182606093,178.88840997458553,179.01715351803557,478000
2023-02-22 13:25:00,179.01715351803557,179.163611,178.93619601464255,179.0504118825164,372000
2023-02-22 13:30:00,179.0504118825164,179.09214184502156,179.00148113333336,179.0114348349979,1554000
2023-02-22 13:35:00,179.0114348349979,179.09297229999999,178.89812637842613,179.03472158713535,395000
2023-02-22 13:40:00,179.03472158713535,179.04359814330485,178.93448986666667,178.94227153333335,225000
2023-02-22 13:45:00,178.94227153333335,179.12017903333333,179.00124976919815,179.01517273333332,135000
2023-02-22 13:50:00,179.01517273333332,178.92679737817605,178.83656684720648,178.95493495379728,1142000
2023-02-22 13:55:00,178.95493495379728,179.03574544633622,178.81312818837173,178.89295520430485,1235000
2023-02-22 14:00:00,178.89295520430485,178.998942368892,178.86825260657506,178.9404781203249,1365000
2023-02-22 14:05:00,178.9404781203249,179.07683631966512,178.93575368721244,178.9723440376523,1361000
2023-02-22 14:10:00,178.9723440376523,178.94173706947242,178.8658711653152,178.9132408771282,551000
2023-02-22 14:15:00,178.9132408771282,178.79820981487438,178.65842388855063,178.76584272960417,1958000
2023-02-22 14:20:00,178.76584272960417,179.03574042429287,178.8405208306074,178.98904973817523,1636000
2023-02-22 14:25:00,178.98904973817523,179.06956661821138,178.87526959089732,178.91219326405786,1734000
2023-02-22 14:30:00,178.91219326405786,179.14945010576352,178.98624961863294,179.1144567586903,1326000
2023-02-22 14:35:00,179.1144567586903,179.2818226908822,179.07158967381648,179.23571147259221,1028000
2023-02-22 14:40:00,179.23571147259221,179.30730106812146,179.14173707242625,179.16324035593638,590000
2023-02-22 14:45:00,179.16324035593638,179.31096037240476,179.10322750209215,179.24154707446417,539000
2023-02-22 14:50:00,179.24154707446417,179.3785592855611,179.23428825953974,179.35275542562275,152000
2023-02-22 14:55:00,179.35275542562275,179.45778515978856,179.35735646666666,179.43246954597518,1529000
2023-02-22 15:00:00,179.43246954597518,179.54561445284006,179.39997444255488,179.40686936666668,1056000
2023-02-22 15:05:00,179.40686936666668,179.66541543333332,179.4611730540174,179.47615538941946,670000
2023-02-22 15:10:00,179.47615538941946,179.66962430232874,179.5672007015272,179.63547085120308,1342000
2023-02-22 15:15:00,179.63547085120308,179.67810480325724,179.52595427560453,179.6522558261069,1589000
2023-02-22 15:20:00,179.6522558261069,179.71710028371427,179.56711957200426,179.57801139696838,1040000
2023-02-22 15:25:00,179.57801139696838,179.75010385549822,179.60882153826876,179.62947766666667,1391000
2023-02-22 15:30:00,179.62947766666667,179.6724392,179.4977088,179.57935370604048,1004000
2023-02-22 15:35:00,179.57935370604048,179.648605031017,179.5140742417103,179.58057069572718,1967000
2023-02-22 15:40:00,179.58057069572718,179.7361732874606,179.52795393333332,179.60693191244502,1035000
2023-02-22 15:45:00,179.60693191244502,179.6349496584738,179.5440173179372,179.57276380850345,642000
2023-02-22 15:50:00,179.57276380850345,179.7682415267116,179.61068122150343,179.70385495699855,1528000
2023-02-22 15:55:00,179.70385495699855,179.68119088542875,179.57961539757574,179.6162730839715,683000
2023-02-22 16:00:00,179.6162730839715,179.53541969456228,179.4221448666844,179.49698368047646,1522000
2023-02-23 09:30:00,179.49698368047646,179.6128136527156,179.50819032144403,179.61434803261622,1564000
2023-02-23 09:35:00,179.61434803261622,179.70588179789917,179.48413908538708,179.57067023292186,1147000
2023-02-23 09:40:00,179.57067023292186,179.65597884209382,179.54556108331653,179.62361720167885,282000
2023-02-23 09:45:00,179.62361720167885,179.5723542965338,179.52954338492106,179.5607386,956000
2023-02-23 09:50:00,179.5607386,179.46667519501023,179.33814056008842,179.44864330328082,1728000
2023-02-23 09:55:00,179.44864330328082,179.39350486666666,179.27670882779813,179.3004424023829,190000
2023-02-23 10:00:00,179.3004424023829,179.51396986749506,179.3016985627939,179.37416893474173,1778000
2023-02-23 10:05:00,179.37416893474173,179.4990701583528,179.27299069999998,179.38140421084492,916000
2023-02-23 10:10:00,179.38140421084492,179.40287439832449,179.2859686485791,179.3641335514602,860000
2023-02-23 10:15:00,179.3641335514602,179.31680378180397,179.14011840477986,179.2531888,162000
2023-02-23 10:20:00,179.2531888,179.49537287146848,179.34696671299946,179.31909000103371,1253000
2023-02-23 10:25:00,179.31909000103371,179.4196406311172,179.25543435928282,179.3786865304872,744000
2023-02-23 10:30:00,179.3786865304872,179.660070228815,179.46871304647397,179.5596124166679,666000
2023-02-23 10:35:00,179.5596124166679,179.67284823807753,179.54792744524119,179.60557752503144,1027000
2023-02-23 10:40:00,179.60557752503144,179.79333710531472,179.63716540809173,179.77023517462686,1434000
2023-02-23 10:45:00,179.77023517462686,179.67689518408284,179.62744426734508,179.66025502192375,226000
2023-02-23 10:50:00,179.66025502192375,179.60802917345652,179.45960385798054,179.51471281761889,240000
2023-02-23 10:55:00,179.51471281761889,179.62858433098816,179.40013337345195,179.52677408950578,688000
2023-02-23 11:00:00,179.52677408950578,179.71060671073772,179.4692211294964,179.59527101566673,1120000
2023-02-23 11:05:00,179.59527101566673,179.69613802099713,179.61315861138482,179.65510665136713,1257000
2023-02-23 11:10:00,179.65510665136713,179.7886301180183,179.60084468896957,179.6435012745352,1798000
2023-02-23 11:15:00,179.6435012745352,179.92200510032754,179.73948813168772,179.8584967430739,1806000
2023-02-23 11:20:00,179.8584967430739,179.95980176238237,179.83305657147937,179.87903822918304,434000
2023-02-23 11:25:00,179.87903822918304,179.9269382706768,179.84002382633312,179.84632664165514,215000
2023-02-23 11:30:00,179.84632664165514,179.89054172978211,179.7337304487076,179.84637501967822,432000
2023-02-23 11:35:00,179.84637501967822,179.8892547,179.76989373333333,179.76850065221944,1403000
2023-02-23 11:40:00,179.76850065221944,179.86711266213655,179.79405669044039,179.79112032274045,1061000
2023-02-23 11:45:00,179.79112032274045,179.93381969692837,179.87791577875436,179.90204505056025,180000
2023-02-23 11:50:00,179.90204505056025,180.1460488430812,179.99649287220845,179.9798168222788,193000
2023-02-23 11:55:00,179.9798168222788,180.02180904681384,179.91017561463113,180.01302091098705,1263000
2023-02-23 12:00:00,180.01302091098705,180.07569406420018,179.93361640937806,179.9928674029998,1484000
2023-02-23 12:05:00,179.9928674029998,180.0560160169075,179.83763195847413,179.95272467629147,1071000
2023-02-23 12:10:00,179.95272467629147,180.0598192131445,179.92699693618175,180.03228656900964,723000
2023-02-23 12:15:00,180.03228656900964,180.00071249689373,179.88207614053877,179.93403272772682,1488000
2023-02-23 12:20:00,179.93403272772682,179.91474584313517,179.82861981122477,179.84375850082387,175000
2023-02-23 12:25:00,179.84375850082387,179.6263887901332,179.53285314205596,179.52220821426948,1884000
2023-02-23 12:30:00,179.52220821426948,179.52584417217494,179.34997290603104,179.46304887779854,1645000
2023-02-23 12:35:00,179.46304887779854,179.46676900310052,179.28778162475052,179.37746711142196,1713000
2023-02-23 12:40:00,179.37746711142196,179.4996772796294,179.3210216906938,179.39414155916936,1263000
2023-02-23 12:45:00,179.39414155916936,179.40115947641507,179.2156262637399,179.25714734956748,302000
2023-02-23 12:50:00,179.25714734956748,179.30109445714115,179.13370964751505,179.19254386623803,1590000
2023-02-23 12:55:00,179.19254386623803,179.41734809917625,179.19217807758008,179.29546970557905,1367000
2023-02-23 13:00:00,179.29546970557905,179.29986410648092,179.13449000503712,179.23558740391056,154000
2023-02-23 13:05:00,179.23558740391056,179.1450347467693,178.9931988254615,179.08751126480456,542000
2023-02-23 13:10:00,179.08751126480456,179.09832483358943,178.9855271454052,178.9980970614343,1232000
2023-02-23 13:15:00,178.9980970614343,179.0129507841704,178.8600730719848,178.90539404487947,386000
2023-02-23 13:20:00,178.90539404487947,179.0254202195796,178.87689397869775,178.94412893333336,1541000
2023-02-23 13:25:00,178.94412893333336,179.05293674606284,178.92879136446987,178.95162713231824,662000
2023-02-23 13:30:00,178.95162713231824,178.87538590588252,178.82220204899986,178.87762711714038,352000
2023-02-23 13:35:00,178.87762711714038,178.92860567750316,178.80740220172888,178.86542828149447,1103000
2023-02-23 13:40:00,178.86542828149447,179.01156561181173,178.9428160413532,178.9881432884089,809000
2023-02-23 13:45:00,178.9881432884089,179.19434254647095,178.97826858348915,179.08616723607471,912000
2023-02-23 13:50:00,179.08616723607471,179.23712445622093,179.0228402454232,179.12226768062473,1480000
2023-02-23 13:55:00,179.12226768062473,179.25704214121953,179.11284858415172,179.10793924207792,602000
2023-02-23 14:00:00,179.10793924207792,179.20842983769612,179.1000181164941,179.1618726490794,589000
2023-02-23 14:05:00,179.1618726490794,179.3826602107056,179.2030219636592,179.20398908052837,1782000
2023-02-23 14:10:00,179.20398908052837,179.34993545483275,179.18996505192757,179.28360237826098,1332000
2023-02-23 14:15:00,179.28360237826098,179.2925945650036,179.1704478916047,179.2215378635067,141000
2023-02-23 14:20:00,179.2215378635067,179.33216516251392,179.16650602724002,179.2049555838427,239000
2023-02-23 14:25:00,179.2049555838427,179.24048781968187,179.10873928752918,179.12541424402883,1159000
2023-02-23 14:30:00,179.12541424402883,179.24412365571436,179.05377435141907,179.18921169650238,1575000
2023-02-23 14:35:00,179.18921169650238,179.29076094261353,179.16431096566288,179.23312704996803,1544000
2023-02-23 14:40:00,179.23312704996803,179.3531693666667,179.11906018308096,179.26747008243265,1188000
2023-02-23 14:45:00,179.26747008243265,179.3009176258874,179.1079113466977,179.15521128440895,440000
2023-02-23 14:50:00,179.15521128440895,179.3248277,179.1752427133021,179.27514926666666,1728000
2023-02-23 14:55:00,179.27514926666666,179.43834532778027,179.31282273101675,179.37057671590824,770000
2023-02-23 15:00:00,179.37057671590824,179.39470345232996,179.18895453545025,179.28782016233583,1540000
2023-02-23 15:05:00,179.28782016233583,179.4627825490546,179.39660790000002,179.44908213852054,1388000
2023-02-23 15:10:00,179.44908213852054,179.57611352629914,179.39077254333063,179.56763336666666,1058000
2023-02-23 15:15:00,179.56763336666666,179.49851783333332,179.41600501249877,179.42136630000002,720000
2023-02-23 15:20:00,179.42136630000002,179.60241881634335,179.53515266879614,179.60967689165304,451000
2023-02-23 15:25:00,179.60967689165304,179.51882605500714,179.3874189677702,179.49032131829483,565000
2023-02-23 15:30:00,179.49032131829483,179.47089761858788,179.39454199670084,179.4236685031689,1199000
2023-02-23 15:35:00,179.4236685031689,179.43928403333334,179.32770560809323,179.3893494540518,322000
2023-02-23 15:40:00,179.3893494540518,179.31909368458295,179.20999184397317,179.2912919099297,1737000
2023-02-23 15:45:00,179.2912919099297,179.4488267,179.2603311158349,179.36184062456897,658000
2023-02-23 15:50:00,179.36184062456897,179.37729840540572,179.30394461333407,179.3475982448355,1394000
2023-02-23 15:55:00,179.3475982448355,179.3603224849531,179.1692554,179.2585685187114,1306000
2023-02-23 16:00:00,179.2585685187114,179.29280385209324,179.11305890946213,179.28199275622651,1732000
2023-02-24 09:30:00,179.28199275622651,179.19409163333333,179.1383297811904,179.1379600102122,1580000
2023-02-24 09:35:00,179.1379600102122,179.30842580873676,179.06821461109038,179.17333350279117,329000
2023-02-24 09:40:00,179.17333350279117,179.41016466666667,179.3238589220399,179.38333274560324,1125000
2023-02-24 09:45:00,179.38333274560324,179.53014623014298,179.3485395518297,179.36853440000002,681000
2023-02-24 09:50:00,179.36853440000002,179.55126620402294,179.32735913333332,179.43516186666665,851000
2023-02-24 09:55:00,179.43516186666665,179.6025995158974,179.42670063333335,179.52366567465054,778000
2023-02-24 10:00:00,179.52366567465054,179.58703468894961,179.4582921,179.50477623133054,1086000
2023-02-24 10:05:00,179.50477623133054,179.75141715768495,179.5301507104723,179.62103771493176,363000
2023-02-24 10:10:00,179.62103771493176,179.69961090233957,179.45543846666666,179.58315026666665,1540000
2023-02-24 10:15:00,179.58315026666665,179.67520840651386,179.53010201482576,179.58328792812924,1701000
2023-02-24 10:20:00,179.58328792812924,179.6510551605496,179.4854445720429,179.51607171102293,1228000
2023-02-24 10:25:00,179.51607171102293,179.6576272419374,179.47603626087204,179.5010129039295,552000
2023-02-24 10:30:00,179.5010129039295,179.59529051724545,179.48139367200523,179.48119446163437,722000
2023-02-24 10:35:00,179.48119446163437,179.58775149571753,179.4228583329418,179.56008816088806,1524000
2023-02-24 10:40:00,179.56008816088806,179.6044394217178,179.4205871665305,179.52288228715486,1419000
2023-02-24 10:45:00,179.52288228715486,179.61382055843427,179.4702334283098,179.514389162119,127000
2023-02-24 10:50:00,179.514389162119,179.50903306666666,179.3829709482784,179.39649455556562,1927000
2023-02-24 10:55:00,179.39649455556562,179.52928360526872,179.43299557506774,179.44794984295393,867000
2023-02-24 11:00:00,179.44794984295393,179.60395065234636,179.43150920239205,179.55883868468916,967000
2023-02-24 11:05:00,179.55883868468916,179.69334156334955,179.55755870066918,179.60372042337642,156000
2023-02-24 11:10:00,179.60372042337642,179.67964887973187,179.6067572800128,179.65654421226236,1446000
2023-02-24 11:15:00,179.65654421226236,179.6651899562718,179.4999719589754,179.52597258780324,1719000
2023-02-24 11:20:00,179.52597258780324,179.83032393055723,179.6454397180579,179.7477139851693,393000
2023-02-24 11:25:00,179.7477139851693,179.83181507000435,179.68129053846127,179.77843650200177,1858000
2023-02-24 11:30:00,179.77843650200177,179.71461931567086,179.49491378617694,179.58188454469195,1355000
2023-02-24 11:35:00,179.58188454469195,179.76690186510137,179.65185375988628,179.66834058997492,924000
2023-02-24 11:40:00,179.66834058997492,179.81985188971655,179.65983393333332,179.73511359578094,398000
2023-02-24 11:45:00,179.73511359578094,179.98091548077943,179.78832436683442,179.9284905385199,913000
2023-02-24 11:50:00,179.9284905385199,180.10903952437815,179.96584221479398,180.0656021043987,1783000
2023-02-24 11:55:00,180.0656021043987,180.19222313530219,180.13030313452595,180.1602932522198,1775000
2023-02-24 12:00:00,180.1602932522198,180.2640864,180.0773021231056,180.22928743374013,1165000
2023-02-24 12:05:00,180.22928743374013,180.37005211238474,180.16252617855108,180.23279906412614,1843000
2023-02-24 12:10:00,180.23279906412614,180.20765268708547,180.09851166666667,180.17880547992885,1747000
2023-02-24 12:15:00,180.17880547992885,180.17428492147778,180.0729959857427,180.12015025801642,934000
2023-02-24 12:20:00,180.12015025801642,180.49702641675157,180.3062874989181,180.41204558396402,639000
2023-02-24 12:25:00,180.41204558396402,180.2813081,180.21141803071248,180.2539724823124,940000
2023-02-24 12:30:00,180.2539724823124,180.38093715780053,180.19930308851906,180.29281319377824,1333000
2023-02-24 12:35:00,180.29281319377824,180.38121928923377,180.27112049123625,180.2782914124799,655000
2023-02-24 12:40:00,180.2782914124799,180.39681692863587,180.2640160375532,180.3399224,1574000
2023-02-24 12:45:00,180.3399224,180.39839937412688,180.2875288488491,180.43025072499373,441000
2023-02-24 12:50:00,180.43025072499373,180.49309749604592,180.42065832897296,180.47336813333334,577000
2023-02-24 12:55:00,180.47336813333334,180.58515642778494,180.3647303047956,180.45449973105082,159000
2023-02-24 13:00:00,180.45449973105082,180.63552718342345,180.44205632603942,180.5204909,1930000
2023-02-24 13:05:00,180.5204909,180.62971401324558,180.51273518170547,180.58987336666667,528000
2023-02-24 13:10:00,180.58987336666667,180.62103562108624,180.45248285450583,180.5977454076989,979000
2023-02-24 13:15:00,180.5977454076989,180.57479216010455,180.50942876566944,180.53980195390096,262000
2023-02-24 13:20:00,180.53980195390096,180.7072299982374,180.55476716930085,180.64827530304552,1441000
2023-02-24 13:25:00,180.64827530304552,180.7116776369467,180.62152597903045,180.6854091763632,882000
2023-02-24 13:30:00,180.6854091763632,180.83549565610917,180.6354154,180.73551043333333,1484000
2023-02-24 13:35:00,180.73551043333333,180.90491053736974,180.8396820473503,180.88951204925877,1911000
2023-02-24 13:40:00,180.88951204925877,180.8978130782816,180.74614054106817,180.84507630000002,945000
2023-02-24 13:45:00,180.84507630000002,180.92495220368514,180.7583274697674,180.84521595366317,1992000
2023-02-24 13:50:00,180.84521595366317,180.91151903333332,180.6908360250446,180.78746319006606,660000
2023-02-24 13:55:00,180.78746319006606,180.9074078085173,180.78748649581647,180.91550953326524,1371000
2023-02-24 14:00:00,180.91550953326524,180.92320109961506,180.75541493351207,180.91671816907248,853000
2023-02-24 14:05:00,180.91671816907248,181.0091272578505,180.8700203973361,180.89364539263755,564000
2023-02-24 14:10:00,180.89364539263755,180.8929166392804,180.78624619966664,180.8180634643854,1702000
2023-02-24 14:15:00,180.8180634643854,180.91309006575915,180.7816333589875,180.90861975721677,1304000
2023-02-24 14:20:00,180.90861975721677,181.0623635820022,180.89704304219205,180.98235654539943,482000
2023-02-24 14:25:00,180.98235654539943,181.08935121312575,180.89998010834188,180.9353940486238,1990000
2023-02-24 14:30:00,180.9353940486238,181.1329467177057,180.93978584977887,181.0072473797957,905000
2023-02-24 14:35:00,181.0072473797957,181.17483366057266,181.03073843750286,181.12252556666667,1912000
2023-02-24 14:40:00,181.12252556666667,181.16435234077784,181.06050512669526,181.07003723333335,1423000
2023-02-24 14:45:00,181.07003723333335,181.2617487166034,181.2038355755123,181.2108764381329,1643000
2023-02-24 14:50:00,181.2108764381329,181.30941374711534,181.1689534252082,181.30612713999014,1887000
2023-02-24 14:55:00,181.30612713999014,181.28442424932942,181.13164400922062,181.19254634096882,594000
2023-02-24 15:00:00,181.19254634096882,181.18862291187256,181.15558054234342,181.15905633036294,1935000
2023-02-24 15:05:00,181.15905633036294,181.2352055712052,181.1564384722123,181.22536578365603,1923000
2023-02-24 15:10:00,181.22536578365603,181.1810337713271,181.10751434924052,181.09207773333335,360000
2023-02-24 15:15:00,181.09207773333335,181.37008689393463,181.1840003162977,181.24890863488812,1043000
2023-02-24 15:20:00,181.24890863488812,181.1171641840392,181.04438323102855,181.0367476423073,1404000
2023-02-24 15:25:00,181.0367476423073,181.2436362244656,181.02982768827187,181.15155286398448,973000
2023-02-24 15:30:00,181.15155286398448,181.29248165087574,181.1606007844161,181.22327647665446,816000
2023-02-24 15:35:00,181.22327647665446,181.06788772484057,181.01463624018794,181.05699520341315,1336000
2023-02-24 15:40:00,181.05699520341315,181.1584720280353,180.98906012141168,181.0600652254874,1530000
2023-02-24 15:45:00,181.0600652254874,181.13903950990706,180.9206208123606,180.99922235743773,1698000
2023-02-24 15:50:00,180.99922235743773,181.16757133582993,181.04486993333333,181.13849665820376,296000
2023-02-24 15:55:00,181.13849665820376,181.17269101646298,180.94986200711352,181.12447306666667,575000
2023-02-24 16:00:00,181.12447306666667,181.16413340067353,181.1309135354751,181.13030936322443,1615000
2023-02-27 09:30:00,181.13030936322443,181.28810173333335,181.0991314035155,181.22802014747137,1902000
2023-02-27 09:35:00,181.22802014747137,181.28672581003605,181.07724439429037,181.2467705496322,1294000
2023-02-27 09:40:00,181.2467705496322,181.3739077629933,181.27685128086245,181.29804147217212,284000
2023-02-27 09:45:00,181.29804147217212,181.30363410027775,181.16764941259163,181.27825263333335,1570000
2023-02-27 09:50:00,181.27825263333335,181.51200114040122,181.28105122625905,181.40980235922473,861000
2023-02-27 09:55:00,181.40980235922473,181.65521803333334,181.47181408484659,181.5968751869403,642000
2023-02-27 10:00:00,181.5968751869403,181.77055388826605,181.6613860723452,181.68898576744155,1153000
2023-02-27 10:05:00,181.68898576744155,181.74820383826597,181.66543974730016,181.73181993333336,351000
2023-02-27 10:10:00,181.73181993333336,181.79135918702758,181.58687008436885,181.68846003060847,1884000
2023-02-27 10:15:00,181.68846003060847,181.97092431225988,181.79491492729875,181.86571856666666,1026000
2023-02-27 10:20:00,181.86571856666666,182.0002102,181.8249316672605,181.93861922976222,1518000
2023-02-27 10:25:00,181.93861922976222,181.97935525726083,181.7582978506507,181.85260109992123,966000
2023-02-27 10:30:00,181.85260109992123,182.07667530728227,181.9888651,182.04231783333336,565000
2023-02-27 10:35:00,182.04231783333336,182.10224109594049,181.99263276666667,182.02811367785364,910000
2023-02-27 10:40:00,182.02811367785364,182.20024353333335,182.05511057776565,182.03977429658062,675000
2023-02-27 10:45:00,182.03977429658062,182.10541036666666,181.94131574699642,182.03593984850022,1151000
2023-02-27 10:50:00,182.03593984850022,181.98956359363822,181.84997333864774,181.97844984923196,1944000
2023-02-27 10:55:00,181.97844984923196,182.01448335233638,181.78238806014357,181.93913165783331,825000
2023-02-27 11:00:00,181.93913165783331,182.00324377616943,181.84990947470155,181.8461754023423,918000
2023-02-27 11:05:00,181.8461754023423,181.93486313333332,181.88416133950443,181.92320256288406,1407000
2023-02-27 11:10:00,181.92320256288406,181.91113648528872,181.858292935786,181.91945678449648,749000
2023-02-27 11:15:00,181.91945678449648,181.9131004782171,181.74840106602326,181.80489944669685,1846000
2023-02-27 11:20:00,181.80489944669685,181.85424975726525,181.65697757115583,181.7378276954884,600000
2023-02-27 11:25:00,181.7378276954884,181.8896436090735,181.78043495021348,181.8438230709507,689000
2023-02-27 11:30:00,181.8438230709507,181.87734950331534,181.79678166859063,181.87867542825697,770000
2023-02-27 11:35:00,181.87867542825697,181.8358629355337,181.60783695248304,181.67507698921028,1287000
2023-02-27 11:40:00,181.67507698921028,181.83859381078918,181.6190572978427,181.71113737953414,564000
2023-02-27 11:45:00,181.71113737953414,181.71443014330183,181.57600444754945,181.73593363333333,190000
2023-02-27 11:50:00,181.73593363333333,181.81437233793375,181.62099142932388,181.68881506666668,754000
2023-02-27 11:55:00,181.68881506666668,181.77440378190684,181.57072264974664,181.67890675728844,915000
2023-02-27 12:00:00,181.67890675728844,181.85137195904557,181.6616242006012,181.78039567306547,743000
2023-02-27 12:05:00,181.78039567306547,181.77026619447588,181.65649840677742,181.72809312427978,877000
2023-02-27 12:10:00,181.72809312427978,181.84345441665545,181.6345868835777,181.76611069620037,1678000
2023-02-27 12:15:00,181.76611069620037,181.75083546666667,181.68120829233243,181.73902415723757,1602000
2023-02-27 12:20:00,181.73902415723757,181.88082912091738,181.68306817749072,181.72680657550123,1341000
2023-02-27 12:25:00,181.72680657550123,181.91552599385142,181.6971325482662,181.74930766549213,1796000
2023-02-27 12:30:00,181.74930766549213,181.80082593333333,181.6903379607209,181.7742015884545,181000
2023-02-27 12:35:00,181.7742015884545,181.79946522551282,181.69511496666667,181.76216318326573,373000
2023-02-27 12:40:00,181.76216318326573,181.83544510759882,181.6378794079839,181.74364933333334,167000
2023-02-27 12:45:00,181.74364933333334,181.87284107847037,181.71491097202656,181.80409679352414,628000
2023-02-27 12:50:00,181.80409679352414,181.82669381915994,181.59686408093071,181.7011376598548,508000
2023-02-27 12:55:00,181.7011376598548,181.7219434350253,181.67806767195162,181.70413475573574,1618000
2023-02-27 13:00:00,181.70413475573574,181.8013651,181.5630651202968,181.67870077407278,968000
2023-02-27 13:05:00,181.67870077407278,181.92265265238072,181.67191446462402,181.8615396666667,1160000
2023-02-27 13:10:00,181.8615396666667,181.97269650605273,181.79676041246103,181.89935593333334,1928000
2023-02-27 13:15:00,181.89935593333334,181.97290142573996,181.8964937701909,181.94699507896428,1436000
2023-02-27 13:20:00,181.94699507896428,181.92497904188076,181.7378748933102,181.8351089948063,1823000
2023-02-27 13:25:00,181.8351089948063,181.9205026658243,181.77748464466842,181.8658866642859,1164000
2023-02-27 13:30:00,181.8658866642859,182.12130198359898,181.8902482723832,182.02979841486984,444000
2023-02-27 13:35:00,182.02979841486984,182.0262557,181.9392548117291,181.9537122459056,537000
2023-02-27 13:40:00,181.9537122459056,182.09659714407957,181.96043326996812,182.01472351608115,205000
2023-02-27 13:45:00,182.01472351608115,182.0463596799603,181.9771743901172,182.05362418749274,127000
2023-02-27 13:50:00,182.05362418749274,182.03489752301147,181.94850481517244,181.9960381043299,652000
2023-02-27 13:55:00,181.9960381043299,181.91534962430515,181.76976288324494,181.8810533512001,1142000
2023-02-27 14:00:00,181.8810533512001,181.95475884474902,181.76366441228373,181.84906563333334,710000
2023-02-27 14:05:00,181.84906563333334,181.85489631896124,181.71654941665903,181.833128125959,1606000
2023-02-27 14:10:00,181.833128125959,181.92833580733472,181.78288946089938,181.85593456666666,761000
2023-02-27 14:15:00,181.85593456666666,181.95891146666665,181.81712251872952,181.8659917105974,1120000
2023-02-27 14:20:00,181.8659917105974,181.99668308780025,181.79023895115265,181.95302332496564,1073000
2023-02-27 14:25:00,181.95302332496564,182.17914382826197,182.03918921392204,182.13069350603323,1011000
2023-02-27 14:30:00,182.13069350603323,182.414803416526,182.24528858302455,182.30944300000002,800000
2023-02-27 14:35:00,182.30944300000002,182.40077063479518,182.28397419375227,182.31532033161497,157000
2023-02-27 14:40:00,182.31532033161497,182.5189612581453,182.29583676154027,182.42946008257553,1801000
2023-02-27 14:45:00,182.42946008257553,182.49092424117055,182.37374375452006,182.4411032510426,392000
2023-02-27 14:50:00,182.4411032510426,182.59832263578696,182.40336890629808,182.55555072843615,1624000
2023-02-27 14:55:00,182.55555072843615,182.69832082106342,182.59462537898492,182.62819323333332,839000
2023-02-27 15:00:00,182.62819323333332,182.68151978278567,182.49896811999275,182.5751041830569,1779000
2023-02-27 15:05:00,182.5751041830569,182.80981128851593,182.6468967,182.7287104382146,1066000
2023-02-27 15:10:00,182.7287104382146,182.88646223333333,182.8085839726503,182.8056458,1918000
2023-02-27 15:15:00,182.8056458,182.9922156576997,182.90130256074923,182.94220940266004,1992000
2023-02-27 15:20:00,182.94220940266004,183.05126461954112,182.97516715741313,182.97719818426032,1711000
2023-02-27 15:25:00,182.97719818426032,183.0597748499393,182.94764816100542,183.03291699996757,1216000
2023-02-27 15:30:00,183.03291699996757,183.14048383333332,182.94882786105572,183.03222218869857,622000
2023-02-27 15:35:00,183.03222218869857,183.14000904939002,183.03097473044357,183.10611226834237,1781000
2023-02-27 15:40:00,183.10611226834237,183.21148373333332,183.06702719738112,183.1452390296973,471000
2023-02-27 15:45:00,183.1452390296973,183.21612111872176,183.12898055653883,183.226345,1649000
2023-02-27 15:50:00,183.226345,183.22849291763424,183.14704249581624,183.2260789254192,1644000
2023-02-27 15:55:00,183.2260789254192,183.24520757591145,183.12225146265817,183.18596395334308,431000
2023-02-27 16:00:00,183.18596395334308,183.45298580969887,183.19855646666667,183.34936189683697,1935000
2023-02-28 09:30:00,183.34936189683697,183.40988951016027,183.21903610669912,183.38499832252526,776000
2023-02-28 09:35:00,183.38499832252526,183.35806420000972,183.22584375056385,183.3207215794643,1986000
2023-02-28 09:40:00,183.3207215794643,183.40432691976548,183.3287934233689,183.38782478723124,1357000
2023-02-28 09:45:00,183.38782478723124,183.39160524227387,183.16665146116745,183.2949692930844,1126000
2023-02-28 09:50:00,183.2949692930844,183.43118308873957,183.25576244517808,183.34158162573576,124000
2023-02-28 09:55:00,183.34158162573576,183.49463215126013,183.28651874057405,183.34162156055692,1011000
2023-02-28 10:00:00,183.34162156055692,183.3764255782743,183.3423433427415,183.33690289555173,976000
2023-02-28 10:05:00,183.33690289555173,183.36294336310763,183.28656107905374,183.30803038994148,716000
2023-02-28 10:10:00,183.30803038994148,183.25688918047817,183.1044351714636,183.25688113305642,104000
2023-02-28 10:15:00,183.25688113305642,183.49523509339423,183.35435973354117,183.41075206666667,1321000
2023-02-28 10:20:00,183.41075206666667,183.43810561954703,183.3653285,183.37880980283092,831000
2023-02-28 10:25:00,183.37880980283092,183.68703364989602,183.5110243683595,183.5896283672915,1800000
2023-02-28 10:30:00,183.5896283672915,183.65194798167036,183.4702138428548,183.56626052753194,1788000
2023-02-28 10:35:00,183.56626052753194,183.70027470095422,183.47963260581102,183.60102774021988,127000
2023-02-28 10:40:00,183.60102774021988,183.69868552502427,183.55866093030443,183.72837172349054,1964000
2023-02-28 10:45:00,183.72837172349054,183.81385335071525,183.6163406489792,183.75587786967986,1316000
2023-02-28 10:50:00,183.75587786967986,183.7290675131235,183.60170666145157,183.74163095511545,1406000
2023-02-28 10:55:00,183.74163095511545,183.67207507997804,183.46812207743682,183.5809666590904,558000
2023-02-28 11:00:00,183.5809666590904,183.90602783071242,183.75015105700538,183.81273799865215,692000
2023-02-28 11:05:00,183.81273799865215,183.77537352296585,183.6846720565268,183.77073610305803,899000
2023-02-28 11:10:00,183.77073610305803,184.07768087843138,183.9324419051412,183.9941387713867,618000
2023-02-28 11:15:00,183.9941387713867,183.93021800581553,183.87411755153332,183.93370779999998,1391000
2023-02-28 11:20:00,183.93370779999998,184.05354032617305,183.95357058401927,184.0506855506618,932000
2023-02-28 11:25:00,184.0506855506618,184.1581454085182,183.99122887162414,184.09181096909865,1106000
2023-02-28 11:30:00,184.09181096909865,184.20162727181508,184.12918680323648,184.14845930655025,1003000
2023-02-28 11:35:00,184.14845930655025,184.20534436666668,184.0723562218676,184.146804957002,1696000
2023-02-28 11:40:00,184.146804957002,184.15127626666666,184.07079011273098,184.1477054400727,668000
2023-02-28 11:45:00,184.1477054400727,184.2053484135604,183.95636202014646,184.1079837007479,1237000
2023-02-28 11:50:00,184.1079837007479,184.1434357650292,183.9871633435618,184.15515071270562,882000
2023-02-28 11:55:00,184.15515071270562,184.21384111749174,184.08364059605526,184.09290634908118,1611000
2023-02-28 12:00:00,184.09290634908118,184.18602168113318,184.01899731842124,184.0391153806036,1900000
2023-02-28 12:05:00,184.0391153806036,184.0515538,183.97874733297144,184.03656901139303,542000
2023-02-28 12:10:00,184.03656901139303,184.01069938389517,183.8842272044587,183.9259852924467,1761000
2023-02-28 12:15:00,183.9259852924467,184.0444123116239,183.89780840268224,184.04987493333334,1171000
2023-02-28 12:20:00,184.04987493333334,184.07380192660352,183.85726596666666,183.9412964429562,450000
2023-02-28 12:25:00,183.9412964429562,183.92826396666666,183.83814089975562,183.88020586666667,946000
2023-02-28 12:30:00,183.88020586666667,183.97648336666668,183.85864601305704,183.84266733645183,1031000
2023-02-28 12:35:00,183.84266733645183,183.7378933582217,183.61581511992347,183.6830513441769,212000
2023-02-28 12:40:00,183.6830513441769,183.78010001098355,183.59756294194617,183.7679462354771,769000
2023-02-28 12:45:00,183.7679462354771,183.77425366693564,183.66697120634936,183.72587600563085,1240000
2023-02-28 12:50:00,183.72587600563085,183.7847032796364,183.66068578841495,183.7522427614822,1218000
2023-02-28 12:55:00,183.7522427614822,183.90682643333332,183.7462909942518,183.79422671835425,358000
2023-02-28 13:00:00,183.79422671835425,183.7403550286343,183.57557411426382,183.68721704014854,1968000
2023-02-28 13:05:00,183.68721704014854,183.70842413836652,183.6602945714504,183.74515742304186,396000
2023-02-28 13:10:00,183.74515742304186,183.83507094082273,183.67285060853484,183.7529376250081,1826000
2023-02-28 13:15:00,183.7529376250081,183.85032709612156,183.74021591549814,183.7704798506297,639000
2023-02-28 13:20:00,183.7704798506297,183.81583602444908,183.5918556248878,183.76043354464892,647000
2023-02-28 13:25:00,183.76043354464892,183.79894369639948,183.72908880000003,183.73149479556878,1386000
2023-02-28 13:30:00,183.73149479556878,183.91307553904772,183.73104824167947,183.80414362076775,1994000
2023-02-28 13:35:00,183.80414362076775,183.79703202224582,183.70507073638893,183.6985952598249,700000
2023-02-28 13:40:00,183.6985952598249,183.64276837785616,183.54626654632142,183.59682982883402,944000
2023-02-28 13:45:00,183.59682982883402,183.81178123333333,183.6542032073675,183.74485566666667,1496000
2023-02-28 13:50:00,183.74485566666667,183.8622372838364,183.65236121166052,183.7701978135331,1006000
2023-02-28 13:55:00,183.7701978135331,183.8482392245999,183.64908472015708,183.7518981532985,1474000
2023-02-28 14:00:00,183.7518981532985,183.81406974266366,183.62936533449653,183.7372214325388,1883000
2023-02-28 14:05:00,183.7372214325388,183.7774328972803,183.64918063996643,183.73515292412839,368000
2023-02-28 14:10:00,183.73515292412839,183.9138767459618,183.78746623830594,183.84432268478315,697000
2023-02-28 14:15:00,183.84432268478315,183.81112917580313,183.59444275959515,183.6665333008923,501000
2023-02-28 14:20:00,183.6665333008923,183.78039534835162,183.6014080782299,183.6697738571444,176000
2023-02-28 14:25:00,183.6697738571444,183.81978415074457,183.77633587859478,183.81996933214836,652000
2023-02-28 14:30:00,183.81996933214836,183.98818273189048,183.7608776019623,183.8883590467728,824000
2023-02-28 14:35:00,183.8883590467728,184.03859909027136,183.7943117974135,183.9011165297964,1098000
2023-02-28 14:40:00,183.9011165297964,183.98432401442625,183.89630314055825,183.93487276666667,720000
2023-02-28 14:45:00,183.93487276666667,184.03131030011346,183.85568645183713,183.9836006501967,302000
2023-02-28 14:50:00,183.9836006501967,184.04436244469278,183.92787611344784,183.9500219,1779000
2023-02-28 14:55:00,183.9500219,184.01956025619987,183.7779579472054,183.90504963175783,1494000
2023-02-28 15:00:00,183.90504963175783,184.0529974956036,183.94565962832385,183.99150276856912,203000
2023-02-28 15:05:00,183.99150276856912,183.96688293562974,183.82707200000002,183.93984066666664,1757000
2023-02-28 15:10:00,183.93984066666664,183.98873456666666,183.86478880367295,184.00111506911304,1969000
2023-02-28 15:15:00,184.00111506911304,183.98994961228655,183.87249246633428,183.93591857061745,859000
2023-02-28 15:20:00,183.93591857061745,184.20705357225063,184.04149573925162,184.14667340604285,772000
2023-02-28 15:25:00,184.14667340604285,184.15605513454628,184.1146781656041,184.10514956310487,492000
2023-02-28 15:30:00,184.10514956310487,184.34887920261627,184.10882496666667,184.2881188096973,729000
2023-02-28 15:35:00,184.2881188096973,184.3679937298139,184.1735210843886,184.27110263939258,815000
2023-02-28 15:40:00,184.27110263939258,184.31692030723664,184.23617009342743,184.28013880855224,1926000
2023-02-28 15:45:00,184.28013880855224,184.24938141206013,184.06599912777654,184.2393159937588,530000
2023-02-28 15:50:00,184.2393159937588,184.30164384775645,184.0832319332209,184.19363334999758,641000
2023-02-28 15:55:00,184.19363334999758,184.36036622281622,184.19294230631263,184.24159059150162,1251000
2023-02-28 16:00:00,184.24159059150162,184.28675875620317,184.14131214110873,184.20394744448586,1610000
2023-03-01 09:30:00,184.20394744448586,184.2834605888488,184.20325566666668,184.2522968652576,1088000
2023-03-01 09:35:00,184.2522968652576,184.38856005886177,184.24022868169774,184.36468436666667,733000
2023-03-01 09:40:00,184.36468436666667,184.4359406802893,184.3241226090751,184.40168703163374,1334000
2023-03-01 09:45:00,184.40168703163374,184.49166002156042,184.41356866666666,184.4522011348097,1991000
2023-03-01 09:50:00,184.4522011348097,184.56333392310242,184.3209645819878,184.46893881371236,1839000
2023-03-01 09:55:00,184.46893881371236,184.56914171586848,184.4686989060685,184.48828119798492,992000
2023-03-01 10:00:00,184.48828119798492,184.64796387828508,184.55052179418814,184.62802881485626,1695000
2023-03-01 10:05:00,184.62802881485626,184.53045295945896,184.48705531464014,184.48010305406513,549000
2023-03-01 10:10:00,184.48010305406513,184.4840128950351,184.3787011005665,184.4485410932124,1507000
2023-03-01 10:15:00,184.4485410932124,184.5637107081294,184.46322456666667,184.5472009,785000
2023-03-01 10:20:00,184.5472009,184.6841714351889,184.6202292888239,184.62967234031984,528000
2023-03-01 10:25:00,184.62967234031984,184.60134725966387,184.4389358333252,184.55266797939714,1366000
2023-03-01 10:30:00,184.55266797939714,184.71094062650016,184.5867670182116,184.73251058486906,1141000
2023-03-01 10:35:00,184.73251058486906,184.53021537272437,184.4513934568769,184.48884050697293,1998000
2023-03-01 10:40:00,184.48884050697293,184.61722663374684,184.4884339596318,184.51195615364304,1023000
2023-03-01 10:45:00,184.51195615364304,184.6346502223392,184.45025320251582,184.5666194015762,1228000
2023-03-01 10:50:00,184.5666194015762,184.5372322791832,184.462399895436,184.5036450111551,1006000
2023-03-01 10:55:00,184.5036450111551,184.47889669742378,184.36164031995753,184.44169702348844,1752000
2023-03-01 11:00:00,184.44169702348844,184.4161297646814,184.31392648975776,184.39064180628796,1540000
2023-03-01 11:05:00,184.39064180628796,184.50785830090234,184.28266163243245,184.4028465727565,169000
2023-03-01 11:10:00,184.4028465727565,184.5743160888687,184.4495658025286,184.52265841006542,1645000
2023-03-01 11:15:00,184.52265841006542,184.65348724916612,184.5217913908823,184.62376459236583,1422000
2023-03-01 11:20:00,184.62376459236583,184.84629751860558,184.70023956666668,184.70743674093572,990000
2023-03-01 11:25:00,184.70743674093572,184.80365670319185,184.66059400122356,184.68888695075117,693000
2023-03-01 11:30:00,184.68888695075117,184.80866180903465,184.64827542427287,184.70632311299934,709000
2023-03-01 11:35:00,184.70632311299934,184.70830203333335,184.60460498070748,184.62817924676003,1783000
2023-03-01 11:40:00,184.62817924676003,184.74299372264593,184.52003191370596,184.60768710905558,450000
2023-03-01 11:45:00,184.60768710905558,184.59984082935958,184.5488728213161,184.59455435826612,1012000
2023-03-01 11:50:00,184.59455435826612,184.65360188259078,184.5605034234728,184.6428505969649,446000
2023-03-01 11:55:00,184.6428505969649,184.6585519843099,184.44331973333334,184.58973545632236,1536000
2023-03-01 12:00:00,184.58973545632236,184.55432931751264,184.3789414103282,184.48328394304488,694000
2023-03-01 12:05:00,184.48328394304488,184.5787620946702,184.4113216635059,184.56317526504492,1590000
2023-03-01 12:10:00,184.56317526504492,184.62424300093915,184.40765508689353,184.5485491825601,1444000
2023-03-01 12:15:00,184.5485491825601,184.55915168149198,184.40672760649375,184.51115157904707,721000
2023-03-01 12:20:00,184.51115157904707,184.49587311289778,184.39991185178923,184.41661059716867,1146000
2023-03-01 12:25:00,184.41661059716867,184.47133988104284,184.24128375713923,184.41364730335343,482000
2023-03-01 12:30:00,184.41364730335343,184.46261931439298,184.4121437818603,184.44740180329873,1721000
2023-03-01 12:35:00,184.44740180329873,184.54699841640343,184.4055294850642,184.5099865667181,356000
2023-03-01 12:40:00,184.5099865667181,184.54338243333333,184.3178042136212,184.38353327821713,938000
2023-03-01 12:45:00,184.38353327821713,184.4250302798013,184.32950222729428,184.27326013333334,173000
2023-03-01 12:50:00,184.27326013333334,184.31041292342573,184.1535766975576,184.2971112791065,144000
2023-03-01 12:55:00,184.2971112791065,184.29625122158032,184.22099883333334,184.2683051895806,565000
2023-03-01 13:00:00,184.2683051895806,184.282066202678,184.22739876827112,184.28154974750242,1182000
2023-03-01 13:05:00,184.28154974750242,184.30586903467596,184.06780881298974,184.18992444915764,205000
2023-03-01 13:10:00,184.18992444915764,184.38173433756216,184.33275608901153,184.39936083333333,1394000
2023-03-01 13:15:00,184.39936083333333,184.4387402936378,184.35880501965207,184.39454867783897,1651000
2023-03-01 13:20:00,184.39454867783897,184.45328983283397,184.38736086258038,184.45381860938372,1714000
2023-03-01 13:25:00,184.45381860938372,184.54206113218405,184.39828616666668,184.41152787575976,509000
2023-03-01 13:30:00,184.41152787575976,184.4333047338008,184.2463992133949,184.33297443333333,1281000
2023-03-01 13:35:00,184.33297443333333,184.30217451325282,184.17357630938196,184.2229177359581,1950000
2023-03-01 13:40:00,184.2229177359581,184.38330868261093,184.25920548901829,184.3241078489148,1305000
2023-03-01 13:45:00,184.3241078489148,184.5330975757047,184.38844781912388,184.4534280934137,1872000
2023-03-01 13:50:00,184.4534280934137,184.40246616666667,184.18731326666665,184.2645070021193,348000
2023-03-01 13:55:00,184.2645070021193,184.41651706972837,184.23368977816827,184.26173727033523,573000
2023-03-01 14:00:00,184.26173727033523,184.54643105783674,184.38001391651943,184.4603187918809,176000
2023-03-01 14:05:00,184.4603187918809,184.44548455279065,184.38752096424275,184.36493450429708,405000
2023-03-01 14:10:00,184.36493450429708,184.60625506556252,184.43885222074067,184.5719831138874,731000
2023-03-01 14:15:00,184.5719831138874,184.67412142509093,184.53019929226383,184.59533864232068,882000
2023-03-01 14:20:00,184.59533864232068,184.69046774793958,184.56940219999998,184.6807352860898,1887000
2023-03-01 14:25:00,184.6807352860898,184.72359899082772,184.59427902291787,184.65860136077202,182000
2023-03-01 14:30:00,184.65860136077202,184.72771475804134,184.52328641533987,184.62269759999998,1274000
2023-03-01 14:35:00,184.62269759999998,184.62848363333333,184.57296942076562,184.60630406666667,759000
2023-03-01 14:40:00,184.60630406666667,184.6929192641974,184.54780023522434,184.6013480283202,656000
2023-03-01 14:45:00,184.6013480283202,184.78492236666668,184.58869915939195,184.6242533677967,968000
2023-03-01 14:50:00,184.6242533677967,184.67372023333334,184.49129298482373,184.6205721613664,357000
2023-03-01 14:55:00,184.6205721613664,184.5553468771902,184.40312025672793,184.44254165937963,1121000
2023-03-01 15:00:00,184.44254165937963,184.50077110279057,184.40573739978706,184.3910034484179,1561000
2023-03-01 15:05:00,184.3910034484179,184.39788870156917,184.32751743512603,184.36679435436477,430000
2023-03-01 15:10:00,184.36679435436477,184.37186286666665,184.17208570480742,184.24968966666665,394000
2023-03-01 15:15:00,184.24968966666665,184.37195016650264,184.14588747936506,184.23170970991853,189000
2023-03-01 15:20:00,184.23170970991853,184.34641708469113,184.20454007023838,184.35282618498513,946000
2023-03-01 15:25:00,184.35282618498513,184.32512010618063,184.10012368681632,184.2245957826224,1168000
2023-03-01 15:30:00,184.2245957826224,184.27635364516058,184.1145142667813,184.11939302394174,1471000
2023-03-01 15:35:00,184.11939302394174,184.31116848092793,184.1240658506903,184.16194903408146,421000
2023-03-01 15:40:00,184.16194903408146,184.24468156676195,184.0460765603313,184.1886506062993,1918000
2023-03-01 15:45:00,184.1886506062993,184.14732478430568,183.95725640639654,184.08094544192807,1390000
2023-03-01 15:50:00,184.08094544192807,184.1904781758826,184.0783377,184.12815993730274,1279000
2023-03-01 15:55:00,184.12815993730274,184.15654190853408,184.0682045437121,184.10677964419995,1975000
2023-03-01 16:00:00,184.10677964419995,184.20104693534145,184.0980820811745,184.1745073333333,1318000
2023-03-02 09:30:00,184.1745073333333,184.1855767745962,184.01885363760735,184.07434888138138,1492000
2023-03-02 09:35:00,184.07434888138138,184.18751386573265,184.05796385345508,184.14028707195754,1900000
2023-03-02 09:40:00,184.14028707195754,184.24134355990176,184.11456919696374,184.22170621720664,1254000
2023-03-02 09:45:00,184.22170621720664,184.31327466939092,184.13922114748428,184.19065565600525,1780000
2023-03-02 09:50:00,184.19065565600525,184.1116601245954,183.96194493841415,184.0860620703728,956000
2023-03-02 09:55:00,184.0860620703728,184.13175511632113,183.9953437046099,184.1670610930476,1833000
2023-03-02 10:00:00,184.1670610930476,184.12917844289262,184.0198021990904,184.11985134140562,113000
2023-03-02 10:05:00,184.11985134140562,184.21309477180372,184.1412591573549,184.2012222,1676000
2023-03-02 10:10:00,184.2012222,184.10689218638163,183.97830171729595,184.10497680166853,262000
2023-03-02 10:15:00,184.10497680166853,184.1764213887508,183.96510596069373,184.0438871224406,394000
2023-03-02 10:20:00,184.0438871224406,184.0719025509461,183.8599143029513,183.94875968714297,1850000
2023-03-02 10:25:00,183.94875968714297,184.03926105998946,183.92130445790508,184.02502781017577,602000
2023-03-02 10:30:00,184.02502781017577,184.2270949279916,184.02657176666668,184.14595453894395,383000
2023-03-02 10:35:00,184.14595453894395,184.17115376701028,183.98696191849174,184.1270972552526,790000
2023-03-02 10:40:00,184.1270972552526,184.15719700798172,183.94283746666667,184.07271129925172,1446000
2023-03-02 10:45:00,184.07271129925172,184.12635973333332,183.95204460626627,183.99844803333332,800000
2023-03-02 10:50:00,183.99844803333332,183.97008047347802,183.90073222100457,183.9854996,527000
2023-03-02 10:55:00,183.9854996,184.07303652657149,183.87976795474253,184.02301369034538,1341000
2023-03-02 11:00:00,184.02301369034538,184.01999035802928,183.87435965947526,183.95645111112162,994000
2023-03-02 11:05:00,183.95645111112162,184.04987606666666,183.99343163864404,184.03377419535562,1690000
2023-03-02 11:10:00,184.03377419535562,184.14856687849115,183.90838688770074,183.96725640746368,1863000
2023-03-02 11:15:00,183.96725640746368,184.1932232790049,183.9845985,184.05912962966138,491000
2023-03-02 11:20:00,184.05912962966138,184.14848064503363,183.9417757024159,184.05519179396478,1550000
2023-03-02 11:25:00,184.05519179396478,184.2702372707854,184.0842807817909,184.16159490648988,597000
2023-03-02 11:30:00,184.16159490648988,184.40142459070947,184.20925205930112,184.30503531239464,144000
2023-03-02 11:35:00,184.30503531239464,184.21017451246158,184.0502493830824,184.18762143333333,394000
2023-03-02 11:40:00,184.18762143333333,184.2107944027088,184.06105888097454,184.1448770441056,210000
2023-03-02 11:45:00,184.1448770441056,184.1846616952712,184.05483512136007,184.1558619378444,757000
2023-03-02 11:50:00,184.1558619378444,184.16762654825814,183.9820748542305,184.12411659476703,1406000
2023-03-02 11:55:00,184.12411659476703,184.24186044549788,184.08957093867548,184.08020046666667,1269000
2023-03-02 12:00:00,184.08020046666667,184.34114585278323,184.13241171861785,184.21482478943287,1806000
2023-03-02 12:05:00,184.21482478943287,184.11198476666667,183.96421006201493,184.08161233305646,1361000
2023-03-02 12:10:00,184.08161233305646,183.97114319243732,183.83974956450726,183.93721944191682,1948000
2023-03-02 12:15:00,183.93721944191682,184.16599418339413,184.00713899223555,184.03467531138986,1500000
2023-03-02 12:20:00,184.03467531138986,184.0584058042224,183.97014830599997,184.0238278733019,949000
2023-03-02 12:25:00,184.0238278733019,184.07176566049077,183.92232102380044,184.0516845730216,1791000
2023-03-02 12:30:00,184.0516845730216,183.96605289756639,183.89040125257674,183.9836946059828,1814000
2023-03-02 12:35:00,183.9836946059828,184.0809103367492,183.82855760474317,183.95554615542514,1853000
2023-03-02 12:40:00,183.95554615542514,184.13873395973775,184.03541087384505,184.0806812282028,462000
2023-03-02 12:45:00,184.0806812282028,184.1400206046861,184.04973966546765,184.15159289673946,567000
2023-03-02 12:50:00,184.15159289673946,184.17947307100673,184.10760244740624,184.14818361393543,1422000
2023-03-02 12:55:00,184.14818361393543,184.06556821131707,183.9405293118586,183.97968536666667,953000
2023-03-02 13:00:00,183.97968536666667,184.08709085656724,183.93528436279718,184.10559345176787,550000
2023-03-02 13:05:00,184.10559345176787,184.09340407782273,184.0243236944313,184.09069053333332,628000
2023-03-02 13:10:00,184.09069053333332,184.1437739466409,183.9198123090959,183.97815320707247,298000
2023-03-02 13:15:00,183.97815320707247,184.15833212804907,183.97926283333334,184.09541780409802,1237000
2023-03-02 13:20:00,184.09541780409802,184.052411533991,183.95725737136272,183.99648057327457,108000
2023-03-02 13:25:00,183.99648057327457,184.07227570764047,183.98377879546686,184.06146694358372,161000
2023-03-02 13:30:00,184.06146694358372,184.28005072447428,184.1338453238374,184.16307144223128,1883000
2023-03-02 13:35:00,184.16307144223128,184.1875445,184.10571386666666,184.15226746666667,1883000
2023-03-02 13:40:00,184.15226746666667,184.1718877186392,184.0703613322932,184.12402576666668,975000
2023-03-02 13:45:00,184.12402576666668,184.11424431232987,184.0631565,184.1177832610246,1622000
2023-03-02 13:50:00,184.1177832610246,184.1784639599001,184.00393870235547,184.13946120929575,1773000
2023-03-02 13:55:00,184.13946120929575,184.1932757139399,184.05028696666668,184.10131789341918,599000
2023-03-02 14:00:00,184.10131789341918,184.40364476543627,184.17565218662764,184.27989087784144,645000
2023-03-02 14:05:00,184.27989087784144,184.2035362681472,184.10522319336238,184.2118155929474,1661000
2023-03-02 14:10:00,184.2118155929474,184.18897806666666,184.0498967683308,184.13077417819846,741000
2023-03-02 14:15:00,184.13077417819846,184.2651240437652,184.1092871870961,184.18658924909383,179000
2023-03-02 14:20:00,184.18658924909383,184.2979493618036,184.0723383622418,184.22332400344305,1699000
2023-03-02 14:25:00,184.22332400344305,184.27676486666667,184.06834780406976,184.14093028888286,333000
2023-03-02 14:30:00,184.14093028888286,184.28725222849758,184.20261316666665,184.32686972668913,1254000
2023-03-02 14:35:00,184.32686972668913,184.38165690662788,184.27805647314503,184.29602856010095,328000
2023-03-02 14:40:00,184.29602856010095,184.47272615951996,184.28739763573287,184.41662589290902,1781000
2023-03-02 14:45:00,184.41662589290902,184.3542791948379,184.31016009142812,184.32570432801606,718000
2023-03-02 14:50:00,184.32570432801606,184.41496575981526,184.26304343495593,184.2580219333333,1992000
2023-03-02 14:55:00,184.2580219333333,184.45936956666668,184.24544311807782,184.3876794183254,1675000
2023-03-02 15:00:00,184.3876794183254,184.30406851602078,184.22155008058755,184.20357858970218,1785000
2023-03-02 15:05:00,184.20357858970218,184.37714781428653,184.2657182580704,184.3142544449345,1442000
2023-03-02 15:10:00,184.3142544449345,184.40961056067968,184.2546476804442,184.29458305642353,554000
2023-03-02 15:15:00,184.29458305642353,184.49155571049855,184.31155000516637,184.41713336666666,326000
2023-03-02 15:20:00,184.41713336666666,184.42269718155856,184.31068776744397,184.35413505466582,1209000
2023-03-02 15:25:00,184.35413505466582,184.57376902023162,184.4580727673162,184.53163559839373,1715000
2023-03-02 15:30:00,184.53163559839373,184.62979001202572,184.52371829101864,184.56116652416281,1567000
2023-03-02 15:35:00,184.56116652416281,184.6729608148481,184.54079326666667,184.5839457904544,1155000
2023-03-02 15:40:00,184.5839457904544,184.6589847852789,184.44220170441352,184.48015617211604,1056000
2023-03-02 15:45:00,184.48015617211604,184.6131413962826,184.50963834887563,184.62337507111138,1447000
2023-03-02 15:50:00,184.62337507111138,184.54639651864878,184.43499266131982,184.49078053561362,1848000
2023-03-02 15:55:00,184.49078053561362,184.46402713154106,184.37076044141048,184.45757856906414,946000
2023-03-02 16:00:00,184.45757856906414,184.4081590048122,184.26687791773688,184.360408223264,1570000
2023-03-03 09:30:00,184.360408223264,184.58111356227442,184.4480049034054,184.5183284,1889000
2023-03-03 09:35:00,184.5183284,184.57226892444186,184.37682306308346,184.5067437,126000
2023-03-03 09:40:00,184.5067437,184.52851893333334,184.35342310631765,184.44343966219904,1498000
2023-03-03 09:45:00,184.44343966219904,184.53654432903565,184.3868264873154,184.42704506828255,1765000
2023-03-03 09:50:00,184.42704506828255,184.7108550535845,184.56853435432913,184.62992917158206,267000
2023-03-03 09:55:00,184.62992917158206,184.79433230054056,184.64452441478355,184.62672265963178,548000
2023-03-03 10:00:00,184.62672265963178,184.66445976666668,184.42522396666666,184.5407237454603,1435000
2023-03-03 10:05:00,184.5407237454603,184.58451596666666,184.44028501852657,184.4457170600199,113000
2023-03-03 10:10:00,184.4457170600199,184.5548933442838,184.39669279471588,184.49435625873414,521000
2023-03-03 10:15:00,184.49435625873414,184.54107820635969,184.36093277746252,184.42876499920325,709000
2023-03-03 10:20:00,184.42876499920325,184.51257553237943,184.30336967025812,184.45573806432785,601000
2023-03-03 10:25:00,184.45573806432785,184.40281393333333,184.33061638478225,184.38709526866725,818000
2023-03-03 10:30:00,184.38709526866725,184.43365844916875,184.23035315899557,184.35313148353492,211000
2023-03-03 10:35:00,184.35313148353492,184.38061192840993,184.33572527078928,184.36942240854935,1637000
2023-03-03 10:40:00,184.36942240854935,184.34666691951284,184.17368468750104,184.26822036318268,671000
2023-03-03 10:45:00,184.26822036318268,184.13659479588677,183.96861434293297,184.10362962701382,1145000
2023-03-03 10:50:00,184.10362962701382,184.28748202230656,184.12656794196113,184.16231774349927,765000
2023-03-03 10:55:00,184.16231774349927,184.34333422719945,184.11146403333333,184.2502007,1822000
2023-03-03 11:00:00,184.2502007,184.37798151297093,184.23037151533208,184.2614865810743,1381000
2023-03-03 11:05:00,184.2614865810743,184.3299716672196,184.28881035029983,184.3401898035936,1371000
2023-03-03 11:10:00,184.3401898035936,184.35774217983854,184.17498230314519,184.24773772177312,1739000
2023-03-03 11:15:00,184.24773772177312,184.66678592501688,184.4635671650488,184.53648828210555,436000
2023-03-03 11:20:00,184.53648828210555,184.64216163333333,184.47573314532713,184.5323219055902,710000
2023-03-03 11:25:00,184.5323219055902,184.8264149268968,184.68874783864223,184.80633022423854,786000
2023-03-03 11:30:00,184.80633022423854,185.0267510006216,184.84260015566585,184.94737465549971,1236000
2023-03-03 11:35:00,184.94737465549971,185.08357721628838,184.89592683984395,184.99732066666667,1008000
2023-03-03 11:40:00,184.99732066666667,185.07244562355285,184.85566145337327,184.9020394532753,699000
2023-03-03 11:45:00,184.9020394532753,185.01727733576297,184.86683873263206,184.93013029943313,801000
2023-03-03 11:50:00,184.93013029943313,184.9499154539109,184.8208754451238,184.9046239337052,721000
2023-03-03 11:55:00,184.9046239337052,185.07069186666666,184.93508554004035,184.9553427623405,1381000
2023-03-03 12:00:00,184.9553427623405,185.07720308438314,184.89431306836912,185.03543980548497,294000
2023-03-03 12:05:00,185.03543980548497,185.04084689541352,184.9096978481834,184.94809176666666,1630000
2023-03-03 12:10:00,184.94809176666666,185.1689586561626,185.03562911021749,185.1647059326416,633000
2023-03-03 12:15:00,185.1647059326416,185.13753827417386,185.01621187089847,185.08353078612097,1874000
2023-03-03 12:20:00,185.08353078612097,184.90045387788672,184.78055147512728,184.87497445508896,1829000
2023-03-03 12:25:00,184.87497445508896,184.93745762620617,184.83170776666665,184.87060268058485,758000
2023-03-03 12:30:00,184.87060268058485,184.82126465028784,184.72909182785418,184.78679840208375,1533000
2023-03-03 12:35:00,184.78679840208375,184.83916544288,184.71251544662627,184.79323929103418,774000
2023-03-03 12:40:00,184.79323929103418,184.91595676970582,184.6900452666667,184.7513736720269,1154000
2023-03-03 12:45:00,184.7513736720269,184.88760581007588,184.69519364576576,184.80215056523122,1719000
2023-03-03 12:50:00,184.80215056523122,184.99039638436798,184.88491271738957,184.90006467774046,1045000
2023-03-03 12:55:00,184.90006467774046,184.85388095276772,184.74207271986992,184.8497539999972,292000
2023-03-03 13:00:00,184.8497539999972,184.85799101376992,184.74399279112407,184.81593906520328,1262000
2023-03-03 13:05:00,184.81593906520328,184.90959342267487,184.76140320000002,184.81828841040323,1489000
2023-03-03 13:10:00,184.81828841040323,184.86639535599753,184.78223041743604,184.81887032265817,810000
2023-03-03 13:15:00,184.81887032265817,184.7880776385763,184.53884346607205,184.65923006491593,842000
2023-03-03 13:20:00,184.65923006491593,184.72789400000002,184.6682248752625,184.7233447875056,109000
2023-03-03 13:25:00,184.7233447875056,184.69267463205585,184.55169736666667,184.67574249778184,190000
2023-03-03 13:30:00,184.67574249778184,184.69582055372217,184.58037012909082,184.59889329717166,856000
2023-03-03 13:35:00,184.59889329717166,184.75093519775095,184.60753153654488,184.64677702400692,249000
2023-03-03 13:40:00,184.64677702400692,184.65735269532038,184.5692449,184.63178934605452,1051000
2023-03-03 13:45:00,184.63178934605452,184.82682009380395,184.61893838524662,184.72833436666667,407000
2023-03-03 13:50:00,184.72833436666667,184.75437039582852,184.56661239254422,184.66747425684804,880000
2023-03-03 13:55:00,184.66747425684804,184.92315926350793,184.7734350942321,184.8205111,1663000
2023-03-03 14:00:00,184.8205111,184.82556269869164,184.6257474992098,184.6721440974451,633000
2023-03-03 14:05:00,184.6721440974451,184.75933797346053,184.56399770000002,184.6308294611904,467000
2023-03-03 14:10:00,184.6308294611904,184.68956277685,184.5538533203709,184.56228904942898,257000
2023-03-03 14:15:00,184.56228904942898,184.7409356391299,184.57914873381736,184.58095965106213,115000
2023-03-03 14:20:00,184.58095965106213,184.66936480355247,184.51748969253762,184.62586838868177,433000
2023-03-03 14:25:00,184.62586838868177,184.70028496902594,184.52693793774907,184.61254427717483,104000
2023-03-03 14:30:00,184.61254427717483,184.6797254,184.55813519999998,184.65661822418872,1986000
2023-03-03 14:35:00,184.65661822418872,184.83123539890045,184.7412460702508,184.7608153731516,706000
2023-03-03 14:40:00,184.7608153731516,184.89371072764627,184.75077224731228,184.73582800458823,748000
2023-03-03 14:45:00,184.73582800458823,184.97571309395215,184.83217784426387,184.88674643118918,750000
2023-03-03 14:50:00,184.88674643118918,184.8384728501058,184.6860236998644,184.7439108801256,340000
2023-03-03 14:55:00,184.7439108801256,184.63032579999998,184.5558608037434,184.52041823333332,1016000
2023-03-03 15:00:00,184.52041823333332,184.6100575,184.5163418581865,184.5870277309829,1132000
2023-03-03 15:05:00,184.5870277309829,184.70495304542956,184.60446570000002,184.67003646694107,1172000
2023-03-03 15:10:00,184.67003646694107,184.6399041636637,184.4490374385814,184.62386682751412,873000
2023-03-03 15:15:00,184.62386682751412,184.708902,184.46549939035503,184.58481391825842,1261000
2023-03-03 15:20:00,184.58481391825842,184.71443716320013,184.63264342690147,184.68874074399275,1106000
2023-03-03 15:25:00,184.68874074399275,184.74645716666666,184.7136363985196,184.74356838591694,1170000
2023-03-03 15:30:00,184.74356838591694,184.8332315926536,184.63753167578628,184.6879794333333,1842000
2023-03-03 15:35:00,184.6879794333333,184.82007430328795,184.62663977011815,184.6905817367485,448000
2023-03-03 15:40:00,184.6905817367485,184.8283202382112,184.70453643288363,184.75048934529428,1524000
2023-03-03 15:45:00,184.75048934529428,184.7558198260836,184.6408955317594,184.67088223106305,118000
2023-03-03 15:50:00,184.67088223106305,184.75350728814303,184.57911260905308,184.60813277274545,1075000
2023-03-03 15:55:00,184.60813277274545,184.76640853694386,184.60442693333334,184.72815884072182,1730000
2023-03-03 16:00:00,184.72815884072182,184.6667681467866,184.5471826124046,184.57219508188817,1906000
2023-03-06 09:30:00,184.57219508188817,184.51327822676288,184.38568906666666,184.48673363333333,428000
2023-03-06 09:35:00,184.48673363333333,184.44620275686327,184.31152506541414,184.39908927404005,1190000
2023-03-06 09:40:00,184.39908927404005,184.5150065189267,184.37899180247615,184.42794682498095,877000
2023-03-06 09:45:00,184.42794682498095,184.43180236666666,184.28108867997878,184.38988899724885,1177000
2023-03-06 09:50:00,184.38988899724885,184.51092416825452,184.37168901466944,184.46553723333332,493000
2023-03-06 09:55:00,184.46553723333332,184.54769328038114,184.39942938178078,184.43934197724522,805000
2023-03-06 10:00:00,184.43934197724522,184.62762439547126,184.44886435018486,184.56801499760817,1828000
2023-03-06 10:05:00,184.56801499760817,184.60886683333334,184.55513368537913,184.5468622612321,1248000
2023-03-06 10:10:00,184.5468622612321,184.78197356934794,184.60990703903892,184.6055140716913,631000
2023-03-06 10:15:00,184.6055140716913,184.7738683088363,184.68060822661172,184.6884868898583,1683000
2023-03-06 10:20:00,184.6884868898583,184.80353746454938,184.62427790077786,184.6487814117364,910000
2023-03-06 10:25:00,184.6487814117364,184.70168821153212,184.5974786273153,184.65012211692616,1030000
2023-03-06 10:30:00,184.65012211692616,184.73944315904097,184.60638336666668,184.70476177836161,561000
2023-03-06 10:35:00,184.70476177836161,184.71389470024738,184.57514105477483,184.6308257159595,1171000
2023-03-06 10:40:00,184.6308257159595,184.81328059452778,184.65354153830282,184.7505570558071,1741000
2023-03-06 10:45:00,184.7505570558071,184.93955621235855,184.8328929788881,184.87316881718513,690000
2023-03-06 10:50:00,184.87316881718513,185.04603630823232,184.8821630212401,184.90967701666239,847000
2023-03-06 10:55:00,184.90967701666239,185.05184713333335,184.94714860132086,184.99467139036506,978000
2023-03-06 11:00:00,184.99467139036506,185.1709421152389,184.95245406785244,185.03335358497299,1567000
2023-03-06 11:05:00,185.03335358497299,184.87684129793053,184.80568538020893,184.85714103333333,564000
2023-03-06 11:10:00,184.85714103333333,184.9220363043152,184.74590597362072,184.83650021202416,1560000
2023-03-06 11:15:00,184.83650021202416,185.01266466608985,184.8113515738484,184.89157830351854,109000
2023-03-06 11:20:00,184.89157830351854,184.94578403799704,184.74839333447173,184.83519650022947,355000
2023-03-06 11:25:00,184.83519650022947,184.76576381013936,184.56884563333332,184.6757326095628,439000
2023-03-06 11:30:00,184.6757326095628,184.8030832822361,184.58928693928846,184.74925376281737,1031000
2023-03-06 11:35:00,184.74925376281737,184.97931958126057,184.82261224318037,184.8177029667419,1235000
2023-03-06 11:40:00,184.8177029667419,184.84743796850776,184.8066667706716,184.79793516256814,1088000
2023-03-06 11:45:00,184.79793516256814,184.82046337754664,184.7557889503988,184.73595731346614,1792000
2023-03-06 11:50:00,184.73595731346614,185.07627189952908,184.90621938042443,185.04349446666666,1749000
2023-03-06 11:55:00,185.04349446666666,185.08644610000002,185.02865847436527,185.0661779764625,1030000
2023-03-06 12:00:00,185.0661779764625,184.9892645,184.94990319463298,184.9629816786887,1836000
2023-03-06 12:05:00,184.9629816786887,184.9799435967972,184.84913421501773,184.92557968750688,1782000
2023-03-06 12:10:00,184.92557968750688,185.2152376307196,184.9656486974614,185.0141172334568,255000
2023-03-06 12:15:00,185.0141172334568,185.12818609179712,184.9184483999873,185.0339508256862,998000
2023-03-06 12:20:00,185.0339508256862,185.028333212031,184.9274529696845,185.02588927301258,1095000
2023-03-06 12:25:00,185.02588927301258,185.11997901851694,184.99288321332648,185.0415715733389,362000
2023-03-06 12:30:00,185.0415715733389,185.1217294308022,184.97384673380984,185.02827847056815,549000
2023-03-06 12:35:00,185.02827847056815,185.17861174012307,185.00510373318485,185.10416287274518,665000
2023-03-06 12:40:00,185.10416287274518,185.20764578118894,185.04723536893547,185.1092432013856,434000
2023-03-06 12:45:00,185.1092432013856,185.15151336805204,185.03602276666666,185.0591011250076,749000
2023-03-06 12:50:00,185.0591011250076,185.27315289967774,185.06982729500197,185.20573365495542,225000
2023-03-06 12:55:00,185.20573365495542,185.15306683333336,185.04776232121856,185.06852414406623,558000
2023-03-06 13:00:00,185.06852414406623,185.12525210342582,185.04730403467363,185.07859262986787,480000
2023-03-06 13:05:00,185.07859262986787,185.1117944860063,185.0346712779067,185.08033564659172,1081000
2023-03-06 13:10:00,185.08033564659172,185.2911424223543,185.0635443216062,185.15209149434838,133000
2023-03-06 13:15:00,185.15209149434838,185.22401711689128,185.13974496006318,185.1667824505921,1439000
2023-03-06 13:20:00,185.1667824505921,185.46792837936755,185.26093057673637,185.36839346666665,1370000
2023-03-06 13:25:00,185.36839346666665,185.3674529366994,185.23526471145513,185.33579657647115,1184000
2023-03-06 13:30:00,185.33579657647115,185.33892545514738,185.24169551156527,185.30149489343103,190000
2023-03-06 13:35:00,185.30149489343103,185.4708341742448,185.30966380039294,185.40198449323756,1472000
2023-03-06 13:40:00,185.40198449323756,185.36245893195888,185.30234433892443,185.32315348906448,711000
2023-03-06 13:45:00,185.32315348906448,185.58681569267918,185.36644114451096,185.4613032569578,1781000
2023-03-06 13:50:00,185.4613032569578,185.5694694660233,185.42868350729802,185.4836389392285,1961000
2023-03-06 13:55:00,185.4836389392285,185.60860902063908,185.4251245901318,185.47897686666664,714000
2023-03-06 14:00:00,185.47897686666664,185.56072063877508,185.48887820993488,185.5521767888874,1865000
2023-03-06 14:05:00,185.5521767888874,185.57539233857128,185.51610538354822,185.54922798091977,1062000
2023-03-06 14:10:00,185.54922798091977,185.5355033421259,185.44724644735425,185.4937079444996,1775000
2023-03-06 14:15:00,185.4937079444996,185.59706048719642,185.46791035285557,185.54501993333332,1849000
2023-03-06 14:20:00,185.54501993333332,185.41891663878695,185.28950471500573,185.3411588358312,924000
2023-03-06 14:25:00,185.3411588358312,185.2827127504075,185.13199870356473,185.24184287156172,496000
2023-03-06 14:30:00,185.24184287156172,185.29207672972038,185.1078527,185.20690770628454,1888000
2023-03-06 14:35:00,185.20690770628454,185.4610808777044,185.2118278357731,185.2681288757814,1459000
2023-03-06 14:40:00,185.2681288757814,185.58802029957607,185.43574896666667,185.44692757554142,1910000
2023-03-06 14:45:00,185.44692757554142,185.58357027689502,185.52559526402968,185.56589507282382,1003000
2023-03-06 14:50:00,185.56589507282382,185.5161875078694,185.31689642571916,185.3953604547533,950000
2023-03-06 14:55:00,185.3953604547533,185.54817457939848,185.36302010441506,185.47948586530327,1550000
2023-03-06 15:00:00,185.47948586530327,185.4144095044431,185.32018417381352,185.38653831693918,1743000
2023-03-06 15:05:00,185.38653831693918,185.41150359170493,185.27602367935222,185.4025309442622,1438000
2023-03-06 15:10:00,185.4025309442622,185.56978154855204,185.41661738799988,185.43607428700514,770000
2023-03-06 15:15:00,185.43607428700514,185.5822995305742,185.39062136227514,185.5046283538758,1929000
2023-03-06 15:20:00,185.5046283538758,185.69162442282206,185.55703962676156,185.6496588056653,1025000
2023-03-06 15:25:00,185.6496588056653,185.61544940548643,185.42338264466136,185.49218285916905,1869000
2023-03-06 15:30:00,185.49218285916905,185.56125728598948,185.39952689342292,185.42957400139588,1985000
2023-03-06 15:35:00,185.42957400139588,185.61987023911686,185.53575994583792,185.55946127953615,898000
2023-03-06 15:40:00,185.55946127953615,185.79154273712055,185.66924875641027,185.6859634223565,319000
2023-03-06 15:45:00,185.6859634223565,185.72815416666666,185.6042517,185.67207051077202,161000
2023-03-06 15:50:00,185.67207051077202,185.75060856666667,185.565542,185.7003449443214,418000
2023-03-06 15:55:00,185.7003449443214,185.80350935616553,185.69698491974032,185.7768712333333,1376000
2023-03-06 16:00:00,185.7768712333333,185.95147711155053,185.80106587365177,185.8168496673716,327000
2023-03-07 09:30:00,185.8168496673716,186.01356300277988,185.82656848434553,185.91615786666668,1279000
2023-03-07 09:35:00,185.91615786666668,185.90891210936476,185.7430983666667,185.80867824668672,1377000
2023-03-07 09:40:00,185.80867824668672,186.02988157013388,185.79092774154068,185.92152400922242,639000
2023-03-07 09:45:00,185.92152400922242,185.9470548213283,185.87275321040727,185.8867839630475,1500000
2023-03-07 09:50:00,185.8867839630475,185.87952080080439,185.7590690853091,185.7932714592536,1663000
2023-03-07 09:55:00,185.7932714592536,185.74172481668148,185.64103396773356,185.7206888,841000
2023-03-07 10:00:00,185.7206888,185.74809829006236,185.63036100826406,185.66144637548226,1553000
2023-03-07 10:05:00,185.66144637548226,185.90827722576395,185.78138696666667,185.80104735669903,1093000
2023-03-07 10:10:00,185.80104735669903,185.76410940436912,185.6371805034972,185.75866399413908,1236000
2023-03-07 10:15:00,185.75866399413908,185.8127812,185.7566555035502,185.79517176666667,225000
2023-03-07 10:20:00,185.79517176666667,185.6613601818904,185.54580496666668,185.5968599720271,1128000
2023-03-07 10:25:00,185.5968599720271,185.80834843507643,185.61956226812947,185.65738213097114,485000
2023-03-07 10:30:00,185.65738213097114,185.64696855505753,185.49856820458288,185.59058828577156,1423000
2023-03-07 10:35:00,185.59058828577156,185.72470892228347,185.63716537144762,185.67076956666668,360000
2023-03-07 10:40:00,185.67076956666668,185.72602027535441,185.57302543371796,185.70688049184463,1558000
2023-03-07 10:45:00,185.70688049184463,185.76418943895948,185.67323056128848,185.7413778291319,936000
2023-03-07 10:50:00,185.7413778291319,185.8655053023776,185.6715419578322,185.79196384283856,754000
2023-03-07 10:55:00,185.79196384283856,186.0253493201741,185.8229514063105,185.90685413333333,1048000
2023-03-07 11:00:00,185.90685413333333,186.08308612779626,185.87895804075345,185.96500424362785,1592000
2023-03-07 11:05:00,185.96500424362785,186.22090744690652,186.00653256666666,186.17481720019552,1926000
2023-03-07 11:10:00,186.17481720019552,186.28344535919862,186.08898083333332,186.20227632054613,243000
2023-03-07 11:15:00,186.20227632054613,186.3004631,186.1650141442421,186.19010451057088,961000
2023-03-07 11:20:00,186.19010451057088,186.34373167986894,186.2299208955934,186.3092660977703,1712000
2023-03-07 11:25:00,186.3092660977703,186.33737308180426,186.23940304807854,186.3042820918098,959000
2023-03-07 11:30:00,186.3042820918098,186.38089123788885,186.28300726986492,186.3704653909729,1308000
2023-03-07 11:35:00,186.3704653909729,186.4984614509761,186.2595824215462,186.34779812879862,508000
2023-03-07 11:40:00,186.34779812879862,186.4742003967219,186.33816506666665,186.3842676979289,335000
2023-03-07 11:45:00,186.3842676979289,186.67648281220573,186.4962172009792,186.6028620412579,496000
2023-03-07 11:50:00,186.6028620412579,186.80189037956583,186.64781534424262,186.77268490519344,1099000
2023-03-07 11:55:00,186.77268490519344,186.91116766370453,186.6862970810825,186.76210327570945,102000
2023-03-07 12:00:00,186.76210327570945,186.9799809631375,186.78183295964038,186.91734791178584,1644000
2023-03-07 12:05:00,186.91734791178584,187.11260477731963,186.93281168319353,186.99926180372253,207000
2023-03-07 12:10:00,186.99926180372253,187.11892525532545,187.0087642443818,187.04028399383748,1987000
2023-03-07 12:15:00,187.04028399383748,187.1601743299394,187.01246298311344,187.1256584405924,681000
2023-03-07 12:20:00,187.1256584405924,187.2389091134664,187.10924375898554,187.1604224146515,183000
2023-03-07 12:25:00,187.1604224146515,187.35499087761553,187.164612473915,187.2417624655135,1464000
2023-03-07 12:30:00,187.2417624655135,187.27764662715484,187.12469784820215,187.1800549362579,980000
2023-03-07 12:35:00,187.1800549362579,187.2810515703052,187.1353701,187.17630738001253,538000
2023-03-07 12:40:00,187.17630738001253,187.2032856254771,187.0483808048961,187.07191379064912,251000
2023-03-07 12:45:00,187.07191379064912,187.1698998191005,187.02431211853107,187.09185100856678,171000
2023-03-07 12:50:00,187.09185100856678,187.28921666795574,187.04825876431704,187.1456179425275,961000
2023-03-07 12:55:00,187.1456179425275,187.30322311613372,187.12958219177156,187.21507029383147,305000
2023-03-07 13:00:00,187.21507029383147,187.27043616666666,187.10371256614997,187.1483038684956,140000
2023-03-07 13:05:00,187.1483038684956,187.36181734338476,187.22108127953126,187.26009738685525,1141000
2023-03-07 13:10:00,187.26009738685525,187.34713143333332,187.2055676,187.26839264110896,1603000
2023-03-07 13:15:00,187.26839264110896,187.50181963779505,187.38342396666667,187.4986646514845,1800000
2023-03-07 13:20:00,187.4986646514845,187.61901392107146,187.4645752044207,187.51233156666666,1429000
2023-03-07 13:25:00,187.51233156666666,187.5070808869042,187.42248012749388,187.47974033548567,822000
2023-03-07 13:30:00,187.47974033548567,187.47336266666667,187.33099646666668,187.35243431015618,563000
2023-03-07 13:35:00,187.35243431015618,187.50820010152353,187.33144145624928,187.38540759999998,602000
2023-03-07 13:40:00,187.38540759999998,187.43363668912653,187.27379813713972,187.37465415420715,1993000
2023-03-07 13:45:00,187.37465415420715,187.3288763959158,187.16462058773322,187.24729750733908,298000
2023-03-07 13:50:00,187.24729750733908,187.2225826655824,187.1683905974341,187.16425927854618,1572000
2023-03-07 13:55:00,187.16425927854618,187.17718742028208,187.05222781700482,187.13052180000003,1177000
2023-03-07 14:00:00,187.13052180000003,187.31672602824509,187.18565739817691,187.30559034570038,1083000
2023-03-07 14:05:00,187.30559034570038,187.3078617230784,187.12810325070512,187.14238450985653,570000
2023-03-07 14:10:00,187.14238450985653,187.2823532413171,187.0779786360279,187.12703294012812,207000
2023-03-07 14:15:00,187.12703294012812,187.0982927824827,187.02568191457948,187.04042752885053,438000
2023-03-07 14:20:00,187.04042752885053,187.02364767316007,186.78836753760262,186.90151596666666,1923000
2023-03-07 14:25:00,186.90151596666666,186.95693076666666,186.8642604451105,186.88934350926675,722000
2023-03-07 14:30:00,186.88934350926675,186.9631681712172,186.78199326142618,186.9491091690485,1822000
2023-03-07 14:35:00,186.9491091690485,186.9285899060748,186.72862128324894,186.8565620790813,1533000
2023-03-07 14:40:00,186.8565620790813,186.75974077181382,186.63843608789986,186.69496954729055,1610000
2023-03-07 14:45:00,186.69496954729055,186.59345725704682,186.4770002944661,186.54367795105247,472000
2023-03-07 14:50:00,186.54367795105247,186.65039917794778,186.46292870869382,186.5825727086199,981000
2023-03-07 14:55:00,186.5825727086199,186.73987702299644,186.56549532699347,186.6324117245837,375000
2023-03-07 15:00:00,186.6324117245837,186.63419226666667,186.45776032177275,186.57420946992048,1598000
2023-03-07 15:05:00,186.57420946992048,186.54852606728656,186.47504478049643,186.45102975195496,1986000
2023-03-07 15:10:00,186.45102975195496,186.65617338050058,186.55928773001204,186.56740166666665,1086000
2023-03-07 15:15:00,186.56740166666665,186.65853993333334,186.5095419726663,186.5340546878696,1417000
2023-03-07 15:20:00,186.5340546878696,186.633183,186.42547167800544,186.53726591045978,348000
2023-03-07 15:25:00,186.53726591045978,186.64118802180786,186.55735513117764,186.5886346,276000
2023-03-07 15:30:00,186.5886346,186.6546337890941,186.50747929085455,186.60400950989612,1955000
2023-03-07 15:35:00,186.60400950989612,186.57745684390707,186.4054667804282,186.4843957230132,792000
2023-03-07 15:40:00,186.4843957230132,186.63161805041094,186.49569726140822,186.5773756096301,1465000
2023-03-07 15:45:00,186.5773756096301,186.53701258776255,186.39654172382814,186.4412635638939,1606000
2023-03-07 15:50:00,186.4412635638939,186.4256356599777,186.19696486666666,186.27246719801863,171000
2023-03-07 15:55:00,186.27246719801863,186.36749787905694,186.201920737158,186.23152342732277,745000
2023-03-07 16:00:00,186.23152342732277,186.39916539104843,186.24391584959176,186.35181679929306,823000
2023-03-08 09:30:00,186.35181679929306,186.47783516503836,186.32037088580196,186.40674392970217,1424000
2023-03-08 09:35:00,186.40674392970217,186.48791510756925,186.30898552453775,186.3440656684899,221000
2023-03-08 09:40:00,186.3440656684899,186.5579736136858,186.33505553611556,186.41157737145934,1712000
2023-03-08 09:45:00,186.41157737145934,186.6744308713081,186.49464888226416,186.54288993591442,236000
2023-03-08 09:50:00,186.54288993591442,186.65168561571016,186.46789725722974,186.5821242688061,1284000
2023-03-08 09:55:00,186.5821242688061,186.72007498091094,186.52376360890537,186.58541563336385,900000
2023-03-08 10:00:00,186.58541563336385,186.79915753498383,186.6674846843903,186.76115746471774,1980000
2023-03-08 10:05:00,186.76115746471774,186.83060551728494,186.60448867305084,186.75543392592542,882000
2023-03-08 10:10:00,186.75543392592542,186.73344941516044,186.6426177386296,186.69088927306677,967000
2023-03-08 10:15:00,186.69088927306677,186.84102366043015,186.70394416191772,186.80096987183506,497000
2023-03-08 10:20:00,186.80096987183506,186.8295475666667,186.71454344263648,186.71299262178496,395000
2023-03-08 10:25:00,186.71299262178496,186.8397875821976,186.73564521400505,186.7990631699246,1985000
2023-03-08 10:30:00,186.7990631699246,186.73772376303586,186.6602354441998,186.70150167446627,113000
2023-03-08 10:35:00,186.70150167446627,186.84669331882202,186.68965446666667,186.83211035328594,1093000
2023-03-08 10:40:00,186.83211035328594,186.79413533709678,186.68629299996454,186.70653969646895,358000
2023-03-08 10:45:00,186.70653969646895,186.84607295549347,186.69934388827292,186.68761970536238,1548000
2023-03-08 10:50:00,186.68761970536238,186.7287295424456,186.57116996094655,186.62904055693846,1273000
2023-03-08 10:55:00,186.62904055693846,186.57080081577178,186.4044683875948,186.5051289862821,1193000
2023-03-08 11:00:00,186.5051289862821,186.41871575389078,186.2732668423507,186.35119263333334,1791000
2023-03-08 11:05:00,186.35119263333334,186.39272678143854,186.27855257044547,186.36702332814394,1010000
2023-03-08 11:10:00,186.36702332814394,186.43410427039944,186.37591776666667,186.38422386643188,317000
2023-03-08 11:15:00,186.38422386643188,186.48971083333333,186.29775541140538,186.42127644075242,1902000
2023-03-08 11:20:00,186.42127644075242,186.47371654881857,186.35353196666668,186.43844532700945,1862000
2023-03-08 11:25:00,186.43844532700945,186.44889876666667,186.2889171682116,186.3855017574011,255000
2023-03-08 11:30:00,186.3855017574011,186.58945878826725,186.4599164459615,186.44834798849263,194000
2023-03-08 11:35:00,186.44834798849263,186.57794602310108,186.50946642239705,186.53614078570948,449000
2023-03-08 11:40:00,186.53614078570948,186.63238743333335,186.5231112380364,186.5419894647788,247000
2023-03-08 11:45:00,186.5419894647788,186.6224488643434,186.55707795343562,186.58297537549106,1309000
2023-03-08 11:50:00,186.58297537549106,186.6438290468946,186.4606068292873,186.5200563569978,848000
2023-03-08 11:55:00,186.5200563569978,186.80345653341632,186.6016072674423,186.69716927588425,1387000
2023-03-08 12:00:00,186.69716927588425,186.8167633394388,186.6979588844981,186.7979968083251,1268000
2023-03-08 12:05:00,186.7979968083251,186.85906724670164,186.6576439,186.77362498395595,419000
2023-03-08 12:10:00,186.77362498395595,186.83701198119994,186.71585890171428,186.79773571123255,729000
2023-03-08 12:15:00,186.79773571123255,186.79516366635227,186.70705467384025,186.69545156666666,219000
2023-03-08 12:20:00,186.69545156666666,186.78461524015609,186.63423128612413,186.69026642124456,727000
2023-03-08 12:25:00,186.69026642124456,186.79449194455873,186.64937695649107,186.73260211714947,1444000
2023-03-08 12:30:00,186.73260211714947,186.6678876,186.50212152556514,186.55459321466364,699000
2023-03-08 12:35:00,186.55459321466364,186.61015832958824,186.47245237654622,186.60413195336892,1634000
2023-03-08 12:40:00,186.60413195336892,186.61541382333493,186.46478801396123,186.56449152652215,1327000
2023-03-08 12:45:00,186.56449152652215,186.67959199160572,186.45262015233692,186.56950182709804,1438000
2023-03-08 12:50:00,186.56950182709804,186.61561016935278,186.5180000745029,186.58021217728745,1335000
2023-03-08 12:55:00,186.58021217728745,186.67756990621976,186.4812895232739,186.53296725014386,1580000
2023-03-08 13:00:00,186.53296725014386,186.65673388261496,186.54886661561014,186.6460817134774,734000
2023-03-08 13:05:00,186.6460817134774,186.71993298498305,186.56883688625888,186.6313988995031,273000
2023-03-08 13:10:00,186.6313988995031,186.78164913095515,186.6698847139172,186.67236839846794,137000
2023-03-08 13:15:00,186.67236839846794,186.86920238046451,186.62238226666665,186.7359846347741,1575000
2023-03-08 13:20:00,186.7359846347741,186.97199603698294,186.87696611755732,186.94300643592578,1542000
2023-03-08 13:25:00,186.94300643592578,187.0238902067708,186.87087480210457,187.00901916666666,1903000
2023-03-08 13:30:00,187.00901916666666,187.05747934340283,186.92362786666666,186.93911137028462,1736000
2023-03-08 13:35:00,186.93911137028462,187.05572650000002,186.90887038543414,186.89727660282816,1768000
2023-03-08 13:40:00,186.89727660282816,186.97624074969647,186.82643306561252,186.89944380354854,1739000
2023-03-08 13:45:00,186.89944380354854,187.0186013167892,186.85363456279882,186.8805620319034,878000
2023-03-08 13:50:00,186.8805620319034,187.02178197751599,186.8808024576983,187.01618792560197,1302000
2023-03-08 13:55:00,187.01618792560197,187.0806222127889,186.92756212118735,186.95866573333333,1203000
2023-03-08 14:00:00,186.95866573333333,187.03785421591522,186.81092450320864,186.8612043765717,834000
2023-03-08 14:05:00,186.8612043765717,187.06233393072608,186.92381479325604,187.01436227655984,1668000
2023-03-08 14:10:00,187.01436227655984,187.02821577584842,186.7958159927271,186.88164119959438,293000
2023-03-08 14:15:00,186.88164119959438,186.91425287530404,186.73266430203253,186.8604099623236,1523000
2023-03-08 14:20:00,186.8604099623236,186.9282609457186,186.79942368379008,186.86610267062494,799000
2023-03-08 14:25:00,186.86610267062494,186.78941203484007,186.69476326666665,186.7209782756595,1100000
2023-03-08 14:30:00,186.7209782756595,186.72799070000002,186.57951479698747,186.66177358824763,1412000
2023-03-08 14:35:00,186.66177358824763,186.87458716421395,186.72853394679427,186.80382803333333,518000
2023-03-08 14:40:00,186.80382803333333,186.69466705522692,186.57255486085174,186.61133818696104,1566000
2023-03-08 14:45:00,186.61133818696104,186.49907997215436,186.35429193405878,186.52343086666667,487000
2023-03-08 14:50:00,186.52343086666667,186.42523009305097,186.26041474533807,186.41915523629257,511000
2023-03-08 14:55:00,186.41915523629257,186.2629315012365,186.03400412349723,186.1324271677366,1376000
2023-03-08 15:00:00,186.1324271677366,186.32882308151787,186.17397632252488,186.2907042433673,555000
2023-03-08 15:05:00,186.2907042433673,186.40946602950663,186.26594313322852,186.3538747240715,280000
2023-03-08 15:10:00,186.3538747240715,186.3479143574825,186.21757821449694,186.25803823985012,247000
2023-03-08 15:15:00,186.25803823985012,186.19442316666667,186.14796937058765,186.17848923253754,1581000
2023-03-08 15:20:00,186.17848923253754,186.40590035608793,186.23629294988478,186.36666140088798,148000
2023-03-08 15:25:00,186.36666140088798,186.4591137029766,186.28765148501094,186.4062922,789000
2023-03-08 15:30:00,186.4062922,186.45107408915155,186.31190136666666,186.3838090738217,1364000
2023-03-08 15:35:00,186.3838090738217,186.5240850398999,186.45322886666665,186.4490903182364,1956000
2023-03-08 15:40:00,186.4490903182364,186.63952280518558,186.4352281575762,186.53107362453002,1206000
2023-03-08 15:45:00,186.53107362453002,186.51367942537837,186.36024051410078,186.45783246401143,1581000
2023-03-08 15:50:00,186.45783246401143,186.56676021617943,186.3294963669734,186.42111589941513,1397000
2023-03-08 15:55:00,186.42111589941513,186.4503675595476,186.37827581416366,186.38864690878123,1717000
2023-03-08 16:00:00,186.38864690878123,186.43821742738982,186.26924725803391,186.3020306153512,1617000
2023-03-09 09:30:00,186.3020306153512,186.52676545583282,186.31276443333334,186.46945893333336,206000
2023-03-09 09:35:00,186.46945893333336,186.38697295428426,186.25743148742964,186.4100581314006,1541000
2023-03-09 09:40:00,186.4100581314006,186.55356362471542,186.42100958666498,186.48373062491478,599000
2023-03-09 09:45:00,186.48373062491478,186.47195030694468,186.32402760000002,186.38869549771326,187000
2023-03-09 09:50:00,186.38869549771326,186.47209421927906,186.29335679185576,186.35697413523854,1888000
2023-03-09 09:55:00,186.35697413523854,186.36188226220574,186.28367310000002,186.33747280257623,1438000
2023-03-09 10:00:00,186.33747280257623,186.3201428190876,186.14322195255656,186.26833485950144,1461000
2023-03-09 10:05:00,186.26833485950144,186.2500917,186.2108337884563,186.22340377728486,1073000
2023-03-09 10:10:00,186.22340377728486,186.32574345376992,186.1907252551176,186.2997146983163,1924000
2023-03-09 10:15:00,186.2997146983163,186.43675907228712,186.3590969324395,186.37811722730385,1555000
2023-03-09 10:20:00,186.37811722730385,186.4491971867473,186.35465087916654,186.42623020453527,1883000
2023-03-09 10:25:00,186.42623020453527,186.40106653328178,186.27676288639657,186.34343660737875,1051000
2023-03-09 10:30:00,186.34343660737875,186.34888048428073,186.24661130412372,186.25927657770444,1265000
2023-03-09 10:35:00,186.25927657770444,186.28511984350948,186.13912254314255,186.2002784309795,188000
2023-03-09 10:40:00,186.2002784309795,186.38991322174311,186.22584568272288,186.36965277024447,1213000
2023-03-09 10:45:00,186.36965277024447,186.4873364597799,186.40080957861383,186.4712306,1965000
2023-03-09 10:50:00,186.4712306,186.55173907064116,186.5114838083489,186.50633211830126,978000
2023-03-09 10:55:00,186.50633211830126,186.5653951437872,186.4682744558162,186.50044824033702,1494000
2023-03-09 11:00:00,186.50044824033702,186.44361327416917,186.33802048302547,186.37166759454698,1874000
2023-03-09 11:05:00,186.37166759454698,186.5148065683985,186.3592897399934,186.4159358571354,870000
2023-03-09 11:10:00,186.4159358571354,186.47106895031226,186.3474401225704,186.38027863851752,1093000
2023-03-09 11:15:00,186.38027863851752,186.4896947081973,186.35119497791214,186.3714226735907,1831000
2023-03-09 11:20:00,186.3714226735907,186.56228719772895,186.36445685023426,186.4522275384969,933000
2023-03-09 11:25:00,186.4522275384969,186.5116993668361,186.3313671,186.3849430245327,737000
2023-03-09 11:30:00,186.3849430245327,186.6201113588565,186.41417777736754,186.4522050987129,1914000
2023-03-09 11:35:00,186.4522050987129,186.49491307641685,186.34663619375442,186.43382455498895,1203000
2023-03-09 11:40:00,186.43382455498895,186.4447818692184,186.30680933596912,186.40126367426095,1153000
2023-03-09 11:45:00,186.40126367426095,186.49514348210235,186.3843267563052,186.48834784767124,1891000
2023-03-09 11:50:00,186.48834784767124,186.68065058972806,186.48521501827372,186.61458487336375,268000
2023-03-09 11:55:00,186.61458487336375,186.7481999855568,186.60008317771963,186.65041400156517,430000
2023-03-09 12:00:00,186.65041400156517,186.74673868045247,186.64080360116276,186.68981580950907,1143000
2023-03-09 12:05:00,186.68981580950907,186.84394580371952,186.70038298208615,186.83604404049888,584000
2023-03-09 12:10:00,186.83604404049888,187.09131485000714,186.9169512,187.01624701998946,1841000
2023-03-09 12:15:00,187.01624701998946,187.1729789719467,186.9893244942048,187.08578828045293,1690000
2023-03-09 12:20:00,187.08578828045293,187.2786167,187.16591368828043,187.2015381436819,1495000
2023-03-09 12:25:00,187.2015381436819,187.37752118878146,187.22773303621318,187.28889114306452,1150000
2023-03-09 12:30:00,187.28889114306452,187.22626306602794,187.08831413333334,187.16484680636205,422000
2023-03-09 12:35:00,187.16484680636205,187.2293254075054,187.0440556597874,187.17502687274222,426000
2023-03-09 12:40:00,187.17502687274222,187.12975254130964,187.03344259679585,187.11876977936254,1253000
2023-03-09 12:45:00,187.11876977936254,187.30241909572518,187.1075199997803,187.1732275958818,1546000
2023-03-09 12:50:00,187.1732275958818,187.36183470629348,187.20845593208196,187.2280477691643,1430000
2023-03-09 12:55:00,187.2280477691643,187.20109183854004,187.0000935,187.14857764400526,132000
2023-03-09 13:00:00,187.14857764400526,187.2922583666667,187.1256214830044,187.2465934547942,982000
2023-03-09 13:05:00,187.2465934547942,187.43024814010812,187.2806548890474,187.26422147748997,1153000
2023-03-09 13:10:00,187.26422147748997,187.34624521586912,187.20326231467322,187.30817554063697,309000
2023-03-09 13:15:00,187.30817554063697,187.31843178937228,187.13195401862885,187.21125093409847,1656000
2023-03-09 13:20:00,187.21125093409847,187.3141184921041,187.15106028404531,187.30841895282873,1184000
2023-03-09 13:25:00,187.30841895282873,187.17349725637044,187.03276113995815,187.10891118833104,439000
2023-03-09 13:30:00,187.10891118833104,187.2288609923664,187.14059849242307,187.18496240606993,1200000
2023-03-09 13:35:00,187.18496240606993,187.39648500869345,187.2938362666667,187.2989944863433,930000
2023-03-09 13:40:00,187.2989944863433,187.3903485961074,187.2492173423899,187.2409973783635,1250000
2023-03-09 13:45:00,187.2409973783635,187.49443230394525,187.3203952855076,187.39398771458553,938000
2023-03-09 13:50:00,187.39398771458553,187.6178589877181,187.4810194585666,187.4322756749918,1886000
2023-03-09 13:55:00,187.4322756749918,187.6213645482628,187.4380346337656,187.4701404674839,1075000
2023-03-09 14:00:00,187.4701404674839,187.6776453874437,187.47502838355015,187.5234721180187,587000
2023-03-09 14:05:00,187.5234721180187,187.75136686921468,187.6377993076006,187.66492366666668,1440000
2023-03-09 14:10:00,187.66492366666668,187.79137424754626,187.56785538649527,187.6545182669621,699000
2023-03-09 14:15:00,187.6545182669621,187.76715757055493,187.66702710334147,187.70764683333334,1032000
2023-03-09 14:20:00,187.70764683333334,187.7819670896094,187.59535060000002,187.66735203317924,770000
2023-03-09 14:25:00,187.66735203317924,187.70221565412788,187.58775370277274,187.7049982210044,942000
2023-03-09 14:30:00,187.7049982210044,187.83638629309456,187.70010327777646,187.7499322465388,682000
2023-03-09 14:35:00,187.7499322465388,187.78602166252776,187.6149869,187.71680783333335,1828000
2023-03-09 14:40:00,187.71680783333335,187.77858753333334,187.6649515295523,187.7572130399618,637000
2023-03-09 14:45:00,187.7572130399618,187.81374623333335,187.75642961285845,187.7771214075113,1054000
2023-03-09 14:50:00,187.7771214075113,187.89906116859115,187.7182093443959,187.83696230082748,1010000
2023-03-09 14:55:00,187.83696230082748,187.88640012740277,187.73667720794194,187.73980059812123,815000
2023-03-09 15:00:00,187.73980059812123,187.96560367746835,187.83036242255022,187.97188671268546,509000
2023-03-09 15:05:00,187.97188671268546,188.16271656352237,188.08012185521528,188.10015468050904,1813000
2023-03-09 15:10:00,188.10015468050904,188.2100720663831,188.12810620796407,188.21003626666666,1287000
2023-03-09 15:15:00,188.21003626666666,188.12347085937915,187.99025331011896,188.09921603333333,897000
2023-03-09 15:20:00,188.09921603333333,188.1730762770147,188.06958320388992,188.15504199999998,1497000
2023-03-09 15:25:00,188.15504199999998,188.3091284700557,188.06851032517608,188.19179210701697,1138000
2023-03-09 15:30:00,188.19179210701697,188.18904423801553,187.96273602656882,188.04967267748938,614000
2023-03-09 15:35:00,188.04967267748938,188.20138337064859,188.14259768770387,188.14200146666664,184000
2023-03-09 15:40:00,188.14200146666664,188.27671104868642,188.10585185644422,188.16834945462642,1169000
2023-03-09 15:45:00,188.16834945462642,188.37235576765994,188.24621390224794,188.2458964014427,1833000
2023-03-09 15:50:00,188.2458964014427,188.3381464166811,188.20224054524823,188.23694885084217,869000
2023-03-09 15:55:00,188.23694885084217,188.37587369668373,188.1906235333333,188.30597661428945,108000
2023-03-09 16:00:00,188.30597661428945,188.4082024107589,188.29203097183304,188.29982206544545,1171000
2023-03-10 09:30:00,188.29982206544545,188.3909483279199,188.3089693,188.34031009999998,788000
2023-03-10 09:35:00,188.34031009999998,188.4257407725343,188.3819702998852,188.4046897678816,1520000
2023-03-10 09:40:00,188.4046897678816,188.44509920000002,188.35849052842377,188.37205761757977,417000
2023-03-10 09:45:00,188.37205761757977,188.33676512079222,188.24453589638742,188.32842768395605,776000
2023-03-10 09:50:00,188.32842768395605,188.2445087872856,188.02382407525192,188.1571865629303,1504000
2023-03-10 09:55:00,188.1571865629303,188.1732622097182,188.0437940223263,188.10259273004075,1359000
2023-03-10 10:00:00,188.10259273004075,188.25276963387174,188.10690947520922,188.1487592184688,140000
2023-03-10 10:05:00,188.1487592184688,188.14652296666665,188.05108285643044,188.06900087817212,1714000
2023-03-10 10:10:00,188.06900087817212,188.1881138790701,188.10609668405007,188.21048195647202,496000
2023-03-10 10:15:00,188.21048195647202,188.37987002595452,188.23705783333335,188.2792605588524,326000
2023-03-10 10:20:00,188.2792605588524,188.40207633280087,188.28674723333333,188.28937596666668,949000
2023-03-10 10:25:00,188.28937596666668,188.39167860545814,188.2445783016054,188.31962799544044,1341000
2023-03-10 10:30:00,188.31962799544044,188.4366297043053,188.2919949956079,188.39441375185427,269000
2023-03-10 10:35:00,188.39441375185427,188.56698630422775,188.40136769551876,188.49735797921846,1985000
2023-03-10 10:40:00,188.49735797921846,188.5912380214805,188.3426245864035,188.42753616215452,1657000
2023-03-10 10:45:00,188.42753616215452,188.53817532199915,188.4197475618741,188.49546883333332,1178000
2023-03-10 10:50:00,188.49546883333332,188.49985443852438,188.30315706522055,188.36769801493685,390000
2023-03-10 10:55:00,188.36769801493685,188.47053456451778,188.35076129402447,188.47596671875755,1673000
2023-03-10 11:00:00,188.47596671875755,188.33814266666667,188.21275374733585,188.2914968825424,916000
2023-03-10 11:05:00,188.2914968825424,188.38551567858923,188.1772438388624,188.20175917274076,1121000
2023-03-10 11:10:00,188.20175917274076,188.23882503389842,188.07505368045193,188.2021512194218,1249000
2023-03-10 11:15:00,188.2021512194218,188.29879472632118,188.11689944858534,188.1628682535415,182000
2023-03-10 11:20:00,188.1628682535415,188.25009202993792,188.0991894911264,188.17206370095673,239000
2023-03-10 11:25:00,188.17206370095673,188.10981829833872,187.96058556534564,187.96299830127722,1655000
2023-03-10 11:30:00,187.96299830127722,187.99225361661428,187.88100953333333,187.8734547,856000
2023-03-10 11:35:00,187.8734547,187.93339464892654,187.85377780904346,187.90613390173215,1576000
2023-03-10 11:40:00,187.90613390173215,188.05679633221703,187.85505856785036,187.99534743728046,766000
2023-03-10 11:45:00,187.99534743728046,188.01255792692336,187.88779689483562,187.9488873799124,1272000
2023-03-10 11:50:00,187.9488873799124,187.97874717154983,187.79878935977243,187.88509570759817,1618000
2023-03-10 11:55:00,187.88509570759817,187.80376156218483,187.66843532748177,187.81271549801943,1860000
2023-03-10 12:00:00,187.81271549801943,187.93205585661988,187.76116575342013,187.8295625,893000
2023-03-10 12:05:00,187.8295625,187.98181289221557,187.76496233333333,187.905389004224,1020000
2023-03-10 12:10:00,187.905389004224,188.00825540819162,187.7638109427935,187.8325598289756,1082000
2023-03-10 12:15:00,187.8325598289756,187.84085304714682,187.66342751787894,187.76277184102872,1170000
2023-03-10 12:20:00,187.76277184102872,187.69844469524543,187.5253944433307,187.6054860200591,1823000
2023-03-10 12:25:00,187.6054860200591,187.57862416338074,187.53225881909617,187.54993415065493,1143000
2023-03-10 12:30:00,187.54993415065493,187.80961594628664,187.60394294806412,187.6573265512434,1578000
2023-03-10 12:35:00,187.6573265512434,187.63243906788082,187.5095617252112,187.57645178789807,1459000
2023-03-10 12:40:00,187.57645178789807,187.56739210635115,187.42806161882842,187.5713033,529000
2023-03-10 12:45:00,187.5713033,187.628573,187.50159099031015,187.5556041,156000
2023-03-10 12:50:00,187.5556041,187.59777416113403,187.4309471537682,187.54285107045524,519000
2023-03-10 12:55:00,187.54285107045524,187.63882111043296,187.52255402485096,187.52297292791545,1260000
2023-03-10 13:00:00,187.52297292791545,187.5944315518845,187.41259567510997,187.47672965760106,186000
2023-03-10 13:05:00,187.47672965760106,187.49878767037885,187.3629877895891,187.40261800041054,1190000
2023-03-10 13:10:00,187.40261800041054,187.65569867696203,187.50381010461925,187.59187746666666,1904000
2023-03-10 13:15:00,187.59187746666666,187.67086456666667,187.46378976535541,187.60503347740993,1285000
2023-03-10 13:20:00,187.60503347740993,187.64990714977492,187.57214512819988,187.5761650444942,1198000
2023-03-10 13:25:00,187.5761650444942,187.5963909053912,187.46559079831337,187.49417826666667,275000
2023-03-10 13:30:00,187.49417826666667,187.50239092632384,187.35344323262262,187.4487319550904,1036000
2023-03-10 13:35:00,187.4487319550904,187.46060211479488,187.37926362309858,187.44055833372337,153000
2023-03-10 13:40:00,187.44055833372337,187.3537344266317,187.2426775120666,187.29884818381723,1228000
2023-03-10 13:45:00,187.29884818381723,187.37012273333332,187.2109793741217,187.2847578810602,1135000
2023-03-10 13:50:00,187.2847578810602,187.35152774173193,187.17061474468872,187.25491959589152,1483000
2023-03-10 13:55:00,187.25491959589152,187.36524834658877,187.3065971004132,187.34782252018596,1661000
2023-03-10 14:00:00,187.34782252018596,187.28847144890295,187.1494491826461,187.19009517730336,790000
2023-03-10 14:05:00,187.19009517730336,187.33961890929095,187.20767603773896,187.29229683852705,817000
2023-03-10 14:10:00,187.29229683852705,187.29903942200025,187.19425218621402,187.3202749333333,450000
2023-03-10 14:15:00,187.3202749333333,187.28702257036292,187.2447386021577,187.21911337121085,463000
2023-03-10 14:20:00,187.21911337121085,187.33676564234258,187.0776885995886,187.22684375382414,1069000
2023-03-10 14:25:00,187.22684375382414,187.32666750292412,187.13652626546693,187.19853508322362,238000
2023-03-10 14:30:00,187.19853508322362,187.27960237607175,187.18138517018258,187.26832848101589,1712000
2023-03-10 14:35:00,187.26832848101589,187.33716875146274,187.25492689396364,187.28389568498505,296000
2023-03-10 14:40:00,187.28389568498505,187.3438334572048,187.20203930975472,187.22589943526893,632000
2023-03-10 14:45:00,187.22589943526893,187.27305507095923,187.05772220857526,187.1476496,1818000
2023-03-10 14:50:00,187.1476496,187.27496548838937,187.20459583246546,187.23283713771332,1829000
2023-03-10 14:55:00,187.23283713771332,187.2630933503222,187.16347261031459,187.25503246666668,832000
2023-03-10 15:00:00,187.25503246666668,187.29382345473405,187.08106355202005,187.1855562455601,1935000
2023-03-10 15:05:00,187.1855562455601,187.20639416666666,187.03293033872217,187.10979009865824,1946000
2023-03-10 15:10:00,187.10979009865824,187.30644347291482,187.07331877493922,187.18142365067752,1459000
2023-03-10 15:15:00,187.18142365067752,187.34719375791647,187.19603329209787,187.2704669,306000
2023-03-10 15:20:00,187.2704669,187.43658766961556,187.3239741569727,187.34877898071207,1162000
2023-03-10 15:25:00,187.34877898071207,187.51879140503172,187.32347564365645,187.40813761347982,222000
2023-03-10 15:30:00,187.40813761347982,187.63660456739842,187.38826296912288,187.52433193629045,969000
2023-03-10 15:35:00,187.52433193629045,187.58033705195118,187.41879709092885,187.5258600852436,508000
2023-03-10 15:40:00,187.5258600852436,187.76746767015584,187.61508916926277,187.64486351386628,1763000
2023-03-10 15:45:00,187.64486351386628,187.5996669989636,187.51502320227894,187.55929314202152,1482000
2023-03-10 15:50:00,187.55929314202152,187.57928091663888,187.4776932298652,187.58362862618196,1643000
2023-03-10 15:55:00,187.58362862618196,187.5999865549489,187.40184026666665,187.4940494108917,340000
2023-03-10 16:00:00,187.4940494108917,187.57738273505802,187.41467647822853,187.5178076491111,584000
2023-03-13 09:30:00,187.5178076491111,187.6674583886639,187.6002724799331,187.63698023333333,911000
2023-03-13 09:35:00,187.63698023333333,187.69547034864172,187.51217269842346,187.62711674608238,177000
2023-03-13 09:40:00,187.62711674608238,187.75251457184413,187.5492702122388,187.65268231456773,1115000
2023-03-13 09:45:00,187.65268231456773,187.55969731194122,187.33859392254035,187.46081685210316,1798000
2023-03-13 09:50:00,187.46081685210316,187.51227435659655,187.3869286,187.5016877594263,1137000
2023-03-13 09:55:00,187.5016877594263,187.6847207041277,187.51635296945935,187.52522447678717,763000
2023-03-13 10:00:00,187.52522447678717,187.59028566877043,187.52351207006052,187.6005109536598,1637000
2023-03-13 10:05:00,187.6005109536598,187.55259909873368,187.436027312939,187.49205471713842,355000
2023-03-13 10:10:00,187.49205471713842,187.4897168022505,187.27798157441873,187.3795916151817,1039000
2023-03-13 10:15:00,187.3795916151817,187.38666812337397,187.26526130159007,187.38328118603172,1197000
2023-03-13 10:20:00,187.38328118603172,187.3707838141235,187.13268191989195,187.24590880901616,1645000
2023-03-13 10:25:00,187.24590880901616,187.52019852296735,187.2941077326226,187.39899487193586,1386000
2023-03-13 10:30:00,187.39899487193586,187.45025896916457,187.33624379013392,187.45622649365708,1095000
2023-03-13 10:35:00,187.45622649365708,187.56667876929544,187.42534777029326,187.54135941975093,1633000
2023-03-13 10:40:00,187.54135941975093,187.65918601111798,187.51006209206113,187.5361879837605,1813000
2023-03-13 10:45:00,187.5361879837605,187.50900698224345,187.40355400998988,187.4293812920367,1280000
2023-03-13 10:50:00,187.4293812920367,187.45216803804973,187.3995128029924,187.48490710064186,1353000
2023-03-13 10:55:00,187.48490710064186,187.42837717570626,187.3300641114926,187.46007262894537,256000
2023-03-13 11:00:00,187.46007262894537,187.45568544844477,187.2166873761839,187.34205683654707,1941000
2023-03-13 11:05:00,187.34205683654707,187.46407847961927,187.39830195607883,187.4205087951368,786000
2023-03-13 11:10:00,187.4205087951368,187.5487949103411,187.49120618979023,187.5187495000797,551000
2023-03-13 11:15:00,187.5187495000797,187.65562275496958,187.50428685772263,187.57857110464684,1271000
2023-03-13 11:20:00,187.57857110464684,187.5070234734052,187.38182343008026,187.4097000676667,976000
2023-03-13 11:25:00,187.4097000676667,187.52659825730356,187.4269270343677,187.4514054541318,990000
2023-03-13 11:30:00,187.4514054541318,187.4810274458931,187.39272826977327,187.41957001431493,1416000
2023-03-13 11:35:00,187.41957001431493,187.56191004790747,187.42321361392905,187.5011322789278,424000
2023-03-13 11:40:00,187.5011322789278,187.6395221142524,187.47922560193777,187.62085503333336,663000
2023-03-13 11:45:00,187.62085503333336,187.66030355932511,187.59431039761202,187.62085791035165,105000
2023-03-13 11:50:00,187.62085791035165,187.55824623894517,187.3830683462079,187.4304521332485,1138000
2023-03-13 11:55:00,187.4304521332485,187.47064246666665,187.43293744660625,187.46949513724678,725000
2023-03-13 12:00:00,187.46949513724678,187.4390882873471,187.31406813140418,187.41020544849337,1359000
2023-03-13 12:05:00,187.41020544849337,187.50591909685906,187.42015883333335,187.4461203498762,743000
2023-03-13 12:10:00,187.4461203498762,187.43635435995006,187.31859551257955,187.39271268974673,1049000
2023-03-13 12:15:00,187.39271268974673,187.40291878289312,187.3451179641076,187.38024336181104,612000
2023-03-13 12:20:00,187.38024336181104,187.2330309919868,187.11146547682858,187.19244622255988,1676000
2023-03-13 12:25:00,187.19244622255988,187.1260839034986,187.06644174674202,187.08882544558887,1056000
2023-03-13 12:30:00,187.08882544558887,187.1424156996188,186.97645785138508,187.0213693238177,152000
2023-03-13 12:35:00,187.0213693238177,187.07585340540768,186.90878300903796,186.95443208457212,1402000
2023-03-13 12:40:00,186.95443208457212,187.05402149043823,186.93747550140418,187.02808054646772,628000
2023-03-13 12:45:00,187.02808054646772,187.01112986666666,186.86916244669627,186.88849001291075,152000
2023-03-13 12:50:00,186.88849001291075,186.90632302854112,186.78304141721281,186.84600453711562,1030000
2023-03-13 12:55:00,186.84600453711562,186.8713418282332,186.67724529138118,186.78081054709756,864000
2023-03-13 13:00:00,186.78081054709756,186.93483300254516,186.81905578200627,186.8714447681358,794000
2023-03-13 13:05:00,186.8714447681358,186.92713808346295,186.80807081180012,186.846123199008,1740000
2023-03-13 13:10:00,186.846123199008,186.84095563610376,186.69862260567018,186.79146183333333,1662000
2023-03-13 13:15:00,186.79146183333333,186.73579563333334,186.5769381482302,186.63839519666138,1020000
2023-03-13 13:20:00,186.63839519666138,186.67179303142115,186.55219716989993,186.65231731990838,483000
2023-03-13 13:25:00,186.65231731990838,186.5738842966508,186.48234273985702,186.51453786638686,545000
2023-03-13 13:30:00,186.51453786638686,186.72357193003555,186.5054212372041,186.65849202328187,457000
2023-03-13 13:35:00,186.65849202328187,186.71715559388255,186.60521937263445,186.62024291112039,1310000
2023-03-13 13:40:00,186.62024291112039,186.65016775468513,186.4541441615583,186.56774419423937,782000
2023-03-13 13:45:00,186.56774419423937,186.51121598520794,186.3922606264608,186.49003603079987,992000
2023-03-13 13:50:00,186.49003603079987,186.43258700307737,186.36353863333335,186.40793365806613,877000
2023-03-13 13:55:00,186.40793365806613,186.51797706817186,186.31355121134368,186.41320189967612,868000
2023-03-13 14:00:00,186.41320189967612,186.3941338989731,186.23628591485232,186.3298247186885,1564000
2023-03-13 14:05:00,186.3298247186885,186.32733854644863,186.2668545404668,186.24370108978115,708000
2023-03-13 14:10:00,186.24370108978115,186.43944314871138,186.20616566177074,186.32593316062813,334000
2023-03-13 14:15:00,186.32593316062813,186.3723688063757,186.20285122314107,186.31586786726828,586000
2023-03-13 14:20:00,186.31586786726828,186.2882672,186.1203722998055,186.15406404771207,630000
2023-03-13 14:25:00,186.15406404771207,186.39533971564575,186.19252061722358,186.2846079705329,359000
2023-03-13 14:30:00,186.2846079705329,186.32003053333335,186.16212349278305,186.17296826077953,1837000
2023-03-13 14:35:00,186.17296826077953,186.25875131341817,186.0525041349604,186.16481094355385,798000
2023-03-13 14:40:00,186.16481094355385,186.2343243384598,186.08609232341462,186.2138219943392,257000
2023-03-13 14:45:00,186.2138219943392,186.1787517376576,186.0056769667931,186.14077650660425,356000
2023-03-13 14:50:00,186.14077650660425,186.09631476449397,186.02193704910735,186.07888549735944,1083000
2023-03-13 14:55:00,186.07888549735944,186.06171113858707,185.91746218896816,185.99308462596358,1332000
2023-03-13 15:00:00,185.99308462596358,186.1527219666667,186.0099164858008,186.00581853894164,1573000
2023-03-13 15:05:00,186.00581853894164,186.03467512262085,185.86142708485625,185.99403870163096,1179000
2023-03-13 15:10:00,185.99403870163096,186.13854496461315,185.9962710383555,185.94691429409542,1996000
2023-03-13 15:15:00,185.94691429409542,186.11528993333334,185.9775449532935,186.0038739465516,1379000
2023-03-13 15:20:00,186.0038739465516,186.02707304133529,185.92973709999998,185.97116132680952,818000
2023-03-13 15:25:00,185.97116132680952,185.94290249180997,185.85010659935304,185.87169923798132,362000
2023-03-13 15:30:00,185.87169923798132,185.9893186803238,185.8070939914256,185.90306606666667,954000
2023-03-13 15:35:00,185.90306606666667,186.14110216666668,185.96147754445659,186.01956701898766,1116000
2023-03-13 15:40:00,186.01956701898766,186.0695361,185.93599187539797,186.09904376666665,950000
2023-03-13 15:45:00,186.09904376666665,186.03174285961848,185.91984681147838,185.95824926007316,757000
2023-03-13 15:50:00,185.95824926007316,186.0595853082696,185.9479697333333,186.02786173615524,989000
2023-03-13 15:55:00,186.02786173615524,186.0225207059428,185.84017437647375,185.98547051008853,247000
2023-03-13 16:00:00,185.98547051008853,186.2347956057476,186.0922618183416,186.10864171531017,1732000
2023-03-14 09:30:00,186.10864171531017,186.20604702253965,186.0057049,186.07706110460379,1244000
2023-03-14 09:35:00,186.07706110460379,186.15983299434114,186.01183807276522,186.01318421861131,329000
2023-03-14 09:40:00,186.01318421861131,186.14373535118975,186.03610975258894,186.07678815156007,295000
2023-03-14 09:45:00,186.07678815156007,186.17891034409882,185.96698104116305,186.10521305715812,1376000
2023-03-14 09:50:00,186.10521305715812,186.19215759046648,185.9661461573352,186.08940240715876,464000
2023-03-14 09:55:00,186.08940240715876,186.2245612998218,186.01251369649805,186.10694462054406,619000
2023-03-14 10:00:00,186.10694462054406,186.1266031285452,185.9595599666667,186.01111496536296,1528000
2023-03-14 10:05:00,186.01111496536296,186.0977095120367,185.92727955603084,185.97397163333332,439000
2023-03-14 10:10:00,185.97397163333332,186.15839915573542,185.94286003363388,186.04995025410918,1111000
2023-03-14 10:15:00,186.04995025410918,186.13683436901593,186.0039814420583,186.07925625691897,147000
2023-03-14 10:20:00,186.07925625691897,186.21913049201956,186.08034729790927,186.1647053994428,471000
2023-03-14 10:25:00,186.1647053994428,186.21381297917435,186.12679453317602,186.18355636226343,615000
2023-03-14 10:30:00,186.18355636226343,186.18047782764444,186.0639319695716,186.16797656666668,1724000
2023-03-14 10:35:00,186.16797656666668,186.22864758854914,186.10167948246516,186.21113724817985,145000
2023-03-14 10:40:00,186.21113724817985,186.20645897258788,186.02634160202155,186.17115713231357,1526000
2023-03-14 10:45:00,186.17115713231357,186.2322974700296,186.1558861643721,186.2200832,576000
2023-03-14 10:50:00,186.2200832,186.33291026397094,186.09474861603886,186.2595265707432,1383000
2023-03-14 10:55:00,186.2595265707432,186.1566372434807,186.07726820000002,186.06896030525013,463000
2023-03-14 11:00:00,186.06896030525013,186.28103657412228,186.12293176044366,186.17891081602588,179000
2023-03-14 11:05:00,186.17891081602588,186.3975096245167,186.33378141829706,186.357293807842,578000
2023-03-14 11:10:00,186.357293807842,186.527458531796,186.3344491185404,186.3855843749908,598000
2023-03-14 11:15:00,186.3855843749908,186.2828461484901,186.21323961790705,186.30046943333335,936000
2023-03-14 11:20:00,186.30046943333335,186.3456423937991,186.1099526964409,186.22385818268486,469000
2023-03-14 11:25:00,186.22385818268486,186.1745898392808,186.0520227429119,186.12736402229586,225000
2023-03-14 11:30:00,186.12736402229586,186.2111549104737,185.97304626600905,186.14996336838016,732000
2023-03-14 11:35:00,186.14996336838016,186.19730489999998,186.10266851465153,186.1741795566658,374000
2023-03-14 11:40:00,186.1741795566658,186.19165286328965,185.99753532291476,186.07869930923243,674000
2023-03-14 11:45:00,186.07869930923243,186.3441961777406,186.20750201911184,186.2144348423137,888000
2023-03-14 11:50:00,186.2144348423137,186.1139176398177,185.90335246720161,185.9896611477262,1635000
2023-03-14 11:55:00,185.9896611477262,186.07932004186054,185.88527174068474,186.02551025723605,1054000
2023-03-14 12:00:00,186.02551025723605,186.16594646577443,185.9551651826817,186.05860208892716,1010000
2023-03-14 12:05:00,186.05860208892716,186.01419775106103,185.90067174741105,185.9487893498466,1703000
2023-03-14 12:10:00,185.9487893498466,185.9534897023647,185.8105773716572,185.8470537746402,1367000
2023-03-14 12:15:00,185.8470537746402,186.01737757208562,185.83477022201288,185.9166488917476,258000
2023-03-14 12:20:00,185.9166488917476,186.1715929371129,186.03943096956831,186.10898740038672,1439000
2023-03-14 12:25:00,186.10898740038672,186.33860184906015,186.18622363193538,186.2977974122033,1309000
2023-03-14 12:30:00,186.2977974122033,186.26455756454905,186.17819566369693,186.17179840851057,1696000
2023-03-14 12:35:00,186.17179840851057,186.35636369664113,186.24439892320322,186.30885136666666,1529000
2023-03-14 12:40:00,186.30885136666666,186.4589001704781,186.23309020815697,186.31789852436512,1333000
2023-03-14 12:45:00,186.31789852436512,186.46890515822804,186.2918764812837,186.38878889323263,1060000
2023-03-14 12:50:00,186.38878889323263,186.46848706991668,186.28925286596484,186.39585815508934,1339000
2023-03-14 12:55:00,186.39585815508934,186.3739531197912,186.2846433362429,186.33179027467926,1693000
2023-03-14 13:00:00,186.33179027467926,186.50080939004525,186.38424955669777,186.45595654913038,1901000
2023-03-14 13:05:00,186.45595654913038,186.70829563333334,186.5705105748243,186.5726619133681,1768000
2023-03-14 13:10:00,186.5726619133681,186.60478248516756,186.53040982950372,186.5068359313901,1641000
2023-03-14 13:15:00,186.5068359313901,186.66487850774013,186.54509173218244,186.6033302281666,1020000
2023-03-14 13:20:00,186.6033302281666,186.64651064748713,186.58484937386908,186.60536571874235,1141000
2023-03-14 13:25:00,186.60536571874235,186.92537289264482,186.67120589720878,186.8517792127132,1271000
2023-03-14 13:30:00,186.8517792127132,186.77306667065952,186.5565565071698,186.6769942054397,713000
2023-03-14 13:35:00,186.6769942054397,186.69788612941343,186.63409596691412,186.73099085906702,325000
2023-03-14 13:40:00,186.73099085906702,186.63954386666668,186.46759059893486,186.55742382044485,1959000
2023-03-14 13:45:00,186.55742382044485,186.5047457673931,186.3742514,186.44487759346435,107000
2023-03-14 13:50:00,186.44487759346435,186.55784593104352,186.35802227155602,186.42760183785506,290000
2023-03-14 13:55:00,186.42760183785506,186.47274847073226,186.36781275437625,186.36569095987372,508000
2023-03-14 14:00:00,186.36569095987372,186.44628130081693,186.2704655790245,186.3263985247779,1356000
2023-03-14 14:05:00,186.3263985247779,186.48615185017158,186.28531831795817,186.36705033333334,1907000
2023-03-14 14:10:00,186.36705033333334,186.5912855430376,186.40010150346293,186.48570784259147,1186000
2023-03-14 14:15:00,186.48570784259147,186.58453927206938,186.48325058421077,186.51118571426042,1179000
2023-03-14 14:20:00,186.51118571426042,186.41612071133005,186.2649549333333,186.3587889686963,1666000
2023-03-14 14:25:00,186.3587889686963,186.5016199,186.31641134687607,186.40330925931124,127000
2023-03-14 14:30:00,186.40330925931124,186.51707431234883,186.43060634759405,186.4661940818881,1509000
2023-03-14 14:35:00,186.4661940818881,186.5114502605454,186.30222956666665,186.33782142273313,106000
2023-03-14 14:40:00,186.33782142273313,186.45142320000002,186.32990404136314,186.38709079999998,795000
2023-03-14 14:45:00,186.38709079999998,186.41182461715692,186.25897559016573,186.3385422043103,1024000
2023-03-14 14:50:00,186.3385422043103,186.3477004393173,186.28508085253512,186.3488857,1017000
2023-03-14 14:55:00,186.3488857,186.25473681139536,186.09272104125552,186.2122704405169,653000
2023-03-14 15:00:00,186.2122704405169,186.3416975573935,186.1685168,186.2788625675891,1105000
2023-03-14 15:05:00,186.2788625675891,186.47498601865684,186.27545933333334,186.3787002327948,1514000
2023-03-14 15:10:00,186.3787002327948,186.50544138769155,186.35586989660902,186.4092696451207,543000
2023-03-14 15:15:00,186.4092696451207,186.59698250979736,186.40282734311057,186.46801162121537,1770000
2023-03-14 15:20:00,186.46801162121537,186.70917895741186,186.58085045369145,186.59419506666666,753000
2023-03-14 15:25:00,186.59419506666666,186.6493862474394,186.57842087880223,186.62991491772587,1560000
2023-03-14 15:30:00,186.62991491772587,186.67387529610716,186.47452976243906,186.57184818129113,1404000
2023-03-14 15:35:00,186.57184818129113,186.67396028059744,186.56228425709568,186.62092823333333,1155000
2023-03-14 15:40:00,186.62092823333333,186.67300239095846,186.52261253303442,186.6073993734524,913000
2023-03-14 15:45:00,186.6073993734524,186.64276043333334,186.55750799086454,186.63781100091282,102000
2023-03-14 15:50:00,186.63781100091282,186.69847206666665,186.5392357601516,186.64736207185211,1482000
2023-03-14 15:55:00,186.64736207185211,186.6296309433213,186.47159981659084,186.5622143172705,322000
2023-03-14 16:00:00,186.5622143172705,186.54220314767062,186.40572978530827,186.50900396089125,469000
2023-03-15 09:30:00,186.50900396089125,186.49004731776526,186.33247763931885,186.32622614418125,373000
2023-03-15 09:35:00,186.32622614418125,186.51007424378514,186.3390661,186.45447996144347,806000
2023-03-15 09:40:00,186.45447996144347,186.43180846666667,186.28570703158735,186.39834509829828,1138000
2023-03-15 09:45:00,186.39834509829828,186.47244638419198,186.30559694315028,186.33085696550202,767000
2023-03-15 09:50:00,186.33085696550202,186.59668464675073,186.3743864732917,186.48563118782644,726000
2023-03-15 09:55:00,186.48563118782644,186.63830744357617,186.42397843333336,186.54675674445028,886000
2023-03-15 10:00:00,186.54675674445028,186.50900967476684,186.36499124692958,186.5173213129779,342000
2023-03-15 10:05:00,186.5173213129779,186.51277553136146,186.30319343741263,186.37812811271652,1339000
2023-03-15 10:10:00,186.37812811271652,186.4623322551989,186.3916372532248,186.44201873433312,1701000
2023-03-15 10:15:00,186.44201873433312,186.45012600044313,186.32830788983625,186.33728137319355,1277000
2023-03-15 10:20:00,186.33728137319355,186.5664206708349,186.36673158525235,186.42581779470657,101000
2023-03-15 10:25:00,186.42581779470657,186.60440060000002,186.41291663333334,186.4832945500921,1172000
2023-03-15 10:30:00,186.4832945500921,186.5146348212891,186.45395458157523,186.5016110636731,1387000
2023-03-15 10:35:00,186.5016110636731,186.54353344190923,186.39523864405527,186.44926883333335,1181000
2023-03-15 10:40:00,186.44926883333335,186.54832697238342,186.36509266842825,186.42047351740902,395000
2023-03-15 10:45:00,186.42047351740902,186.6849395122468,186.5028230716724,186.53676221104763,1558000
2023-03-15 10:50:00,186.53676221104763,186.62786417168317,186.54592277521112,186.60145224006152,1223000
2023-03-15 10:55:00,186.60145224006152,186.67649169347703,186.61891647423755,186.64043391856774,1898000
2023-03-15 11:00:00,186.64043391856774,186.67981841764202,186.58275250907784,186.6096157562439,101000
2023-03-15 11:05:00,186.6096157562439,186.70268504781055,186.47300006624724,186.58003773473308,416000
2023-03-15 11:10:00,186.58003773473308,186.90052483333332,186.73285987817437,186.80287998109486,327000
2023-03-15 11:15:00,186.80287998109486,186.82949607022172,186.70111110056206,186.7810819485846,465000
2023-03-15 11:20:00,186.7810819485846,186.87564773115128,186.68083294783125,186.81187527897356,1792000
2023-03-15 11:25:00,186.81187527897356,186.8077888590212,186.74291267782252,186.75947988241552,1406000
2023-03-15 11:30:00,186.75947988241552,186.89536421442205,186.67560011218112,186.75556027812672,1958000
2023-03-15 11:35:00,186.75556027812672,186.89077313333334,186.74391998603124,186.88700946851648,172000
2023-03-15 11:40:00,186.88700946851648,186.85570742232682,186.73974166666667,186.7476711950964,871000
2023-03-15 11:45:00,186.7476711950964,186.7630326431214,186.67002456213132,186.68847238398862,972000
2023-03-15 11:50:00,186.68847238398862,186.84991250227185,186.70981878232757,186.7664512778934,1961000
2023-03-15 11:55:00,186.7664512778934,186.87822449617522,186.67922796379696,186.75546778237242,221000
2023-03-15 12:00:00,186.75546778237242,186.99458074363739,186.80699124610837,186.92329658490735,1073000
2023-03-15 12:05:00,186.92329658490735,187.0179322070345,186.83822261263828,186.9363299,1079000
2023-03-15 12:10:00,186.9363299,187.14267734425397,186.99322921348613,187.03752022879232,1311000
2023-03-15 12:15:00,187.03752022879232,187.21505842051454,187.00708226666666,187.13517861647279,966000
2023-03-15 12:20:00,187.13517861647279,187.3991668748284,187.1779196500194,187.27164336666667,476000
2023-03-15 12:25:00,187.27164336666667,187.50415368102284,187.3761467750901,187.45254200539623,720000
2023-03-15 12:30:00,187.45254200539623,187.41121008386278,187.24013690145682,187.3813631401318,1143000
2023-03-15 12:35:00,187.3813631401318,187.60299129093704,187.43818031944858,187.4782127914114,1446000
2023-03-15 12:40:00,187.4782127914114,187.64721906151826,187.52580840000002,187.58776069634112,840000
2023-03-15 12:45:00,187.58776069634112,187.6507146566133,187.53181469026975,187.6361566763281,1636000
2023-03-15 12:50:00,187.6361566763281,187.86401759916626,187.62302957768182,187.7407752372325,1167000
2023-03-15 12:55:00,187.7407752372325,187.74585262609972,187.63413018392947,187.67321324434255,499000
2023-03-15 13:00:00,187.67321324434255,187.7814669767542,187.68232333537176,187.73962758099879,254000
2023-03-15 13:05:00,187.73962758099879,187.81409143779845,187.59536786931577,187.70798331241124,1322000
2023-03-15 13:10:00,187.70798331241124,187.9952584920708,187.88019508722044,187.90418709494008,1858000
2023-03-15 13:15:00,187.90418709494008,187.89785288978018,187.78793561963946,187.86396400702654,430000
2023-03-15 13:20:00,187.86396400702654,187.83559172520503,187.6253367225726,187.693418247966,1990000
2023-03-15 13:25:00,187.693418247966,187.7725003110582,187.65552077358913,187.70625826426172,1332000
2023-03-15 13:30:00,187.70625826426172,187.79253620052387,187.64612078105944,187.70208118198659,346000
2023-03-15 13:35:00,187.70208118198659,187.80036676666666,187.55048404572318,187.7018865423965,529000
2023-03-15 13:40:00,187.7018865423965,187.7718077761956,187.6988520666667,187.74231767331736,1401000
2023-03-15 13:45:00,187.74231767331736,187.79231992164395,187.6563611813141,187.74136422613452,1781000
2023-03-15 13:50:00,187.74136422613452,187.7530849452508,187.65971773352857,187.71204167192184,1076000
2023-03-15 13:55:00,187.71204167192184,187.8652905325964,187.7125042114639,187.7806658071667,774000
2023-03-15 14:00:00,187.7806658071667,187.950355992714,187.82240579601506,187.87735118385217,228000
2023-03-15 14:05:00,187.87735118385217,187.8975806199627,187.75438502758394,187.87681328182558,1203000
2023-03-15 14:10:00,187.87681328182558,187.9823667775535,187.86004897336036,187.9148485288224,482000
2023-03-15 14:15:00,187.9148485288224,188.0273077684748,187.86344044210145,187.92058778908483,571000
2023-03-15 14:20:00,187.92058778908483,188.00420487813642,187.8284850418881,187.92232223575897,1285000
2023-03-15 14:25:00,187.92232223575897,188.12398233408172,187.93052173333334,187.9846187839768,1788000
2023-03-15 14:30:00,187.9846187839768,188.10094042284098,187.89472751578847,187.99507424779307,1917000
2023-03-15 14:35:00,187.99507424779307,188.12526995613626,188.01325738405572,188.12843604456683,924000
2023-03-15 14:40:00,188.12843604456683,188.33772486102853,188.16369694504766,188.20550835923183,1667000
2023-03-15 14:45:00,188.20550835923183,188.24901273333336,188.10429797366325,188.13789982471573,473000
2023-03-15 14:50:00,188.13789982471573,188.3207705921712,188.2384053554999,188.32532351837108,1533000
2023-03-15 14:55:00,188.32532351837108,188.41817607715456,188.31799154059888,188.3556342,1329000
2023-03-15 15:00:00,188.3556342,188.51582871655597,188.33223977604013,188.40104214649298,413000
2023-03-15 15:05:00,188.40104214649298,188.4586718710347,188.35430784145646,188.39781261454098,718000
2023-03-15 15:10:00,188.39781261454098,188.51596865376547,188.4025138,188.43857638166762,1219000
2023-03-15 15:15:00,188.43857638166762,188.5079947580035,188.44100760993402,188.43731392265363,1839000
2023-03-15 15:20:00,188.43731392265363,188.61254178722757,188.45834959344018,188.50844686019855,1989000
2023-03-15 15:25:00,188.50844686019855,188.53438479845755,188.36747958522704,188.43828867326252,1150000
2023-03-15 15:30:00,188.43828867326252,188.36986507606738,188.2613234353908,188.3194960074894,1709000
2023-03-15 15:35:00,188.3194960074894,188.45417234467988,188.21078067445106,188.33473294145804,988000
2023-03-15 15:40:00,188.33473294145804,188.37635360836364,188.2439208891715,188.35970940504376,1303000
2023-03-15 15:45:00,188.35970940504376,188.56610753333334,188.3779761152799,188.46243401566454,1438000
2023-03-15 15:50:00,188.46243401566454,188.5054092820907,188.42893778744028,188.5039238133613,403000
2023-03-15 15:55:00,188.5039238133613,188.62119933333332,188.48870488101483,188.51370177156713,957000
2023-03-15 16:00:00,188.51370177156713,188.54747283092405,188.4568083,188.51293726666665,1568000
2023-03-16 09:30:00,188.51293726666665,188.55395864176592,188.36419932508892,188.45064648932515,1422000
2023-03-16 09:35:00,188.45064648932515,188.4862721004388,188.3512748096942,188.4023620528219,1765000
2023-03-16 09:40:00,188.4023620528219,188.42169816068375,188.1752566011242,188.30965987775843,1679000
2023-03-16 09:45:00,188.30965987775843,188.39693297502114,188.28156032749283,188.33815633286648,198000
2023-03-16 09:50:00,188.33815633286648,188.4307181,188.28043596666666,188.39129703899815,1955000
2023-03-16 09:55:00,188.39129703899815,188.5472844583895,188.41876682807157,188.48437656597562,192000
2023-03-16 10:00:00,188.48437656597562,188.57691200346628,188.51859630180164,188.5781436046292,1799000
2023-03-16 10:05:00,188.5781436046292,188.6918551195126,188.5230115151735,188.59492093189544,425000
2023-03-16 10:10:00,188.59492093189544,188.50081090869782,188.32412793414557,188.4416743572721,774000
2023-03-16 10:15:00,188.4416743572721,188.64607748306648,188.49314396712822,188.52403444099178,1603000
2023-03-16 10:20:00,188.52403444099178,188.70474622788416,188.5043061896444,188.56236181258296,723000
2023-03-16 10:25:00,188.56236181258296,188.48945089286372,188.34576445567276,188.41956640628447,314000
2023-03-16 10:30:00,188.41956640628447,188.53469270643168,188.30788320000002,188.39559744347963,997000
2023-03-16 10:35:00,188.39559744347963,188.4965040321992,188.29887268393745,188.3736018704552,1786000
2023-03-16 10:40:00,188.3736018704552,188.38855487151608,188.19106370510343,188.34425872487788,1424000
2023-03-16 10:45:00,188.34425872487788,188.35639422741272,188.24843999103587,188.31880649205428,817000
2023-03-16 10:50:00,188.31880649205428,188.3986593324153,188.26588379967436,188.30162138960787,712000
2023-03-16 10:55:00,188.30162138960787,188.3943112512192,188.2863165436689,188.40825089607185,1074000
2023-03-16 11:00:00,188.40825089607185,188.48913120856594,188.27414528770868,188.36301078619712,1618000
2023-03-16 11:05:00,188.36301078619712,188.46380894420224,188.2918717872479,188.4281883525723,310000
2023-03-16 11:10:00,188.4281883525723,188.54084174530323,188.41516626678606,188.42639700368915,1598000
2023-03-16 11:15:00,188.42639700368915,188.58273735030113,188.36436542109016,188.46830353235939,1351000
2023-03-16 11:20:00,188.46830353235939,188.52068657701108,188.43076500943258,188.51175623485923,609000
2023-03-16 11:25:00,188.51175623485923,188.5546046262636,188.41804619801283,188.51219460996387,1994000
2023-03-16 11:30:00,188.51219460996387,188.71730182461877,188.5803694782664,188.5662454936948,224000
2023-03-16 11:35:00,188.5662454936948,188.80432331466622,188.6387252516524,188.6978154169998,775000
2023-03-16 11:40:00,188.6978154169998,188.70643261197884,188.57465370523127,188.64952619820335,288000
2023-03-16 11:45:00,188.64952619820335,188.66922791349438,188.48906861902603,188.57038476089227,705000
2023-03-16 11:50:00,188.57038476089227,188.6270254955753,188.4700711313127,188.4985741176468,589000
2023-03-16 11:55:00,188.4985741176468,188.633515730295,188.47057641982192,188.5035584529726,1612000
2023-03-16 12:00:00,188.5035584529726,188.5114520151735,188.33592251903676,188.45456623333334,1320000
2023-03-16 12:05:00,188.45456623333334,188.4647037,188.34935679588662,188.46489256017244,1046000
2023-03-16 12:10:00,188.46489256017244,188.39134736666668,188.20190165022868,188.2531994187084,1541000
2023-03-16 12:15:00,188.2531994187084,188.49536481229683,188.32386218105322,188.34768082243284,476000
2023-03-16 12:20:00,188.34768082243284,188.4840793286302,188.36791360786194,188.39706657876948,960000
2023-03-16 12:25:00,188.39706657876948,188.54551052004078,188.4286883267323,188.49057099396916,830000
2023-03-16 12:30:00,188.49057099396916,188.48331929240595,188.3802444810519,188.47029265706215,643000
2023-03-16 12:35:00,188.47029265706215,188.37136655695627,188.19697277094858,188.34336004117412,635000
2023-03-16 12:40:00,188.34336004117412,188.29999313195148,188.21380900308085,188.22677073362087,1588000
2023-03-16 12:45:00,188.22677073362087,188.23297197863093,188.12437905281783,188.13201702656576,720000
2023-03-16 12:50:00,188.13201702656576,188.14495421284812,187.95336723071495,188.0940021294992,1265000
2023-03-16 12:55:00,188.0940021294992,188.22957075052625,188.05339669090372,188.14950021925296,1239000
2023-03-16 13:00:00,188.14950021925296,188.14629496666666,188.00349928484903,188.1101039306869,709000
2023-03-16 13:05:00,188.1101039306869,188.2475405441654,188.1196690904045,188.20785710363648,1467000
2023-03-16 13:10:00,188.20785710363648,188.34832318405495,188.20789450897743,188.26886124878405,356000
2023-03-16 13:15:00,188.26886124878405,188.23431580137532,188.09657238065708,188.16394531003218,1471000
2023-03-16 13:20:00,188.16394531003218,188.31373440701503,188.19203844210975,188.17850966666668,533000
2023-03-16 13:25:00,188.17850966666668,188.2036430976678,188.07762492634927,188.1027194283764,1525000
2023-03-16 13:30:00,188.1027194283764,188.17401516608487,188.02640303531518,188.16067409915598,1000000
2023-03-16 13:35:00,188.16067409915598,188.2269439154124,188.17607713004983,188.18602927074323,1775000
2023-03-16 13:40:00,188.18602927074323,188.16938514827038,188.10405200157138,188.11519301285074,711000
2023-03-16 13:45:00,188.11519301285074,188.21321513333334,188.0738983526962,188.18173743333332,859000
2023-03-16 13:50:00,188.18173743333332,188.2573626840211,188.11694694809248,188.2446518219526,1217000
2023-03-16 13:55:00,188.2446518219526,188.229789,188.11241215163656,188.17818694279757,749000
2023-03-16 14:00:00,188.17818694279757,188.13266930874596,187.95387171820502,188.09724885028183,139000
2023-03-16 14:05:00,188.09724885028183,188.23743300988514,188.00224790488008,188.12198049161253,1730000
2023-03-16 14:10:00,188.12198049161253,188.17448791432616,188.04509793333332,188.1548772932743,1210000
2023-03-16 14:15:00,188.1548772932743,188.2102200512096,188.08515978187626,188.11308918799023,1469000
2023-03-16 14:20:00,188.11308918799023,188.13548645569188,188.0337113947209,188.03023582810087,1053000
2023-03-16 14:25:00,188.03023582810087,188.1647916123953,188.01219849777908,188.12092556528296,1518000
2023-03-16 14:30:00,188.12092556528296,188.32206774668373,188.1098387674031,188.21003335738106,973000
2023-03-16 14:35:00,188.21003335738106,188.3259883310973,188.23326575026618,188.2673896153926,1776000
2023-03-16 14:40:00,188.2673896153926,188.45745950938147,188.38617063333334,188.4228602355126,1845000
2023-03-16 14:45:00,188.4228602355126,188.44795590248393,188.29243098701986,188.36140900435547,1638000
2023-03-16 14:50:00,188.36140900435547,188.34897263333332,188.1542080522703,188.2503790617441,1334000
2023-03-16 14:55:00,188.2503790617441,188.32600672372882,188.17447176035736,188.27439634135652,739000
2023-03-16 15:00:00,188.27439634135652,188.3363398917358,188.154599388634,188.30648772192504,740000
2023-03-16 15:05:00,188.30648772192504,188.40756007523515,188.22286901573162,188.35581783732377,1337000
2023-03-16 15:10:00,188.35581783732377,188.37927580675577,188.17221725869908,188.24098649725786,1881000
2023-03-16 15:15:00,188.24098649725786,188.23648760608413,188.12452777638023,188.18014403333333,1867000
2023-03-16 15:20:00,188.18014403333333,188.24104684223747,188.12750274361056,188.25172020851429,264000
2023-03-16 15:25:00,188.25172020851429,188.34968639722544,188.1297457565159,188.25764211447577,1729000
2023-03-16 15:30:00,188.25764211447577,188.3603083697292,188.23797050499385,188.3170094423306,466000
2023-03-16 15:35:00,188.3170094423306,188.34354620000002,188.16244897146726,188.29003339658553,319000
2023-03-16 15:40:00,188.29003339658553,188.15852265470187,187.99015832510432,188.12507934936352,613000
2023-03-16 15:45:00,188.12507934936352,188.51201318206256,188.2737571733051,188.36718413719746,1105000
2023-03-16 15:50:00,188.36718413719746,188.4286157,188.27157033258817,188.4107130397174,1444000
2023-03-16 15:55:00,188.4107130397174,188.66477334197887,188.54370550000002,188.6345417198874,110000
2023-03-16 16:00:00,188.6345417198874,188.6805576227786,188.55666534622716,188.6508033656642,1303000
2023-03-17 09:30:00,188.6508033656642,188.6205411,188.50499260616837,188.52051406723376,1000000
2023-03-17 09:35:00,188.52051406723376,188.65327356898078,188.4097224089348,188.5544558188341,559000
2023-03-17 09:40:00,188.5544558188341,188.74500972734862,188.5061021737475,188.57648978782885,607000
2023-03-17 09:45:00,188.57648978782885,188.69866855854096,188.60776427639317,188.67079420393685,115000
2023-03-17 09:50:00,188.67079420393685,188.76018751060153,188.58619538804453,188.63834847902788,257000
2023-03-17 09:55:00,188.63834847902788,188.74619126899023,188.6658683796794,188.67193000171048,190000
2023-03-17 10:00:00,188.67193000171048,188.73704084503225,188.58012736223787,188.69353609937625,1219000
2023-03-17 10:05:00,188.69353609937625,188.7843377920511,188.58908548203456,188.6974014176736,251000
2023-03-17 10:10:00,188.6974014176736,188.8874953800459,188.7186580468127,188.82731263333332,1404000
2023-03-17 10:15:00,188.82731263333332,188.92730257167287,188.8493468301879,188.84541081112653,1226000
2023-03-17 10:20:00,188.84541081112653,188.86579987481403,188.70840883333332,188.8351592511922,1365000
2023-03-17 10:25:00,188.8351592511922,188.79169611935987,188.59780748726658,188.71073253860752,1613000
2023-03-17 10:30:00,188.71073253860752,188.6086122880037,188.57502538146846,188.6263169021931,1100000
2023-03-17 10:35:00,188.6263169021931,188.68750769372747,188.5394158308801,188.57119725317932,1044000
2023-03-17 10:40:00,188.57119725317932,188.7021769455396,188.53384699307915,188.5056915153015,1254000
2023-03-17 10:45:00,188.5056915153015,188.6214468,188.5474156354911,188.55535316794075,1760000
2023-03-17 10:50:00,188.55535316794075,188.69973170727903,188.57099507996526,188.63136373134415,1754000
2023-03-17 10:55:00,188.63136373134415,188.66830956136565,188.58906715737484,188.63639271830405,817000
2023-03-17 11:00:00,188.63639271830405,188.80773376717516,188.7464181862092,188.77917260906406,471000
2023-03-17 11:05:00,188.77917260906406,188.90963501339974,188.75214785605792,188.8296057366345,445000
2023-03-17 11:10:00,188.8296057366345,188.91823724607949,188.69643443511936,188.80562799861906,1036000
2023-03-17 11:15:00,188.80562799861906,188.79660631114905,188.66891904178922,188.7019832660542,1956000
2023-03-17 11:20:00,188.7019832660542,188.74798180000002,188.6311475660298,188.7385125828119,653000
2023-03-17 11:25:00,188.7385125828119,188.79713184190842,188.73149945498068,188.74010047021162,148000
2023-03-17 11:30:00,188.74010047021162,188.80590543333335,188.68607962245557,188.7366033572906,1937000
2023-03-17 11:35:00,188.7366033572906,188.70245400091815,188.57440133932508,188.5923837110021,721000
2023-03-17 11:40:00,188.5923837110021,188.7766607295339,188.63337586666665,188.7156419399962,1867000
2023-03-17 11:45:00,188.7156419399962,188.73381886666667,188.5545693101094,188.66325383333333,1358000
2023-03-17 11:50:00,188.66325383333333,188.77689020412222,188.59358093604988,188.63544956807826,127000
2023-03-17 11:55:00,188.63544956807826,188.70260459229254,188.5319873542056,188.67518342421397,522000
2023-03-17 12:00:00,188.67518342421397,188.8038811333333,188.57846327593518,188.71891974220944,1604000
2023-03-17 12:05:00,188.71891974220944,188.66587027627486,188.5103397593066,188.69031283333334,1636000
2023-03-17 12:10:00,188.69031283333334,188.67457320146366,188.59083137465993,188.64886250793555,1646000
2023-03-17 12:15:00,188.64886250793555,188.64093088257562,188.4624710548396,188.53046849437615,1229000
2023-03-17 12:20:00,188.53046849437615,188.6762351264859,188.53822404783583,188.54291553739782,1069000
2023-03-17 12:25:00,188.54291553739782,188.71468573375813,188.5470279006671,188.55297793333332,1646000
2023-03-17 12:30:00,188.55297793333332,188.7046885558822,188.5628620048361,188.6921409275481,1241000
2023-03-17 12:35:00,188.6921409275481,188.84501451239973,188.7364798820298,188.7792091260463,222000
2023-03-17 12:40:00,188.7792091260463,188.81652343301678,188.65731170245138,188.7964775429934,430000
2023-03-17 12:45:00,188.7964775429934,188.78480313723347,188.62441773448364,188.74500783488227,1641000
2023-03-17 12:50:00,188.74500783488227,188.87966533341262,188.75392646183914,188.86939976662717,1293000
2023-03-17 12:55:00,188.86939976662717,189.00759129042345,188.8393294570625,188.90697859847594,652000
2023-03-17 13:00:00,188.90697859847594,189.0532765306136,188.92743946666667,188.99939940387145,1567000
2023-03-17 13:05:00,188.99939940387145,189.24100578824923,189.09469293333333,189.2001734418617,1148000
2023-03-17 13:10:00,189.2001734418617,189.13529255262483,189.04962707233037,189.10283859332085,391000
2023-03-17 13:15:00,189.10283859332085,189.28894921315444,189.08546899502971,189.18012173472462,926000
2023-03-17 13:20:00,189.18012173472462,189.13931211457262,189.02982803333333,189.13480893038457,1137000
2023-03-17 13:25:00,189.13480893038457,189.3063590230998,189.14765028218807,189.25296309117053,194000
2023-03-17 13:30:00,189.25296309117053,189.2755752040918,189.06460573172953,189.17515078535524,700000
2023-03-17 13:35:00,189.17515078535524,189.29362950424985,189.19757293333333,189.18744358634729,1216000
2023-03-17 13:40:00,189.18744358634729,189.30527454254607,189.16296200149884,189.1936479128339,589000
2023-03-17 13:45:00,189.1936479128339,189.2650519414954,189.16000783661926,189.24829013333334,553000
2023-03-17 13:50:00,189.24829013333334,189.38342021915324,189.25262468433817,189.33047087269637,1106000
2023-03-17 13:55:00,189.33047087269637,189.37453105817286,189.2408234763501,189.3324134193011,399000
2023-03-17 14:00:00,189.3324134193011,189.29267026126462,189.05197031637638,189.19939669148425,645000
2023-03-17 14:05:00,189.19939669148425,189.19443939597193,189.0991988597247,189.14161227177448,924000
2023-03-17 14:10:00,189.14161227177448,189.2430248570448,189.10085507892944,189.14421461708403,387000
2023-03-17 14:15:00,189.14421461708403,189.1601516640963,188.90537120068612,189.03242182112936,1630000
2023-03-17 14:20:00,189.03242182112936,188.89200991909613,188.79282905662816,188.91045780698053,1822000
2023-03-17 14:25:00,188.91045780698053,189.01864254828678,188.95018157173527,188.96823666666666,1197000
2023-03-17 14:30:00,188.96823666666666,189.1269024295901,189.07808242277488,189.1010976751949,1310000
2023-03-17 14:35:00,189.1010976751949,189.0816026289399,188.98784629167676,189.06295337844364,1414000
2023-03-17 14:40:00,189.06295337844364,189.13809850044078,188.9346228823092,189.03584535897687,544000
2023-03-17 14:45:00,189.03584535897687,189.13475514270056,189.02577903008412,189.13448796168987,275000
2023-03-17 14:50:00,189.13448796168987,189.23083285573355,189.05324840451428,189.16765217333145,1628000
2023-03-17 14:55:00,189.16765217333145,189.41491926349323,189.29925548875786,189.33037949669412,1955000
2023-03-17 15:00:00,189.33037949669412,189.3824828089892,189.34984870385344,189.34120695502892,1779000
2023-03-17 15:05:00,189.34120695502892,189.41714183578586,189.20498756666666,189.31717180569422,1571000
2023-03-17 15:10:00,189.31717180569422,189.3907372,189.27215679597012,189.35357881758227,1809000
2023-03-17 15:15:00,189.35357881758227,189.39930959760005,189.2631019955091,189.27299755884152,901000
2023-03-17 15:20:00,189.27299755884152,189.42349774090562,189.25237565499978,189.2965024402007,1265000
2023-03-17 15:25:00,189.2965024402007,189.47916187014116,189.3390198332812,189.38815696177912,567000
2023-03-17 15:30:00,189.38815696177912,189.40978053333336,189.2851755184621,189.2895468447949,572000
2023-03-17 15:35:00,189.2895468447949,189.35782821196491,189.1880625465651,189.3155536666667,165000
2023-03-17 15:40:00,189.3155536666667,189.31218395643515,189.1159502761832,189.24166871379214,987000
2023-03-17 15:45:00,189.24166871379214,189.1827832129024,189.04683563286025,189.14454188178863,775000
2023-03-17 15:50:00,189.14454188178863,189.1354348340896,189.00798317613402,189.13170906349254,235000
2023-03-17 15:55:00,189.13170906349254,189.33344688779388,189.11691115702496,189.27037813242694,1338000
2023-03-17 16:00:00,189.27037813242694,189.33606340204682,189.19544931062217,189.21893218064514,1241000
2023-03-20 09:30:00,189.21893218064514,189.49343892862723,189.3565199860123,189.46687701835825,1585000
2023-03-20 09:35:00,189.46687701835825,189.6118731354345,189.47098666666668,189.53969080761095,299000
2023-03-20 09:40:00,189.53969080761095,189.67027971969375,189.5922812576528,189.58390216283917,1734000
2023-03-20 09:45:00,189.58390216283917,189.61968701495644,189.45855083333333,189.5469953333333,950000
2023-03-20 09:50:00,189.5469953333333,189.6382994433271,189.4646937616049,189.54542670483505,1352000
2023-03-20 09:55:00,189.54542670483505,189.48339388632527,189.3610514962738,189.40722722386872,517000
2023-03-20 10:00:00,189.40722722386872,189.48904409485095,189.3057273935594,189.40227885868217,976000
2023-03-20 10:05:00,189.40227885868217,189.49090262273972,189.30301886666666,189.35821646666668,353000
2023-03-20 10:10:00,189.35821646666668,189.50761795363545,189.24975903046092,189.32759900501273,1467000
2023-03-20 10:15:00,189.32759900501273,189.48903301067045,189.4028738718577,189.42496276666668,842000
2023-03-20 10:20:00,189.42496276666668,189.45582239236148,189.39053809888296,189.47792283826325,1962000
2023-03-20 10:25:00,189.47792283826325,189.55656545337536,189.40888134161534,189.5025299527362,1780000
2023-03-20 10:30:00,189.5025299527362,189.42262012616922,189.3364036185065,189.3763342769552,1227000
2023-03-20 10:35:00,189.3763342769552,189.4561111,189.34012252461142,189.38796421450218,368000
2023-03-20 10:40:00,189.38796421450218,189.4673014553957,189.2942842849398,189.39528047207233,1658000
2023-03-20 10:45:00,189.39528047207233,189.44199168273826,189.38440290327546,189.39507188893685,1663000
2023-03-20 10:50:00,189.39507188893685,189.5321084289015,189.46303182178897,189.4619510627982,1444000
2023-03-20 10:55:00,189.4619510627982,189.41505428046338,189.29762190616356,189.37502290237023,1631000
2023-03-20 11:00:00,189.37502290237023,189.5745422809392,189.4095642303293,189.49896781763832,1853000
2023-03-20 11:05:00,189.49896781763832,189.52513616666664,189.34927943466099,189.46789039118147,634000
2023-03-20 11:10:00,189.46789039118147,189.75399922601594,189.5728718390158,189.60113345984215,841000
2023-03-20 11:15:00,189.60113345984215,189.76727309999998,189.58246386498104,189.6309868053806,768000
2023-03-20 11:20:00,189.6309868053806,189.85928975516288,189.65909867730696,189.73885431199213,1888000
2023-03-20 11:25:00,189.73885431199213,189.78286058646816,189.6918336619047,189.75150701920347,316000
2023-03-20 11:30:00,189.75150701920347,189.7984414538891,189.68538403326585,189.71955366666668,1774000
2023-03-20 11:35:00,189.71955366666668,189.87717816632346,189.73734815867232,189.80559233263259,1264000
2023-03-20 11:40:00,189.80559233263259,189.86568662937307,189.71774585207717,189.77502639326838,430000
2023-03-20 11:45:00,189.77502639326838,189.81897320000002,189.69369089131058,189.71820675977452,1416000
2023-03-20 11:50:00,189.71820675977452,189.80521805447017,189.6767110426104,189.79049533784894,559000
2023-03-20 11:55:00,189.79049533784894,189.8694286666667,189.79217366290177,189.84476567302502,1111000
2023-03-20 12:00:00,189.84476567302502,189.91672799602767,189.76873914131446,189.86635796178072,303000
2023-03-20 12:05:00,189.86635796178072,189.9687626661074,189.79939061515051,189.8703905793706,1791000
2023-03-20 12:10:00,189.8703905793706,189.79445067040075,189.6553837840826,189.77248597697474,546000
2023-03-20 12:15:00,189.77248597697474,189.9083059666667,189.75884242299182,189.86634153333335,200000
2023-03-20 12:20:00,189.86634153333335,189.81324655527652,189.76997943443263,189.80477229485513,1017000
2023-03-20 12:25:00,189.80477229485513,189.6770783505977,189.56604690274023,189.63848223626772,862000
2023-03-20 12:30:00,189.63848223626772,189.86550009234784,189.79602689100295,189.80680560000002,1717000
2023-03-20 12:35:00,189.80680560000002,190.0343015943831,189.88267796666665,189.94090732475843,301000
2023-03-20 12:40:00,189.94090732475843,190.0435612145835,189.82421714704194,189.91765727558558,1746000
2023-03-20 12:45:00,189.91765727558558,190.10925932710595,189.9115163333333,189.99509511872108,1492000
2023-03-20 12:50:00,189.99509511872108,190.02607953416975,189.97374404687343,189.98452123567074,556000
2023-03-20 12:55:00,189.98452123567074,190.04750257398396,189.83605008888762,189.99792523333332,1012000
2023-03-20 13:00:00,189.99792523333332,190.00337765164264,189.888322,189.90318637966493,1144000
2023-03-20 13:05:00,189.90318637966493,189.9796008766122,189.80900318234126,189.8163915829894,1305000
2023-03-20 13:10:00,189.8163915829894,189.97673250503718,189.75699300215294,189.8162647550876,758000
2023-03-20 13:15:00,189.8162647550876,189.87645697058056,189.77235310002717,189.78277480101957,1444000
2023-03-20 13:20:00,189.78277480101957,189.64908243730954,189.4914583431356,189.58650107180017,469000
2023-03-20 13:25:00,189.58650107180017,189.61911191301894,189.51530286666667,189.53009133152355,500000
2023-03-20 13:30:00,189.53009133152355,189.49237450250072,189.4085277377912,189.47237241886413,506000
2023-03-20 13:35:00,189.47237241886413,189.56645727953003,189.40702641744446,189.4958167329487,1006000
2023-03-20 13:40:00,189.4958167329487,189.57761212010914,189.41558888361624,189.47275591918725,1407000
2023-03-20 13:45:00,189.47275591918725,189.63412688801478,189.52449924785347,189.53630720607828,287000
2023-03-20 13:50:00,189.53630720607828,189.56608667996645,189.47058194853662,189.58409889860656,1755000
2023-03-20 13:55:00,189.58409889860656,189.4742724402757,189.32425309949696,189.43591323934896,977000
2023-03-20 14:00:00,189.43591323934896,189.43104285183972,189.2662788342948,189.38807975843667,1395000
2023-03-20 14:05:00,189.38807975843667,189.2664172035403,189.14792485721816,189.2928913774084,246000
2023-03-20 14:10:00,189.2928913774084,189.27167905306655,189.11511649262607,189.17788355714643,154000
2023-03-20 14:15:00,189.17788355714643,189.24913046666668,189.01587066019098,189.11562669912857,1245000
2023-03-20 14:20:00,189.11562669912857,189.25674512783812,189.11920502105832,189.21643179983778,822000
2023-03-20 14:25:00,189.21643179983778,189.2778728014654,189.1478078387746,189.3177143359013,1683000
2023-03-20 14:30:00,189.3177143359013,189.19159421785565,189.05598853027738,189.06954740776675,1743000
2023-03-20 14:35:00,189.06954740776675,189.13480697919948,188.9225840262963,189.0500707737828,1003000
2023-03-20 14:40:00,189.0500707737828,189.06716878764618,188.94906182954944,189.00392231846237,468000
2023-03-20 14:45:00,189.00392231846237,188.9821813967508,188.9111802730642,188.91224589991103,651000
2023-03-20 14:50:00,188.91224589991103,189.01441150009578,188.8206147493196,188.99472899283623,1086000
2023-03-20 14:55:00,188.99472899283623,188.89971121411702,188.81690238279185,188.88139948896477,451000
2023-03-20 15:00:00,188.88139948896477,188.92979276666668,188.75488403803257,188.86450063727315,1885000
2023-03-20 15:05:00,188.86450063727315,188.9335557266273,188.71951931255973,188.8288549721474,811000
2023-03-20 15:10:00,188.8288549721474,188.90937531606872,188.80302658092396,188.8458228437372,1651000
2023-03-20 15:15:00,188.8458228437372,189.0835345254544,188.9014195392144,188.94643903333332,562000
2023-03-20 15:20:00,188.94643903333332,189.14557311524078,189.00488464279658,189.02848417464782,1364000
2023-03-20 15:25:00,189.02848417464782,188.98513377001743,188.8631016375123,188.93069325782758,415000
2023-03-20 15:30:00,188.93069325782758,189.26038533045758,189.06058353778806,189.1737941469898,1524000
2023-03-20 15:35:00,189.1737941469898,189.27545503333334,189.12661495579707,189.21127120420658,833000
2023-03-20 15:40:00,189.21127120420658,189.26673256657386,189.15654564717855,189.19199797466078,1035000
2023-03-20 15:45:00,189.19199797466078,189.1862105287422,189.0851073138343,189.1335312956632,1558000
2023-03-20 15:50:00,189.1335312956632,189.2733304,189.10251957933076,189.12662977655052,1564000
2023-03-20 15:55:00,189.12662977655052,189.3119200881304,189.12573910464772,189.2260436172424,808000
2023-03-20 16:00:00,189.2260436172424,189.4542910694017,189.24642638771002,189.38650432135304,531000
2023-03-21 09:30:00,189.38650432135304,189.49441233227026,189.37260394102992,189.38725694583087,1570000
2023-03-21 09:35:00,189.38725694583087,189.46258756604274,189.2662057153139,189.35308636666664,1665000
2023-03-21 09:40:00,189.35308636666664,189.33729669043785,189.2108159888699,189.29139298935084,1130000
2023-03-21 09:45:00,189.29139298935084,189.47686097611438,189.33255723333332,189.37542363333333,142000
2023-03-21 09:50:00,189.37542363333333,189.39145450102006,189.18049425148493,189.28321604022483,593000
2023-03-21 09:55:00,189.28321604022483,189.49911883240878,189.3553710426189,189.40328877220736,1714000
2023-03-21 10:00:00,189.40328877220736,189.45445303333332,189.2303526737429,189.33040051953955,949000
2023-03-21 10:05:00,189.33040051953955,189.5325912598993,189.34608893709543,189.41063457716726,1215000
2023-03-21 10:10:00,189.41063457716726,189.55557562909203,189.44097311339436,189.52573979033596,1427000
2023-03-21 10:15:00,189.52573979033596,189.86071470116622,189.74582250275907,189.78107379295093,367000
2023-03-21 10:20:00,189.78107379295093,189.83305866632196,189.65585976666668,189.76148391069032,623000
2023-03-21 10:25:00,189.76148391069032,189.78922732377254,189.69698210745065,189.70932848434225,496000
2023-03-21 10:30:00,189.70932848434225,189.73566363333333,189.66078704796388,189.6910825429912,493000
2023-03-21 10:35:00,189.6910825429912,189.80151724537072,189.68803268316606,189.6968414183615,365000
2023-03-21 10:40:00,189.6968414183615,189.80578182292842,189.56935834397297,189.68585151035253,282000
2023-03-21 10:45:00,189.68585151035253,189.8622204169283,189.65020714592416,189.75032014717496,340000
2023-03-21 10:50:00,189.75032014717496,189.9057427957672,189.72758225380656,189.85289447158297,755000
2023-03-21 10:55:00,189.85289447158297,189.88730758827722,189.74368378903552,189.81707476157177,1112000
2023-03-21 11:00:00,189.81707476157177,189.81591949999998,189.75626892400257,189.78381939012203,668000
2023-03-21 11:05:00,189.78381939012203,189.86560665382007,189.69797162530614,189.77554796362756,1536000
2023-03-21 11:10:00,189.77554796362756,189.73516719152062,189.58585803333332,189.72113136666667,1854000
2023-03-21 11:15:00,189.72113136666667,189.82230617708103,189.6518289885809,189.7589627260924,1006000
2023-03-21 11:20:00,189.7589627260924,189.84210050377092,189.75328495160107,189.7868615308925,535000
2023-03-21 11:25:00,189.7868615308925,189.88836061843858,189.73919308021712,189.870666,966000
2023-03-21 11:30:00,189.870666,190.05636539329166,189.93884725231786,189.97554644041082,481000
2023-03-21 11:35:00,189.97554644041082,190.04382997214694,189.90853209237397,189.98361699999998,574000
2023-03-21 11:40:00,189.98361699999998,190.17837815114763,189.9236475384218,190.05814340300407,1588000
2023-03-21 11:45:00,190.05814340300407,190.36959291683846,190.1809471303813,190.2490721167842,762000
2023-03-21 11:50:00,190.2490721167842,190.3491451534844,190.20257491045953,190.2838782881054,1493000
2023-03-21 11:55:00,190.2838782881054,190.3034157789447,190.16239904654455,190.2373452168063,1027000
2023-03-21 12:00:00,190.2373452168063,190.33724038751095,190.1390614508463,190.20936807753392,1152000
2023-03-21 12:05:00,190.20936807753392,190.16073539963327,190.00938477266524,190.1743133370355,149000
2023-03-21 12:10:00,190.1743133370355,190.26735423690224,190.13509218499775,190.12731890066644,1940000
2023-03-21 12:15:00,190.12731890066644,190.22395481606094,190.1077291591397,190.16753249083396,166000
2023-03-21 12:20:00,190.16753249083396,190.15893423079154,190.01462092901662,190.0432704,1928000
2023-03-21 12:25:00,190.0432704,190.0149416134039,189.8956575171299,190.04355081617152,1886000
2023-03-21 12:30:00,190.04355081617152,190.10153503333333,190.02003662718133,190.09969122343782,897000
2023-03-21 12:35:00,190.09969122343782,190.17882411654722,190.04818149669964,190.0663181443152,1683000
2023-03-21 12:40:00,190.0663181443152,190.1619635040824,190.0763248199926,190.08583683479543,1597000
2023-03-21 12:45:00,190.08583683479543,190.26952810843295,190.07726465967863,190.1700169311244,224000
2023-03-21 12:50:00,190.1700169311244,190.21998618861195,190.16379090410496,190.20288464841843,1483000
2023-03-21 12:55:00,190.20288464841843,190.20421032900973,190.09460872603103,190.13940155042974,931000
2023-03-21 13:00:00,190.13940155042974,190.32328639016285,190.08470989682795,190.19890618618157,428000
2023-03-21 13:05:00,190.19890618618157,190.23258085963337,190.07072835075894,190.2202984918381,514000
2023-03-21 13:10:00,190.2202984918381,190.2655948259593,190.14305253333333,190.22231172094124,1490000
2023-03-21 13:15:00,190.22231172094124,190.30091819016573,190.14463170442434,190.26737355198253,1251000
2023-03-21 13:20:00,190.26737355198253,190.43087717433588,190.28983319670164,190.39321716666666,1365000
2023-03-21 13:25:00,190.39321716666666,190.40403024775364,190.22353401484423,190.33889628810823,682000
2023-03-21 13:30:00,190.33889628810823,190.41149726780625,190.29890049815782,190.4243342490301,1628000
2023-03-21 13:35:00,190.4243342490301,190.4964950798094,190.3684138871766,190.4471894169362,534000
2023-03-21 13:40:00,190.4471894169362,190.51711658058494,190.3262719523472,190.46467317630868,1645000
2023-03-21 13:45:00,190.46467317630868,190.64103926119782,190.47739211188843,190.52681907181648,225000
2023-03-21 13:50:00,190.52681907181648,190.70332055321305,190.45581153709813,190.61648068033347,1972000
2023-03-21 13:55:00,190.61648068033347,190.7573538156574,190.6795369333333,190.70879463333333,274000
2023-03-21 14:00:00,190.70879463333333,190.94507049294586,190.8437042592701,190.9333293462111,1431000
2023-03-21 14:05:00,190.9333293462111,190.93588954404422,190.77637990364988,190.9121803702791,1064000
2023-03-21 14:10:00,190.9121803702791,191.15863236666667,190.93646958135176,191.0607215638719,870000
2023-03-21 14:15:00,191.0607215638719,191.1215926292697,191.03015630281186,191.08199533333334,1690000
2023-03-21 14:20:00,191.08199533333334,191.13025653110128,190.92576375576115,191.07506507014847,1082000
2023-03-21 14:25:00,191.07506507014847,191.17904444663642,191.0003318423652,191.12184604700448,321000
2023-03-21 14:30:00,191.12184604700448,191.1181912517339,191.03102014129578,191.0819148982782,409000
2023-03-21 14:35:00,191.0819148982782,191.15873382303653,191.07069648335565,191.08469895197808,1230000
2023-03-21 14:40:00,191.08469895197808,191.06466376704262,190.97817082734747,191.02778807915172,690000
2023-03-21 14:45:00,191.02778807915172,191.09411185903926,190.9937258627441,191.03858801099761,1876000
2023-03-21 14:50:00,191.03858801099761,191.22470945199535,190.97537522827895,191.12442737205922,1230000
2023-03-21 14:55:00,191.12442737205922,191.2469352962686,191.03434560373123,191.18474351827615,388000
2023-03-21 15:00:00,191.18474351827615,191.31045370579056,191.0716799425217,191.17072841592696,1882000
2023-03-21 15:05:00,191.17072841592696,191.34884927126146,191.21284205364006,191.3384993369905,128000
2023-03-21 15:10:00,191.3384993369905,191.52920950345643,191.4838612203775,191.50818793333335,1653000
2023-03-21 15:15:00,191.50818793333335,191.60839678093458,191.47913060000002,191.54625493288503,1164000
2023-03-21 15:20:00,191.54625493288503,191.70349935242638,191.55439316800636,191.63419913719008,264000
2023-03-21 15:25:00,191.63419913719008,191.75477984833017,191.63446276666667,191.67781756202928,1839000
2023-03-21 15:30:00,191.67781756202928,191.7913934939764,191.62872141792178,191.72669871646747,804000
2023-03-21 15:35:00,191.72669871646747,191.89587317667718,191.6849063446239,191.77139214863226,935000
2023-03-21 15:40:00,191.77139214863226,191.9150768484474,191.72539450262718,191.8057983,1927000
2023-03-21 15:45:00,191.8057983,191.67020976666666,191.57750409357246,191.60276546593371,1846000
2023-03-21 15:50:00,191.60276546593371,191.66588527063703,191.54137337843895,191.53707683333332,1979000
2023-03-21 15:55:00,191.53707683333332,191.5704341183238,191.40262070931792,191.4301375,225000
2023-03-21 16:00:00,191.4301375,191.54858811484084,191.39796519414492,191.45449373245066,1520000
2023-03-22 09:30:00,191.45449373245066,191.4706147866718,191.31631447820058,191.4013878678948,732000
2023-03-22 09:35:00,191.4013878678948,191.42423538200597,191.3018632750932,191.35008914090824,1529000
2023-03-22 09:40:00,191.35008914090824,191.29195963161771,191.2592870306835,191.3125790612047,1232000
2023-03-22 09:45:00,191.3125790612047,191.3036728800743,191.08110931427845,191.16052366666665,1581000
2023-03-22 09:50:00,191.16052366666665,191.15281616327906,191.0683665926527,191.1718539,1193000
2023-03-22 09:55:00,191.1718539,191.21444997862721,191.05137244757694,191.04783719802205,376000
2023-03-22 10:00:00,191.04783719802205,191.15274603202207,191.05041373238157,191.11617496330004,355000
2023-03-22 10:05:00,191.11617496330004,191.22708446943895,190.99578679012575,191.12960040411457,1751000
2023-03-22 10:10:00,191.12960040411457,191.30114987147036,191.15127535949975,191.20682434488657,1211000
2023-03-22 10:15:00,191.20682434488657,191.19819781851305,191.03616237149208,191.05406070523648,1710000
2023-03-22 10:20:00,191.05406070523648,191.05295808317993,190.95279924467633,191.0769914557762,1548000
2023-03-22 10:25:00,191.0769914557762,191.24317653829576,191.10622663521093,191.12476093481519,1450000
2023-03-22 10:30:00,191.12476093481519,191.31024504565508,191.09640230000002,191.2358952179535,1327000
2023-03-22 10:35:00,191.2358952179535,191.2812374031447,191.07393213867252,191.1707335112565,168000
2023-03-22 10:40:00,191.1707335112565,191.16919396680547,190.95707421757277,191.10786785506107,1455000
2023-03-22 10:45:00,191.10786785506107,191.07140520864772,190.93924916666668,190.98655757674842,843000
2023-03-22 10:50:00,190.98655757674842,191.09331064840507,190.9926090502659,191.0224609439708,284000
2023-03-22 10:55:00,191.0224609439708,191.18217874822852,191.0299569768164,191.07997912686443,1150000
2023-03-22 11:00:00,191.07997912686443,190.9545029492516,190.78429953765024,190.88384881543186,1982000
2023-03-22 11:05:00,190.88384881543186,190.90744118558007,190.72476520371896,190.81062274958023,871000
2023-03-22 11:10:00,190.81062274958023,191.0355317946888,190.85428795141056,190.97298609275077,897000
2023-03-22 11:15:00,190.97298609275077,191.0866385753294,190.92984165878687,190.95748160297308,1859000
2023-03-22 11:20:00,190.95748160297308,191.04670703621304,190.9319635707635,190.93765368095643,693000
2023-03-22 11:25:00,190.93765368095643,190.9703611017656,190.88786723261194,190.96570705706057,1692000
2023-03-22 11:30:00,190.96570705706057,191.02838185173707,190.91023535965036,190.9470868510574,573000
2023-03-22 11:35:00,190.9470868510574,190.96584073568735,190.7867688083823,190.890624282464,1178000
2023-03-22 11:40:00,190.890624282464,190.87546116678178,190.72907801993145,190.84479161386824,190000
2023-03-22 11:45:00,190.84479161386824,190.69759451695745,190.63008020082515,190.60650263029768,806000
2023-03-22 11:50:00,190.60650263029768,190.70008884879178,190.56108438404678,190.67996933333333,1847000
2023-03-22 11:55:00,190.67996933333333,190.7401549,190.57944650997797,190.6021726696982,1945000
2023-03-22 12:00:00,190.6021726696982,190.51759666905255,190.45758210839819,190.50741892290915,1261000
2023-03-22 12:05:00,190.50741892290915,190.59776603721284,190.50392692140852,190.58385261008146,443000
2023-03-22 12:10:00,190.58385261008146,190.70521062496815,190.50921686728017,190.6842243092418,1115000
2023-03-22 12:15:00,190.6842243092418,190.74644814654945,190.67028341016828,190.7476647640362,520000
2023-03-22 12:20:00,190.7476647640362,190.67954969054597,190.57159653586686,190.6207298,633000
2023-03-22 12:25:00,190.6207298,190.5688634306189,190.4270210728259,190.52055304928462,1574000
2023-03-22 12:30:00,190.52055304928462,190.6957579,190.61087742915788,190.6169736239132,1845000
2023-03-22 12:35:00,190.6169736239132,190.71065818424893,190.58525303697306,190.66028609757223,1105000
2023-03-22 12:40:00,190.66028609757223,190.8773763605132,190.71173513629603,190.78080373024082,1087000
2023-03-22 12:45:00,190.78080373024082,190.84092449656808,190.74237519590196,190.81180988321606,895000
2023-03-22 12:50:00,190.81180988321606,190.91561066634705,190.72315666412547,190.77058708299992,282000
2023-03-22 12:55:00,190.77058708299992,190.93680713125244,190.81944199611954,190.82985169999998,874000
2023-03-22 13:00:00,190.82985169999998,190.7514255085456,190.61344920000002,190.69407978826155,449000
2023-03-22 13:05:00,190.69407978826155,190.8347231,190.6643892309895,190.72017193234257,1641000
2023-03-22 13:10:00,190.72017193234257,191.06496088945153,190.9095520276677,190.95224333991746,1530000
2023-03-22 13:15:00,190.95224333991746,190.99671538711263,190.8255574089383,190.97630586804092,444000
2023-03-22 13:20:00,190.97630586804092,190.93740492828698,190.76251486104186,190.8164929571115,1095000
2023-03-22 13:25:00,190.8164929571115,190.946010400063,190.76855794695584,190.86874544350812,478000
2023-03-22 13:30:00,190.86874544350812,190.80922848165315,190.66427834740915,190.8280591,134000
2023-03-22 13:35:00,190.8280591,190.85198661997512,190.6893322924306,190.82005526523997,606000
2023-03-22 13:40:00,190.82005526523997,190.8785312566642,190.73601539688465,190.88403652350308,1147000
2023-03-22 13:45:00,190.88403652350308,190.92463731459122,190.82236499350165,190.88136251253857,1284000
2023-03-22 13:50:00,190.88136251253857,190.9724519855763,190.76327676863977,190.78753682013195,1111000
2023-03-22 13:55:00,190.78753682013195,191.01161134150203,190.83963807910612,190.9216468167433,1275000
2023-03-22 14:00:00,190.9216468167433,190.8669050007672,190.6867563825371,190.7786210773148,1643000
2023-03-22 14:05:00,190.7786210773148,190.94044900168163,190.7874609893002,190.7977834925259,132000
2023-03-22 14:10:00,190.7977834925259,190.81525210069412,190.77224820552863,190.74204003351903,1784000
2023-03-22 14:15:00,190.74204003351903,190.62449303799494,190.4918311,190.63365946079472,261000
2023-03-22 14:20:00,190.63365946079472,190.56275526762585,190.41944276295496,190.5015915219321,538000
2023-03-22 14:25:00,190.5015915219321,190.55645434502398,190.38620077496404,190.52986032439546,1396000
2023-03-22 14:30:00,190.52986032439546,190.64876507352938,190.47782973457637,190.57982472151437,1154000
2023-03-22 14:35:00,190.57982472151437,190.59851509796516,190.54466520255014,190.6110867420046,696000
2023-03-22 14:40:00,190.6110867420046,190.68790109823723,190.43962726877444,190.57254193333335,562000
2023-03-22 14:45:00,190.57254193333335,190.74487319364238,190.50414733333335,190.67558488779156,1297000
2023-03-22 14:50:00,190.67558488779156,190.68867951726511,190.53045608098836,190.66619926666667,839000
2023-03-22 14:55:00,190.66619926666667,190.8259477961911,190.72338247358977,190.7614795803216,114000
2023-03-22 15:00:00,190.7614795803216,190.83848568596218,190.6981189765238,190.80045850371826,1121000
2023-03-22 15:05:00,190.80045850371826,190.8439420335161,190.6054957420961,190.7811683666667,138000
2023-03-22 15:10:00,190.7811683666667,190.9073520179986,190.69464597024282,190.78070023333333,944000
2023-03-22 15:15:00,190.78070023333333,190.95362008275254,190.80376324838423,190.86652616355275,1236000
2023-03-22 15:20:00,190.86652616355275,191.10382714144944,190.86155058242045,190.99725691372538,1852000
2023-03-22 15:25:00,190.99725691372538,190.99239107283762,190.89014253773777,190.89738538812512,647000
2023-03-22 15:30:00,190.89738538812512,190.9729021475686,190.83590451126122,190.90979970931184,1908000
2023-03-22 15:35:00,190.90979970931184,191.01154972867428,190.94685363553754,190.98352433058142,1605000
2023-03-22 15:40:00,190.98352433058142,191.11828447857891,191.0283975,191.05935224360454,1688000
2023-03-22 15:45:00,191.05935224360454,191.13516220316248,190.99164706226026,191.00999047223152,1387000
2023-03-22 15:50:00,191.00999047223152,191.0141130485674,190.88225343294573,190.93963219999998,1943000
2023-03-22 15:55:00,190.93963219999998,191.04227213633328,190.90563155883152,190.87518054545063,856000
2023-03-22 16:00:00,190.87518054545063,191.0372884374239,190.8231589173631,190.94740031764832,1615000
2023-03-23 09:30:00,190.94740031764832,190.90913602384555,190.78922657610747,190.9019519699471,173000
2023-03-23 09:35:00,190.9019519699471,190.98603529309636,190.86250728218164,190.8822931932601,666000
2023-03-23 09:40:00,190.8822931932601,190.81139848634268,190.70894347510594,190.80545130237178,955000
2023-03-23 09:45:00,190.80545130237178,190.7532796174275,190.65135725524095,190.74358157035041,1863000
2023-03-23 09:50:00,190.74358157035041,190.7784370918288,190.71027500119644,190.7511061,1839000
2023-03-23 09:55:00,190.7511061,190.77527439296202,190.56753283162598,190.68781383333334,989000
2023-03-23 10:00:00,190.68781383333334,190.74124451346052,190.5218889383693,190.63928831503725,1768000
2023-03-23 10:05:00,190.63928831503725,190.74083714155765,190.54101569135872,190.59185509957737,511000
2023-03-23 10:10:00,190.59185509957737,190.8391899960605,190.71191370310123,190.79711695037952,1074000
2023-03-23 10:15:00,190.79711695037952,190.79261766548197,190.68045333333333,190.6807699472136,1002000
2023-03-23 10:20:00,190.6807699472136,190.81200526521516,190.66366045375622,190.70740845368212,1575000
2023-03-23 10:25:00,190.70740845368212,190.6787137390609,190.59340650155562,190.6752738324344,1376000
2023-03-23 10:30:00,190.6752738324344,190.57784286152756,190.42669415089375,190.56835586542985,198000
2023-03-23 10:35:00,190.56835586542985,190.53703480839349,190.45867989027926,190.52249174812295,694000
2023-03-23 10:40:00,190.52249174812295,190.54076240939284,190.44037323565234,190.501830562325,1325000
2023-03-23 10:45:00,190.501830562325,190.71200264026848,190.52211381761856,190.60353263325004,1411000
2023-03-23 10:50:00,190.60353263325004,190.81703591192436,190.65247961396304,190.67348239935183,953000
2023-03-23 10:55:00,190.67348239935183,190.71263473402354,190.6190373429886,190.69402267215847,880000
2023-03-23 11:00:00,190.69402267215847,190.76349827643,190.52254803333332,190.62543942946255,1502000
2023-03-23 11:05:00,190.62543942946255,190.81571866124906,190.6618524143635,190.63880982806288,739000
2023-03-23 11:10:00,190.63880982806288,190.7977746342404,190.60840379231027,190.66487107464036,1491000
2023-03-23 11:15:00,190.66487107464036,190.74470949863777,190.52304386212293,190.6710828666667,332000
2023-03-23 11:20:00,190.6710828666667,190.77145991296896,190.68673186823779,190.71096429474895,731000
2023-03-23 11:25:00,190.71096429474895,190.95521882546961,190.79294603660958,190.86848616979375,1000000
2023-03-23 11:30:00,190.86848616979375,191.0309405781895,190.84154571539776,190.95334953260308,1711000
2023-03-23 11:35:00,190.95334953260308,191.15668663273294,191.00751257258156,191.0405982746648,643000
2023-03-23 11:40:00,191.0405982746648,191.10217678394955,190.94174331928207,191.03817993848546,1482000
2023-03-23 11:45:00,191.03817993848546,190.96833745154714,190.87716209299336,190.9201567472161,327000
2023-03-23 11:50:00,190.9201567472161,190.81855675132485,190.73318863705785,190.7778295522056,1221000
2023-03-23 11:55:00,190.7778295522056,190.67344374740216,190.55980631089454,190.60665739732974,1098000
2023-03-23 12:00:00,190.60665739732974,190.6451961430053,190.48917317645297,190.59771385406307,226000
2023-03-23 12:05:00,190.59771385406307,190.76955481704417,190.56263301629872,190.65394973333332,1109000
2023-03-23 12:10:00,190.65394973333332,190.79638213113483,190.63092495408972,190.69464280498374,1655000
2023-03-23 12:15:00,190.69464280498374,190.76762676294982,190.69466881282992,190.7160376006975,1149000
2023-03-23 12:20:00,190.7160376006975,190.76869900074144,190.6127573453495,190.69811338782313,1469000
2023-03-23 12:25:00,190.69811338782313,190.80266107037463,190.69870300523462,190.76358318507164,1098000
2023-03-23 12:30:00,190.76358318507164,190.75183912108494,190.63586025535088,190.6431547135714,950000
2023-03-23 12:35:00,190.6431547135714,190.58386893218002,190.51311355740626,190.5481390880342,666000
2023-03-23 12:40:00,190.5481390880342,190.71240207750762,190.50235609453193,190.5944355516172,703000
2023-03-23 12:45:00,190.5944355516172,190.54950846317328,190.40576923333336,190.5831607885116,1655000
2023-03-23 12:50:00,190.5831607885116,190.53506188156825,190.38496605866789,190.4483670833259,1027000
2023-03-23 12:55:00,190.4483670833259,190.5027841578794,190.3204601939521,190.32716962875978,521000
2023-03-23 13:00:00,190.32716962875978,190.50692051853858,190.31690814235023,190.40864252002095,1783000
2023-03-23 13:05:00,190.40864252002095,190.50395710408927,190.39311371612305,190.51207363653697,1518000
2023-03-23 13:10:00,190.51207363653697,190.62848203333334,190.47898208149564,190.54403931233384,1781000
2023-03-23 13:15:00,190.54403931233384,190.5396434684237,190.34572487850073,190.47436000000002,1790000
2023-03-23 13:20:00,190.47436000000002,190.56161244311713,190.33412837427912,190.4788739857384,993000
2023-03-23 13:25:00,190.4788739857384,190.59346539248523,190.45713041260012,190.5232297027878,1583000
2023-03-23 13:30:00,190.5232297027878,190.58832463333334,190.3692986306895,190.47973921995944,1269000
2023-03-23 13:35:00,190.47973921995944,190.50754913361294,190.3015043059028,190.4254734082562,107000
2023-03-23 13:40:00,190.4254734082562,190.46796608367555,190.33402578773092,190.34273397399056,832000
2023-03-23 13:45:00,190.34273397399056,190.4126894733744,190.20923805406204,190.28671687612106,1057000
2023-03-23 13:50:00,190.28671687612106,190.36582166852685,190.24541365829006,190.31206106080617,1582000
2023-03-23 13:55:00,190.31206106080617,190.43681045222954,190.22978737383977,190.33852280000002,1936000
2023-03-23 14:00:00,190.33852280000002,190.39575321612037,190.18531012969723,190.29195180769705,1097000
2023-03-23 14:05:00,190.29195180769705,190.26032528457395,190.14489403043083,190.24422388395791,792000
2023-03-23 14:10:00,190.24422388395791,190.2881515647087,190.12490607779105,190.17391649669983,1605000
2023-03-23 14:15:00,190.17391649669983,190.2486281333333,190.1529754094614,190.2171376856776,1253000
2023-03-23 14:20:00,190.2171376856776,190.31618768953155,190.18788604945996,190.23710681192878,264000
2023-03-23 14:25:00,190.23710681192878,190.29410374127687,190.09672270504805,190.1751490345747,1435000
2023-03-23 14:30:00,190.1751490345747,190.28271573492412,190.1145982520137,190.24849059120612,1742000
2023-03-23 14:35:00,190.24849059120612,190.42195563333334,190.2995170972541,190.29383321316456,1739000
2023-03-23 14:40:00,190.29383321316456,190.3349348848032,190.1849178707357,190.31248635815373,1620000
2023-03-23 14:45:00,190.31248635815373,190.41779195627754,190.30167299589505,190.30490481256655,1451000
2023-03-23 14:50:00,190.30490481256655,190.54468750113526,190.3244258580454,190.4789062928418,167000
2023-03-23 14:55:00,190.4789062928418,190.54715302812025,190.4745944,190.48622462681035,840000
2023-03-23 15:00:00,190.48622462681035,190.51260834037114,190.45947506813988,190.47013874443272,987000
2023-03-23 15:05:00,190.47013874443272,190.6287083806141,190.5490583605054,190.58313495770628,1362000
2023-03-23 15:10:00,190.58313495770628,190.6386508118136,190.44912546211114,190.58393556666667,1414000
2023-03-23 15:15:00,190.58393556666667,190.51060564945604,190.42337617805052,190.4793328245516,430000
2023-03-23 15:20:00,190.4793328245516,190.70373552337014,190.54406052205226,190.6099205754164,1263000
2023-03-23 15:25:00,190.6099205754164,190.6514167695306,190.42679146666666,190.51964250178486,429000
2023-03-23 15:30:00,190.51964250178486,190.51345396780573,190.46978338753522,190.5242352582563,1131000
2023-03-23 15:35:00,190.5242352582563,190.50288305280094,190.41729037822196,190.43002907160692,824000
2023-03-23 15:40:00,190.43002907160692,190.71088543333332,190.58850248279353,190.61204166886543,1773000
2023-03-23 15:45:00,190.61204166886543,190.6213859310243,190.50703121344813,190.50918693638178,1623000
2023-03-23 15:50:00,190.50918693638178,190.63131507543605,190.47128777953054,190.4914563372162,1693000
2023-03-23 15:55:00,190.4914563372162,190.56419666666667,190.45018896712415,190.44854340457454,1694000
2023-03-23 16:00:00,190.44854340457454,190.6311609077512,190.47999168162727,190.54462484567404,1169000
2023-03-24 09:30:00,190.54462484567404,190.6103335353911,190.46037905631246,190.56666596666668,1375000
2023-03-24 09:35:00,190.56666596666668,190.59327219999997,190.4228692580006,190.49136297855208,433000
2023-03-24 09:40:00,190.49136297855208,190.65691309720583,190.40839949773672,190.5444665397008,1630000
2023-03-24 09:45:00,190.5444665397008,190.6609602660663,190.5093703140684,190.6649110822799,698000
2023-03-24 09:50:00,190.6649110822799,190.6320838202011,190.49176852514486,190.52499477503514,1540000
2023-03-24 09:55:00,190.52499477503514,190.5524676034717,190.39903331957723,190.48814901786753,1614000
2023-03-24 10:00:00,190.48814901786753,190.63547098547872,190.4781634679549,190.4900733600336,490000
2023-03-24 10:05:00,190.4900733600336,190.5158666795682,190.29849466058042,190.42670034214876,904000
2023-03-24 10:10:00,190.42670034214876,190.53367080281944,190.30199801252326,190.4199645872516,1913000
2023-03-24 10:15:00,190.4199645872516,190.57965717461968,190.41372443313108,190.51322383333334,1056000
2023-03-24 10:20:00,190.51322383333334,190.6569420647089,190.51191769806965,190.54997160463662,199000
2023-03-24 10:25:00,190.54997160463662,190.68659296645674,190.53853891947742,190.58994629391083,621000
2023-03-24 10:30:00,190.58994629391083,190.71095637219108,190.5462106189398,190.6449223787869,1586000
2023-03-24 10:35:00,190.6449223787869,190.74354343240793,190.6231890034956,190.68381644290986,637000
2023-03-24 10:40:00,190.68381644290986,190.72161806619943,190.61224964689748,190.68566033974457,612000
2023-03-24 10:45:00,190.68566033974457,190.87498619031487,190.64721210307255,190.75025341587505,825000
2023-03-24 10:50:00,190.75025341587505,190.80145629920946,190.68485133333334,190.75097730000002,420000
2023-03-24 10:55:00,190.75097730000002,190.82688532306446,190.58555025100813,190.66294368322482,258000
2023-03-24 11:00:00,190.66294368322482,190.68162493617038,190.50206632288698,190.53605810701885,1884000
2023-03-24 11:05:00,190.53605810701885,190.58521347591824,190.48827197255147,190.52327682826368,1916000
2023-03-24 11:10:00,190.52327682826368,190.58533191257706,190.46346097990462,190.5514264649469,730000
2023-03-24 11:15:00,190.5514264649469,190.64461888187242,190.43621316281917,190.58293139450674,1132000
2023-03-24 11:20:00,190.58293139450674,190.74589078056806,190.59905121253604,190.6234901971824,1992000
2023-03-24 11:25:00,190.6234901971824,190.65836301142548,190.55666624226163,190.66164663121893,1493000
2023-03-24 11:30:00,190.66164663121893,190.59693055763955,190.52041228954988,190.54757283016716,1818000
2023-03-24 11:35:00,190.54757283016716,190.63259113293518,190.43301475087188,190.56012924680786,907000
2023-03-24 11:40:00,190.56012924680786,190.56205194029909,190.45807709710897,190.57507162491507,626000
2023-03-24 11:45:00,190.57507162491507,190.7175618636016,190.64585003333335,190.63854221014537,156000
2023-03-24 11:50:00,190.63854221014537,190.5771423756149,190.45955622296327,190.4531323612982,1955000
2023-03-24 11:55:00,190.4531323612982,190.5406253165032,190.32655103291282,190.4517135149166,315000
2023-03-24 12:00:00,190.4517135149166,190.45583899187025,190.33983866074223,190.4222320040902,1869000
2023-03-24 12:05:00,190.4222320040902,190.39288058079546,190.20683029836852,190.2621389247468,762000
2023-03-24 12:10:00,190.2621389247468,190.35682821528243,190.14340142353709,190.19755525539037,870000
2023-03-24 12:15:00,190.19755525539037,190.32958307082058,190.19744298914884,190.23993294740748,461000
2023-03-24 12:20:00,190.23993294740748,190.25752742343684,190.08457609755013,190.19621840701004,649000
2023-03-24 12:25:00,190.19621840701004,190.17380295415356,190.06220295760514,190.13218383799793,1486000
2023-03-24 12:30:00,190.13218383799793,190.1494859489552,190.00323632585693,190.1154160970379,1655000
2023-03-24 12:35:00,190.1154160970379,190.14365166023242,189.94260333273945,189.9914137129669,1461000
2023-03-24 12:40:00,189.9914137129669,190.0256235052386,189.9362253,189.93449093763883,300000
2023-03-24 12:45:00,189.93449093763883,189.95788884117155,189.8070381247383,189.91623230972442,713000
2023-03-24 12:50:00,189.91623230972442,190.0531795333475,189.91744900899437,190.00996363694173,1549000
2023-03-24 12:55:00,190.00996363694173,190.08725356866282,189.97757932530982,190.05702289107788,1626000
2023-03-24 13:00:00,190.05702289107788,190.18916589424353,190.0360825528704,190.09666667527003,731000
2023-03-24 13:05:00,190.09666667527003,190.33097363722064,190.19679426666667,190.3287621177478,736000
2023-03-24 13:10:00,190.3287621177478,190.37456728394451,190.22380242292576,190.29109746666666,1147000
2023-03-24 13:15:00,190.29109746666666,190.3236929171421,190.17919532140928,190.2603891244323,679000
2023-03-24 13:20:00,190.2603891244323,190.29843409135492,190.0829461858152,190.20785455568083,1844000
2023-03-24 13:25:00,190.20785455568083,190.23764287615052,190.01931031541554,190.12687314913916,1028000
2023-03-24 13:30:00,190.12687314913916,190.21948899226723,190.09632156666666,190.10486195316898,433000
2023-03-24 13:35:00,190.10486195316898,190.1734723034948,189.96882226842993,190.10564984777915,520000
2023-03-24 13:40:00,190.10564984777915,190.11351383333334,189.88307305387016,190.0407220993001,1862000
2023-03-24 13:45:00,190.0407220993001,190.1934512922148,189.96334081467907,190.07461644052347,335000
2023-03-24 13:50:00,190.07461644052347,190.26033350511227,190.11573386962797,190.18618343031855,1715000
2023-03-24 13:55:00,190.18618343031855,190.2762974383099,190.14188741964148,190.18980037208908,1573000
2023-03-24 14:00:00,190.18980037208908,190.23299793333334,189.98567186666665,190.0602521275674,384000
2023-03-24 14:05:00,190.0602521275674,190.17157417985226,190.0674160644693,190.11899681901107,1745000
2023-03-24 14:10:00,190.11899681901107,190.13745447782455,190.05734342572345,190.03161039937189,158000
2023-03-24 14:15:00,190.03161039937189,190.27667645619644,190.08102124062486,190.2092844498199,1720000
2023-03-24 14:20:00,190.2092844498199,190.1219407954504,190.02475586995678,190.06180785560156,408000
2023-03-24 14:25:00,190.06180785560156,190.22805884313183,190.02467606666667,190.10070852721546,1088000
2023-03-24 14:30:00,190.10070852721546,190.32561513333334,190.1334831458994,190.20273364748388,513000
2023-03-24 14:35:00,190.20273364748388,190.39552367057544,190.14067897126571,190.2711476219781,766000
2023-03-24 14:40:00,190.2711476219781,190.3317154,190.17810333093092,190.3010899799686,1558000
2023-03-24 14:45:00,190.3010899799686,190.3061438861032,190.20517600443338,190.26657489677027,650000
2023-03-24 14:50:00,190.26657489677027,190.4828119269991,190.36340839587027,190.4200861025963,1611000
2023-03-24 14:55:00,190.4200861025963,190.44000735451237,190.25683190173888,190.41785248875541,677000
2023-03-24 15:00:00,190.41785248875541,190.53084767835801,190.3352322312474,190.5211724838509,597000
2023-03-24 15:05:00,190.5211724838509,190.5856674084843,190.3278163033716,190.49271786666668,964000
2023-03-24 15:10:00,190.49271786666668,190.53916193471707,190.37890629999998,190.5043263556406,1534000
2023-03-24 15:15:00,190.5043263556406,190.6436246393403,190.48229600122357,190.47652678487458,344000
2023-03-24 15:20:00,190.47652678487458,190.54260563333335,190.33314926596924,190.4115164576238,1867000
2023-03-24 15:25:00,190.4115164576238,190.4296239315841,190.23386705210984,190.27757436666667,1538000
2023-03-24 15:30:00,190.27757436666667,190.3281301990267,190.13477976666667,190.2522619486055,1421000
2023-03-24 15:35:00,190.2522619486055,190.23280767505088,190.14683119968316,190.17253373570915,1270000
2023-03-24 15:40:00,190.17253373570915,190.2368198970253,190.16544333333334,190.19003897297807,1809000
2023-03-24 15:45:00,190.19003897297807,190.28645811555714,190.1384680899804,190.16747818584315,1788000
2023-03-24 15:50:00,190.16747818584315,190.10858426666667,189.96194969826686,190.0862240724953,1066000
2023-03-24 15:55:00,190.0862240724953,190.17934060000002,190.0613767259764,190.10620823333332,388000
2023-03-24 16:00:00,190.10620823333332,190.0322254923744,189.97149610030613,189.97676524790455,1597000
2023-03-27 09:30:00,189.97676524790455,190.10539215754483,190.00032755072007,189.9876658,1626000
2023-03-27 09:35:00,189.9876658,190.09973581936876,189.8721663,189.9813693724464,1794000
2023-03-27 09:40:00,189.9813693724464,190.17248236677136,190.07012239305837,190.12784053709976,1552000
2023-03-27 09:45:00,190.12784053709976,190.17950846666665,190.00823192412648,190.0635310935319,280000
2023-03-27 09:50:00,190.0635310935319,190.0335013074983,189.86431653251339,189.91162093286815,688000
2023-03-27 09:55:00,189.91162093286815,189.96358608742057,189.78546482121428,189.88656970915952,1022000
2023-03-27 10:00:00,189.88656970915952,189.96153051243598,189.72378424047983,189.8624281137613,1202000
2023-03-27 10:05:00,189.8624281137613,190.02310519277944,189.80248369999998,189.90540073445604,1069000
2023-03-27 10:10:00,189.90540073445604,189.97155761929625,189.82590167778983,189.94182043481845,1672000
2023-03-27 10:15:00,189.94182043481845,189.91513943508565,189.87402830286175,189.82543404110683,284000
2023-03-27 10:20:00,189.82543404110683,189.8872335886196,189.71535015541718,189.8120413281937,1337000
2023-03-27 10:25:00,189.8120413281937,189.80776691265405,189.67985470350277,189.67663560946184,337000
2023-03-27 10:30:00,189.67663560946184,189.8154785365181,189.5610883917721,189.6768337264766,878000
2023-03-27 10:35:00,189.6768337264766,189.8940693435597,189.66702289945502,189.823374,1288000
2023-03-27 10:40:00,189.823374,189.84928431228386,189.72236062232145,189.80657994389423,1075000
2023-03-27 10:45:00,189.80657994389423,189.93088820839358,189.80169062979974,189.86653455925818,432000
2023-03-27 10:50:00,189.86653455925818,189.8281542128423,189.70106559688116,189.74268480995622,1641000
2023-03-27 10:55:00,189.74268480995622,189.6757256381591,189.51066280215122,189.6200565707434,668000
2023-03-27 11:00:00,189.6200565707434,189.65626288432497,189.46524884613694,189.53527190409463,1238000
2023-03-27 11:05:00,189.53527190409463,189.62514698487954,189.55534640240995,189.63159481593826,1418000
2023-03-27 11:10:00,189.63159481593826,189.6323685558454,189.5143585869933,189.58489694955628,1358000
2023-03-27 11:15:00,189.58489694955628,189.70510560293283,189.59912648763384,189.5974160558314,800000
2023-03-27 11:20:00,189.5974160558314,189.85324665093628,189.69891521242474,189.76836333982328,1556000
2023-03-27 11:25:00,189.76836333982328,189.7369926372764,189.56844516666666,189.6913369604773,1018000
2023-03-27 11:30:00,189.6913369604773,189.8003996484885,189.6549895189136,189.72260208699385,1737000
2023-03-27 11:35:00,189.72260208699385,189.97592814710828,189.73077955351886,189.84770963040694,1709000
2023-03-27 11:40:00,189.84770963040694,190.04137881619272,189.87136801277114,189.95948589182345,171000
2023-03-27 11:45:00,189.95948589182345,189.91591238938412,189.7710707564516,189.82863361200106,877000
2023-03-27 11:50:00,189.82863361200106,189.70047973990327,189.61262421598403,189.6301146,751000
2023-03-27 11:55:00,189.6301146,189.70349288589378,189.57280117294647,189.6492274147526,157000
2023-03-27 12:00:00,189.6492274147526,189.6342766983552,189.5033488,189.57511805031015,963000
2023-03-27 12:05:00,189.57511805031015,189.69892244970274,189.63568890566322,189.67831302210206,261000
2023-03-27 12:10:00,189.67831302210206,189.67975810075978,189.5698912431766,189.59385955981287,890000
2023-03-27 12:15:00,189.59385955981287,189.7322756769628,189.51610578674186,189.5791257,1534000
2023-03-27 12:20:00,189.5791257,189.64440064412017,189.48947312631023,189.5956467146224,856000
2023-03-27 12:25:00,189.5956467146224,189.70970804152705,189.4508971463443,189.5376185,631000
2023-03-27 12:30:00,189.5376185,189.6389591414868,189.48493787568745,189.58617960899483,1389000
2023-03-27 12:35:00,189.58617960899483,189.6733871492532,189.4916125,189.57490616799905,1020000
2023-03-27 12:40:00,189.57490616799905,189.66690307770517,189.43369628411548,189.54432200876923,734000
2023-03-27 12:45:00,189.54432200876923,189.50027146123435,189.3090242751577,189.39273272622913,1252000
2023-03-27 12:50:00,189.39273272622913,189.49083565095447,189.31190616522142,189.43422787763078,745000
2023-03-27 12:55:00,189.43422787763078,189.5867584562342,189.43992273333333,189.5835856,1472000
2023-03-27 13:00:00,189.5835856,189.5549771044597,189.42011012750407,189.43782463333335,718000
2023-03-27 13:05:00,189.43782463333335,189.63084109032906,189.41645334999356,189.53780790885605,1908000
2023-03-27 13:10:00,189.53780790885605,189.5354850909916,189.38667895301396,189.48218763436105,715000
2023-03-27 13:15:00,189.48218763436105,189.4072699,189.25445848499106,189.38542014903376,947000
2023-03-27 13:20:00,189.38542014903376,189.37508876347007,189.19310688019243,189.32360766800653,147000
2023-03-27 13:25:00,189.32360766800653,189.43038713725431,189.23669870094096,189.30890020057618,1262000
2023-03-27 13:30:00,189.30890020057618,189.27460829739252,189.14166206994918,189.1899250472795,762000
2023-03-27 13:35:00,189.1899250472795,189.3938815098883,189.2963240218236,189.30455060226993,1094000
2023-03-27 13:40:00,189.30455060226993,189.30082001550744,189.1488076,189.17737932730282,291000
2023-03-27 13:45:00,189.17737932730282,189.17239479030565,189.13117454395908,189.1764508035732,747000
2023-03-27 13:50:00,189.1764508035732,189.19994781181705,189.05121004282077,189.04970298505347,296000
2023-03-27 13:55:00,189.04970298505347,189.3105258328336,189.16858116721855,189.16538883065337,705000
2023-03-27 14:00:00,189.16538883065337,189.19550343736526,189.01242374130308,189.0823354591476,1920000
2023-03-27 14:05:00,189.0823354591476,189.2542490978546,189.12843867750715,189.1141919922667,1885000
2023-03-27 14:10:00,189.1141919922667,189.18985232394155,189.0846890866124,189.1330921704052,148000
2023-03-27 14:15:00,189.1330921704052,189.1787831542351,188.99733603261683,189.0790777340268,1851000
2023-03-27 14:20:00,189.0790777340268,189.14332955465653,188.98922591010992,189.04427642731295,1910000
2023-03-27 14:25:00,189.04427642731295,189.14482405286284,189.00780774666157,189.03425336142863,131000
2023-03-27 14:30:00,189.03425336142863,189.10753402539157,189.03700947263818,189.0616902860219,792000
2023-03-27 14:35:00,189.0616902860219,189.11237906666665,189.0024639303366,189.0036990754492,1543000
2023-03-27 14:40:00,189.0036990754492,189.17304609470668,189.02087063841776,189.0734941912223,1209000
2023-03-27 14:45:00,189.0734941912223,189.14550750452275,189.0373429859429,189.10350143333332,741000
2023-03-27 14:50:00,189.10350143333332,189.2590721424892,189.04333666666668,189.13076139312616,1766000
2023-03-27 14:55:00,189.13076139312616,189.18737133411176,189.0035650445211,189.06560411207573,934000
2023-03-27 15:00:00,189.06560411207573,189.0706455827691,189.01261507082725,189.03019975975045,434000
2023-03-27 15:05:00,189.03019975975045,189.12416042859405,188.99353681530218,189.06676960317148,890000
2023-03-27 15:10:00,189.06676960317148,189.13564317932014,188.9943973903908,189.04053858380874,559000
2023-03-27 15:15:00,189.04053858380874,189.0958254872763,188.97607760483606,189.08429184886646,747000
2023-03-27 15:20:00,189.08429184886646,189.36735661119872,189.16273581782437,189.25586322819726,1277000
2023-03-27 15:25:00,189.25586322819726,189.37613319872852,189.25933772525843,189.2655101985362,402000
2023-03-27 15:30:00,189.2655101985362,189.41373320877813,189.28093420603062,189.36382808304705,1292000
2023-03-27 15:35:00,189.36382808304705,189.3956658943894,189.29628249894296,189.3182930370412,838000
2023-03-27 15:40:00,189.3182930370412,189.49957253245557,189.33400762742048,189.4359724624729,692000
2023-03-27 15:45:00,189.4359724624729,189.45844676828904,189.33065929513938,189.38398523333333,1815000
2023-03-27 15:50:00,189.38398523333333,189.67415208060496,189.52816627601138,189.62061633350322,266000
2023-03-27 15:55:00,189.62061633350322,189.65829302553283,189.48872322215817,189.5768735017144,201000
2023-03-27 16:00:00,189.5768735017144,189.72339279505087,189.60937703685252,189.6747158267138,1797000
2023-03-28 09:30:00,189.6747158267138,189.85312264871098,189.7163618979488,189.79418282330957,1248000
2023-03-28 09:35:00,189.79418282330957,189.8997621251063,189.8327785333333,189.8899893209974,917000
2023-03-28 09:40:00,189.8899893209974,189.96845669450494,189.7869903222009,189.85236732813465,1522000
2023-03-28 09:45:00,189.85236732813465,189.92782804451235,189.7403126041053,189.81056545569996,266000
2023-03-28 09:50:00,189.81056545569996,189.88196004025608,189.7143889,189.7406425319717,770000
2023-03-28 09:55:00,189.7406425319717,189.85733907300585,189.6613672217039,189.77040243333335,1627000
2023-03-28 10:00:00,189.77040243333335,190.00279964230842,189.83665927022054,189.94900106192108,514000
2023-03-28 10:05:00,189.94900106192108,190.01790906666665,189.89977274400505,189.98351026626224,1150000
2023-03-28 10:10:00,189.98351026626224,190.01784047683992,189.8492080838317,189.95125789716346,1865000
2023-03-28 10:15:00,189.95125789716346,189.9644467933655,189.8479544647541,189.93536098123738,186000
2023-03-28 10:20:00,189.93536098123738,190.06048706666667,189.84596958506071,189.9138300765861,509000
2023-03-28 10:25:00,189.9138300765861,189.86066423494705,189.78753543698895,189.8323109269524,1976000
2023-03-28 10:30:00,189.8323109269524,189.85085084822373,189.69660834853946,189.8024604268592,1183000
2023-03-28 10:35:00,189.8024604268592,189.85042843739745,189.64253252111075,189.74081306688998,1296000
2023-03-28 10:40:00,189.74081306688998,190.04176142742912,189.95534137849094,189.96120920893864,1415000
2023-03-28 10:45:00,189.96120920893864,190.1660089368579,189.97808543032704,190.0848779693879,1468000
2023-03-28 10:50:00,190.0848779693879,189.98772111567192,189.9034666141628,189.97899399311456,1942000
2023-03-28 10:55:00,189.97899399311456,189.97064330652128,189.75531141835052,189.86789174701346,621000
2023-03-28 11:00:00,189.86789174701346,189.78860599845703,189.6573044333333,189.7725093969505,1028000
2023-03-28 11:05:00,189.7725093969505,189.89205607246956,189.84993178705184,189.8068051275423,1311000
2023-03-28 11:10:00,189.8068051275423,189.83767023753668,189.62977394843682,189.77100335642382,977000
2023-03-28 11:15:00,189.77100335642382,189.98861730851914,189.85404580509962,189.8896394660942,1077000
2023-03-28 11:20:00,189.8896394660942,190.00142059687568,189.87355934656352,189.89032502759173,256000
2023-03-28 11:25:00,189.89032502759173,189.9410436012604,189.8528428174505,189.92014419999998,890000
2023-03-28 11:30:00,189.92014419999998,189.91228703184694,189.78758847374283,189.81668375903138,1578000
2023-03-28 11:35:00,189.81668375903138,189.93593124818327,189.8200732530631,189.89985015385318,1617000
2023-03-28 11:40:00,189.89985015385318,190.0559922045093,189.90882590287305,189.9237411824998,499000
2023-03-28 11:45:00,189.9237411824998,190.16328466638805,189.93679406530114,190.09070055227883,1831000
2023-03-28 11:50:00,190.09070055227883,190.06540916648788,189.93284951250058,190.02271954606957,189000
2023-03-28 11:55:00,190.02271954606957,190.1235368255582,189.9889952286752,190.06333863066826,870000
2023-03-28 12:00:00,190.06333863066826,190.21090306666667,190.13745979475829,190.2215525065555,763000
2023-03-28 12:05:00,190.2215525065555,190.33363543089203,190.1385165109824,190.24668275675765,1375000
2023-03-28 12:10:00,190.24668275675765,190.24968455404343,190.03407807096806,190.13201577525675,519000
2023-03-28 12:15:00,190.13201577525675,190.21869799426193,190.1092045940131,190.17884998086961,1277000
2023-03-28 12:20:00,190.17884998086961,190.3522655333333,190.21252786666668,190.26702564690683,1304000
2023-03-28 12:25:00,190.26702564690683,190.46902127316292,190.3190636273508,190.40980612596442,1066000
2023-03-28 12:30:00,190.40980612596442,190.5371647303603,190.42999953333336,190.45530073333333,1079000
2023-03-28 12:35:00,190.45530073333333,190.63369456410516,190.5048048804378,190.53886065679637,956000
2023-03-28 12:40:00,190.53886065679637,190.68924617799607,190.56041442697122,190.56085389197162,1114000
2023-03-28 12:45:00,190.56085389197162,190.60010658440504,190.4306080795137,190.48740189823005,931000
2023-03-28 12:50:00,190.48740189823005,190.59244259383462,190.46824341658473,190.57381408654516,173000
2023-03-28 12:55:00,190.57381408654516,190.59862522516926,190.45384610795773,190.57269551206443,875000
2023-03-28 13:00:00,190.57269551206443,190.8194186079005,190.67567446510188,190.6946539937888,1814000
2023-03-28 13:05:00,190.6946539937888,190.74913357429278,190.5420066042299,190.60579649819513,572000
2023-03-28 13:10:00,190.60579649819513,190.61024235272868,190.40023562293973,190.53995652827464,226000
2023-03-28 13:15:00,190.53995652827464,190.6253264,190.5673431184049,190.56864963642334,371000
2023-03-28 13:20:00,190.56864963642334,190.79281737846713,190.67800309999998,190.75718530799088,1377000
2023-03-28 13:25:00,190.75718530799088,190.73485163191722,190.58639970559554,190.70051769544588,1329000
2023-03-28 13:30:00,190.70051769544588,190.82903283724335,190.61340380000001,190.67784482219153,811000
2023-03-28 13:35:00,190.67784482219153,190.7527853,190.6965037670804,190.73720978277788,937000
2023-03-28 13:40:00,190.73720978277788,190.70419652157696,190.6096971532855,190.63848978578986,758000
2023-03-28 13:45:00,190.63848978578986,190.8310517,190.63752248297382,190.77701694412346,1078000
2023-03-28 13:50:00,190.77701694412346,190.7861868826063,190.6035390390077,190.7318756111936,556000
2023-03-28 13:55:00,190.7318756111936,190.81343509024862,190.73750826666668,190.82808944345615,407000
2023-03-28 14:00:00,190.82808944345615,190.79159092314856,190.5588364359342,190.69977198051188,333000
2023-03-28 14:05:00,190.69977198051188,190.93300113370182,190.75741039464256,190.80452851378888,1157000
2023-03-28 14:10:00,190.80452851378888,190.70579356684397,190.5316352581276,190.67333503333333,474000
2023-03-28 14:15:00,190.67333503333333,190.6555976,190.45109233057272,190.55981382925617,875000
2023-03-28 14:20:00,190.55981382925617,190.8218044562586,190.6804111487612,190.78082618531297,1178000
2023-03-28 14:25:00,190.78082618531297,190.87325110716364,190.6880032500181,190.77977107841352,1722000
2023-03-28 14:30:00,190.77977107841352,190.79678382656547,190.5901786128808,190.75075356666667,987000
2023-03-28 14:35:00,190.75075356666667,190.73984994091646,190.53271759199143,190.6682922542085,1339000
2023-03-28 14:40:00,190.6682922542085,190.7113315811061,190.50707544252964,190.58238083913605,719000
2023-03-28 14:45:00,190.58238083913605,190.63678612790937,190.5926486960774,190.6274270967777,1534000
2023-03-28 14:50:00,190.6274270967777,190.70536200571914,190.56931276314944,190.62971725385012,1692000
2023-03-28 14:55:00,190.62971725385012,190.7057367730268,190.56396285917026,190.68072341580813,679000
2023-03-28 15:00:00,190.68072341580813,190.56472045190077,190.43783344154824,190.57768861015148,1051000
2023-03-28 15:05:00,190.57768861015148,190.66089370767364,190.5378987288183,190.5400476286284,1749000
2023-03-28 15:10:00,190.5400476286284,190.64259316438273,190.53806689399053,190.56531550719694,669000
2023-03-28 15:15:00,190.56531550719694,190.6758620395882,190.51828906837554,190.63492571618244,1485000
2023-03-28 15:20:00,190.63492571618244,190.7548454565252,190.50905006666665,190.61806412285452,1579000
2023-03-28 15:25:00,190.61806412285452,190.63475412171903,190.4519834455071,190.53463487655227,164000
2023-03-28 15:30:00,190.53463487655227,190.5239162113632,190.37545306205746,190.47216868924306,1196000
2023-03-28 15:35:00,190.47216868924306,190.5799205643587,190.43658214475218,190.5353681,234000
2023-03-28 15:40:00,190.5353681,190.5920726430287,190.48042824767475,190.4665201076656,690000
2023-03-28 15:45:00,190.4665201076656,190.50563777444847,190.4107590341473,190.38306143618237,1928000
2023-03-28 15:50:00,190.38306143618237,190.51070419019476,190.3357601147359,190.42902612484357,341000
2023-03-28 15:55:00,190.42902612484357,190.38499136763824,190.30822347255446,190.38541163317956,264000
2023-03-28 16:00:00,190.38541163317956,190.4995348324136,190.27024807869813,190.37254300702998,1499000
2023-03-29 09:30:00,190.37254300702998,190.34695785858153,190.1524419830708,190.25470239667348,142000
2023-03-29 09:35:00,190.25470239667348,190.49275085582664,190.35250433386545,190.32586451756956,1679000
2023-03-29 09:40:00,190.32586451756956,190.32613150343224,190.16611474491182,190.2414005,499000
2023-03-29 09:45:00,190.2414005,190.34347626807946,190.13649332943174,190.24386526666666,855000
2023-03-29 09:50:00,190.24386526666666,190.30322604652713,190.25108995312527,190.28645213214708,1845000
2023-03-29 09:55:00,190.28645213214708,190.4247475500164,190.29491922860598,190.36599680490428,422000
2023-03-29 10:00:00,190.36599680490428,190.37794770614357,190.28103658739764,190.34672943260392,1498000
2023-03-29 10:05:00,190.34672943260392,190.36939239495786,190.1824969567773,190.28476688756822,450000
2023-03-29 10:10:00,190.28476688756822,190.49890742150126,190.25652743333333,190.3719238955994,1381000
2023-03-29 10:15:00,190.3719238955994,190.5272369821082,190.3063009149051,190.37161660287376,1682000
2023-03-29 10:20:00,190.37161660287376,190.5014792012911,190.29026165784958,190.3650051654805,790000
2023-03-29 10:25:00,190.3650051654805,190.29218911698672,190.1371088994205,190.26036115557062,681000
2023-03-29 10:30:00,190.26036115557062,190.34398075285696,190.22073317042202,190.2966330152507,213000
2023-03-29 10:35:00,190.2966330152507,190.31417823581205,190.15038683333333,190.26815821287806,620000
2023-03-29 10:40:00,190.26815821287806,190.18146368474308,190.07100383333332,190.13090448875806,292000
2023-03-29 10:45:00,190.13090448875806,190.2288745118139,189.98455743258273,190.10274901772797,445000
2023-03-29 10:50:00,190.10274901772797,190.23920920450948,190.00680428831905,190.07525868316785,705000
2023-03-29 10:55:00,190.07525868316785,190.25646625342745,190.0775949522893,190.13476172288887,209000
2023-03-29 11:00:00,190.13476172288887,190.17025154502068,189.95359178835898,190.11018069455451,1269000
2023-03-29 11:05:00,190.11018069455451,190.06449485565517,189.89471881509328,190.02296805530304,1670000
2023-03-29 11:10:00,190.02296805530304,190.10685666757024,189.9531438775038,189.99589926586512,393000
2023-03-29 11:15:00,189.99589926586512,190.04519463253195,189.9040765465922,189.96742443693347,1958000
2023-03-29 11:20:00,189.96742443693347,190.0574308655224,189.88259130189692,189.93866016552747,469000
2023-03-29 11:25:00,189.93866016552747,190.20520363049238,189.99855051931974,190.0889480583611,432000
2023-03-29 11:30:00,190.0889480583611,190.15145007882543,190.04945793333334,190.09102616805188,728000
2023-03-29 11:35:00,190.09102616805188,190.22256338617404,190.05896959135694,190.20935505351108,337000
2023-03-29 11:40:00,190.20935505351108,190.15806134847725,190.0200137157543,190.05793740241896,1352000
2023-03-29 11:45:00,190.05793740241896,190.1173847655489,189.91763606907273,190.0342437231981,1141000
2023-03-29 11:50:00,190.0342437231981,190.05945206666667,189.81444874042276,189.92800116861162,354000
2023-03-29 11:55:00,189.92800116861162,189.8846861444689,189.83116775709263,189.83381909771865,1767000
2023-03-29 12:00:00,189.83381909771865,189.8386596836934,189.67684433333335,189.76113982665441,1602000
2023-03-29 12:05:00,189.76113982665441,189.75563060973292,189.62010906229523,189.78003879809015,1201000
2023-03-29 12:10:00,189.78003879809015,189.8573612139929,189.64892603333334,189.76857800639544,121000
2023-03-29 12:15:00,189.76857800639544,189.80950538817712,189.61016283199052,189.68960368269487,678000
2023-03-29 12:20:00,189.68960368269487,189.6634035150201,189.56114185497955,189.64197071682244,697000
2023-03-29 12:25:00,189.64197071682244,189.72368216666666,189.5308486420479,189.63797999204021,1965000
2023-03-29 12:30:00,189.63797999204021,189.67432343626425,189.55908974580294,189.6424906149622,134000
2023-03-29 12:35:00,189.6424906149622,189.81239342282444,189.69804940733007,189.75470966666666,1707000
2023-03-29 12:40:00,189.75470966666666,189.85282646666667,189.80377164319003,189.77786555405754,636000
2023-03-29 12:45:00,189.77786555405754,189.90407411534625,189.68539447604743,189.7954602873809,1744000
2023-03-29 12:50:00,189.7954602873809,189.8068566498597,189.69688275852084,189.75578609176188,1769000
2023-03-29 12:55:00,189.75578609176188,189.8054055411572,189.57986813488935,189.70118850007157,462000
2023-03-29 13:00:00,189.70118850007157,189.8862942163392,189.81400605874614,189.83520938828013,631000
2023-03-29 13:05:00,189.83520938828013,189.9010183,189.72508848784474,189.83307077684407,1964000
2023-03-29 13:10:00,189.83307077684407,189.96490683924173,189.84658155723147,189.9684128870263,1634000
2023-03-29 13:15:00,189.9684128870263,189.95488289849936,189.83160343840456,189.9184958730524,1545000
2023-03-29 13:20:00,189.9184958730524,190.05696133246752,189.92784946987132,189.98942030720312,1148000
2023-03-29 13:25:00,189.98942030720312,190.15981378683676,190.01360934383626,190.06116160859386,713000
2023-03-29 13:30:00,190.06116160859386,190.23879820654292,190.072409616793,190.1389005941411,1343000
2023-03-29 13:35:00,190.1389005941411,190.1089536306524,190.0122272212385,190.08657930760043,310000
2023-03-29 13:40:00,190.08657930760043,190.14047726836955,190.0440744762877,190.06937551442286,800000
2023-03-29 13:45:00,190.06937551442286,190.20802257546745,190.0651660518658,190.1537543172506,1891000
2023-03-29 13:50:00,190.1537543172506,190.12783538890434,190.0407217391427,190.1127293638819,406000
2023-03-29 13:55:00,190.1127293638819,190.2182844949407,190.10482314356474,190.20276617620942,1203000
2023-03-29 14:00:00,190.20276617620942,190.29422643333334,190.09212078548018,190.12585545621516,475000
2023-03-29 14:05:00,190.12585545621516,190.29119443892574,190.12104509916045,190.23803987370488,286000
2023-03-29 14:10:00,190.23803987370488,190.34899870178404,190.17673797486157,190.28015636432153,889000
2023-03-29 14:15:00,190.28015636432153,190.42044460154224,190.2472899022672,190.31642648537516,524000
2023-03-29 14:20:00,190.31642648537516,190.39278048926673,190.24537412129487,190.36942457618247,1777000
2023-03-29 14:25:00,190.36942457618247,190.54422852630344,190.32139003656584,190.4611173858305,573000
2023-03-29 14:30:00,190.4611173858305,190.4669217159214,190.32617885353108,190.42666010434496,1002000
2023-03-29 14:35:00,190.42666010434496,190.47366261134405,190.33876182345594,190.4585242982736,577000
2023-03-29 14:40:00,190.4585242982736,190.59901004337607,190.47078344819877,190.52392893333334,1788000
2023-03-29 14:45:00,190.52392893333334,190.52138496666666,190.39578681597774,190.44723211831788,514000
2023-03-29 14:50:00,190.44723211831788,190.43606342476227,190.32466287528342,190.38421413083884,1921000
2023-03-29 14:55:00,190.38421413083884,190.50393826680752,190.35217010845918,190.49388369349896,440000
2023-03-29 15:00:00,190.49388369349896,190.61006348680843,190.5010405014761,190.5886774494957,1265000
2023-03-29 15:05:00,190.5886774494957,190.66954996666666,190.54788926666666,190.56498894525626,1181000
2023-03-29 15:10:00,190.56498894525626,190.65286849908608,190.48148846666666,190.56118309737576,423000
2023-03-29 15:15:00,190.56118309737576,190.64106952266408,190.5127916395746,190.63030636733038,1773000
2023-03-29 15:20:00,190.63030636733038,190.6499063937301,190.48064265266376,190.56828799203515,1695000
2023-03-29 15:25:00,190.56828799203515,190.8417218142973,190.61555477496893,190.70367652903448,725000
2023-03-29 15:30:00,190.70367652903448,190.76320686405103,190.57473780726912,190.66724478396972,1423000
2023-03-29 15:35:00,190.66724478396972,190.79738552484883,190.6381643034973,190.66726024723818,1331000
2023-03-29 15:40:00,190.66726024723818,190.79966016834794,190.6247446767059,190.68610742398818,1603000
2023-03-29 15:45:00,190.68610742398818,190.6269017666667,190.45698289581853,190.51129785950522,910000
2023-03-29 15:50:00,190.51129785950522,190.48158878630323,190.36302044624588,190.45941506666668,1205000
2023-03-29 15:55:00,190.45941506666668,190.43910557367707,190.26619851903257,190.32632619791428,258000
2023-03-29 16:00:00,190.32632619791428,190.50349602916953,190.34710926952548,190.45266658553695,1624000
2023-03-30 09:30:00,190.45266658553695,190.38930494330742,190.16033178386854,190.2558535286771,950000
2023-03-30 09:35:00,190.2558535286771,190.48631776173588,190.34083431029669,190.33271712066573,1910000
2023-03-30 09:40:00,190.33271712066573,190.31534860271242,190.2039968248646,190.2388585818335,1449000
2023-03-30 09:45:00,190.2388585818335,190.4027586659101,190.22958496211675,190.37390195363352,490000
2023-03-30 09:50:00,190.37390195363352,190.3587416602732,190.22092083159694,190.24103471950517,1669000
2023-03-30 09:55:00,190.24103471950517,190.35879195184577,190.1510561200876,190.2400075741343,853000
2023-03-30 10:00:00,190.2400075741343,190.44804243333334,190.28209554767827,190.36706696666667,1107000
2023-03-30 10:05:00,190.36706696666667,190.44856323839784,190.30576101116546,190.44036868713707,1305000
2023-03-30 10:10:00,190.44036868713707,190.42040938719492,190.19611282073583,190.20553516666666,1166000
2023-03-30 10:15:00,190.20553516666666,190.42729385358462,190.31195443719943,190.3851206612041,301000
2023-03-30 10:20:00,190.3851206612041,190.5413289,190.42309935728463,190.41376856887254,1047000
2023-03-30 10:25:00,190.41376856887254,190.33668744448067,190.1779953914418,190.22372405874756,1288000
2023-03-30 10:30:00,190.22372405874756,190.3509028747476,190.24268581902703,190.30456184871616,785000
2023-03-30 10:35:00,190.30456184871616,190.51426964033575,190.42770600163254,190.50169212976758,199000
2023-03-30 10:40:00,190.50169212976758,190.65719392596773,190.56400043333332,190.6108206967952,1677000
2023-03-30 10:45:00,190.6108206967952,190.66308123333334,190.53552896590614,190.5644840735389,1044000
2023-03-30 10:50:00,190.5644840735389,190.6163397748809,190.5772444589389,190.61524315829874,1333000
2023-03-30 10:55:00,190.61524315829874,190.69849542854027,190.52944729327186,190.56189882593108,791000
2023-03-30 11:00:00,190.56189882593108,190.69705556666668,190.59861511988603,190.63732781946894,1303000
2023-03-30 11:05:00,190.63732781946894,190.68481265160207,190.47709797384212,190.5908516663995,1746000
2023-03-30 11:10:00,190.5908516663995,190.78001435980312,190.67453952935404,190.63332643025376,1942000
2023-03-30 11:15:00,190.63332643025376,190.85710040144247,190.65956151439812,190.74417263333333,170000
2023-03-30 11:20:00,190.74417263333333,190.84092506595178,190.7996508585751,190.7944178461538,1190000
2023-03-30 11:25:00,190.7944178461538,191.1022352754736,190.86887864581914,191.00177983992702,1279000
2023-03-30 11:30:00,191.00177983992702,191.1961059957268,190.97281070202382,191.07907401312426,1627000
2023-03-30 11:35:00,191.07907401312426,191.25404269999999,191.06812821105441,191.1312876984397,1366000
2023-03-30 11:40:00,191.1312876984397,191.371987,191.2338029731197,191.2711064164926,1119000
2023-03-30 11:45:00,191.2711064164926,191.3340617,191.21777384289996,191.28151511366244,1720000
2023-03-30 11:50:00,191.28151511366244,191.4666837451464,191.30884449467123,191.3808278024732,1835000
2023-03-30 11:55:00,191.3808278024732,191.3463517386308,191.18456621157796,191.24176199675424,518000
2023-03-30 12:00:00,191.24176199675424,191.37900162630112,191.17308120167348,191.26564705186294,1701000
2023-03-30 12:05:00,191.26564705186294,191.36594325446052,191.26647692158147,191.25190074382576,1761000
2023-03-30 12:10:00,191.25190074382576,191.4131966947466,191.29796914674918,191.3860621,275000
2023-03-30 12:15:00,191.3860621,191.4462627222811,191.2306016459066,191.35392259924623,533000
2023-03-30 12:20:00,191.35392259924623,191.38944334509677,191.28797868720577,191.3129359147708,660000
2023-03-30 12:25:00,191.3129359147708,191.39982532339843,191.27565719118397,191.29363596515378,564000
2023-03-30 12:30:00,191.29363596515378,191.3500986530566,191.18700408160444,191.28812969999998,1448000
2023-03-30 12:35:00,191.28812969999998,191.42272459512427,191.19020351357673,191.32900584620737,626000
2023-03-30 12:40:00,191.32900584620737,191.3981346121418,191.20777793032357,191.33278884957704,639000
2023-03-30 12:45:00,191.33278884957704,191.52778605131294,191.38722700000002,191.4128540531008,186000
2023-03-30 12:50:00,191.4128540531008,191.4888789086722,191.3635399624406,191.39871098421543,195000
2023-03-30 12:55:00,191.39871098421543,191.38941294971895,191.32059138022004,191.37964458353457,1348000
2023-03-30 13:00:00,191.37964458353457,191.40158199864925,191.30488307247924,191.34622170392876,731000
2023-03-30 13:05:00,191.34622170392876,191.34872052818375,191.20796698906497,191.22058414543142,632000
2023-03-30 13:10:00,191.22058414543142,191.4616648868458,191.36901763184085,191.4510463303968,1252000
2023-03-30 13:15:00,191.4510463303968,191.5371969498357,191.34855586666666,191.4343993689459,1877000
2023-03-30 13:20:00,191.4343993689459,191.5495001,191.44403751631623,191.45478877564878,1907000
2023-03-30 13:25:00,191.45478877564878,191.6467578852476,191.50005696407197,191.5893502873511,329000
2023-03-30 13:30:00,191.5893502873511,191.6579951910256,191.50971876769694,191.6216249243993,207000
2023-03-30 13:35:00,191.6216249243993,191.7102015108249,191.5333582099999,191.5841953370521,728000
2023-03-30 13:40:00,191.5841953370521,191.5711896,191.4047397095391,191.47996552009417,1459000
2023-03-30 13:45:00,191.47996552009417,191.50129735902064,191.39567367181314,191.46065203333333,191000
2023-03-30 13:50:00,191.46065203333333,191.5390077730514,191.4376098840365,191.4457950103733,883000
2023-03-30 13:55:00,191.4457950103733,191.58302646142374,191.43709792029094,191.5735729208025,331000
2023-03-30 14:00:00,191.5735729208025,191.5656620666375,191.46805160253527,191.49047475587776,235000
2023-03-30 14:05:00,191.49047475587776,191.49452159364276,191.4288940493516,191.44725163534855,1621000
2023-03-30 14:10:00,191.44725163534855,191.53853985177423,191.3710350169503,191.46119262153704,1666000
2023-03-30 14:15:00,191.46119262153704,191.6092118,191.41120601698188,191.52047240044197,1949000
2023-03-30 14:20:00,191.52047240044197,191.58577329841464,191.41882003333333,191.52152436307335,1563000
2023-03-30 14:25:00,191.52152436307335,191.68342117744805,191.47136475816296,191.50825924020012,1807000
2023-03-30 14:30:00,191.50825924020012,191.67359385877182,191.51488570256413,191.6105439709527,1987000
2023-03-30 14:35:00,191.6105439709527,191.67544688798637,191.52873219192628,191.53833871076242,467000
2023-03-30 14:40:00,191.53833871076242,191.65578765022184,191.4599508008907,191.5609602425939,1514000
2023-03-30 14:45:00,191.5609602425939,191.60100973496154,191.46749562526261,191.5244106386646,1829000
2023-03-30 14:50:00,191.5244106386646,191.55391809129677,191.40774624936347,191.56058020898217,1746000
2023-03-30 14:55:00,191.56058020898217,191.48711468030996,191.3643757855952,191.4353438,110000
2023-03-30 15:00:00,191.4353438,191.6670408787061,191.46517397878122,191.5531909,538000
2023-03-30 15:05:00,191.5531909,191.52290189290457,191.36816875169052,191.44716243333332,1740000
2023-03-30 15:10:00,191.44716243333332,191.50832950795973,191.34426518902856,191.45437336666666,373000
2023-03-30 15:15:00,191.45437336666666,191.63273752089677,191.51572998658645,191.5699977509608,588000
2023-03-30 15:20:00,191.5699977509608,191.5549326222844,191.41250330089983,191.48831203595174,463000
2023-03-30 15:25:00,191.48831203595174,191.54854746666666,191.44374957507094,191.538851,808000
2023-03-30 15:30:00,191.538851,191.62049251239344,191.5254016238527,191.6205323807114,1853000
2023-03-30 15:35:00,191.6205323807114,191.41454712609985,191.27909739905485,191.33443667865876,1432000
2023-03-30 15:40:00,191.33443667865876,191.45346967278064,191.32010412432737,191.37671390800185,370000
2023-03-30 15:45:00,191.37671390800185,191.3299065030004,191.17623049110577,191.2223358834004,761000
2023-03-30 15:50:00,191.2223358834004,191.43435397580413,191.2577069,191.29660836666665,1692000
2023-03-30 15:55:00,191.29660836666665,191.37081703175005,191.1321024555882,191.25028703333334,1387000
2023-03-30 16:00:00,191.25028703333334,191.46412543538736,191.25843236666665,191.38707285941973,1349000
2023-03-31 09:30:00,191.38707285941973,191.33666755250016,191.24390904604311,191.3208180900598,1653000
2023-03-31 09:35:00,191.3208180900598,191.38420283213082,191.2680849671179,191.34822938310995,1793000
2023-03-31 09:40:00,191.34822938310995,191.40547156907706,191.26836037664984,191.26622834092592,1456000
2023-03-31 09:45:00,191.26622834092592,191.33609282056872,191.16485297359677,191.2584357716696,1814000
2023-03-31 09:50:00,191.2584357716696,191.37887780439868,191.25241394828748,191.2328864382212,915000
2023-03-31 09:55:00,191.2328864382212,191.36149913333333,191.19463014140467,191.22562936275892,640000
2023-03-31 10:00:00,191.22562936275892,191.5062291542751,191.3328553072991,191.40323037970686,1425000
2023-03-31 10:05:00,191.40323037970686,191.65254318198052,191.45126905281663,191.561745345711,1327000
2023-03-31 10:10:00,191.561745345711,191.5351334154674,191.33909888659863,191.4732870034945,1534000
2023-03-31 10:15:00,191.4732870034945,191.53389242362655,191.3779381237154,191.44677123333335,1293000
2023-03-31 10:20:00,191.44677123333335,191.4331518873382,191.2782909738879,191.35999189602703,133000
2023-03-31 10:25:00,191.35999189602703,191.38494405804707,191.21804660449783,191.29676994907274,590000
2023-03-31 10:30:00,191.29676994907274,191.26054234736523,191.1102718188561,191.29110655733672,1383000
2023-03-31 10:35:00,191.29110655733672,191.49121116666666,191.31921366152585,191.41938024422726,923000
2023-03-31 10:40:00,191.41938024422726,191.36196403609745,191.1884576947035,191.2130658357218,1407000
2023-03-31 10:45:00,191.2130658357218,191.33807675825395,191.19994232802566,191.3072461446947,1169000
2023-03-31 10:50:00,191.3072461446947,191.44223389272443,191.22557461931163,191.31130765951792,463000
2023-03-31 10:55:00,191.31130765951792,191.30032570756984,191.2269534947801,191.2451135051216,452000
2023-03-31 11:00:00,191.2451135051216,191.41817673333335,191.20076832390663,191.3037830670764,412000
2023-03-31 11:05:00,191.3037830670764,191.4389219452939,191.26603105827976,191.37333074124354,1996000
2023-03-31 11:10:00,191.37333074124354,191.48044544330307,191.29509817704087,191.34581485418164,1143000
2023-03-31 11:15:00,191.34581485418164,191.48845917707712,191.2639794661484,191.28434395658726,590000
2023-03-31 11:20:00,191.28434395658726,191.42283785878942,191.22760053333334,191.31275050167613,808000
2023-03-31 11:25:00,191.31275050167613,191.3407985262624,191.17435214794253,191.2586309144666,251000
2023-03-31 11:30:00,191.2586309144666,191.31754106580237,191.25402540382046,191.2682239938471,586000
2023-03-31 11:35:00,191.2682239938471,191.35164121570705,191.1659024907825,191.2682181874966,943000
2023-03-31 11:40:00,191.2682181874966,191.32002307081243,191.22389938195028,191.26572429844654,281000
2023-03-31 11:45:00,191.26572429844654,191.3221389104748,191.1919670560932,191.2146668020493,1949000
2023-03-31 11:50:00,191.2146668020493,191.22300458603357,191.1556299602835,191.22201847729178,1425000
2023-03-31 11:55:00,191.22201847729178,191.23910231363195,191.11213714085076,191.1631132012011,1123000
2023-03-31 12:00:00,191.1631132012011,191.35394830219505,191.15335343325464,191.26385462379295,1763000
2023-03-31 12:05:00,191.26385462379295,191.17624712119874,191.0624604131188,191.12373984371075,467000
2023-03-31 12:10:00,191.12373984371075,191.4016518130546,191.20760775212483,191.23545272085113,1391000
2023-03-31 12:15:00,191.23545272085113,191.40821590671402,191.25374826507826,191.29862877075644,1876000
2023-03-31 12:20:00,191.29862877075644,191.24443024948286,191.20370357481937,191.21414788950247,1450000
2023-03-31 12:25:00,191.21414788950247,191.2819346447707,191.07545992205374,191.20378676555237,1022000
2023-03-31 12:30:00,191.20378676555237,191.0695277221468,191.01261479415538,191.09827614377144,1001000
2023-03-31 12:35:00,191.09827614377144,191.2283120621031,191.05550660536386,191.11258093333333,944000
2023-03-31 12:40:00,191.11258093333333,191.33363466076648,191.16051205243056,191.2222251544301,756000
2023-03-31 12:45:00,191.2222251544301,191.31690583333332,191.20467206543515,191.22596098540075,262000
2023-03-31 12:50:00,191.22596098540075,191.44795932608238,191.19893100616983,191.3389785639545,916000
2023-03-31 12:55:00,191.3389785639545,191.39093459337536,191.2476991794758,191.33778224467306,695000
2023-03-31 13:00:00,191.33778224467306,191.46606695151058,191.32918774664938,191.4471571016309,996000
2023-03-31 13:05:00,191.4471571016309,191.47605543580042,191.4353255666717,191.47615120709997,160000
2023-03-31 13:10:00,191.47615120709997,191.4863591068742,191.3497291275172,191.45482323831536,1692000
2023-03-31 13:15:00,191.45482323831536,191.6192214020042,191.46515672082646,191.5037619121031,1573000
2023-03-31 13:20:00,191.5037619121031,191.5578425980787,191.39499307493526,191.47194121553406,290000
2023-03-31 13:25:00,191.47194121553406,191.7603777995295,191.5275585150915,191.623209,151000
2023-03-31 13:30:00,191.623209,191.6880125154229,191.54442163723158,191.5731881618402,1631000
2023-03-31 13:35:00,191.5731881618402,191.69678555673653,191.60723448068308,191.6943854415911,1933000
2023-03-31 13:40:00,191.6943854415911,191.68180997943722,191.57328658716887,191.5810923201926,1317000
2023-03-31 13:45:00,191.5810923201926,191.53047623759292,191.36135733333333,191.48019025047293,1656000
2023-03-31 13:50:00,191.48019025047293,191.59071405309908,191.47403268936384,191.5425666521149,857000
2023-03-31 13:55:00,191.5425666521149,191.46319156301803,191.26871804555284,191.36820336666668,823000
2023-03-31 14:00:00,191.36820336666668,191.6597076797585,191.51765795575048,191.57609903916696,634000
2023-03-31 14:05:00,191.57609903916696,191.5470949489692,191.43399529955107,191.53178634519548,245000
2023-03-31 14:10:00,191.53178634519548,191.5775060231135,191.43780408339418,191.5194801924372,1919000
2023-03-31 14:15:00,191.5194801924372,191.58572404437783,191.3967278445071,191.47671868653256,426000
2023-03-31 14:20:00,191.47671868653256,191.5275461,191.38753095340306,191.4940053844944,856000
2023-03-31 14:25:00,191.4940053844944,191.65909507453145,191.5116864924048,191.52691082284454,245000
2023-03-31 14:30:00,191.52691082284454,191.54629586015875,191.4390398634812,191.5073193931804,894000
2023-03-31 14:35:00,191.5073193931804,191.3133854871758,191.18487071306294,191.28995523575927,892000
2023-03-31 14:40:00,191.28995523575927,191.24952520221612,191.13322143333335,191.1922340439408,1944000
2023-03-31 14:45:00,191.1922340439408,191.26412419361193,191.0237059897094,191.14380052677248,870000
2023-03-31 14:50:00,191.14380052677248,191.24921170000002,191.1179174658293,191.18645626147702,465000
2023-03-31 14:55:00,191.18645626147702,191.26482562674994,191.12889882944654,191.18589602673381,925000
2023-03-31 15:00:00,191.18589602673381,191.3285783082038,191.18217950814835,191.23305354397945,434000
2023-03-31 15:05:00,191.23305354397945,191.18628506737045,191.05866300746513,191.15037193333333,1274000
2023-03-31 15:10:00,191.15037193333333,191.1421984429451,191.03540533799097,191.03397578831039,213000
2023-03-31 15:15:00,191.03397578831039,191.10704389647267,190.95655140019056,191.01400604447886,1242000
2023-03-31 15:20:00,191.01400604447886,191.19729141467985,191.05771988526303,191.0779755418461,1238000
2023-03-31 15:25:00,191.0779755418461,191.4164258680826,191.3305763012699,191.38826828508985,1155000
2023-03-31 15:30:00,191.38826828508985,191.36312979306132,191.18066835683993,191.3443433476905,1103000
2023-03-31 15:35:00,191.3443433476905,191.38561673333334,191.3318282833208,191.3639907251563,696000
2023-03-31 15:40:00,191.3639907251563,191.46975398502505,191.3114189893132,191.4000090079821,205000
2023-03-31 15:45:00,191.4000090079821,191.4789492069138,191.36187381432583,191.44368636937875,276000
2023-03-31 15:50:00,191.44368636937875,191.40890273918836,191.24655698690424,191.32690949531244,838000
2023-03-31 15:55:00,191.32690949531244,191.52971762736647,191.3282601,191.42722673300736,701000
2023-03-31 16:00:00,191.42722673300736,191.3708852113242,191.12731373047302,191.2335233,164000
